code,market,name,price,last_close,open,high,low,change_amt,change_pct,turnover_pct,pe_ttm,pb,mcap_yi,float_mcap_yi,limit_up,limit_down,vol_ratio,pe_static,amplitude_pct,amount_wan,update_time
sh600000,,浦发银行,8.9,,9.26,9.27,8.9,,,,,,,,,,,,,,
sh600004,,白云机场,7.48,,7.55,7.61,7.48,,,,,,,,,,,,,,
sh600006,,东风股份,5.43,,5.6,5.62,5.4,,,,,,,,,,,,,,
sh600007,,中国国贸,19.09,,19.08,19.56,18.97,,,,,,,,,,,,,,
sh600008,,首创环保,2.91,,2.99,2.99,2.89,,,,,,,,,,,,,,
sh600009,,上海机场,22.54,,22.96,23.17,22.46,,,,,,,,,,,,,,
sh600010,,包钢股份,2.33,,2.33,2.35,2.3,,,,,,,,,,,,,,
sh600011,,华能国际,7.44,,7.79,7.82,7.4,,,,,,,,,,,,,,
sh600012,,皖通高速,15.52,,15.85,16.14,15.5,,,,,,,,,,,,,,
sh600015,,华夏银行,6.66,,6.82,6.85,6.65,,,,,,,,,,,,,,
sh600016,,民生银行,3.41,,3.48,3.49,3.4,,,,,,,,,,,,,,
sh600017,,日照港,2.59,,2.67,2.67,2.58,,,,,,,,,,,,,,
sh600018,,上港集团,4.85,,4.95,4.98,4.84,,,,,,,,,,,,,,
sh600019,,宝钢股份,5.67,,5.79,5.79,5.62,,,,,,,,,,,,,,
sh600020,,中原高速,3.81,,3.9,3.92,3.79,,,,,,,,,,,,,,
sh600021,,上海电力,16.05,,16.2,16.27,15.79,,,,,,,,,,,,,,
sh600022,,山东钢铁,1.27,,1.3,1.3,1.27,,,,,,,,,,,,,,
sh600023,,浙能电力,5.4,,5.5,5.53,5.38,,,,,,,,,,,,,,
sh600025,,华能水电,9.14,,9.39,9.39,9.13,,,,,,,,,,,,,,
sh600026,,中远海能,22.83,,21.41,22.83,21.22,,,,,,,,,,,,,,
sh600027,,华电国际,4.68,,4.77,4.78,4.65,,,,,,,,,,,,,,
sh600028,,中国石化,4.66,,4.74,4.75,4.65,,,,,,,,,,,,,,
sh600029,,南方航空,5.25,,5.16,5.4,5.13,,,,,,,,,,,,,,
sh600030,,中信证券,27.89,,28.18,28.8,27.7,,,,,,,,,,,,,,
sh600031,,三一重工,17.62,,18.15,18.18,17.53,,,,,,,,,,,,,,
sh600032,,浙江新能,7.3,,7.45,7.45,7.18,,,,,,,,,,,,,,
sh600033,,福建高速,3.4,,3.49,3.49,3.39,,,,,,,,,,,,,,
sh600035,,楚天高速,3.67,,3.75,3.75,3.64,,,,,,,,,,,,,,
sh600036,,招商银行,36.76,,37.49,37.58,36.75,,,,,,,,,,,,,,
sh600037,,歌华有线,6.5,,6.69,6.71,6.45,,,,,,,,,,,,,,
sh600038,,中直股份,25.75,,26.35,26.35,25.58,,,,,,,,,,,,,,
sh600039,,四川路桥,8.08,,8.1,8.15,8.01,,,,,,,,,,,,,,
sh600048,,保利发展,4.76,,4.92,4.94,4.74,,,,,,,,,,,,,,
sh600050,,中国联通,4.18,,4.27,4.29,4.18,,,,,,,,,,,,,,
sh600051,,宁波联合,5.94,,6.16,6.23,5.87,,,,,,,,,,,,,,
sh600052,,东望时代,3.51,,3.76,3.76,3.48,,,,,,,,,,,,,,
sh600053,,*ST九鼎,7.93,,8.24,8.24,7.85,,,,,,,,,,,,,,
sh600054,,黄山旅游,10.89,,11.1,11.1,10.77,,,,,,,,,,,,,,
sh600055,,万东医疗,10.91,,11.32,11.45,10.91,,,,,,,,,,,,,,
sh600056,,中国医药,9.1,,9.24,9.39,9.07,,,,,,,,,,,,,,
sh600057,,厦门象屿,5.67,,5.81,5.81,5.63,,,,,,,,,,,,,,
sh600058,,五矿发展,10.7,,10.8,10.94,10.6,,,,,,,,,,,,,,
sh600059,,XD古越龙,7.55,,7.72,7.77,7.54,,,,,,,,,,,,,,
sh600060,,海信视像,24.33,,25.38,25.53,24.17,,,,,,,,,,,,,,
sh600061,,国投资本,6.54,,6.67,6.79,6.51,,,,,,,,,,,,,,
sh600062,,华润双鹤,16.46,,16.75,16.9,16.44,,,,,,,,,,,,,,
sh600063,,皖维高新,8.01,,8.1,8.27,7.91,,,,,,,,,,,,,,
sh600064,,南京高科,7.33,,7.52,7.53,7.33,,,,,,,,,,,,,,
sh600066,,宇通客车,26.65,,26.73,27.25,26.27,,,,,,,,,,,,,,
sh600067,,冠城新材,3.16,,3.34,3.36,3.13,,,,,,,,,,,,,,
sh600071,,凤凰光学,17.39,,17.98,18.08,16.96,,,,,,,,,,,,,,
sh600072,,中船科技,8.9,,9.35,9.35,8.89,,,,,,,,,,,,,,
sh600073,,光明肉业,4.76,,4.96,4.96,4.75,,,,,,,,,,,,,,
sh600075,,新疆天业,4.24,,4.47,4.48,4.22,,,,,,,,,,,,,,
sh600076,,康欣新材,3.38,,3.56,3.57,3.3,,,,,,,,,,,,,,
sh600078,,澄星股份,14.48,,13.7,14.84,13.61,,,,,,,,,,,,,,
sh600079,,ST人福,17.03,,17.03,17.31,16.9,,,,,,,,,,,,,,
sh600080,,ST金花,4.62,,4.76,4.9,4.58,,,,,,,,,,,,,,
sh600081,,东风科技,9.74,,10.05,10.07,9.7,,,,,,,,,,,,,,
sh600082,,ST海泰,2.88,,2.91,2.93,2.83,,,,,,,,,,,,,,
sh600084,,*ST尼雅,4.01,,4.12,4.12,4,,,,,,,,,,,,,,
sh600085,,同仁堂,22.95,,23.63,23.85,22.89,,,,,,,,,,,,,,
sh600088,,中视传媒,11.38,,11.85,11.92,11.32,,,,,,,,,,,,,,
sh600089,,特变电工,23.44,,23.6,23.82,23.18,,,,,,,,,,,,,,
sh600094,,大名城,3.77,,3.86,3.95,3.71,,,,,,,,,,,,,,
sh600095,,湘财股份,7.95,,8.26,8.36,7.9,,,,,,,,,,,,,,
sh600096,,云天化,34.12,,31.7,34.19,31.7,,,,,,,,,,,,,,
sh600097,,开创国际,8.23,,8.57,8.65,8.12,,,,,,,,,,,,,,
sh600098,,广州发展,6.57,,6.68,6.68,6.51,,,,,,,,,,,,,,
sh600099,,林海股份,8.47,,8.88,8.88,8.41,,,,,,,,,,,,,,
sh600100,,同方股份,6.86,,6.96,7,6.75,,,,,,,,,,,,,,
sh600101,,明星电力,8.36,,8.59,8.61,8.31,,,,,,,,,,,,,,
sh600103,,青山纸业,3.3,,3.36,3.36,3.25,,,,,,,,,,,,,,
sh600104,,上汽集团,10.08,,10.38,10.4,10.07,,,,,,,,,,,,,,
sh600105,,永鼎股份,68.74,,61.01,68.74,61.01,,,,,,,,,,,,,,
sh600106,,重庆路桥,4.86,,4.97,4.97,4.76,,,,,,,,,,,,,,
sh600107,,*ST尔雅,5.75,,5.95,5.95,5.7,,,,,,,,,,,,,,
sh600108,,亚盛集团,3.48,,3.65,3.69,3.42,,,,,,,,,,,,,,
sh600109,,国金证券,8.78,,8.9,9.05,8.75,,,,,,,,,,,,,,
sh600110,,诺德股份,15.17,,14.45,15.44,14.41,,,,,,,,,,,,,,
sh600111,,北方稀土,49.23,,49.07,50.12,48.03,,,,,,,,,,,,,,
sh600113,,浙江东日,29.82,,30.57,30.88,29.15,,,,,,,,,,,,,,
sh600114,,东睦股份,42.61,,42.09,42.88,41.2,,,,,,,,,,,,,,
sh600115,,中国东航,3.88,,3.84,3.98,3.78,,,,,,,,,,,,,,
sh600116,,三峡水利,5.8,,5.95,5.96,5.78,,,,,,,,,,,,,,
sh600117,,西宁特钢,2.13,,2.2,2.21,2.1,,,,,,,,,,,,,,
sh600118,,中国卫星,71.8,,70.99,72.58,68.79,,,,,,,,,,,,,,
sh600119,,*ST长投,4.53,,4.63,4.79,4.48,,,,,,,,,,,,,,
sh600120,,浙江东方,4.57,,4.68,4.72,4.53,,,,,,,,,,,,,,
sh600121,,郑州煤电,3.82,,4.15,4.16,3.77,,,,,,,,,,,,,,
sh600123,,兰花科创,5.84,,6.14,6.14,5.83,,,,,,,,,,,,,,
sh600125,,铁龙物流,5.35,,5.46,5.46,5.33,,,,,,,,,,,,,,
sh600126,,杭钢股份,6.54,,6.66,6.67,6.43,,,,,,,,,,,,,,
sh600127,,金健米业,5.31,,5.53,5.55,5.3,,,,,,,,,,,,,,
sh600128,,苏豪弘业,8.19,,8.47,8.5,8.12,,,,,,,,,,,,,,
sh600129,,太极集团,12.58,,13.15,13.15,12.56,,,,,,,,,,,,,,
sh600130,,波导股份,4.79,,4.92,4.95,4.57,,,,,,,,,,,,,,
sh600131,,国网信通,15.17,,15.48,15.67,15.13,,,,,,,,,,,,,,
sh600132,,重庆啤酒,42.54,,43.9,43.99,42.51,,,,,,,,,,,,,,
sh600133,,东湖高新,8.19,,8.45,8.48,8.15,,,,,,,,,,,,,,
sh600135,,乐凯胶片,8.22,,8.41,8.57,8.15,,,,,,,,,,,,,,
sh600136,,ST明诚,1.34,,1.38,1.39,1.31,,,,,,,,,,,,,,
sh600137,,浪莎股份,17.26,,18.26,18.28,17.19,,,,,,,,,,,,,,
sh600138,,中青旅,6.94,,7.08,7.08,6.85,,,,,,,,,,,,,,
sh600141,,兴发集团,43.16,,38.98,43.16,38.98,,,,,,,,,,,,,,
sh600143,,金发科技,16.27,,16.1,16.41,15.8,,,,,,,,,,,,,,
sh600148,,长春一东,15.21,,16.07,16.15,15.17,,,,,,,,,,,,,,
sh600149,,廊坊发展,4.68,,4.91,4.93,4.64,,,,,,,,,,,,,,
sh600150,,中国船舶,35.35,,35.81,36.44,35.3,,,,,,,,,,,,,,
sh600151,,航天机电,11.17,,11.27,11.4,10.75,,,,,,,,,,,,,,
sh600152,,维科技术,10.74,,10.79,10.95,10.41,,,,,,,,,,,,,,
sh600153,,XD建发股,8.53,,8.78,8.88,8.37,,,,,,,,,,,,,,
sh600155,,华创云信,5.59,,5.72,6.06,5.57,,,,,,,,,,,,,,
sh600156,,华升股份,8.84,,9,9.17,8.71,,,,,,,,,,,,,,
sh600157,,永泰能源,1.59,,1.64,1.64,1.58,,,,,,,,,,,,,,
sh600158,,中体产业,7.18,,7.4,7.46,7.12,,,,,,,,,,,,,,
sh600159,,大龙地产,2.34,,2.49,2.5,2.31,,,,,,,,,,,,,,
sh600160,,巨化股份,50.73,,46.08,51.34,46.08,,,,,,,,,,,,,,
sh600161,,天坛生物,11.97,,12.27,12.46,11.97,,,,,,,,,,,,,,
sh600162,,香江控股,3.73,,3.83,3.95,3.67,,,,,,,,,,,,,,
sh600163,,中闽能源,5.25,,5.46,5.46,5.18,,,,,,,,,,,,,,
sh600165,,ST宁科,2.76,,2.75,2.81,2.72,,,,,,,,,,,,,,
sh600166,,福田汽车,3.03,,3.13,3.15,3,,,,,,,,,,,,,,
sh600167,,联美控股,5.5,,5.7,5.7,5.48,,,,,,,,,,,,,,
sh600168,,武汉控股,4.22,,4.35,4.39,4.21,,,,,,,,,,,,,,
sh600169,,ST太重,2.01,,2.04,2.04,1.98,,,,,,,,,,,,,,
sh600170,,上海建工,2.31,,2.34,2.35,2.3,,,,,,,,,,,,,,
sh600171,,上海贝岭,30.85,,30.86,31.25,30.13,,,,,,,,,,,,,,
sh600172,,黄河旋风,17.1,,16.55,17.43,15.75,,,,,,,,,,,,,,
sh600173,,卧龙新能,6.21,,6.45,6.46,6.15,,,,,,,,,,,,,,
sh600176,,中国巨石,64.82,,58,64.82,57.75,,,,,,,,,,,,,,
sh600177,,雅戈尔,7.5,,7.6,7.69,7.46,,,,,,,,,,,,,,
sh600178,,东安动力,9.48,,9.62,9.63,9.27,,,,,,,,,,,,,,
sh600179,,安通控股,4.53,,4.73,4.76,4.51,,,,,,,,,,,,,,
sh600180,,*ST瑞茂,1.14,,1.17,1.18,1.14,,,,,,,,,,,,,,
sh600182,,S佳通,13.61,,13.7,13.7,13.46,,,,,,,,,,,,,,
sh600183,,生益科技,177.3,,167.9,179.38,167,,,,,,,,,,,,,,
sh600184,,光电股份,26.52,,28.29,28.29,26.01,,,,,,,,,,,,,,
sh600185,,珠免集团,4.69,,4.9,4.9,4.67,,,,,,,,,,,,,,
sh600186,,莲花控股,14.18,,13.98,14.64,13.36,,,,,,,,,,,,,,
sh600187,,*ST国中,1.37,,1.41,1.43,1.36,,,,,,,,,,,,,,
sh600188,,兖矿能源,18.78,,19.26,19.3,18.75,,,,,,,,,,,,,,
sh600189,,泉阳泉,7.45,,7.77,7.82,7.36,,,,,,,,,,,,,,
sh600191,,华资实业,11.1,,11.4,11.51,10.91,,,,,,,,,,,,,,
sh600192,,长城电工,7.16,,7.5,7.52,6.96,,,,,,,,,,,,,,
sh600193,,退市创兴,0.15,,0.15,0.16,0.14,,,,,,,,,,,,,,
sh600195,,中牧股份,6.18,,6.37,6.38,6.16,,,,,,,,,,,,,,
sh600196,,复星医药,22.5,,22.35,22.87,22.21,,,,,,,,,,,,,,
sh600197,,伊力特,9.8,,10.1,10.1,9.8,,,,,,,,,,,,,,
sh600198,,大唐电信,9.08,,9.19,9.48,8.9,,,,,,,,,,,,,,
sh600199,,金种子酒,6.52,,6.76,6.8,6.5,,,,,,,,,,,,,,
sh600201,,生物股份,12.29,,11.99,12.5,11.8,,,,,,,,,,,,,,
sh600202,,哈空调,4.72,,4.98,5,4.69,,,,,,,,,,,,,,
sh600203,,福日电子,12.2,,12.5,12.77,11.7,,,,,,,,,,,,,,
sh600206,,有研新材,51.76,,47,52.22,45.05,,,,,,,,,,,,,,
sh600207,,安彩高科,5.77,,6.03,6.1,5.72,,,,,,,,,,,,,,
sh600208,,衢州发展,3.03,,3.04,3.06,2.92,,,,,,,,,,,,,,
sh600210,,紫江企业,6.53,,6.59,6.63,6.5,,,,,,,,,,,,,,
sh600211,,西藏药业,37.53,,38.02,38.36,37.1,,,,,,,,,,,,,,
sh600212,,绿能慧充,5.54,,5.82,5.92,5.53,,,,,,,,,,,,,,
sh600215,,派斯林,5.96,,6.28,6.35,5.9,,,,,,,,,,,,,,
sh600216,,浙江医药,11.82,,11.89,12.14,11.79,,,,,,,,,,,,,,
sh600217,,中再资环,2.98,,3.15,3.15,2.98,,,,,,,,,,,,,,
sh600218,,全柴动力,7.65,,7.82,7.88,7.57,,,,,,,,,,,,,,
sh600219,,南山铝业,4.38,,4.44,4.44,4.32,,,,,,,,,,,,,,
sh600221,,海航控股,1.42,,1.43,1.45,1.41,,,,,,,,,,,,,,
sh600222,,太龙药业,7.07,,7.26,7.42,7.05,,,,,,,,,,,,,,
sh600223,,福瑞达,5.18,,5.32,5.35,5.15,,,,,,,,,,,,,,
sh600226,,亨通股份,11.41,,10.18,11.41,10.18,,,,,,,,,,,,,,
sh600227,,赤天化,2.64,,2.75,2.78,2.61,,,,,,,,,,,,,,
sh600228,,返利科技,8.92,,0,0,0,,,,,,,,,,,,,,
sh600229,,城市传媒,4.93,,5.13,5.13,4.89,,,,,,,,,,,,,,
sh600230,,沧州大化,14.95,,14.64,15.34,14.56,,,,,,,,,,,,,,
sh600231,,凌钢股份,1.7,,1.76,1.78,1.68,,,,,,,,,,,,,,
sh600232,,金鹰股份,6.79,,7.1,7.11,6.67,,,,,,,,,,,,,,
sh600233,,圆通速递,15.75,,16.2,16.28,15.6,,,,,,,,,,,,,,
sh600234,,科新发展,28.32,,29.17,29.65,28,,,,,,,,,,,,,,
sh600235,,民丰特纸,5.26,,5.46,5.5,5.2,,,,,,,,,,,,,,
sh600236,,桂冠电力,9.1,,9.21,9.22,8.89,,,,,,,,,,,,,,
sh600237,,铜峰电子,11.81,,11.72,11.99,11.44,,,,,,,,,,,,,,
sh600238,,*ST椰岛,4.78,,5.03,5.07,4.72,,,,,,,,,,,,,,
sh600239,,ST云城,1.29,,1.35,1.36,1.28,,,,,,,,,,,,,,
sh600241,,时代万恒,6.86,,7.4,7.4,6.74,,,,,,,,,,,,,,
sh600243,,*ST海华,3.73,,3.82,3.82,3.7,,,,,,,,,,,,,,
sh600246,,万通发展,19.13,,17.4,19.13,16.51,,,,,,,,,,,,,,
sh600248,,陕建股份,2.85,,2.91,2.92,2.84,,,,,,,,,,,,,,
sh600249,,两面针,4.85,,5.01,5.05,4.84,,,,,,,,,,,,,,
sh600250,,南京商旅,8.11,,8.46,8.49,8.07,,,,,,,,,,,,,,
sh600251,,冠农股份,9.07,,9.02,9.21,8.94,,,,,,,,,,,,,,
sh600252,,中恒集团,1.9,,1.99,2,1.89,,,,,,,,,,,,,,
sh600255,,鑫科材料,4.2,,4.44,4.56,4.12,,,,,,,,,,,,,,
sh600256,,广汇能源,4.95,,5.12,5.12,4.95,,,,,,,,,,,,,,
sh600257,,大湖股份,4.53,,4.79,4.85,4.51,,,,,,,,,,,,,,
sh600258,,首旅酒店,11.49,,11.83,11.83,11.43,,,,,,,,,,,,,,
sh600259,,中稀有色,104.77,,106.74,107.5,100.91,,,,,,,,,,,,,,
sh600261,,阳光照明,3.15,,3.21,3.22,3.14,,,,,,,,,,,,,,
sh600262,,北方股份,21.13,,21.69,21.72,20.97,,,,,,,,,,,,,,
sh600265,,*ST景谷,21.44,,21.3,21.69,21.02,,,,,,,,,,,,,,
sh600266,,城建发展,4.01,,4.19,4.19,3.98,,,,,,,,,,,,,,
sh600267,,海正药业,10.17,,9.97,10.37,9.89,,,,,,,,,,,,,,
sh600268,,国电南自,12.29,,12.5,12.62,12.18,,,,,,,,,,,,,,
sh600269,,赣粤高速,4.04,,4.15,4.16,4.03,,,,,,,,,,,,,,
sh600271,,航天信息,6.83,,7.02,7.03,6.77,,,,,,,,,,,,,,
sh600272,,开开实业,10.61,,11.1,11.13,10.56,,,,,,,,,,,,,,
sh600273,,嘉化能源,6.83,,6.9,6.96,6.81,,,,,,,,,,,,,,
sh600276,,恒瑞医药,50.25,,48.98,51.36,48.93,,,,,,,,,,,,,,
sh600278,,东方创业,6.64,,6.5,6.79,6.4,,,,,,,,,,,,,,
sh600279,,重庆港,3.85,,4.02,4.03,3.84,,,,,,,,,,,,,,
sh600280,,中央商场,2.75,,2.95,2.96,2.72,,,,,,,,,,,,,,
sh600281,,华阳新材,4.42,,4.69,4.72,4.31,,,,,,,,,,,,,,
sh600282,,南钢股份,4.8,,4.79,4.83,4.71,,,,,,,,,,,,,,
sh600283,,钱江水利,8,,8.16,8.16,7.91,,,,,,,,,,,,,,
sh600284,,浦东建设,5.13,,5.26,5.27,5.12,,,,,,,,,,,,,,
sh600285,,羚锐制药,19.79,,20.17,20.39,19.77,,,,,,,,,,,,,,
sh600287,,苏豪时尚,4.61,,4.72,4.75,4.56,,,,,,,,,,,,,,
sh600288,,大恒科技,13.13,,13.18,13.41,12.8,,,,,,,,,,,,,,
sh600289,,ST信通,5.45,,5.04,5.45,5.04,,,,,,,,,,,,,,
sh600292,,电投水电,13.96,,14.35,14.83,13.9,,,,,,,,,,,,,,
sh600293,,三峡新材,3.46,,3.66,3.71,3.38,,,,,,,,,,,,,,
sh600295,,鄂尔多斯,11.2,,11.88,11.98,11.19,,,,,,,,,,,,,,
sh600298,,安琪酵母,35.72,,35.67,36.45,35.35,,,,,,,,,,,,,,
sh600299,,安迪苏,9.27,,9.38,9.55,9.24,,,,,,,,,,,,,,
sh600300,,维维股份,2.91,,2.99,2.99,2.91,,,,,,,,,,,,,,
sh600301,,华锡有色,62.83,,63.55,66.5,61.08,,,,,,,,,,,,,,
sh600302,,ST标准,8.42,,8.9,8.9,8.42,,,,,,,,,,,,,,
sh600303,,曙光股份,2.61,,2.77,2.8,2.58,,,,,,,,,,,,,,
sh600305,,恒顺醋业,6.73,,6.79,6.82,6.68,,,,,,,,,,,,,,
sh600307,,酒钢宏兴,1.45,,1.49,1.49,1.44,,,,,,,,,,,,,,
sh600308,,华泰股份,3.13,,3.21,3.22,3.11,,,,,,,,,,,,,,
sh600309,,万华化学,74.7,,72.8,76,72.78,,,,,,,,,,,,,,
sh600310,,广西能源,4.2,,4.23,4.23,4.07,,,,,,,,,,,,,,
sh600312,,平高电气,18.37,,18.3,18.5,17.92,,,,,,,,,,,,,,
sh600313,,农发种业,5.45,,5.63,5.65,5.43,,,,,,,,,,,,,,
sh600315,,上海家化,17.15,,17.59,17.69,17.15,,,,,,,,,,,,,,
sh600316,,洪都航空,26.59,,27.16,27.17,26.16,,,,,,,,,,,,,,
sh600318,,新力金融,6.34,,6.71,6.78,6.32,,,,,,,,,,,,,,
sh600319,,亚星化学,6.65,,6.98,6.98,6.48,,,,,,,,,,,,,,
sh600320,,振华重工,4.31,,4.45,4.45,4.28,,,,,,,,,,,,,,
sh600322,,津投城开,2.72,,2.9,2.93,2.68,,,,,,,,,,,,,,
sh600323,,瀚蓝环境,27.47,,28.59,28.91,27.44,,,,,,,,,,,,,,
sh600325,,华发股份,2.36,,2.5,2.5,2.34,,,,,,,,,,,,,,
sh600326,,西藏天路,6.82,,7,7,6.76,,,,,,,,,,,,,,
sh600327,,大东方,3.28,,3.39,3.41,3.25,,,,,,,,,,,,,,
sh600328,,XD中盐化,6.59,,6.73,6.74,6.59,,,,,,,,,,,,,,
sh600329,,达仁堂,37.93,,37.98,38.55,37.66,,,,,,,,,,,,,,
sh600330,,天通股份,32.36,,31.99,33.92,31.11,,,,,,,,,,,,,,
sh600331,,宏达股份,11.83,,12.28,12.43,11.81,,,,,,,,,,,,,,
sh600332,,白云山,20.67,,21.07,21.23,20.6,,,,,,,,,,,,,,
sh600333,,长春燃气,5.26,,5.51,5.55,5.22,,,,,,,,,,,,,,
sh600335,,国机汽车,5.11,,5.32,5.41,5.08,,,,,,,,,,,,,,
sh600336,,澳柯玛,6.34,,6.5,6.51,6.23,,,,,,,,,,,,,,
sh600337,,ST美克,3.11,,3.08,3.13,2.97,,,,,,,,,,,,,,
sh600338,,西藏珠峰,17.85,,17.25,18.05,16.8,,,,,,,,,,,,,,
sh600339,,中油工程,3.24,,3.35,3.36,3.21,,,,,,,,,,,,,,
sh600340,,*ST华幸,1.22,,1.25,1.28,1.21,,,,,,,,,,,,,,
sh600343,,航天动力,24.61,,23.61,24.93,22.86,,,,,,,,,,,,,,
sh600345,,长江通信,71.14,,70.21,73.89,69.95,,,,,,,,,,,,,,
sh600346,,恒力石化,18.44,,18.28,19.22,18.17,,,,,,,,,,,,,,
sh600348,,华阳股份,8.17,,8.32,8.38,8.07,,,,,,,,,,,,,,
sh600350,,山东高速,10.58,,10.3,10.62,10.22,,,,,,,,,,,,,,
sh600351,,亚宝药业,6.02,,6.08,6.18,6,,,,,,,,,,,,,,
sh600352,,浙江龙盛,12.64,,12.01,12.88,11.91,,,,,,,,,,,,,,
sh600353,,旭光电子,52.9,,48.87,53.68,48.87,,,,,,,,,,,,,,
sh600354,,敦煌种业,4.97,,5.12,5.14,4.93,,,,,,,,,,,,,,
sh600356,,恒丰纸业,8.01,,8.3,8.39,7.96,,,,,,,,,,,,,,
sh600358,,国旅联合,5.54,,5.47,5.55,5.34,,,,,,,,,,,,,,
sh600359,,新农开发,5.8,,5.99,6.03,5.76,,,,,,,,,,,,,,
sh600360,,华微电子,13.36,,13.3,13.87,13.1,,,,,,,,,,,,,,
sh600361,,创新新材,3.92,,3.88,3.94,3.81,,,,,,,,,,,,,,
sh600362,,江西铜业,47.33,,47.91,48.49,46.04,,,,,,,,,,,,,,
sh600363,,联创光电,31.9,,32.2,32.72,31.43,,,,,,,,,,,,,,
sh600365,,ST通葡,2.47,,2.53,2.62,2.43,,,,,,,,,,,,,,
sh600366,,宁波韵升,15.33,,14.9,15.45,14.62,,,,,,,,,,,,,,
sh600367,,红星发展,51,,53,53.98,50.66,,,,,,,,,,,,,,
sh600368,,五洲交通,3.56,,3.53,3.57,3.51,,,,,,,,,,,,,,
sh600369,,西南证券,4.08,,4.19,4.24,4.06,,,,,,,,,,,,,,
sh600370,,*ST三房,1.58,,1.46,1.61,1.46,,,,,,,,,,,,,,
sh600371,,万向德农,6.56,,6.9,6.91,6.55,,,,,,,,,,,,,,
sh600372,,中航机载,10.82,,10.9,10.91,10.71,,,,,,,,,,,,,,
sh600373,,中文传媒,6.9,,7.17,7.17,6.9,,,,,,,,,,,,,,
sh600375,,汉马科技,3.74,,3.9,3.94,3.7,,,,,,,,,,,,,,
sh600376,,首开股份,3.3,,3.38,3.41,3.23,,,,,,,,,,,,,,
sh600377,,宁沪高速,11.82,,12.03,12.12,11.81,,,,,,,,,,,,,,
sh600378,,昊华科技,67.15,,64.89,68.93,64.4,,,,,,,,,,,,,,
sh600379,,宝光股份,15.1,,13.88,15.1,13.58,,,,,,,,,,,,,,
sh600380,,健康元,9.96,,9.92,10.17,9.9,,,,,,,,,,,,,,
sh600381,,*ST春天,5.44,,5.43,5.59,5.4,,,,,,,,,,,,,,
sh600382,,广东明珠,7.29,,7.68,7.73,7.1,,,,,,,,,,,,,,
sh600383,,金地集团,2.22,,2.34,2.34,2.21,,,,,,,,,,,,,,
sh600386,,北巴传媒,3.3,,3.39,3.4,3.25,,,,,,,,,,,,,,
sh600388,,龙净环保,15.71,,16,16,15.58,,,,,,,,,,,,,,
sh600389,,江山股份,21.69,,21.69,21.99,21.45,,,,,,,,,,,,,,
sh600390,,五矿资本,4.73,,4.83,4.88,4.7,,,,,,,,,,,,,,
sh600391,,航发科技,33.07,,33.88,33.9,32.85,,,,,,,,,,,,,,
sh600392,,盛和资源,31.6,,30.98,31.6,29.7,,,,,,,,,,,,,,
sh600395,,盘江股份,4.86,,5.05,5.07,4.82,,,,,,,,,,,,,,
sh600396,,华电辽能,15.77,,15.3,16.15,14.93,,,,,,,,,,,,,,
sh600397,,江钨装备,25.51,,24.83,26.87,22.8,,,,,,,,,,,,,,
sh600398,,海澜之家,5.52,,5.62,5.66,5.49,,,,,,,,,,,,,,
sh600399,,抚顺特钢,4.41,,4.49,4.5,4.28,,,,,,,,,,,,,,
sh600400,,红豆股份,3.14,,3.23,3.23,2.94,,,,,,,,,,,,,,
sh600403,,大有能源,5.71,,6.23,6.23,5.61,,,,,,,,,,,,,,
sh600405,,动力源,4.71,,4.51,4.88,4.4,,,,,,,,,,,,,,
sh600406,,国电南瑞,22.95,,23.57,23.58,22.9,,,,,,,,,,,,,,
sh600408,,安泰集团,2.44,,2.59,2.61,2.4,,,,,,,,,,,,,,
sh600409,,三友化工,6.78,,6.8,7.03,6.7,,,,,,,,,,,,,,
sh600410,,华胜天成,17.71,,18.01,18.15,17.24,,,,,,,,,,,,,,
sh600415,,小商品城,10.05,,10.61,10.66,10.05,,,,,,,,,,,,,,
sh600416,,湘电股份,10.38,,10.45,10.61,10.22,,,,,,,,,,,,,,
sh600418,,江淮汽车,28.97,,29.8,29.8,28.64,,,,,,,,,,,,,,
sh600419,,天润乳业,7.7,,8.07,8.12,7.68,,,,,,,,,,,,,,
sh600420,,国药现代,8.32,,8.49,8.56,8.3,,,,,,,,,,,,,,
sh600421,,退市华嵘,0.24,,0,0,0,,,,,,,,,,,,,,
sh600422,,昆药集团,8.07,,8.3,8.32,8.05,,,,,,,,,,,,,,
sh600423,,*ST柳化,2.32,,2.38,2.46,2.29,,,,,,,,,,,,,,
sh600425,,青松建化,3.41,,3.47,3.5,3.38,,,,,,,,,,,,,,
sh600426,,华鲁恒升,26.27,,25.65,26.99,25.51,,,,,,,,,,,,,,
sh600428,,中远海特,8.16,,8.4,8.64,8.14,,,,,,,,,,,,,,
sh600429,,三元股份,4.2,,4.32,4.33,4.18,,,,,,,,,,,,,,
sh600433,,冠豪高新,3.26,,3.33,3.37,3.18,,,,,,,,,,,,,,
sh600435,,北方导航,11.44,,11.61,11.69,11.23,,,,,,,,,,,,,,
sh600436,,片仔癀,109.44,,113.25,114.48,109.26,,,,,,,,,,,,,,
sh600438,,通威股份,12.24,,12.35,12.42,12.03,,,,,,,,,,,,,,
sh600439,,瑞贝卡,2.08,,2.19,2.2,2.07,,,,,,,,,,,,,,
sh600444,,国机通用,13.63,,14.31,14.34,13.54,,,,,,,,,,,,,,
sh600446,,金证股份,11.18,,11.87,11.92,11.12,,,,,,,,,,,,,,
sh600448,,华纺股份,2.66,,2.85,2.86,2.65,,,,,,,,,,,,,,
sh600449,,宁夏建材,12.26,,12.6,12.8,12.25,,,,,,,,,,,,,,
sh600452,,涪陵电力,9.76,,9.95,9.99,9.65,,,,,,,,,,,,,,
sh600455,,博通股份,22.65,,24,24.27,22.62,,,,,,,,,,,,,,
sh600456,,宝钛股份,28.99,,28.66,29.27,28.46,,,,,,,,,,,,,,
sh600458,,时代新材,15.38,,15.63,15.85,15.3,,,,,,,,,,,,,,
sh600459,,贵研铂业,25.8,,25.69,26.45,25.19,,,,,,,,,,,,,,
sh600460,,士兰微,50.01,,46.92,50.8,46.92,,,,,,,,,,,,,,
sh600461,,洪城环境,9.13,,9.32,9.32,9.11,,,,,,,,,,,,,,
sh600463,,空港股份,8.04,,8.59,8.61,7.98,,,,,,,,,,,,,,
sh600467,,好当家,2.1,,2.16,2.17,2.09,,,,,,,,,,,,,,
sh600468,,百利电气,5.6,,5.68,5.71,5.49,,,,,,,,,,,,,,
sh600469,,风神股份,5.47,,5.47,5.51,5.36,,,,,,,,,,,,,,
sh600470,,六国化工,6.41,,6.45,6.6,6.18,,,,,,,,,,,,,,
sh600475,,华光环能,14.85,,14.84,15.07,14.34,,,,,,,,,,,,,,
sh600476,,*ST湘邮,9.37,,9.86,9.98,9.37,,,,,,,,,,,,,,
sh600477,,杭萧钢构,2.4,,2.46,2.48,2.38,,,,,,,,,,,,,,
sh600478,,科力远,5.53,,5.6,5.69,5.48,,,,,,,,,,,,,,
sh600479,,千金药业,9.71,,9.75,9.85,9.67,,,,,,,,,,,,,,
sh600480,,凌云股份,9.06,,9.35,9.39,8.99,,,,,,,,,,,,,,
sh600481,,双良节能,4.37,,4.5,4.5,4.26,,,,,,,,,,,,,,
sh600482,,中国动力,33.15,,33.81,34,32.5,,,,,,,,,,,,,,
sh600483,,福能股份,11.54,,11.96,12.03,11.51,,,,,,,,,,,,,,
sh600486,,扬农化工,56.38,,55.43,57.17,55.01,,,,,,,,,,,,,,
sh600487,,亨通光电,119.02,,114.96,120.55,113.66,,,,,,,,,,,,,,
sh600488,,津药药业,4.98,,4.87,5.33,4.76,,,,,,,,,,,,,,
sh600489,,中金黄金,19.88,,19.79,20.1,19.46,,,,,,,,,,,,,,
sh600490,,鹏欣资源,6.69,,6.7,6.78,6.51,,,,,,,,,,,,,,
sh600491,,ST龙元,1.12,,1.16,1.17,1.12,,,,,,,,,,,,,,
sh600493,,凤竹纺织,5.53,,5.84,6.19,5.5,,,,,,,,,,,,,,
sh600495,,晋西车轴,3.6,,3.74,3.74,3.57,,,,,,,,,,,,,,
sh600496,,精工钢构,3.21,,3.35,3.38,3.19,,,,,,,,,,,,,,
sh600497,,驰宏锌锗,12.1,,10.89,12.1,10.5,,,,,,,,,,,,,,
sh600498,,烽火通信,82.26,,81,84.71,79.15,,,,,,,,,,,,,,
sh600499,,科达制造,14.67,,14.53,14.84,14.25,,,,,,,,,,,,,,
sh600500,,中化国际,7.85,,7.85,8.09,7.64,,,,,,,,,,,,,,
sh600501,,航天晨光,15.99,,16.1,16.23,15.6,,,,,,,,,,,,,,
sh600502,,安徽建工,4.53,,4.59,4.6,4.48,,,,,,,,,,,,,,
sh600503,,华丽家族,2.09,,2.17,2.19,2.04,,,,,,,,,,,,,,
sh600505,,西昌电力,11.5,,12.09,12.15,11.39,,,,,,,,,,,,,,
sh600506,,统一股份,15.82,,16.09,16.38,15.24,,,,,,,,,,,,,,
sh600507,,方大特钢,4.01,,4.06,4.08,3.95,,,,,,,,,,,,,,
sh600508,,上海能源,7.87,,8.35,8.36,7.82,,,,,,,,,,,,,,
sh600509,,天富能源,8.6,,8.67,8.77,8.32,,,,,,,,,,,,,,
sh600510,,黑牡丹,7.5,,7.57,7.64,7.35,,,,,,,,,,,,,,
sh600511,,国药股份,26.67,,27.61,27.68,26.67,,,,,,,,,,,,,,
sh600512,,腾达建设,1.96,,2,2.01,1.94,,,,,,,,,,,,,,
sh600513,,联环药业,15.43,,16.18,16.2,15.41,,,,,,,,,,,,,,
sh600515,,海南机场,2.78,,2.85,2.86,2.76,,,,,,,,,,,,,,
sh600516,,方大炭素,6.15,,6.23,6.3,6.03,,,,,,,,,,,,,,
sh600517,,国网英大,4.94,,5.02,5.06,4.89,,,,,,,,,,,,,,
sh600518,,康美药业,1.32,,1.36,1.37,1.31,,,,,,,,,,,,,,
sh600519,,贵州茅台,1207.68,,1222.65,1241.87,1207.51,,,,,,,,,,,,,,
sh600520,,三佳科技,32.76,,32.36,33.38,32,,,,,,,,,,,,,,
sh600521,,华海药业,14.72,,14.7,15.12,14.68,,,,,,,,,,,,,,
sh600522,,中天科技,61.91,,60,63.99,59.8,,,,,,,,,,,,,,
sh600523,,贵航股份,10.96,,11.09,11.17,10.79,,,,,,,,,,,,,,
sh600525,,ST长园,4.9,,5,5,4.86,,,,,,,,,,,,,,
sh600526,,菲达环保,4.31,,4.43,4.43,4.27,,,,,,,,,,,,,,
sh600527,,江南高纤,2.3,,2.38,2.38,2.27,,,,,,,,,,,,,,
sh600528,,中铁工业,6.88,,7.02,7.06,6.88,,,,,,,,,,,,,,
sh600529,,山东药玻,18.31,,18.85,18.92,18.24,,,,,,,,,,,,,,
sh600530,,交大昂立,5.55,,5.71,5.75,5.54,,,,,,,,,,,,,,
sh600531,,豫光金铅,15.76,,14.8,15.88,14.44,,,,,,,,,,,,,,
sh600533,,栖霞建设,2.01,,2.14,2.14,1.98,,,,,,,,,,,,,,
sh600535,,天士力,13.81,,13.99,14.13,13.77,,,,,,,,,,,,,,
sh600536,,中国软件,29.7,,30.21,30.36,29.16,,,,,,,,,,,,,,
sh600537,,*ST亿晶,2.6,,2.6,2.64,2.52,,,,,,,,,,,,,,
sh600538,,国发股份,5.79,,6,6,5.72,,,,,,,,,,,,,,
sh600539,,狮头股份,13.92,,14.29,14.36,13.61,,,,,,,,,,,,,,
sh600540,,新赛股份,3.54,,3.75,3.84,3.49,,,,,,,,,,,,,,
sh600543,,*ST莫高,3.93,,4.04,4.12,3.9,,,,,,,,,,,,,,
sh600545,,卓郎智能,6.33,,6.44,6.67,6.16,,,,,,,,,,,,,,
sh600546,,山煤国际,12.12,,12.3,12.34,11.95,,,,,,,,,,,,,,
sh600547,,山东黄金,24.76,,24.65,24.99,24.2,,,,,,,,,,,,,,
sh600548,,深高速,8.28,,8.44,8.44,8.23,,,,,,,,,,,,,,
sh600549,,厦门钨业,83.03,,84.53,85.97,81.18,,,,,,,,,,,,,,
sh600550,,保变电气,12.4,,12.63,12.64,12.22,,,,,,,,,,,,,,
sh600551,,时代出版,6.95,,7.06,7.09,6.87,,,,,,,,,,,,,,
sh600552,,凯盛科技,27.85,,25.35,27.97,24.71,,,,,,,,,,,,,,
sh600556,,天下秀,4.66,,4.81,4.82,4.59,,,,,,,,,,,,,,
sh600557,,康缘药业,11.62,,11.91,11.98,11.58,,,,,,,,,,,,,,
sh600558,,大西洋,5.1,,5.3,5.34,5.06,,,,,,,,,,,,,,
sh600559,,老白干酒,11.67,,12.11,12.15,11.66,,,,,,,,,,,,,,
sh600560,,金自天正,11.54,,12.12,12.12,11.45,,,,,,,,,,,,,,
sh600561,,江西长运,5.2,,5.6,5.66,5.17,,,,,,,,,,,,,,
sh600562,,国睿科技,21.24,,21.57,21.85,20.96,,,,,,,,,,,,,,
sh600563,,法拉电子,178.76,,162.45,178.76,161.95,,,,,,,,,,,,,,
sh600566,,济川药业,26.85,,26.29,27.49,26.26,,,,,,,,,,,,,,
sh600567,,山鹰国际,1.35,,1.39,1.4,1.34,,,,,,,,,,,,,,
sh600568,,ST中珠,2.15,,2.26,2.26,2.15,,,,,,,,,,,,,,
sh600569,,安阳钢铁,1.7,,1.75,1.78,1.68,,,,,,,,,,,,,,
sh600570,,恒生电子,22.59,,23.11,23.28,22.35,,,,,,,,,,,,,,
sh600571,,信雅达,10.36,,10.7,10.77,10.26,,,,,,,,,,,,,,
sh600572,,XD康恩贝,4.01,,4.08,4.1,3.99,,,,,,,,,,,,,,
sh600573,,惠泉啤酒,9.7,,10.29,10.3,9.67,,,,,,,,,,,,,,
sh600575,,淮河能源,3.4,,3.57,3.58,3.35,,,,,,,,,,,,,,
sh600576,,祥源文旅,5.34,,5.56,5.59,5.25,,,,,,,,,,,,,,
sh600577,,精达股份,10.41,,10.64,10.65,10.25,,,,,,,,,,,,,,
sh600578,,京能电力,7.07,,7.01,7.16,6.88,,,,,,,,,,,,,,
sh600579,,中化装备,7.17,,7.35,7.35,7.05,,,,,,,,,,,,,,
sh600580,,卧龙电驱,34.74,,34.57,35.19,34.3,,,,,,,,,,,,,,
sh600581,,*ST八钢,2.26,,2.38,2.38,2.26,,,,,,,,,,,,,,
sh600582,,天地科技,4.65,,4.76,4.79,4.63,,,,,,,,,,,,,,
sh600583,,海油工程,5.25,,5.35,5.41,5.23,,,,,,,,,,,,,,
sh600584,,长电科技,94.7,,84,94.7,84,,,,,,,,,,,,,,
sh600585,,海螺水泥,17.26,,17.53,17.61,17.16,,,,,,,,,,,,,,
sh600586,,金晶科技,4.36,,4.51,4.55,4.36,,,,,,,,,,,,,,
sh600587,,新华医疗,12.14,,12.29,12.44,12.07,,,,,,,,,,,,,,
sh600588,,用友网络,9.43,,9.67,9.71,9.3,,,,,,,,,,,,,,
sh600589,,大位科技,10.26,,9.78,10.5,9.25,,,,,,,,,,,,,,
sh600590,,泰豪科技,11.14,,11.23,11.26,11,,,,,,,,,,,,,,
sh600592,,龙溪股份,14.5,,14.58,14.69,13.92,,,,,,,,,,,,,,
sh600593,,大连圣亚,37.48,,39.27,40.03,37.45,,,,,,,,,,,,,,
sh600594,,益佰制药,3.15,,3.27,3.34,3.13,,,,,,,,,,,,,,
sh600595,,中孚实业,5.98,,5.88,6.03,5.81,,,,,,,,,,,,,,
sh600596,,新安股份,17.29,,15.72,17.29,15.65,,,,,,,,,,,,,,
sh600597,,光明乳业,6.37,,6.55,6.55,6.37,,,,,,,,,,,,,,
sh600598,,北大荒,11.22,,11.22,11.65,11.22,,,,,,,,,,,,,,
sh600599,,退市熊猫,0.43,,0,0,0,,,,,,,,,,,,,,
sh600600,,青岛啤酒,52.19,,53.39,53.47,52,,,,,,,,,,,,,,
sh600601,,方正科技,13.29,,13.43,13.64,13.05,,,,,,,,,,,,,,
sh600602,,云赛智联,17.61,,17.6,17.82,17.27,,,,,,,,,,,,,,
sh600603,,广汇物流,4.31,,4.43,4.45,4.19,,,,,,,,,,,,,,
sh600604,,市北高新,4.06,,4.18,4.22,4.04,,,,,,,,,,,,,,
sh600605,,汇通能源,29.21,,29.17,29.63,28.68,,,,,,,,,,,,,,
sh600606,,绿地控股,1.28,,1.32,1.33,1.27,,,,,,,,,,,,,,
sh600608,,退市沪科,0.16,,0.18,0.18,0.16,,,,,,,,,,,,,,
sh600609,,金杯汽车,3.2,,3.31,3.36,3.19,,,,,,,,,,,,,,
sh600610,,中毅达,6.94,,7.25,7.27,6.84,,,,,,,,,,,,,,
sh600611,,大众交通,4.1,,4.25,4.26,4.08,,,,,,,,,,,,,,
sh600612,,老凤祥,33.28,,34.1,34.19,33.28,,,,,,,,,,,,,,
sh600613,,神奇制药,4.71,,4.84,4.91,4.67,,,,,,,,,,,,,,
sh600615,,鑫源智造,9.53,,9.96,9.96,9.44,,,,,,,,,,,,,,
sh600616,,金枫酒业,3.99,,4.14,4.16,3.97,,,,,,,,,,,,,,
sh600617,,国新能源,2.8,,2.9,2.9,2.75,,,,,,,,,,,,,,
sh600618,,氯碱化工,10.76,,10.83,10.93,10.66,,,,,,,,,,,,,,
sh600619,,海立股份,14.56,,14.66,14.82,14.22,,,,,,,,,,,,,,
sh600620,,天宸股份,4.06,,4.41,4.43,4.05,,,,,,,,,,,,,,
sh600621,,华鑫股份,13.23,,13.46,13.67,13.19,,,,,,,,,,,,,,
sh600622,,光大嘉宝,2.08,,2.25,2.3,2.05,,,,,,,,,,,,,,
sh600623,,华谊集团,8.57,,8.73,8.78,8.5,,,,,,,,,,,,,,
sh600624,,ST复华,3.67,,3.75,3.81,3.64,,,,,,,,,,,,,,
sh600626,,申达股份,3.41,,3.55,3.56,3.39,,,,,,,,,,,,,,
sh600628,,新世界,5.83,,5.98,6.01,5.81,,,,,,,,,,,,,,
sh600629,,DR华建集,13.18,,13.6,13.6,13,,,,,,,,,,,,,,
sh600630,,龙头股份,9.59,,9.26,9.78,9.26,,,,,,,,,,,,,,
sh600633,,浙数文化,10.52,,10.79,10.83,10.33,,,,,,,,,,,,,,
sh600635,,大众公用,4.4,,4.56,4.57,4.38,,,,,,,,,,,,,,
sh600636,,退市国化,1.71,,0,0,0,,,,,,,,,,,,,,
sh600637,,东方明珠,8.53,,8.7,8.7,8.41,,,,,,,,,,,,,,
sh600638,,新黄浦,4.76,,4.91,4.95,4.72,,,,,,,,,,,,,,
sh600639,,浦东金桥,9.57,,9.82,9.84,9.57,,,,,,,,,,,,,,
sh600640,,国脉文化,10.32,,10.59,10.65,10.15,,,,,,,,,,,,,,
sh600641,,先导基电,37.76,,35.41,38.45,35.3,,,,,,,,,,,,,,
sh600642,,申能股份,9.01,,9.24,9.29,8.97,,,,,,,,,,,,,,
sh600643,,爱建集团,3.97,,4.22,4.22,3.97,,,,,,,,,,,,,,
sh600644,,乐山电力,8.53,,9.05,9.06,8.47,,,,,,,,,,,,,,
sh600645,,中源协和,17.8,,18.56,18.59,17.8,,,,,,,,,,,,,,
sh600648,,外高桥,8.25,,8.64,8.64,8.24,,,,,,,,,,,,,,
sh600649,,城投控股,3.49,,3.63,3.64,3.48,,,,,,,,,,,,,,
sh600650,,锦江在线,10.11,,10.29,10.38,10,,,,,,,,,,,,,,
sh600651,,飞乐音响,5.66,,5.88,5.9,5.58,,,,,,,,,,,,,,
sh600653,,申华控股,1.56,,1.62,1.63,1.55,,,,,,,,,,,,,,
sh600654,,中安科,2.76,,2.89,2.89,2.72,,,,,,,,,,,,,,
sh600655,,豫园股份,4.24,,4.44,4.48,4.24,,,,,,,,,,,,,,
sh600657,,信达地产,2.44,,2.64,2.64,2.42,,,,,,,,,,,,,,
sh600658,,电子城,4.02,,4.2,4.2,4,,,,,,,,,,,,,,
sh600660,,福耀玻璃,48.13,,49.14,49.55,48.11,,,,,,,,,,,,,,
sh600661,,昂立教育,7.37,,7.65,7.74,7.3,,,,,,,,,,,,,,
sh600662,,外服控股,4.1,,4.2,4.21,4.07,,,,,,,,,,,,,,
sh600663,,陆家嘴,6.35,,6.7,6.7,6.32,,,,,,,,,,,,,,
sh600664,,哈药股份,3.12,,3.2,3.28,3.1,,,,,,,,,,,,,,
sh600665,,天地源,3.46,,3.6,3.62,3.27,,,,,,,,,,,,,,
sh600666,,奥瑞德,4.74,,4.78,4.79,4.5,,,,,,,,,,,,,,
sh600667,,太极实业,23.01,,20.49,23.01,20.49,,,,,,,,,,,,,,
sh600668,,尖峰集团,6.98,,7.13,7.17,6.92,,,,,,,,,,,,,,
sh600671,,天目药业,16.75,,17.63,17.8,16.25,,,,,,,,,,,,,,
sh600673,,东阳光,36.34,,33.18,37.08,32.67,,,,,,,,,,,,,,
sh600674,,川投能源,14.27,,14.4,14.49,14.16,,,,,,,,,,,,,,
sh600675,,中华企业,2.13,,2.25,2.25,2.13,,,,,,,,,,,,,,
sh600676,,交运股份,6.8,,6.76,6.98,6.69,,,,,,,,,,,,,,
sh600678,,ST金顶,6.57,,6.45,6.78,6.33,,,,,,,,,,,,,,
sh600679,,上海凤凰,8.81,,9.04,9.05,8.77,,,,,,,,,,,,,,
sh600681,,百川能源,3.35,,3.43,3.45,3.33,,,,,,,,,,,,,,
sh600682,,南京新百,5.76,,5.89,5.98,5.74,,,,,,,,,,,,,,
sh600683,,京投发展,12.96,,12.8,13.09,12.41,,,,,,,,,,,,,,
sh600684,,珠江股份,3.09,,3.31,3.31,3.08,,,,,,,,,,,,,,
sh600685,,中船防务,26.22,,26.5,26.61,25.9,,,,,,,,,,,,,,
sh600686,,金龙汽车,12.09,,12.3,12.35,11.92,,,,,,,,,,,,,,
sh600688,,上海石化,3.1,,3.03,3.12,3.02,,,,,,,,,,,,,,
sh600689,,上海三毛,10.55,,10.89,11.05,10.41,,,,,,,,,,,,,,
sh600690,,海尔智家,19.34,,19.8,19.84,19.3,,,,,,,,,,,,,,
sh600691,,潞化科技,2.4,,2.51,2.52,2.38,,,,,,,,,,,,,,
sh600692,,亚通股份,5.71,,6.04,6.12,5.67,,,,,,,,,,,,,,
sh600693,,东百集团,8.1,,8.34,8.34,7.9,,,,,,,,,,,,,,
sh600694,,大商股份,13.86,,14.16,14.3,13.85,,,,,,,,,,,,,,
sh600696,,退市岩石,0.74,,0,0,0,,,,,,,,,,,,,,
sh600697,,欧亚集团,10.13,,10.56,10.59,10.05,,,,,,,,,,,,,,
sh600698,,湖南天雁,6.15,,6.27,6.32,6.15,,,,,,,,,,,,,,
sh600699,,均胜电子,22.76,,23,23.23,22.57,,,,,,,,,,,,,,
sh600702,,舍得酒业,37,,38.26,38.78,37,,,,,,,,,,,,,,
sh600703,,三安光电,21.81,,19.3,21.81,19.3,,,,,,,,,,,,,,
sh600704,,物产中大,4.95,,4.91,4.99,4.85,,,,,,,,,,,,,,
sh600706,,曲江文旅,7.18,,7.57,7.64,7.14,,,,,,,,,,,,,,
sh600707,,彩虹股份,13.53,,13,14.14,13,,,,,,,,,,,,,,
sh600708,,光明地产,3.35,,3.28,3.41,3.19,,,,,,,,,,,,,,
sh600710,,苏美达,10.17,,10.46,10.48,10.15,,,,,,,,,,,,,,
sh600711,,盛屯矿业,12.18,,11.99,12.39,11.76,,,,,,,,,,,,,,
sh600712,,南宁百货,4.81,,5.15,5.16,4.78,,,,,,,,,,,,,,
sh600713,,南京医药,5.07,,5.15,5.21,5.05,,,,,,,,,,,,,,
sh600714,,金瑞矿业,22.74,,23.5,23.83,22.67,,,,,,,,,,,,,,
sh600715,,文投控股,1.56,,1.62,1.63,1.56,,,,,,,,,,,,,,
sh600716,,凤凰股份,3.52,,3.7,3.71,3.45,,,,,,,,,,,,,,
sh600717,,天津港,4.15,,4.36,4.37,4.14,,,,,,,,,,,,,,
sh600718,,东软集团,7.62,,7.94,7.94,7.53,,,,,,,,,,,,,,
sh600719,,大连热电,9.41,,9.92,9.92,9.1,,,,,,,,,,,,,,
sh600720,,中交设计,5.08,,5.22,5.23,5.07,,,,,,,,,,,,,,
sh600721,,百花医药,7.07,,6.96,7.31,6.96,,,,,,,,,,,,,,
sh600722,,金牛化工,8.68,,9,9.15,8.61,,,,,,,,,,,,,,
sh600724,,宁波富达,5.7,,5.82,5.87,5.59,,,,,,,,,,,,,,
sh600725,,云维股份,3.17,,3.42,3.42,3.16,,,,,,,,,,,,,,
sh600726,,华电能源,7.88,,7.83,7.97,7.47,,,,,,,,,,,,,,
sh600727,,鲁北化工,7.62,,7.79,7.96,7.51,,,,,,,,,,,,,,
sh600728,,佳都科技,4.49,,4.61,4.61,4.43,,,,,,,,,,,,,,
sh600729,,重百集团,19.13,,19.99,19.99,19.1,,,,,,,,,,,,,,
sh600730,,*ST高科,10.37,,10.7,11,10.37,,,,,,,,,,,,,,
sh600731,,湖南海利,5.53,,5.45,5.62,5.45,,,,,,,,,,,,,,
sh600732,,爱旭股份,12.81,,12.65,13.1,12.5,,,,,,,,,,,,,,
sh600733,,北汽蓝谷,5.22,,5.42,5.42,5.2,,,,,,,,,,,,,,
sh600734,,*ST实达,1.76,,1.85,1.85,1.76,,,,,,,,,,,,,,
sh600735,,ST新华锦,5.87,,6.1,6.13,5.85,,,,,,,,,,,,,,
sh600736,,苏州高新,7.33,,7.24,7.41,7.16,,,,,,,,,,,,,,
sh600737,,中粮糖业,11.64,,11.55,12.19,11.44,,,,,,,,,,,,,,
sh600738,,丽尚国潮,3.8,,3.94,3.94,3.77,,,,,,,,,,,,,,
sh600739,,辽宁成大,10.4,,10.67,10.85,10.38,,,,,,,,,,,,,,
sh600740,,山西焦化,3.37,,3.53,3.54,3.33,,,,,,,,,,,,,,
sh600741,,华域汽车,16.53,,16.68,16.68,16.41,,,,,,,,,,,,,,
sh600742,,富维股份,7.53,,7.8,7.83,7.49,,,,,,,,,,,,,,
sh600743,,华远控股,2.34,,2.48,2.55,2.28,,,,,,,,,,,,,,
sh600744,,华银电力,6.78,,7.06,7.09,6.68,,,,,,,,,,,,,,
sh600745,,*ST闻泰,15.87,,16.35,16.35,15.87,,,,,,,,,,,,,,
sh600746,,江苏索普,5.55,,5.76,5.8,5.53,,,,,,,,,,,,,,
sh600748,,上实发展,3.84,,4.07,4.07,3.78,,,,,,,,,,,,,,
sh600749,,西藏旅游,14.42,,14.79,14.79,14.34,,,,,,,,,,,,,,
sh600750,,华润江中,23.09,,23.99,24.2,23.04,,,,,,,,,,,,,,
sh600751,,海航科技,3.04,,3.11,3.11,2.98,,,,,,,,,,,,,,
sh600753,,ST海钦,11.58,,11.8,11.8,11.28,,,,,,,,,,,,,,
sh600754,,锦江酒店,18.97,,19.26,19.47,18.75,,,,,,,,,,,,,,
sh600755,,厦门国贸,5.59,,5.62,5.66,5.56,,,,,,,,,,,,,,
sh600756,,浪潮软件,12.96,,13.47,13.48,12.85,,,,,,,,,,,,,,
sh600757,,长江传媒,7.45,,7.63,7.63,7.38,,,,,,,,,,,,,,
sh600758,,辽宁能源,3.33,,3.52,3.54,3.31,,,,,,,,,,,,,,
sh600759,,ST洲际,2.1,,2.2,2.2,2.1,,,,,,,,,,,,,,
sh600760,,中航沈飞,40.62,,40.9,41.1,40.52,,,,,,,,,,,,,,
sh600761,,安徽合力,16.7,,17.2,17.25,16.63,,,,,,,,,,,,,,
sh600763,,通策医疗,34.09,,35.23,35.6,34,,,,,,,,,,,,,,
sh600764,,中国海防,18.2,,18.6,18.63,18.06,,,,,,,,,,,,,,
sh600765,,中航重机,13.42,,13.63,13.74,13.35,,,,,,,,,,,,,,
sh600768,,宁波富邦,15.55,,16.19,16.27,15.31,,,,,,,,,,,,,,
sh600769,,祥龙电业,20.08,,21.92,22.6,19.77,,,,,,,,,,,,,,
sh600770,,综艺股份,6.12,,5.93,6.19,5.92,,,,,,,,,,,,,,
sh600771,,广誉远,13.53,,13.93,14.15,13.53,,,,,,,,,,,,,,
sh600773,,西藏城投,14.67,,14.33,14.9,13.8,,,,,,,,,,,,,,
sh600774,,汉商集团,6.66,,7.1,7.1,6.62,,,,,,,,,,,,,,
sh600775,,南京熊猫,10.7,,10.69,11.13,10.47,,,,,,,,,,,,,,
sh600776,,东方通信,14.69,,14.7,15.02,14.46,,,,,,,,,,,,,,
sh600777,,新潮能源,5.46,,5.67,5.89,5.41,,,,,,,,,,,,,,
sh600778,,友好集团,5.13,,5.59,5.59,5.08,,,,,,,,,,,,,,
sh600779,,水井坊,28.29,,29.22,29.75,28.24,,,,,,,,,,,,,,
sh600780,,通宝能源,6.11,,6.17,6.18,6.02,,,,,,,,,,,,,,
sh600782,,新钢股份,2.51,,2.56,2.57,2.48,,,,,,,,,,,,,,
sh600783,,鲁信创投,20.12,,20.27,20.63,19.15,,,,,,,,,,,,,,
sh600784,,鲁银投资,6.89,,7,7.11,6.8,,,,,,,,,,,,,,
sh600785,,新华百货,14.94,,15.85,16.13,14.87,,,,,,,,,,,,,,
sh600787,,XD中储股,4.32,,4.45,4.45,4.31,,,,,,,,,,,,,,
sh600789,,鲁抗医药,7.24,,7.45,7.52,7.22,,,,,,,,,,,,,,
sh600790,,轻纺城,3.57,,3.6,3.62,3.49,,,,,,,,,,,,,,
sh600791,,京能置业,10.55,,10.81,11.09,10.1,,,,,,,,,,,,,,
sh600792,,云煤能源,3.35,,3.59,3.6,3.25,,,,,,,,,,,,,,
sh600793,,宜宾纸业,12.7,,14.02,14.02,12.63,,,,,,,,,,,,,,
sh600794,,保税科技,2.98,,3.05,3.06,2.97,,,,,,,,,,,,,,
sh600795,,国电电力,4.71,,4.79,4.82,4.71,,,,,,,,,,,,,,
sh600796,,钱江生化,4.82,,5.02,5.02,4.78,,,,,,,,,,,,,,
sh600797,,浙大网新,6.83,,6.99,7.01,6.67,,,,,,,,,,,,,,
sh600798,,宁波海运,3.44,,3.56,3.58,3.43,,,,,,,,,,,,,,
sh600800,,渤海化学,3.46,,3.55,3.57,3.33,,,,,,,,,,,,,,
sh600801,,华新建材,17.5,,17.47,17.67,17.22,,,,,,,,,,,,,,
sh600802,,福建水泥,4.3,,4.54,4.56,4.25,,,,,,,,,,,,,,
sh600803,,新奥股份,16.43,,16.67,16.8,16.29,,,,,,,,,,,,,,
sh600805,,悦达投资,4.4,,4.58,4.58,4.37,,,,,,,,,,,,,,
sh600807,,济高发展,2.42,,2.54,2.56,2.41,,,,,,,,,,,,,,
sh600808,,马钢股份,2.6,,2.65,2.66,2.56,,,,,,,,,,,,,,
sh600809,,山西汾酒,105.71,,109,110.16,105.5,,,,,,,,,,,,,,
sh600810,,神马股份,6.87,,6.66,7.06,6.6,,,,,,,,,,,,,,
sh600812,,华北制药,4.49,,4.5,4.66,4.45,,,,,,,,,,,,,,
sh600814,,杭州解百,6.43,,6.67,6.71,6.43,,,,,,,,,,,,,,
sh600815,,厦工股份,2.64,,2.81,2.82,2.62,,,,,,,,,,,,,,
sh600816,,建元信托,2.62,,2.7,2.73,2.59,,,,,,,,,,,,,,
sh600817,,宇通重工,9.09,,9.32,9.45,9.02,,,,,,,,,,,,,,
sh600818,,ST中路,5.74,,5.88,6.06,5.72,,,,,,,,,,,,,,
sh600819,,耀皮玻璃,5.81,,6,6,5.72,,,,,,,,,,,,,,
sh600820,,隧道股份,5.35,,5.41,5.45,5.3,,,,,,,,,,,,,,
sh600821,,金开新能,6.5,,6.4,6.52,6.28,,,,,,,,,,,,,,
sh600822,,上海物贸,8.08,,8.5,8.55,8.06,,,,,,,,,,,,,,
sh600824,,益民集团,3.44,,3.54,3.58,3.43,,,,,,,,,,,,,,
sh600825,,新华传媒,4.8,,5.05,5.11,4.76,,,,,,,,,,,,,,
sh600826,,兰生股份,9.21,,9.44,9.51,9.01,,,,,,,,,,,,,,
sh600827,,百联股份,7.86,,8.08,8.08,7.84,,,,,,,,,,,,,,
sh600828,,茂业商业,3.58,,3.81,3.83,3.56,,,,,,,,,,,,,,
sh600829,,人民同泰,8.16,,8.31,8.42,8.09,,,,,,,,,,,,,,
sh600830,,香溢融通,8.19,,8.38,8.45,8.1,,,,,,,,,,,,,,
sh600831,,广电网络,3.12,,3.22,3.25,3.04,,,,,,,,,,,,,,
sh600833,,第一医药,9.61,,10.02,10.04,9.6,,,,,,,,,,,,,,
sh600834,,申通地铁,6.89,,7.07,7.07,6.84,,,,,,,,,,,,,,
sh600835,,上海机电,20.98,,21.41,21.44,20.9,,,,,,,,,,,,,,
sh600838,,上海九百,7.45,,7.8,7.8,7.38,,,,,,,,,,,,,,
sh600839,,四川长虹,6.68,,6.72,6.77,6.52,,,,,,,,,,,,,,
sh600841,,动力新科,6.56,,6.79,6.83,6.5,,,,,,,,,,,,,,
sh600843,,上工申贝,8.77,,8.49,8.79,8.18,,,,,,,,,,,,,,
sh600844,,金煤科技,2.54,,2.69,2.72,2.53,,,,,,,,,,,,,,
sh600845,,宝信软件,17.31,,17.6,17.6,17.14,,,,,,,,,,,,,,
sh600846,,同济科技,10.01,,9.67,10.08,9.56,,,,,,,,,,,,,,
sh600847,,万里股份,14.4,,15.14,15.39,14.28,,,,,,,,,,,,,,
sh600848,,上海临港,7.66,,7.76,7.82,7.65,,,,,,,,,,,,,,
sh600850,,电科数字,18.71,,19.36,19.44,18.5,,,,,,,,,,,,,,
sh600851,,海欣股份,10.09,,10.55,10.69,9.87,,,,,,,,,,,,,,
sh600853,,龙建股份,3.18,,3.28,3.28,3.15,,,,,,,,,,,,,,
sh600854,,春兰股份,4.22,,4.48,4.48,4.19,,,,,,,,,,,,,,
sh600855,,航天长峰,14.33,,14.21,14.4,13.93,,,,,,,,,,,,,,
sh600857,,宁波中百,15.78,,14.99,16,14.9,,,,,,,,,,,,,,
sh600858,,银座股份,4.57,,4.76,4.78,4.55,,,,,,,,,,,,,,
sh600859,,王府井,9.57,,9.97,9.98,9.57,,,,,,,,,,,,,,
sh600860,,京城股份,8.39,,8.89,9.01,8.36,,,,,,,,,,,,,,
sh600861,,北京人力,12.51,,12.79,12.82,12.34,,,,,,,,,,,,,,
sh600862,,中航高科,18.35,,18,18.48,17.99,,,,,,,,,,,,,,
sh600863,,华能蒙电,5.01,,5.07,5.13,4.99,,,,,,,,,,,,,,
sh600864,,哈投股份,5.39,,5.52,5.62,5.36,,,,,,,,,,,,,,
sh600865,,百大集团,8.67,,9.02,9.07,8.6,,,,,,,,,,,,,,
sh600866,,星湖科技,4.67,,4.81,4.81,4.66,,,,,,,,,,,,,,
sh600867,,通化东宝,8.03,,7.88,8.25,7.84,,,,,,,,,,,,,,
sh600868,,梅雁吉祥,2.75,,2.84,2.85,2.72,,,,,,,,,,,,,,
sh600869,,远东股份,37.77,,35.73,38.58,35.73,,,,,,,,,,,,,,
sh600871,,石化油服,2.1,,2.15,2.15,2.1,,,,,,,,,,,,,,
sh600872,,中炬高新,17.64,,17.37,18.19,17.15,,,,,,,,,,,,,,
sh600873,,梅花生物,7.96,,8.06,8.12,7.88,,,,,,,,,,,,,,
sh600874,,创业环保,5.61,,5.73,5.73,5.61,,,,,,,,,,,,,,
sh600875,,东方电气,30.38,,30.48,30.9,30.08,,,,,,,,,,,,,,
sh600876,,凯盛新能,7.78,,8.36,8.38,7.69,,,,,,,,,,,,,,
sh600877,,电科芯片,16.2,,14.44,16.2,14.39,,,,,,,,,,,,,,
sh600879,,航天电子,19.26,,18.82,19.4,18.29,,,,,,,,,,,,,,
sh600880,,博瑞传播,3.89,,3.98,4,3.82,,,,,,,,,,,,,,
sh600881,,亚泰集团,1.61,,1.66,1.75,1.59,,,,,,,,,,,,,,
sh600882,,妙可蓝多,17.11,,17.9,18.35,17.11,,,,,,,,,,,,,,
sh600883,,博闻科技,7.43,,7.84,7.9,7.39,,,,,,,,,,,,,,
sh600884,,杉杉股份,14.59,,14.41,14.74,14.15,,,,,,,,,,,,,,
sh600885,,宏发股份,34,,33.3,34.5,32.74,,,,,,,,,,,,,,
sh600886,,国投电力,13.17,,13.3,13.35,13.11,,,,,,,,,,,,,,
sh600887,,伊利股份,24.4,,24.71,25.05,24.36,,,,,,,,,,,,,,
sh600888,,新疆众和,14.65,,13.52,14.81,13.22,,,,,,,,,,,,,,
sh600889,,*ST京化,15.4,,15.59,15.68,15.32,,,,,,,,,,,,,,
sh600892,,*ST大晟,3.57,,3.68,3.68,3.51,,,,,,,,,,,,,,
sh600893,,XD航发动,39.12,,39.98,40.31,38.83,,,,,,,,,,,,,,
sh600894,,广日股份,8.4,,8.55,8.55,8.27,,,,,,,,,,,,,,
sh600895,,张江高科,33.41,,32.16,33.99,31.6,,,,,,,,,,,,,,
sh600897,,厦门空港,14.6,,14.93,14.94,14.54,,,,,,,,,,,,,,
sh600900,,长江电力,26.6,,26.87,27,26.56,,,,,,,,,,,,,,
sh600901,,江苏金租,5.97,,6.04,6.05,5.93,,,,,,,,,,,,,,
sh600903,,贵州燃气,7.26,,7.73,7.79,7.21,,,,,,,,,,,,,,
sh600905,,三峡能源,3.92,,4,4,3.92,,,,,,,,,,,,,,
sh600906,,财达证券,7.5,,7.68,8.01,7.47,,,,,,,,,,,,,,
sh600908,,无锡银行,5.27,,5.5,5.5,5.27,,,,,,,,,,,,,,
sh600909,,华安证券,11.51,,10.2,11.51,10.2,,,,,,,,,,,,,,
sh600916,,中国黄金,7.29,,7.32,7.37,7.22,,,,,,,,,,,,,,
sh600917,,重庆燃气,4.74,,4.86,4.87,4.73,,,,,,,,,,,,,,
sh600918,,中泰证券,5.31,,5.42,5.53,5.28,,,,,,,,,,,,,,
sh600919,,江苏银行,11.19,,11.33,11.45,11.16,,,,,,,,,,,,,,
sh600925,,苏能股份,4.17,,4.26,4.29,4.15,,,,,,,,,,,,,,
sh600926,,杭州银行,15.21,,15.66,15.68,15.19,,,,,,,,,,,,,,
sh600927,,永安期货,12.98,,13.53,13.53,12.95,,,,,,,,,,,,,,
sh600928,,西安银行,3.43,,3.56,3.57,3.42,,,,,,,,,,,,,,
sh600929,,雪天盐业,4.85,,4.95,4.99,4.83,,,,,,,,,,,,,,
sh600930,,华电新能,5.09,,5.13,5.16,5.08,,,,,,,,,,,,,,
sh600933,,爱柯迪,14.89,,15.18,15.35,14.87,,,,,,,,,,,,,,
sh600935,,华塑股份,2.37,,2.27,2.49,2.21,,,,,,,,,,,,,,
sh600936,,北投科技,4.5,,4.66,4.73,4.42,,,,,,,,,,,,,,
sh600938,,中国海油,29.21,,29.11,29.53,28.91,,,,,,,,,,,,,,
sh600939,,重庆建工,2.43,,2.52,2.53,2.41,,,,,,,,,,,,,,
sh600941,,中国移动,88.7,,90.52,90.7,88.67,,,,,,,,,,,,,,
sh600955,,维远股份,16.43,,16.8,17.3,16.16,,,,,,,,,,,,,,
sh600956,,新天绿能,7.28,,7.4,7.5,7.26,,,,,,,,,,,,,,
sh600958,,东方证券,9.6,,9.7,9.84,9.56,,,,,,,,,,,,,,
sh600959,,江苏有线,3.03,,3.11,3.11,2.99,,,,,,,,,,,,,,
sh600960,,渤海汽车,3.89,,4.02,4.02,3.81,,,,,,,,,,,,,,
sh600961,,株冶集团,35.71,,32.45,35.75,32.19,,,,,,,,,,,,,,
sh600962,,国投中鲁,23.96,,24.99,24.99,23.27,,,,,,,,,,,,,,
sh600963,,岳阳林纸,3.13,,3.27,3.28,3.11,,,,,,,,,,,,,,
sh600965,,*ST福成,2.7,,2.87,2.97,2.7,,,,,,,,,,,,,,
sh600966,,博汇纸业,5.08,,5.23,5.23,5.05,,,,,,,,,,,,,,
sh600967,,内蒙一机,11.28,,11.59,11.6,11.16,,,,,,,,,,,,,,
sh600968,,海油发展,3.8,,3.78,3.85,3.76,,,,,,,,,,,,,,
sh600969,,郴电国际,8.09,,8.47,8.49,7.99,,,,,,,,,,,,,,
sh600970,,中材国际,7.78,,7.88,7.98,7.76,,,,,,,,,,,,,,
sh600971,,恒源煤电,7.34,,7.59,7.66,7.2,,,,,,,,,,,,,,
sh600973,,宝胜股份,6.66,,6.5,6.71,6.43,,,,,,,,,,,,,,
sh600975,,新五丰,4.31,,4.5,4.53,4.3,,,,,,,,,,,,,,
sh600976,,健民集团,28.34,,28.78,28.78,28,,,,,,,,,,,,,,
sh600977,,中国电影,13.59,,14.6,14.7,13.59,,,,,,,,,,,,,,
sh600979,,广安爱众,4.22,,4.36,4.41,4.21,,,,,,,,,,,,,,
sh600980,,北矿科技,20.25,,20.78,20.9,19.94,,,,,,,,,,,,,,
sh600981,,苏豪汇鸿,2.42,,2.49,2.55,2.4,,,,,,,,,,,,,,
sh600982,,宁波能源,5.08,,5.15,5.18,4.99,,,,,,,,,,,,,,
sh600983,,惠而浦,7.18,,7.21,7.33,7.1,,,,,,,,,,,,,,
sh600984,,建设机械,3.98,,4.12,4.14,3.88,,,,,,,,,,,,,,
sh600985,,淮北矿业,15.05,,15.67,15.85,15,,,,,,,,,,,,,,
sh600986,,浙文互联,7.63,,7.65,7.76,7.52,,,,,,,,,,,,,,
sh600987,,航民股份,6.35,,6.38,6.43,6.3,,,,,,,,,,,,,,
sh600988,,赤峰黄金,28.19,,27.5,28.38,27.28,,,,,,,,,,,,,,
sh600989,,宝丰能源,22.41,,21.91,22.6,21.49,,,,,,,,,,,,,,
sh600990,,四创电子,18.02,,18.33,18.45,17.65,,,,,,,,,,,,,,
sh600992,,贵绳股份,9.12,,9.51,9.57,9.01,,,,,,,,,,,,,,
sh600993,,马应龙,22.7,,23.3,23.48,22.66,,,,,,,,,,,,,,
sh600995,,南网储能,12.34,,12.6,12.66,12.27,,,,,,,,,,,,,,
sh600996,,贵广网络,8.64,,8.74,8.81,8.54,,,,,,,,,,,,,,
sh600997,,开滦股份,4.95,,5.04,5.05,4.88,,,,,,,,,,,,,,
sh600998,,九州通,4.77,,4.84,4.96,4.75,,,,,,,,,,,,,,
sh600999,,招商证券,20.28,,19.93,20.97,19.92,,,,,,,,,,,,,,
sh601000,,唐山港,4.14,,4.15,4.19,4.11,,,,,,,,,,,,,,
sh601001,,晋控煤业,18.83,,18.95,19.22,18.35,,,,,,,,,,,,,,
sh601002,,晋亿实业,4.55,,4.68,4.68,4.5,,,,,,,,,,,,,,
sh601003,,柳钢股份,3.41,,3.44,3.45,3.36,,,,,,,,,,,,,,
sh601005,,重庆钢铁,1.19,,1.21,1.21,1.18,,,,,,,,,,,,,,
sh601006,,大秦铁路,4.83,,4.9,4.93,4.82,,,,,,,,,,,,,,
sh601007,,金陵饭店,6.32,,6.55,6.55,6.29,,,,,,,,,,,,,,
sh601008,,连云港,4.27,,4.28,4.44,4.23,,,,,,,,,,,,,,
sh601009,,南京银行,10.54,,10.87,10.9,10.52,,,,,,,,,,,,,,
sh601010,,ST文峰,1.44,,1.46,1.47,1.39,,,,,,,,,,,,,,
sh601011,,宝泰隆,2.82,,2.96,2.99,2.8,,,,,,,,,,,,,,
sh601012,,隆基绿能,12.45,,12.58,12.67,12.31,,,,,,,,,,,,,,
sh601015,,陕西黑猫,2.96,,3.15,3.15,2.94,,,,,,,,,,,,,,
sh601016,,节能风电,3.63,,3.63,3.67,3.54,,,,,,,,,,,,,,
sh601018,,宁波港,3.2,,3.29,3.33,3.19,,,,,,,,,,,,,,
sh601019,,山东出版,6.8,,6.92,6.96,6.78,,,,,,,,,,,,,,
sh601020,,华钰矿业,25.2,,25.06,25.87,24.47,,,,,,,,,,,,,,
sh601021,,春秋航空,45.78,,46.29,47.6,45.56,,,,,,,,,,,,,,
sh601022,,宁波远洋,8.2,,7.96,8.34,7.96,,,,,,,,,,,,,,
sh601026,,道生天合,14.74,,15.3,15.3,14.65,,,,,,,,,,,,,,
sh601033,,永兴股份,13.83,,14.14,14.18,13.8,,,,,,,,,,,,,,
sh601038,,一拖股份,10.95,,11.2,11.2,10.79,,,,,,,,,,,,,,
sh601058,,赛轮轮胎,11.54,,11.72,11.82,11.52,,,,,,,,,,,,,,
sh601059,,信达证券,15.82,,16.09,16.32,15.72,,,,,,,,,,,,,,
sh601061,,中信金属,11.62,,11.53,11.83,11.43,,,,,,,,,,,,,,
sh601065,,江盐集团,6.94,,7.11,7.2,6.94,,,,,,,,,,,,,,
sh601066,,中信建投,27.73,,28.19,28.93,27.6,,,,,,,,,,,,,,
sh601068,,中铝国际,4.61,,4.68,4.71,4.55,,,,,,,,,,,,,,
sh601069,,西部黄金,24.23,,24.22,24.48,23.8,,,,,,,,,,,,,,
sh601077,,渝农商行,6.36,,6.57,6.57,6.33,,,,,,,,,,,,,,
sh601083,,锦江航运,11.38,,11.45,11.63,11.3,,,,,,,,,,,,,,
sh601086,,国芳集团,6.87,,7.35,7.35,6.85,,,,,,,,,,,,,,
sh601088,,中国神华,40.05,,40.7,40.86,39.9,,,,,,,,,,,,,,
sh601089,,福元医药,16.46,,17.01,17.08,16.41,,,,,,,,,,,,,,
sh601096,,宏盛华源,4.5,,4.56,4.6,4.45,,,,,,,,,,,,,,
sh601098,,中南传媒,9.99,,10.15,10.21,9.95,,,,,,,,,,,,,,
sh601099,,太平洋,3.39,,3.46,3.54,3.36,,,,,,,,,,,,,,
sh601100,,恒立液压,109.97,,111.5,112.18,109.38,,,,,,,,,,,,,,
sh601101,,昊华能源,11.32,,11.29,11.57,10.83,,,,,,,,,,,,,,
sh601106,,中国一重,3.37,,3.42,3.44,3.3,,,,,,,,,,,,,,
sh601107,,四川成渝,5.22,,5.48,5.48,5.21,,,,,,,,,,,,,,
sh601108,,财通证券,8.41,,8.43,8.73,8.35,,,,,,,,,,,,,,
sh601111,,中国国航,6.15,,6.07,6.28,6.01,,,,,,,,,,,,,,
sh601112,,振石股份,17.85,,17.39,18.05,17.34,,,,,,,,,,,,,,
sh601113,,华鼎股份,3.59,,3.65,3.66,3.58,,,,,,,,,,,,,,
sh601116,,三江购物,10.46,,10.82,10.84,10.38,,,,,,,,,,,,,,
sh601117,,中国化学,8.07,,7.86,8.18,7.86,,,,,,,,,,,,,,
sh601118,,海南橡胶,5.37,,5.55,5.63,5.3,,,,,,,,,,,,,,
sh601121,,宝地矿业,6.11,,6.15,6.22,6.01,,,,,,,,,,,,,,
sh601126,,四方股份,69.09,,69.25,70.89,66.79,,,,,,,,,,,,,,
sh601127,,赛力斯,61.8,,63.01,63.47,61.41,,,,,,,,,,,,,,
sh601128,,常熟银行,5.97,,6.18,6.19,5.96,,,,,,,,,,,,,,
sh601133,,柏诚股份,32.37,,28.89,32.37,28.82,,,,,,,,,,,,,,
sh601136,,首创证券,14.27,,14.75,14.95,14.26,,,,,,,,,,,,,,
sh601137,,博威合金,25.08,,24.05,25.43,23.5,,,,,,,,,,,,,,
sh601138,,工业富联,76.78,,73,76.99,73,,,,,,,,,,,,,,
sh601139,,深圳燃气,5.81,,5.94,5.94,5.8,,,,,,,,,,,,,,
sh601155,,新城控股,10.73,,10.79,11,10.38,,,,,,,,,,,,,,
sh601156,,东航物流,16.25,,16.69,16.76,16.13,,,,,,,,,,,,,,
sh601158,,重庆水务,3.98,,4.06,4.1,3.96,,,,,,,,,,,,,,
sh601162,,天风证券,3.44,,3.52,3.6,3.41,,,,,,,,,,,,,,
sh601163,,三角轮胎,12.88,,13.19,13.19,12.85,,,,,,,,,,,,,,
sh601166,,兴业银行,17.12,,17.72,17.78,17.12,,,,,,,,,,,,,,
sh601168,,西部矿业,29.2,,29.25,29.49,28.56,,,,,,,,,,,,,,
sh601169,,北京银行,5,,5.1,5.1,5,,,,,,,,,,,,,,
sh601177,,杭齿前进,13.12,,13.4,13.48,13.05,,,,,,,,,,,,,,
sh601179,,中国西电,16.26,,15.88,16.4,15.81,,,,,,,,,,,,,,
sh601186,,中国铁建,6.23,,6.28,6.31,6.23,,,,,,,,,,,,,,
sh601187,,厦门银行,7.31,,7.66,7.67,7.31,,,,,,,,,,,,,,
sh601188,,龙江交通,2.88,,2.96,2.98,2.87,,,,,,,,,,,,,,
sh601198,,东兴证券,13.24,,13.2,13.44,13.07,,,,,,,,,,,,,,
sh601199,,XD江南水,5.8,,5.89,6,5.72,,,,,,,,,,,,,,
sh601200,,上海环境,6.78,,6.99,7.01,6.76,,,,,,,,,,,,,,
sh601208,,东材科技,74.55,,71.74,74.55,68.96,,,,,,,,,,,,,,
sh601211,,国泰海通,17.56,,17.91,18.23,17.53,,,,,,,,,,,,,,
sh601212,,白银有色,5.55,,5.49,5.56,5.35,,,,,,,,,,,,,,
sh601216,,君正集团,4.88,,4.94,5.07,4.85,,,,,,,,,,,,,,
sh601218,,吉鑫科技,4.53,,4.62,4.64,4.45,,,,,,,,,,,,,,
sh601222,,林洋能源,5.56,,5.74,5.77,5.55,,,,,,,,,,,,,,
sh601225,,陕西煤业,22.04,,22.68,22.75,21.98,,,,,,,,,,,,,,
sh601226,,华电科工,6.74,,6.85,6.86,6.66,,,,,,,,,,,,,,
sh601228,,广州港,2.94,,2.97,2.99,2.92,,,,,,,,,,,,,,
sh601229,,上海银行,8.86,,9.09,9.12,8.83,,,,,,,,,,,,,,
sh601231,,环旭电子,36.6,,34.9,37.05,34.45,,,,,,,,,,,,,,
sh601233,,桐昆股份,24.25,,22.94,24.95,22.8,,,,,,,,,,,,,,
sh601236,,红塔证券,6.91,,7.01,7.22,6.89,,,,,,,,,,,,,,
sh601238,,广汽集团,5.32,,5.46,5.49,5.29,,,,,,,,,,,,,,
sh601279,,英利汽车,3.18,,3.29,3.33,3.16,,,,,,,,,,,,,,
sh601288,,农业银行,6.34,,6.57,6.64,6.33,,,,,,,,,,,,,,
sh601298,,青岛港,8.25,,8.43,8.55,8.23,,,,,,,,,,,,,,
sh601311,,骆驼股份,8.03,,8.14,8.15,7.99,,,,,,,,,,,,,,
sh601318,,中国平安,49.12,,50.69,50.88,49.03,,,,,,,,,,,,,,
sh601319,,中国人保,6.93,,7.05,7.07,6.84,,,,,,,,,,,,,,
sh601326,,秦港股份,3.26,,3.34,3.35,3.26,,,,,,,,,,,,,,
sh601328,,交通银行,6.63,,6.84,6.87,6.63,,,,,,,,,,,,,,
sh601330,,绿色动力,7.33,,7.6,7.63,7.27,,,,,,,,,,,,,,
sh601333,,广深铁路,2.95,,3.02,3.03,2.95,,,,,,,,,,,,,,
sh601336,,新华保险,61.85,,62.88,62.97,60.51,,,,,,,,,,,,,,
sh601339,,百隆东方,6.99,,7.24,7.25,6.92,,,,,,,,,,,,,,
sh601360,,三六零,8.96,,8.97,9,8.71,,,,,,,,,,,,,,
sh601366,,利群股份,3.38,,3.51,3.51,3.36,,,,,,,,,,,,,,
sh601368,,绿城水务,4.29,,4.39,4.4,4.26,,,,,,,,,,,,,,
sh601369,,陕鼓动力,8.22,,8.52,8.57,8.21,,,,,,,,,,,,,,
sh601375,,中原证券,4.05,,4.15,4.22,4.03,,,,,,,,,,,,,,
sh601377,,兴业证券,6.1,,6.16,6.3,6.08,,,,,,,,,,,,,,
sh601388,,怡球资源,3.09,,3.12,3.15,3.04,,,,,,,,,,,,,,
sh601390,,中国中铁,4.43,,4.5,4.54,4.42,,,,,,,,,,,,,,
sh601398,,工商银行,7.22,,7.4,7.46,7.2,,,,,,,,,,,,,,
sh601399,,国机重装,3.5,,3.56,3.61,3.44,,,,,,,,,,,,,,
sh601456,,国联民生,9.08,,9.26,9.42,9.05,,,,,,,,,,,,,,
sh601500,,通用股份,3.77,,3.84,3.86,3.75,,,,,,,,,,,,,,
sh601512,,中新集团,8.03,,8.22,8.25,7.99,,,,,,,,,,,,,,
sh601515,,衢州东峰,3.65,,3.63,3.77,3.6,,,,,,,,,,,,,,
sh601518,,吉林高速,2.89,,3,3.02,2.87,,,,,,,,,,,,,,
sh601519,,大智慧,9.22,,9.52,9.67,9.16,,,,,,,,,,,,,,
sh601528,,瑞丰银行,4.58,,4.74,4.74,4.58,,,,,,,,,,,,,,
sh601555,,东吴证券,7.95,,8.12,8.22,7.93,,,,,,,,,,,,,,
sh601566,,九牧王,8.45,,8.8,8.84,8.37,,,,,,,,,,,,,,
sh601567,,三星电气,14.93,,15.49,15.49,14.88,,,,,,,,,,,,,,
sh601568,,北元化工,3.56,,3.65,3.67,3.56,,,,,,,,,,,,,,
sh601577,,长沙银行,9.08,,9.29,9.33,9.04,,,,,,,,,,,,,,
sh601579,,会稽山,14.8,,15.2,15.25,14.73,,,,,,,,,,,,,,
sh601588,,北辰实业,1.71,,1.79,1.8,1.68,,,,,,,,,,,,,,
sh601595,,上海电影,16.94,,17.75,17.99,16.88,,,,,,,,,,,,,,
sh601598,,中国外运,5.48,,5.49,5.54,5.44,,,,,,,,,,,,,,
sh601599,,浙文影业,2.94,,3.05,3.07,2.92,,,,,,,,,,,,,,
sh601600,,中国铝业,9.09,,9,9.15,8.92,,,,,,,,,,,,,,
sh601601,,中国太保,29.82,,30.68,30.98,29.79,,,,,,,,,,,,,,
sh601606,,长城军工,29.15,,29.73,29.96,28.83,,,,,,,,,,,,,,
sh601607,,上海医药,15.88,,16.18,16.31,15.86,,,,,,,,,,,,,,
sh601608,,中信重工,4.96,,5.05,5.07,4.87,,,,,,,,,,,,,,
sh601609,,金田股份,11.62,,11.98,12.18,11.41,,,,,,,,,,,,,,
sh601611,,中国核建,10.53,,10.8,10.88,10.37,,,,,,,,,,,,,,
sh601615,,明阳智能,11.93,,11.92,12.09,11.7,,,,,,,,,,,,,,
sh601616,,广电电气,3.73,,3.76,3.76,3.6,,,,,,,,,,,,,,
sh601618,,中国中冶,2.55,,2.63,2.64,2.55,,,,,,,,,,,,,,
sh601619,,嘉泽新能,4.34,,4.43,4.43,4.28,,,,,,,,,,,,,,
sh601628,,中国人寿,35.85,,36.25,36.51,35.18,,,,,,,,,,,,,,
sh601633,,长城汽车,16.02,,16.6,16.71,16.01,,,,,,,,,,,,,,
sh601636,,旗滨集团,7.62,,7.6,7.88,7.43,,,,,,,,,,,,,,
sh601658,,邮储银行,4.92,,5.05,5.08,4.92,,,,,,,,,,,,,,
sh601665,,齐鲁银行,5.99,,6.11,6.14,5.97,,,,,,,,,,,,,,
sh601666,,平煤股份,8.14,,8.55,8.68,8.03,,,,,,,,,,,,,,
sh601668,,中国建筑,4.48,,4.57,4.58,4.48,,,,,,,,,,,,,,
sh601669,,中国电建,4.88,,4.96,4.99,4.86,,,,,,,,,,,,,,
sh601677,,明泰铝业,17.01,,16.19,17.14,15.95,,,,,,,,,,,,,,
sh601678,,滨化股份,6.14,,6.15,6.25,6.02,,,,,,,,,,,,,,
sh601686,,友发集团,4.99,,5.03,5.07,4.96,,,,,,,,,,,,,,
sh601688,,华泰证券,20.86,,21.1,21.54,20.72,,,,,,,,,,,,,,
sh601689,,拓普集团,58.2,,58.51,59.65,57,,,,,,,,,,,,,,
sh601696,,中银证券,12.9,,12.95,13.33,12.77,,,,,,,,,,,,,,
sh601698,,中国卫通,28.99,,28.6,29.38,28.05,,,,,,,,,,,,,,
sh601699,,潞安环能,16.02,,16.39,16.6,15.84,,,,,,,,,,,,,,
sh601700,,风范股份,4.6,,4.7,4.72,4.56,,,,,,,,,,,,,,
sh601702,,华峰铝业,15.01,,15.27,15.31,14.91,,,,,,,,,,,,,,
sh601717,,中创智领,15.03,,15.35,15.37,14.98,,,,,,,,,,,,,,
sh601718,,ST际华,1.59,,1.67,1.68,1.59,,,,,,,,,,,,,,
sh601727,,上海电气,7.12,,7.19,7.21,7.04,,,,,,,,,,,,,,
sh601728,,中国电信,5.39,,5.56,5.59,5.37,,,,,,,,,,,,,,
sh601766,,中国中车,5.26,,5.44,5.46,5.25,,,,,,,,,,,,,,
sh601777,,千里科技,9.01,,9.15,9.33,8.98,,,,,,,,,,,,,,
sh601778,,晶科科技,4.54,,4.6,4.63,4.45,,,,,,,,,,,,,,
sh601788,,光大证券,14.68,,14.95,15.2,14.64,,,,,,,,,,,,,,
sh601789,,宁波建工,4.31,,4.39,4.4,4.22,,,,,,,,,,,,,,
sh601798,,蓝科高新,7.12,,7.35,7.38,7.02,,,,,,,,,,,,,,
sh601799,,星宇股份,110.58,,112.83,112.95,110.5,,,,,,,,,,,,,,
sh601800,,中国交建,5.95,,6.05,6.09,5.95,,,,,,,,,,,,,,
sh601801,,皖新传媒,5.11,,5.25,5.28,5.1,,,,,,,,,,,,,,
sh601808,,中海油服,11.27,,11.6,11.62,11.22,,,,,,,,,,,,,,
sh601811,,新华文轩,11.3,,11.65,11.65,11.24,,,,,,,,,,,,,,
sh601816,,京沪高铁,4.54,,4.62,4.68,4.53,,,,,,,,,,,,,,
sh601818,,光大银行,3.04,,3.1,3.11,3.04,,,,,,,,,,,,,,
sh601825,,沪农商行,8.06,,8.37,8.37,8.06,,,,,,,,,,,,,,
sh601827,,三峰环境,7.39,,7.54,7.55,7.32,,,,,,,,,,,,,,
sh601828,,美凯龙,2.22,,2.21,2.23,2.17,,,,,,,,,,,,,,
sh601838,,成都银行,17.98,,18.68,18.68,17.94,,,,,,,,,,,,,,
sh601857,,中国石油,9.41,,9.41,9.53,9.31,,,,,,,,,,,,,,
sh601858,,中国科传,18.97,,19.48,19.48,18.78,,,,,,,,,,,,,,
sh601860,,紫金银行,2.54,,2.62,2.62,2.53,,,,,,,,,,,,,,
sh601865,,福莱特,10.17,,10.39,10.46,10.03,,,,,,,,,,,,,,
sh601866,,中远海发,2.35,,2.38,2.42,2.35,,,,,,,,,,,,,,
sh601868,,中国能建,2.68,,2.7,2.73,2.67,,,,,,,,,,,,,,
sh601869,,长飞光纤,580,,558.2,594,553.18,,,,,,,,,,,,,,
sh601872,,招商轮船,21.91,,20.71,21.91,20.45,,,,,,,,,,,,,,
sh601877,,正泰电器,25.9,,26.21,26.28,25.75,,,,,,,,,,,,,,
sh601878,,浙商证券,9.42,,9.58,9.77,9.4,,,,,,,,,,,,,,
sh601880,,辽港股份,1.48,,1.5,1.52,1.48,,,,,,,,,,,,,,
sh601881,,中国银河,12.62,,12.84,13.14,12.57,,,,,,,,,,,,,,
sh601882,,海天精工,19.75,,20,20.26,19.23,,,,,,,,,,,,,,
sh601886,,江河集团,8.6,,8.77,8.82,8.6,,,,,,,,,,,,,,
sh601888,,中国中免,54.62,,55.7,56.12,54.57,,,,,,,,,,,,,,
sh601890,,亚星锚链,8.64,,8.78,8.81,8.54,,,,,,,,,,,,,,
sh601898,,中煤能源,13.3,,13.51,13.51,13.17,,,,,,,,,,,,,,
sh601899,,紫金矿业,27.65,,27.41,27.97,27.33,,,,,,,,,,,,,,
sh601900,,南方传媒,11.23,,11.48,11.48,11.18,,,,,,,,,,,,,,
sh601901,,方正证券,7.13,,6.99,7.36,6.92,,,,,,,,,,,,,,
sh601908,,京运通,2.99,,3.14,3.15,2.97,,,,,,,,,,,,,,
sh601916,,浙商银行,3,,3.07,3.07,2.99,,,,,,,,,,,,,,
sh601918,,新集能源,8.6,,9.07,9.07,8.5,,,,,,,,,,,,,,
sh601919,,中远海控,14,,14.03,14.27,13.9,,,,,,,,,,,,,,
sh601921,,XD浙版传,7.02,,7.28,7.28,7.02,,,,,,,,,,,,,,
sh601928,,凤凰传媒,8.86,,8.93,9.03,8.85,,,,,,,,,,,,,,
sh601929,,吉视传媒,2.27,,2.36,2.37,2.22,,,,,,,,,,,,,,
sh601933,,永辉超市,2.97,,3.06,3.09,2.96,,,,,,,,,,,,,,
sh601939,,建设银行,9.92,,10.09,10.16,9.88,,,,,,,,,,,,,,
sh601949,,中国出版,4.9,,5.05,5.1,4.87,,,,,,,,,,,,,,
sh601952,,苏垦农发,7.72,,8.01,8.02,7.71,,,,,,,,,,,,,,
sh601956,,东贝集团,4.78,,4.92,4.95,4.72,,,,,,,,,,,,,,
sh601958,,金钼股份,27.38,,27.51,28.26,26.51,,,,,,,,,,,,,,
sh601963,,重庆银行,10.75,,11.18,11.18,10.75,,,,,,,,,,,,,,
sh601965,,中国汽研,12.24,,12.62,12.71,12.16,,,,,,,,,,,,,,
sh601966,,XD玲珑轮,10.45,,10.71,10.79,10.42,,,,,,,,,,,,,,
sh601968,,宝钢包装,4.09,,4.18,4.21,4.04,,,,,,,,,,,,,,
sh601969,,海南矿业,8.57,,8.65,8.7,8.39,,,,,,,,,,,,,,
sh601975,,招商南油,4.92,,4.76,5.04,4.73,,,,,,,,,,,,,,
sh601985,,中国核电,8.81,,9.03,9.05,8.78,,,,,,,,,,,,,,
sh601988,,中国银行,6.02,,6.15,6.2,6,,,,,,,,,,,,,,
sh601990,,南京证券,6.68,,6.81,6.91,6.65,,,,,,,,,,,,,,
sh601991,,大唐发电,7.82,,8.18,8.25,7.81,,,,,,,,,,,,,,
sh601992,,金隅集团,1.39,,1.43,1.44,1.38,,,,,,,,,,,,,,
sh601995,,中金公司,34.99,,35.01,35.85,34.49,,,,,,,,,,,,,,
sh601996,,丰林集团,2.29,,2.43,2.45,2.28,,,,,,,,,,,,,,
sh601997,,贵阳银行,5.37,,5.47,5.49,5.37,,,,,,,,,,,,,,
sh601998,,中信银行,7.19,,7.49,7.52,7.17,,,,,,,,,,,,,,
sh601999,,出版传媒,5.66,,5.77,5.8,5.53,,,,,,,,,,,,,,
sh603000,,人民网,15.54,,15.95,16,15.42,,,,,,,,,,,,,,
sh603001,,奥康国际,14.14,,13.2,14.14,13.19,,,,,,,,,,,,,,
sh603002,,宏昌电子,23.49,,22.57,23.97,22.5,,,,,,,,,,,,,,
sh603004,,鼎龙科技,22.99,,22.22,23.38,21.74,,,,,,,,,,,,,,
sh603005,,晶方科技,49.63,,45.5,50.5,45.31,,,,,,,,,,,,,,
sh603006,,联明股份,14.29,,13.9,14.81,13.62,,,,,,,,,,,,,,
sh603007,,顺景科技,6.66,,6.68,6.81,6.5,,,,,,,,,,,,,,
sh603008,,ST喜临门,8.44,,8.57,8.64,8.4,,,,,,,,,,,,,,
sh603009,,北特科技,43.55,,42.14,44.17,40.9,,,,,,,,,,,,,,
sh603010,,万盛股份,14.12,,14.41,14.85,13.93,,,,,,,,,,,,,,
sh603011,,合锻智能,33.32,,35,36.45,32.1,,,,,,,,,,,,,,
sh603012,,创力集团,8.15,,8.39,8.43,7.8,,,,,,,,,,,,,,
sh603013,,亚普股份,16.68,,17.21,17.21,16.68,,,,,,,,,,,,,,
sh603014,,威高血净,34.41,,35.82,35.97,34.08,,,,,,,,,,,,,,
sh603015,,弘讯科技,12.79,,13.08,13.14,12.47,,,,,,,,,,,,,,
sh603016,,新宏泰,36.3,,37.1,38.7,35.93,,,,,,,,,,,,,,
sh603017,,中衡设计,10.29,,10.59,10.72,10.1,,,,,,,,,,,,,,
sh603018,,华设集团,6.55,,6.68,6.69,6.46,,,,,,,,,,,,,,
sh603019,,中科曙光,88.93,,86.7,89.66,85,,,,,,,,,,,,,,
sh603020,,爱普股份,14.7,,14.45,14.86,13.99,,,,,,,,,,,,,,
sh603021,,*ST华鹏,6.64,,6.55,6.64,6.45,,,,,,,,,,,,,,
sh603022,,新通联,8.59,,9.07,9.12,8.51,,,,,,,,,,,,,,
sh603023,,威帝股份,3.93,,3.93,3.98,3.8,,,,,,,,,,,,,,
sh603025,,大豪科技,14.4,,14.46,14.65,14.28,,,,,,,,,,,,,,
sh603026,,石大胜华,99.2,,100.28,104,95.97,,,,,,,,,,,,,,
sh603027,,千禾味业,7.44,,7.64,7.69,7.4,,,,,,,,,,,,,,
sh603028,,赛福天,7.01,,7.41,7.51,6.96,,,,,,,,,,,,,,
sh603029,,天鹅股份,15.4,,15.68,15.69,14.9,,,,,,,,,,,,,,
sh603030,,全筑股份,2.12,,2.18,2.22,2.1,,,,,,,,,,,,,,
sh603031,,安孚科技,53.5,,52.58,54.99,52.1,,,,,,,,,,,,,,
sh603032,,德新科技,26.35,,24.8,26.94,24.7,,,,,,,,,,,,,,
sh603033,,三维股份,9.04,,9.21,9.28,8.95,,,,,,,,,,,,,,
sh603035,,常熟汽饰,10.9,,11.12,11.19,10.76,,,,,,,,,,,,,,
sh603036,,如通股份,15.7,,15.74,16.2,15.42,,,,,,,,,,,,,,
sh603037,,凯众股份,10.81,,11.27,11.35,10.72,,,,,,,,,,,,,,
sh603038,,华立股份,15.24,,14.98,15.43,14.75,,,,,,,,,,,,,,
sh603039,,泛微网络,35.76,,36.97,37.02,35.4,,,,,,,,,,,,,,
sh603040,,新坐标,94,,94,94.56,91,,,,,,,,,,,,,,
sh603041,,美思德,11.01,,11.33,11.38,10.87,,,,,,,,,,,,,,
sh603042,,华脉科技,16.55,,16.52,17.5,16,,,,,,,,,,,,,,
sh603043,,广州酒家,12.97,,13.54,13.54,12.95,,,,,,,,,,,,,,
sh603045,,福达合金,93.12,,83.21,93.12,82.88,,,,,,,,,,,,,,
sh603048,,浙江黎明,18.86,,20.45,20.47,18.69,,,,,,,,,,,,,,
sh603049,,中策橡胶,44.14,,44.16,44.75,43.92,,,,,,,,,,,,,,
sh603050,,科林电气,19.25,,19.06,19.56,18.7,,,,,,,,,,,,,,
sh603051,,鹿山新材,20.08,,20.45,20.9,19.92,,,,,,,,,,,,,,
sh603052,,可川科技,89.25,,88.8,89.88,86.54,,,,,,,,,,,,,,
sh603053,,成都燃气,8.52,,8.75,8.76,8.51,,,,,,,,,,,,,,
sh603055,,台华新材,8.34,,8.52,8.58,8.31,,,,,,,,,,,,,,
sh603057,,紫燕食品,22.53,,23.29,23.29,22.35,,,,,,,,,,,,,,
sh603058,,永吉股份,9.45,,9.72,9.72,9.3,,,,,,,,,,,,,,
sh603059,,倍加洁,25.77,,26.51,26.6,25.63,,,,,,,,,,,,,,
sh603060,,国检集团,6.34,,6.76,6.76,6.31,,,,,,,,,,,,,,
sh603061,,金海通,387.09,,350,387.09,350,,,,,,,,,,,,,,
sh603062,,麦加芯彩,41.32,,41.41,41.5,40.5,,,,,,,,,,,,,,
sh603063,,禾望电气,50.15,,48.81,50.95,47.57,,,,,,,,,,,,,,
sh603065,,宿迁联盛,18.3,,17.88,19.33,16.99,,,,,,,,,,,,,,
sh603066,,音飞储存,10.24,,10.54,10.6,10.06,,,,,,,,,,,,,,
sh603067,,振华股份,42.16,,39.08,42.91,37.02,,,,,,,,,,,,,,
sh603068,,博通集成,38.33,,37.4,38.5,37.38,,,,,,,,,,,,,,
sh603069,,海汽集团,13.15,,13.87,13.87,12.96,,,,,,,,,,,,,,
sh603070,,万控智造,14.04,,15,15,13.9,,,,,,,,,,,,,,
sh603071,,物产环能,11.76,,12.07,12.15,11.74,,,,,,,,,,,,,,
sh603072,,天和磁材,38.63,,39.18,39.59,37.73,,,,,,,,,,,,,,
sh603073,,彩蝶实业,15.94,,16.7,16.8,15.75,,,,,,,,,,,,,,
sh603075,,热威股份,22.27,,22.08,22.58,21.67,,,,,,,,,,,,,,
sh603076,,乐惠国际,21.09,,21.71,21.71,20.71,,,,,,,,,,,,,,
sh603077,,和邦生物,2.42,,2.4,2.44,2.35,,,,,,,,,,,,,,
sh603078,,江化微,46.15,,43.55,47.18,41.4,,,,,,,,,,,,,,
sh603079,,圣达生物,12.16,,12.76,12.84,12,,,,,,,,,,,,,,
sh603080,,新疆火炬,19.71,,20.32,20.32,19.55,,,,,,,,,,,,,,
sh603081,,大丰实业,9.12,,9.34,9.36,9.01,,,,,,,,,,,,,,
sh603082,,北自科技,46.95,,46.9,48.74,44.8,,,,,,,,,,,,,,
sh603083,,剑桥科技,262.21,,237,262.21,236.83,,,,,,,,,,,,,,
sh603085,,天成自控,11.06,,11.22,11.35,10.93,,,,,,,,,,,,,,
sh603086,,先达股份,5.52,,5.66,5.72,5.49,,,,,,,,,,,,,,
sh603087,,甘李药业,56.95,,57.65,58.84,56.7,,,,,,,,,,,,,,
sh603088,,宁波精达,10.35,,10.21,10.48,9.9,,,,,,,,,,,,,,
sh603089,,正裕工业,9.09,,9.36,9.46,9.03,,,,,,,,,,,,,,
sh603090,,宏盛股份,57.58,,57.32,59.29,56.91,,,,,,,,,,,,,,
sh603091,,众鑫股份,68.99,,70.16,70.16,67.36,,,,,,,,,,,,,,
sh603092,,德力佳,57.44,,57.28,58.65,56.53,,,,,,,,,,,,,,
sh603093,,南华期货,20.72,,21.01,21.3,20.34,,,,,,,,,,,,,,
sh603095,,越剑智能,15.56,,16.27,16.5,15.35,,,,,,,,,,,,,,
sh603096,,新经典,13.98,,14.69,14.69,13.89,,,,,,,,,,,,,,
sh603097,,江苏华辰,27.85,,27.75,28.24,27.25,,,,,,,,,,,,,,
sh603098,,森特股份,10.82,,11.22,11.22,10.67,,,,,,,,,,,,,,
sh603099,,长白山,35.75,,37.4,37.62,35.59,,,,,,,,,,,,,,
sh603100,,川仪股份,16.83,,17.7,17.79,16.76,,,,,,,,,,,,,,
sh603101,,汇嘉时代,6.46,,6.7,6.72,6.41,,,,,,,,,,,,,,
sh603102,,百合股份,33.12,,33.97,34.27,33.01,,,,,,,,,,,,,,
sh603103,,横店影视,14.89,,15.36,15.36,14.7,,,,,,,,,,,,,,
sh603105,,芯能科技,7.18,,7.44,7.44,7.08,,,,,,,,,,,,,,
sh603106,,恒银科技,7.79,,8.05,8.11,7.72,,,,,,,,,,,,,,
sh603107,,上海汽配,12.01,,12.3,12.31,11.9,,,,,,,,,,,,,,
sh603108,,润达医疗,10,,10.5,10.51,9.98,,,,,,,,,,,,,,
sh603109,,神驰机电,17.38,,17.78,17.88,17.22,,,,,,,,,,,,,,
sh603110,,东方材料,25.34,,25.26,25.67,24.36,,,,,,,,,,,,,,
sh603111,,康尼机电,5.81,,6.02,6.06,5.79,,,,,,,,,,,,,,
sh603112,,华翔股份,17.78,,17.96,18,17.15,,,,,,,,,,,,,,
sh603113,,金能科技,4.44,,4.7,4.71,4.43,,,,,,,,,,,,,,
sh603115,,海星股份,119.39,,109.45,121,106.3,,,,,,,,,,,,,,
sh603116,,红蜻蜓,6.4,,6.59,6.92,6.36,,,,,,,,,,,,,,
sh603117,,万林物流,3.54,,3.71,3.74,3.48,,,,,,,,,,,,,,
sh603118,,共进股份,12.66,,12.75,12.94,12.53,,,,,,,,,,,,,,
sh603119,,浙江荣泰,68.16,,68.37,69.77,66.21,,,,,,,,,,,,,,
sh603121,,华培动力,13.35,,14.3,14.51,13.25,,,,,,,,,,,,,,
sh603122,,合富中国,11.91,,12.77,12.8,11.87,,,,,,,,,,,,,,
sh603123,,翠微股份,8.6,,9.06,9.12,8.5,,,,,,,,,,,,,,
sh603125,,常青科技,30.58,,29.9,30.72,28.82,,,,,,,,,,,,,,
sh603126,,中材节能,7.02,,7.31,7.38,6.96,,,,,,,,,,,,,,
sh603127,,昭衍新药,38.08,,36.42,39.05,36.4,,,,,,,,,,,,,,
sh603128,,华贸物流,5.17,,5.15,5.21,5.01,,,,,,,,,,,,,,
sh603129,,春风动力,241.35,,235.78,245.68,232.8,,,,,,,,,,,,,,
sh603130,,云中马,42.76,,43.56,43.56,42.37,,,,,,,,,,,,,,
sh603131,,上海沪工,17.34,,17.35,17.57,16.95,,,,,,,,,,,,,,
sh603132,,金徽股份,16.5,,16.26,16.61,15.98,,,,,,,,,,,,,,
sh603135,,中重科技,12.89,,12.65,13.03,12.17,,,,,,,,,,,,,,
sh603136,,天目湖,8.49,,8.76,8.81,8.47,,,,,,,,,,,,,,
sh603137,,恒尚节能,12.94,,0,0,0,,,,,,,,,,,,,,
sh603138,,海量数据,15.31,,15.42,15.55,15,,,,,,,,,,,,,,
sh603139,,康惠股份,40.75,,41,41.94,39.89,,,,,,,,,,,,,,
sh603150,,万朗磁塑,79.53,,76.44,80.4,74.2,,,,,,,,,,,,,,
sh603151,,邦基科技,11.63,,12.2,12.27,11.51,,,,,,,,,,,,,,
sh603153,,上海建科,13.26,,13.64,13.7,13.22,,,,,,,,,,,,,,
sh603155,,新亚强,22.8,,20.73,23.16,20.41,,,,,,,,,,,,,,
sh603156,,养元饮品,46.45,,45.49,46.88,44.83,,,,,,,,,,,,,,
sh603158,,腾龙股份,12.44,,12.53,12.68,12,,,,,,,,,,,,,,
sh603159,,上海亚虹,21.06,,21.06,21.06,21.06,,,,,,,,,,,,,,
sh603160,,汇顶科技,59.9,,58.5,60.18,58.46,,,,,,,,,,,,,,
sh603161,,科华控股,14.85,,15.36,15.83,14.76,,,,,,,,,,,,,,
sh603162,,海通发展,9.63,,9.61,9.87,9.5,,,,,,,,,,,,,,
sh603163,,圣晖集成,117.6,,112.3,120.6,111.39,,,,,,,,,,,,,,
sh603165,,荣晟环保,13.52,,14.1,14.19,13.45,,,,,,,,,,,,,,
sh603166,,福达股份,15.75,,16,16.3,15.41,,,,,,,,,,,,,,
sh603167,,渤海轮渡,8.94,,9.02,9.04,8.93,,,,,,,,,,,,,,
sh603168,,莎普爱思,4.97,,5.25,5.29,4.92,,,,,,,,,,,,,,
sh603169,,兰石重装,7.36,,7.68,7.72,7.33,,,,,,,,,,,,,,
sh603170,,宝立食品,11.84,,12.09,12.17,11.76,,,,,,,,,,,,,,
sh603171,,税友股份,42.35,,43.81,43.81,41.6,,,,,,,,,,,,,,
sh603172,,万丰股份,18.22,,19.23,19.23,17.9,,,,,,,,,,,,,,
sh603173,,福斯达,35.57,,36.1,36.1,34.9,,,,,,,,,,,,,,
sh603175,,超颖电子,91.1,,90.99,94.2,89.23,,,,,,,,,,,,,,
sh603176,,汇通集团,4.47,,4.74,4.74,4.43,,,,,,,,,,,,,,
sh603177,,德创环保,9.75,,9.49,10.21,9.12,,,,,,,,,,,,,,
sh603178,,圣龙股份,15.65,,16.11,16.12,15.41,,,,,,,,,,,,,,
sh603179,,新泉股份,48.96,,47.64,51.04,46.2,,,,,,,,,,,,,,
sh603180,,金牌家居,14.55,,15.02,15.07,14.5,,,,,,,,,,,,,,
sh603181,,皇马科技,16.75,,16.66,17.2,16.59,,,,,,,,,,,,,,
sh603182,,嘉华股份,12.22,,12.6,12.62,12.08,,,,,,,,,,,,,,
sh603183,,建研院,3.63,,3.77,3.79,3.6,,,,,,,,,,,,,,
sh603185,,弘元绿能,16.76,,16.24,17.13,15.89,,,,,,,,,,,,,,
sh603186,,华正新材,250.44,,236,254.76,234.03,,,,,,,,,,,,,,
sh603187,,海容冷链,11.93,,12.16,12.17,11.61,,,,,,,,,,,,,,
sh603188,,亚邦股份,4.23,,4.36,4.4,4.11,,,,,,,,,,,,,,
sh603189,,XD*ST网,10.65,,11.11,11.18,10.62,,,,,,,,,,,,,,
sh603190,,亚通精工,24.73,,25.34,25.4,24.6,,,,,,,,,,,,,,
sh603191,,望变电气,16.87,,17.11,17.26,16.56,,,,,,,,,,,,,,
sh603192,,汇得科技,17.77,,18.49,18.49,17.6,,,,,,,,,,,,,,
sh603193,,润本股份,19.33,,20.35,20.35,19.29,,,,,,,,,,,,,,
sh603194,,中力股份,35.06,,36.7,36.8,35.06,,,,,,,,,,,,,,
sh603195,,公牛集团,40.12,,39.51,40.5,39.39,,,,,,,,,,,,,,
sh603196,,璞源材料,25.77,,25.85,26.32,25.25,,,,,,,,,,,,,,
sh603197,,保隆科技,28.73,,28.71,29.21,28.26,,,,,,,,,,,,,,
sh603198,,迎驾贡酒,30.63,,31.5,32.2,30.58,,,,,,,,,,,,,,
sh603199,,九华旅游,31.02,,31.64,31.64,30.83,,,,,,,,,,,,,,
sh603200,,上海洗霸,44.59,,45.28,45.44,43.83,,,,,,,,,,,,,,
sh603201,,常润股份,19.22,,20.51,20.63,19.22,,,,,,,,,,,,,,
sh603202,,天有为,53.51,,57.52,58.07,53.01,,,,,,,,,,,,,,
sh603203,,快克智能,70.14,,62.01,70.14,60.58,,,,,,,,,,,,,,
sh603205,,健尔康,21.55,,22.32,22.46,21.5,,,,,,,,,,,,,,
sh603206,,嘉环科技,17.17,,17.7,18.18,16.88,,,,,,,,,,,,,,
sh603207,,小方制药,23.08,,23.51,23.72,22.97,,,,,,,,,,,,,,
sh603208,,江山欧派,11.08,,11.66,11.87,10.87,,,,,,,,,,,,,,
sh603209,,兴通股份,13.16,,13.15,13.41,13.03,,,,,,,,,,,,,,
sh603210,,泰鸿万立,13.97,,14.36,14.58,13.92,,,,,,,,,,,,,,
sh603211,,晋拓股份,36.22,,36.48,37.8,35.58,,,,,,,,,,,,,,
sh603212,,赛伍技术,12.2,,12.3,12.59,11.76,,,,,,,,,,,,,,
sh603213,,镇洋发展,13.91,,13.85,14,13.78,,,,,,,,,,,,,,
sh603214,,爱婴室,12.82,,13.36,13.38,12.68,,,,,,,,,,,,,,
sh603215,,比依股份,14.4,,14.91,14.92,14.23,,,,,,,,,,,,,,
sh603216,,梦天家居,21.49,,22.24,22.71,21.3,,,,,,,,,,,,,,
sh603217,,元利科技,24.09,,23.53,24.49,23.53,,,,,,,,,,,,,,
sh603218,,日月股份,10.36,,10.69,10.69,10.29,,,,,,,,,,,,,,
sh603219,,富佳股份,15.08,,14.74,15.25,14.28,,,,,,,,,,,,,,
sh603220,,中贝通信,24.19,,24.06,24.43,23.23,,,,,,,,,,,,,,
sh603221,,爱丽家居,10.84,,11.43,11.47,10.84,,,,,,,,,,,,,,
sh603222,,济民健康,7.61,,7.92,8.13,7.6,,,,,,,,,,,,,,
sh603223,,恒通股份,11.46,,10.96,11.5,10.6,,,,,,,,,,,,,,
sh603225,,XD新凤鸣,21.7,,20.98,22.39,20.59,,,,,,,,,,,,,,
sh603226,,菲林格尔,54.21,,54.03,54.49,52.89,,,,,,,,,,,,,,
sh603227,,雪峰科技,7.46,,7.75,7.75,7.46,,,,,,,,,,,,,,
sh603228,,景旺电子,72.9,,72.82,74.07,71.3,,,,,,,,,,,,,,
sh603229,,奥翔药业,8.09,,8.24,8.32,8.04,,,,,,,,,,,,,,
sh603230,,内蒙新华,8.96,,9.39,9.39,8.96,,,,,,,,,,,,,,
sh603231,,索宝蛋白,15.16,,15.31,15.35,15.04,,,,,,,,,,,,,,
sh603232,,格尔软件,16.87,,16.85,17.7,16.6,,,,,,,,,,,,,,
sh603233,,大参林,15.91,,15.91,16.22,15.8,,,,,,,,,,,,,,
sh603235,,天新药业,22.74,,23.25,23.3,22.64,,,,,,,,,,,,,,
sh603236,,移远通信,49.27,,48.7,49.98,48,,,,,,,,,,,,,,
sh603237,,五芳斋,12.9,,13.45,13.56,12.83,,,,,,,,,,,,,,
sh603238,,诺邦股份,11.66,,12.18,12.25,11.62,,,,,,,,,,,,,,
sh603239,,浙江仙通,15.44,,16.29,16.29,15.38,,,,,,,,,,,,,,
sh603248,,锡华科技,22.4,,23.11,23.32,22.13,,,,,,,,,,,,,,
sh603255,,鼎际得,34.18,,34.52,34.98,33.5,,,,,,,,,,,,,,
sh603256,,宏和科技,267.98,,243.01,272,243.01,,,,,,,,,,,,,,
sh603257,,中国瑞林,70.82,,68.97,71.6,68,,,,,,,,,,,,,,
sh603258,,电魂网络,12.39,,12.7,12.79,12.28,,,,,,,,,,,,,,
sh603259,,药明康德,115.4,,106.9,116.94,106.9,,,,,,,,,,,,,,
sh603260,,合盛硅业,48.56,,47.5,49.5,47.17,,,,,,,,,,,,,,
sh603261,,立航科技,49,,49.58,52.99,45.65,,,,,,,,,,,,,,
sh603262,,技源集团,30.33,,29.4,30.89,29.1,,,,,,,,,,,,,,
sh603266,,天龙股份,17.23,,17.33,17.67,17,,,,,,,,,,,,,,
sh603267,,鸿远电子,76,,71.6,76.38,71,,,,,,,,,,,,,,
sh603268,,松发股份,146.62,,141,149,140.8,,,,,,,,,,,,,,
sh603269,,海鸥股份,21.74,,21.21,22,20.9,,,,,,,,,,,,,,
sh603270,,金帝股份,29.75,,30.38,30.52,29.09,,,,,,,,,,,,,,
sh603271,,永杰新材,45.49,,45.9,46.37,44.54,,,,,,,,,,,,,,
sh603272,,*ST联翔,26.62,,26.62,26.63,26.62,,,,,,,,,,,,,,
sh603273,,天元智能,13.64,,14.14,14.39,13.52,,,,,,,,,,,,,,
sh603275,,众辰科技,39.99,,40.8,40.99,39.37,,,,,,,,,,,,,,
sh603276,,恒兴新材,16.23,,16.49,17.15,15.76,,,,,,,,,,,,,,
sh603277,,银都股份,10.27,,10.25,10.36,9.89,,,,,,,,,,,,,,
sh603278,,大业股份,11.68,,12.02,12.07,11.5,,,,,,,,,,,,,,
sh603279,,景津装备,12.29,,12.83,12.83,12.24,,,,,,,,,,,,,,
sh603280,,南方路机,26.72,,27.5,27.96,26.59,,,,,,,,,,,,,,
sh603281,,江瀚新材,40.64,,37.28,41.3,36.68,,,,,,,,,,,,,,
sh603282,,亚光股份,15.03,,16.32,16.32,14.96,,,,,,,,,,,,,,
sh603283,,赛腾股份,69.86,,64,70.49,63.74,,,,,,,,,,,,,,
sh603284,,林平发展,38.6,,39.67,39.84,38.5,,,,,,,,,,,,,,
sh603285,,键邦股份,53.18,,49.5,53.69,48.03,,,,,,,,,,,,,,
sh603286,,日盈电子,50.15,,51.98,51.99,49.5,,,,,,,,,,,,,,
sh603288,,海天味业,35.01,,34.5,36.28,33.83,,,,,,,,,,,,,,
sh603289,,泰瑞机器,8.46,,8.8,8.87,8.4,,,,,,,,,,,,,,
sh603290,,斯达半导,139.2,,137.6,143.28,134.68,,,,,,,,,,,,,,
sh603291,,联合水务,8.66,,8.93,9.24,8.61,,,,,,,,,,,,,,
sh603293,,埃泰克,42.17,,41.6,43.3,40.33,,,,,,,,,,,,,,
sh603296,,华勤技术,76.78,,75.35,78.22,74.08,,,,,,,,,,,,,,
sh603297,,永新光学,132.89,,120,132.89,117.85,,,,,,,,,,,,,,
sh603298,,杭叉集团,23.8,,24.81,24.99,23.55,,,,,,,,,,,,,,
sh603299,,苏盐井神,9.15,,9.33,9.43,9.14,,,,,,,,,,,,,,
sh603300,,海南华铁,4.82,,4.88,4.9,4.68,,,,,,,,,,,,,,
sh603301,,振德医疗,88.06,,87.99,89.18,86.3,,,,,,,,,,,,,,
sh603303,,得邦照明,28.3,,28.54,29.95,28,,,,,,,,,,,,,,
sh603305,,旭升集团,12.91,,13.19,13.3,12.89,,,,,,,,,,,,,,
sh603306,,华懋科技,116.12,,109.52,117.44,107,,,,,,,,,,,,,,
sh603307,,扬州金泉,25.19,,25.71,25.97,24.8,,,,,,,,,,,,,,
sh603308,,应流股份,66.47,,65.65,67.45,61.87,,,,,,,,,,,,,,
sh603309,,维力医疗,11.52,,11.65,11.82,11.44,,,,,,,,,,,,,,
sh603310,,巍华新材,15.23,,15.2,15.39,14.96,,,,,,,,,,,,,,
sh603311,,金海高科,33.98,,36.49,36.49,33.63,,,,,,,,,,,,,,
sh603312,,西典新能,36.84,,37.22,37.32,36.08,,,,,,,,,,,,,,
sh603313,,梦百合,5.08,,5.4,5.43,5.02,,,,,,,,,,,,,,
sh603315,,福鞍股份,16.33,,16.65,16.67,16.01,,,,,,,,,,,,,,
sh603316,,诚邦股份,23.32,,21.13,23.5,20.53,,,,,,,,,,,,,,
sh603317,,天味食品,14.75,,14.59,14.75,14.45,,,,,,,,,,,,,,
sh603318,,水发燃气,10.52,,10.99,10.99,10.52,,,,,,,,,,,,,,
sh603319,,美湖股份,33.58,,33.8,33.98,32.6,,,,,,,,,,,,,,
sh603320,,迪贝电气,20,,20.31,20.47,19.59,,,,,,,,,,,,,,
sh603321,,梅轮电梯,6.1,,6.28,6.34,6.04,,,,,,,,,,,,,,
sh603322,,超讯科技,29.15,,28.94,29.71,27.88,,,,,,,,,,,,,,
sh603323,,苏农银行,4.08,,4.19,4.21,4.07,,,,,,,,,,,,,,
sh603324,,盛剑科技,45.3,,39.77,45.3,38.98,,,,,,,,,,,,,,
sh603325,,博隆技术,53.4,,55.87,55.87,52.92,,,,,,,,,,,,,,
sh603326,,我乐家居,6.54,,6.83,6.85,6.49,,,,,,,,,,,,,,
sh603327,,福蓉科技,11.5,,10.75,11.54,10.57,,,,,,,,,,,,,,
sh603328,,依顿电子,13.75,,13.23,13.76,13.05,,,,,,,,,,,,,,
sh603329,,上海雅仕,9.51,,9.88,9.93,9.45,,,,,,,,,,,,,,
sh603330,,天洋新材,7.91,,8.12,8.14,7.7,,,,,,,,,,,,,,
sh603331,,百达精工,11.13,,11.62,11.74,10.94,,,,,,,,,,,,,,
sh603332,,苏州龙杰,11.25,,11.5,11.52,11.15,,,,,,,,,,,,,,
sh603333,,福华尚纬,7.71,,7.98,7.99,7.66,,,,,,,,,,,,,,
sh603334,,丰倍生物,36.81,,38.68,39.06,36.81,,,,,,,,,,,,,,
sh603335,,迪生力,8.27,,8.8,8.82,8.12,,,,,,,,,,,,,,
sh603336,,宏辉果蔬,7.9,,8.03,8.15,7.81,,,,,,,,,,,,,,
sh603337,,杰克科技,40.4,,40.02,41.12,39.35,,,,,,,,,,,,,,
sh603338,,浙江鼎力,44.88,,46.42,46.42,44.5,,,,,,,,,,,,,,
sh603339,,四方科技,15.4,,14.42,15.47,14.42,,,,,,,,,,,,,,
sh603341,,龙旗科技,40.61,,38.8,41,38.16,,,,,,,,,,,,,,
sh603344,,星德胜,25.36,,26.48,26.49,25.22,,,,,,,,,,,,,,
sh603345,,安井食品,84.5,,84.16,85.94,83.3,,,,,,,,,,,,,,
sh603348,,文灿股份,14.06,,14.78,14.83,14.05,,,,,,,,,,,,,,
sh603350,,安乃达,31.39,,32.82,32.82,31.02,,,,,,,,,,,,,,
sh603351,,威尔药业,25.45,,25.8,26.49,25.39,,,,,,,,,,,,,,
sh603352,,至信股份,27.37,,28,28.28,27.2,,,,,,,,,,,,,,
sh603353,,和顺石油,36.97,,38.5,38.78,36.05,,,,,,,,,,,,,,
sh603355,,莱克电气,29.89,,30.67,30.67,28.7,,,,,,,,,,,,,,
sh603356,,华菱精工,19.32,,18.4,19.5,18.02,,,,,,,,,,,,,,
sh603357,,设计总院,6.3,,6.43,6.48,6.28,,,,,,,,,,,,,,
sh603358,,华达科技,39.45,,39.98,40.39,38.9,,,,,,,,,,,,,,
sh603359,,*ST东珠,2.34,,2.44,2.46,2.34,,,,,,,,,,,,,,
sh603360,,百傲化学,17.67,,18.17,19.18,17.2,,,,,,,,,,,,,,
sh603363,,傲农生物,2.67,,2.75,2.77,2.65,,,,,,,,,,,,,,
sh603365,,水星家纺,16.38,,16.7,17.07,16.36,,,,,,,,,,,,,,
sh603366,,日出东方,6.44,,6.66,6.69,6.38,,,,,,,,,,,,,,
sh603367,,辰欣药业,13.35,,13.56,13.78,13.27,,,,,,,,,,,,,,
sh603368,,柳药集团,15.46,,15.73,15.85,15.37,,,,,,,,,,,,,,
sh603369,,今世缘,24.12,,23.99,25.35,23.88,,,,,,,,,,,,,,
sh603370,,华新精科,39.22,,41.11,41.7,39,,,,,,,,,,,,,,
sh603373,,安邦护卫,39.48,,38.81,39.8,37.06,,,,,,,,,,,,,,
sh603375,,盛景微,49.03,,48.24,50.3,46.88,,,,,,,,,,,,,,
sh603376,,大明电子,25.86,,26.38,26.83,25.83,,,,,,,,,,,,,,
sh603377,,ST东时,2.99,,3.14,3.14,2.99,,,,,,,,,,,,,,
sh603378,,*ST亚士,4.77,,4.9,4.99,4.77,,,,,,,,,,,,,,
sh603379,,三美股份,69.16,,64.95,69.96,64.9,,,,,,,,,,,,,,
sh603380,,易德龙,43.49,,42.69,43.94,40.8,,,,,,,,,,,,,,
sh603381,,永臻股份,16.01,,16.64,16.64,15.84,,,,,,,,,,,,,,
sh603382,,海阳科技,18.24,,19.3,19.3,18.1,,,,,,,,,,,,,,
sh603383,,顶点软件,28.65,,29.88,30.09,28.53,,,,,,,,,,,,,,
sh603385,,惠达卫浴,5.1,,5.3,5.35,5.06,,,,,,,,,,,,,,
sh603386,,骏亚科技,20.25,,18.1,20.25,18.1,,,,,,,,,,,,,,
sh603387,,基蛋生物,8.1,,8.19,8.34,8.06,,,,,,,,,,,,,,
sh603389,,*ST亚振,58.75,,59.36,60.98,58.38,,,,,,,,,,,,,,
sh603390,,通达电气,11.48,,11.77,11.83,11.3,,,,,,,,,,,,,,
sh603391,,力聚热能,52.93,,52.84,54.15,51.8,,,,,,,,,,,,,,
sh603392,,万泰生物,27.4,,28.6,28.68,27.4,,,,,,,,,,,,,,
sh603393,,新天然气,24.28,,25.5,25.55,24.05,,,,,,,,,,,,,,
sh603395,,红四方,21.34,,22.07,22.5,21.3,,,,,,,,,,,,,,
sh603396,,金辰股份,27.1,,27.45,27.73,26.54,,,,,,,,,,,,,,
sh603398,,*ST沐邦,14.64,,14.8,14.97,14.45,,,,,,,,,,,,,,
sh603399,,永杉锂业,22.62,,20.36,22.62,20.03,,,,,,,,,,,,,,
sh603400,,华之杰,56.88,,58.41,58.88,56.8,,,,,,,,,,,,,,
sh603402,,陕西旅游,62.15,,64.9,65.1,62.04,,,,,,,,,,,,,,
sh603406,,天富龙,27.17,,27.77,28.08,27.1,,,,,,,,,,,,,,
sh603407,,长裕集团,90.55,,79.53,90.55,79.11,,,,,,,,,,,,,,
sh603408,,建霖家居,10.04,,10.3,10.33,10.02,,,,,,,,,,,,,,
sh603409,,汇通控股,19.63,,20.48,20.55,19.35,,,,,,,,,,,,,,
sh603416,,信捷电气,54.56,,53.82,54.99,52.16,,,,,,,,,,,,,,
sh603418,,友升股份,51.09,,52.65,52.88,50.92,,,,,,,,,,,,,,
sh603421,,鼎信通讯,6.38,,6.7,6.74,6.25,,,,,,,,,,,,,,
sh603429,,*ST集友,9.81,,9.81,9.81,9.81,,,,,,,,,,,,,,
sh603435,,嘉德利,65.71,,64.64,66.18,61.85,,,,,,,,,,,,,,
sh603439,,三力制药,14.72,,14.5,14.9,14.16,,,,,,,,,,,,,,
sh603444,,吉比特,334.42,,321.01,335,321,,,,,,,,,,,,,,
sh603456,,九洲药业,13.4,,13.26,13.54,13.19,,,,,,,,,,,,,,
sh603458,,勘设股份,14.11,,14.5,14.69,13.9,,,,,,,,,,,,,,
sh603459,,红板科技,86.33,,86.35,88.72,84.84,,,,,,,,,,,,,,
sh603466,,风语筑,10.7,,10.65,10.86,10.22,,,,,,,,,,,,,,
sh603477,,巨星农牧,13.18,,13.78,13.88,13.16,,,,,,,,,,,,,,
sh603486,,科沃斯,51.27,,51.84,52.25,51.03,,,,,,,,,,,,,,
sh603488,,展鹏科技,11.15,,11.65,11.8,10.9,,,,,,,,,,,,,,
sh603489,,八方股份,30.87,,32.05,32.12,30.77,,,,,,,,,,,,,,
sh603496,,恒为科技,25.12,,26.75,26.8,24.25,,,,,,,,,,,,,,
sh603499,,翔港科技,14.93,,14.72,15.1,14.48,,,,,,,,,,,,,,
sh603500,,祥和实业,11.78,,12.03,12.28,11.65,,,,,,,,,,,,,,
sh603501,,豪威集团,90.3,,86.75,91.59,86.38,,,,,,,,,,,,,,
sh603505,,金石资源,20.51,,20.03,20.92,19.54,,,,,,,,,,,,,,
sh603506,,南都物业,9.95,,10.3,10.56,9.89,,,,,,,,,,,,,,
sh603507,,振江股份,36.35,,37.19,37.38,36.05,,,,,,,,,,,,,,
sh603508,,思维列控,21.62,,22.11,22.25,21.5,,,,,,,,,,,,,,
sh603511,,爱慕股份,12.18,,12.46,12.61,12.14,,,,,,,,,,,,,,
sh603515,,欧普照明,17.85,,18,18.13,17.7,,,,,,,,,,,,,,
sh603516,,淳中科技,132.5,,136.17,138.25,131.5,,,,,,,,,,,,,,
sh603517,,ST绝味,9.94,,10.13,10.2,9.66,,,,,,,,,,,,,,
sh603518,,锦泓集团,7.59,,7.81,7.88,7.54,,,,,,,,,,,,,,
sh603519,,立霸股份,15.8,,15.25,15.98,15.2,,,,,,,,,,,,,,
sh603520,,司太立,9.78,,9.7,10.07,9.7,,,,,,,,,,,,,,
sh603527,,众源新材,12.8,,13.19,13.4,12.41,,,,,,,,,,,,,,
sh603528,,多伦科技,6.29,,6.5,6.58,6.2,,,,,,,,,,,,,,
sh603529,,爱玛科技,19.62,,20.07,20.1,19.44,,,,,,,,,,,,,,
sh603530,,神马电力,53.7,,55,55.33,53,,,,,,,,,,,,,,
sh603533,,掌阅科技,21.9,,22.2,22.63,21.5,,,,,,,,,,,,,,
sh603535,,嘉诚国际,6.33,,6.55,6.61,6.27,,,,,,,,,,,,,,
sh603536,,惠发食品,8.22,,8.59,8.61,8.16,,,,,,,,,,,,,,
sh603538,,美诺华,35.5,,36.56,37.44,35.5,,,,,,,,,,,,,,
sh603551,,奥普科技,9.02,,9.11,9.22,8.95,,,,,,,,,,,,,,
sh603556,,海兴电力,21.66,,22.65,22.67,21.61,,,,,,,,,,,,,,
sh603557,,*ST起步,4.53,,4.65,4.71,4.49,,,,,,,,,,,,,,
sh603558,,健盛集团,11.13,,11.33,11.42,11.12,,,,,,,,,,,,,,
sh603559,,ST通脉,8.25,,8.26,8.35,8.1,,,,,,,,,,,,,,
sh603565,,中谷物流,10.31,,10.62,10.63,10.26,,,,,,,,,,,,,,
sh603566,,普莱柯,10.25,,10.34,10.39,10.08,,,,,,,,,,,,,,
sh603567,,珍宝岛,4.56,,4.9,5.16,4.55,,,,,,,,,,,,,,
sh603568,,伟明环保,16,,15.58,16.01,15.43,,,,,,,,,,,,,,
sh603569,,长久物流,5.3,,5.53,5.53,5.29,,,,,,,,,,,,,,
sh603577,,汇金通,9.06,,9.33,9.44,8.96,,,,,,,,,,,,,,
sh603578,,三星新材,14.18,,14.19,14.29,13.65,,,,,,,,,,,,,,
sh603579,,荣泰健康,18.56,,18.55,19.23,18.51,,,,,,,,,,,,,,
sh603580,,*ST艾艾,24,,25.44,25.44,23.51,,,,,,,,,,,,,,
sh603583,,捷昌驱动,22.88,,23.35,23.58,22.6,,,,,,,,,,,,,,
sh603585,,苏利股份,14.37,,14.66,14.66,14.22,,,,,,,,,,,,,,
sh603586,,金麒麟,13.38,,14.03,14.1,13.3,,,,,,,,,,,,,,
sh603587,,地素时尚,11.58,,11.77,11.88,11.55,,,,,,,,,,,,,,
sh603588,,高能环境,18.49,,18.17,18.93,17.87,,,,,,,,,,,,,,
sh603589,,口子窖,18.86,,19.55,19.64,18.86,,,,,,,,,,,,,,
sh603590,,康辰药业,30.4,,30.35,30.89,30.13,,,,,,,,,,,,,,
sh603595,,ST东尼,33.54,,33,33.54,31,,,,,,,,,,,,,,
sh603596,,伯特利,25.73,,26.56,26.77,25.68,,,,,,,,,,,,,,
sh603598,,引力传媒,18.5,,18.7,18.8,18.18,,,,,,,,,,,,,,
sh603599,,广信股份,10.6,,10.64,10.78,10.46,,,,,,,,,,,,,,
sh603600,,永艺股份,9.42,,9.64,9.67,9.3,,,,,,,,,,,,,,
sh603601,,再升科技,12.72,,12.9,13.01,12.35,,,,,,,,,,,,,,
sh603602,,纵横通信,12.31,,12.59,12.63,12.09,,,,,,,,,,,,,,
sh603605,,珀莱雅,56.55,,57.61,58.34,56.1,,,,,,,,,,,,,,
sh603606,,东方电缆,39.47,,39.42,39.64,38.71,,,,,,,,,,,,,,
sh603607,,京华激光,23.08,,23.33,23.4,22.32,,,,,,,,,,,,,,
sh603608,,天创时尚,23.1,,24.02,24.36,22.64,,,,,,,,,,,,,,
sh603609,,禾丰股份,5.75,,5.98,5.98,5.74,,,,,,,,,,,,,,
sh603610,,麒盛科技,19.2,,18.8,19.28,18.54,,,,,,,,,,,,,,
sh603611,,诺力股份,16.78,,17.21,17.3,16.55,,,,,,,,,,,,,,
sh603612,,索通发展,19.18,,19.3,19.55,19.03,,,,,,,,,,,,,,
sh603613,,国联股份,19.9,,19.35,20.51,19.3,,,,,,,,,,,,,,
sh603615,,茶花股份,16.72,,17.17,17.75,16.71,,,,,,,,,,,,,,
sh603616,,韩建河山,6.31,,6.5,6.61,6.16,,,,,,,,,,,,,,
sh603617,,君禾股份,7.17,,7.59,7.59,7.13,,,,,,,,,,,,,,
sh603618,,杭电股份,54.48,,51.2,55.38,51.2,,,,,,,,,,,,,,
sh603619,,中曼石油,20.75,,21.03,21.3,20.52,,,,,,,,,,,,,,
sh603626,,科森科技,20.36,,20.24,20.68,19.79,,,,,,,,,,,,,,
sh603628,,清源股份,9.7,,10.02,10.02,9.57,,,,,,,,,,,,,,
sh603629,,利通电子,219,,196,222.12,192.29,,,,,,,,,,,,,,
sh603630,,拉芳家化,13.65,,14.12,14.19,13.28,,,,,,,,,,,,,,
sh603633,,徕木股份,7.66,,7.85,8.3,7.6,,,,,,,,,,,,,,
sh603636,,南威软件,8.88,,8.77,8.94,8.73,,,,,,,,,,,,,,
sh603637,,镇海股份,19.3,,19.33,19.61,18.4,,,,,,,,,,,,,,
sh603638,,艾迪精密,23.54,,23.9,24.1,23.15,,,,,,,,,,,,,,
sh603639,,海利尔,10.41,,10.46,10.58,10.32,,,,,,,,,,,,,,
sh603648,,畅联股份,8.96,,9.23,9.27,8.88,,,,,,,,,,,,,,
sh603650,,彤程新材,77.22,,69.92,77.22,69.3,,,,,,,,,,,,,,
sh603655,,朗博科技,31.03,,32,32.87,30.86,,,,,,,,,,,,,,
sh603656,,泰禾智能,18,,18.37,18.97,17.88,,,,,,,,,,,,,,
sh603657,,春光科技,22.85,,23,23.2,22.33,,,,,,,,,,,,,,
sh603658,,安图生物,29.86,,31.1,31.25,29.85,,,,,,,,,,,,,,
sh603659,,璞泰来,29.07,,29.15,29.74,28.91,,,,,,,,,,,,,,
sh603660,,苏州科达,13.36,,13.38,13.77,12.84,,,,,,,,,,,,,,
sh603661,,恒林股份,33.91,,35.1,35.3,33.19,,,,,,,,,,,,,,
sh603662,,柯力传感,68.67,,70.46,70.89,67.13,,,,,,,,,,,,,,
sh603663,,三祥新材,103.81,,102,105.85,96.8,,,,,,,,,,,,,,
sh603665,,康隆达,27.05,,26.83,27.76,26.03,,,,,,,,,,,,,,
sh603666,,亿嘉和,28.13,,28.86,28.95,27.5,,,,,,,,,,,,,,
sh603667,,五洲新春,66.1,,65.61,67.15,63.4,,,,,,,,,,,,,,
sh603668,,天马科技,11.91,,12.38,12.54,11.77,,,,,,,,,,,,,,
sh603669,,灵康药业,5.74,,5.68,5.88,5.36,,,,,,,,,,,,,,
sh603676,,卫信康,8.54,,8.81,8.95,8.52,,,,,,,,,,,,,,
sh603677,,奇精机械,13.68,,13.96,14.09,13.42,,,,,,,,,,,,,,
sh603678,,火炬电子,68.3,,62.05,68.3,62.05,,,,,,,,,,,,,,
sh603679,,华体科技,20.88,,20.34,21.27,20.31,,,,,,,,,,,,,,
sh603680,,今创集团,10.21,,10.47,10.52,10.16,,,,,,,,,,,,,,
sh603681,,永冠新材,24.83,,23.7,25.15,23.53,,,,,,,,,,,,,,
sh603682,,锦和商管,7.84,,7.54,8.3,7.42,,,,,,,,,,,,,,
sh603683,,晶华新材,32.16,,32.65,33.25,31.52,,,,,,,,,,,,,,
sh603685,,晨丰科技,30.18,,31.84,32.26,29.54,,,,,,,,,,,,,,
sh603686,,福龙马,13.79,,14.09,14.17,13.61,,,,,,,,,,,,,,
sh603687,,大胜达,17.95,,18,18.2,17.23,,,,,,,,,,,,,,
sh603688,,石英股份,79.89,,79.53,80.33,75.5,,,,,,,,,,,,,,
sh603689,,皖天然气,7.38,,7.61,7.67,7.36,,,,,,,,,,,,,,
sh603690,,至纯科技,31.43,,31.2,31.86,30.39,,,,,,,,,,,,,,
sh603693,,江苏新能,12.91,,13.32,13.42,12.83,,,,,,,,,,,,,,
sh603696,,安记食品,12.17,,12.58,12.64,12.15,,,,,,,,,,,,,,
sh603697,,有友食品,10.75,,11.04,11.15,10.73,,,,,,,,,,,,,,
sh603698,,航天工程,37.36,,34.41,37.36,33.4,,,,,,,,,,,,,,
sh603699,,纽威股份,49.92,,53.01,54.17,49.41,,,,,,,,,,,,,,
sh603700,,宁水集团,11.67,,11.63,11.83,11.44,,,,,,,,,,,,,,
sh603701,,德宏股份,21.91,,22.4,22.74,21.51,,,,,,,,,,,,,,
sh603703,,盛洋科技,11.93,,11.66,12.15,11.33,,,,,,,,,,,,,,
sh603706,,东方环宇,19.08,,19.68,19.96,19.02,,,,,,,,,,,,,,
sh603707,,健友股份,7.12,,7.25,7.3,7.12,,,,,,,,,,,,,,
sh603708,,家家悦,8.86,,9.05,9.06,8.83,,,,,,,,,,,,,,
sh603709,,中源家居,14.3,,15.12,15.22,14.23,,,,,,,,,,,,,,
sh603711,,XD香飘飘,12.32,,12.3,12.66,12.19,,,,,,,,,,,,,,
sh603712,,七一二,12.87,,12.62,13,12.42,,,,,,,,,,,,,,
sh603713,,密尔克卫,68.77,,62.42,68.77,62,,,,,,,,,,,,,,
sh603716,,塞力医疗,17.12,,16.52,17.81,16.33,,,,,,,,,,,,,,
sh603717,,天域生物,6.38,,6.77,6.93,6.31,,,,,,,,,,,,,,
sh603718,,*ST海利,3.01,,3.19,3.23,3.01,,,,,,,,,,,,,,
sh603719,,良品铺子,9.13,,9.25,9.31,9.04,,,,,,,,,,,,,,
sh603721,,中广天择,20.49,,0,0,0,,,,,,,,,,,,,,
sh603722,,阿科力,36.64,,37.39,38.7,36,,,,,,,,,,,,,,
sh603725,,天安新材,12.07,,12.13,12.5,11.43,,,,,,,,,,,,,,
sh603726,,朗迪集团,29.62,,28.95,29.95,28.27,,,,,,,,,,,,,,
sh603727,,博迈科,18.45,,19.09,19.68,18.02,,,,,,,,,,,,,,
sh603728,,鸣志电器,59.69,,59.49,62.18,59.02,,,,,,,,,,,,,,
sh603729,,ST龙韵,11.05,,11.62,11.69,11.05,,,,,,,,,,,,,,
sh603730,,岱美股份,11.45,,11.33,11.63,10.97,,,,,,,,,,,,,,
sh603733,,仙鹤股份,24.74,,25.5,26.08,24.53,,,,,,,,,,,,,,
sh603737,,三棵树,24.85,,25.5,25.78,24.79,,,,,,,,,,,,,,
sh603738,,泰晶科技,61.41,,61.77,63.52,59,,,,,,,,,,,,,,
sh603739,,蔚蓝生物,12.16,,12.34,12.54,12.05,,,,,,,,,,,,,,
sh603755,,日辰股份,23.5,,25.14,25.25,23.45,,,,,,,,,,,,,,
sh603757,,大元泵业,73.7,,69.3,74.5,66,,,,,,,,,,,,,,
sh603758,,秦安股份,9.38,,9.81,9.86,9.34,,,,,,,,,,,,,,
sh603759,,海天股份,7.34,,7.51,7.51,7.14,,,,,,,,,,,,,,
sh603766,,隆鑫通用,11.49,,11.74,11.74,11.3,,,,,,,,,,,,,,
sh603767,,中马传动,15.37,,16.07,16.12,15.23,,,,,,,,,,,,,,
sh603768,,常青股份,9.82,,10.36,10.36,9.73,,,,,,,,,,,,,,
sh603773,,沃格光电,167.37,,168.88,172.99,160.11,,,,,,,,,,,,,,
sh603776,,永安行,21.71,,21.33,21.95,21.04,,,,,,,,,,,,,,
sh603777,,来伊份,17.43,,16.52,17.76,16.52,,,,,,,,,,,,,,
sh603778,,国晟科技,13.47,,14.14,14.2,12.88,,,,,,,,,,,,,,
sh603779,,威龙股份,7.68,,7.97,8.07,7.6,,,,,,,,,,,,,,
sh603786,,科博达,44.4,,45,45.24,43.9,,,,,,,,,,,,,,
sh603787,,新日股份,9.56,,9.73,9.86,9.41,,,,,,,,,,,,,,
sh603788,,宁波高发,14.2,,14.4,14.43,14.05,,,,,,,,,,,,,,
sh603789,,ST星农,5.49,,0,0,0,,,,,,,,,,,,,,
sh603790,,雅运股份,25.35,,25.44,26.47,25.25,,,,,,,,,,,,,,
sh603797,,联泰环保,3.93,,4.06,4.08,3.91,,,,,,,,,,,,,,
sh603798,,康普顿,15.18,,15.77,15.85,14.93,,,,,,,,,,,,,,
sh603799,,华友钴业,52.33,,50.84,52.94,50.03,,,,,,,,,,,,,,
sh603800,,洪田股份,77.23,,74.52,77.77,71.98,,,,,,,,,,,,,,
sh603801,,志邦家居,5.76,,6.05,6.11,5.74,,,,,,,,,,,,,,
sh603803,,瑞斯康达,12.66,,12.46,12.78,12.3,,,,,,,,,,,,,,
sh603806,,福斯特,16.29,,16.28,16.49,15.95,,,,,,,,,,,,,,
sh603808,,歌力思,8.26,,8.34,8.46,8.19,,,,,,,,,,,,,,
sh603809,,豪能股份,9.09,,9.45,9.45,9.05,,,,,,,,,,,,,,
sh603810,,丰山集团,11.8,,12.2,12.3,11.6,,,,,,,,,,,,,,
sh603811,,诚意药业,11.04,,11.03,11.1,10.81,,,,,,,,,,,,,,
sh603813,,原尚股份,38.86,,40.95,40.95,38.52,,,,,,,,,,,,,,
sh603815,,交建股份,5.25,,5.55,5.58,5.19,,,,,,,,,,,,,,
sh603816,,顾家家居,22.89,,23.02,23.2,22.65,,,,,,,,,,,,,,
sh603817,,海峡环保,5.55,,5.72,5.77,5.48,,,,,,,,,,,,,,
sh603818,,曲美家居,2.97,,2.97,3.02,2.92,,,,,,,,,,,,,,
sh603819,,神力股份,11.66,,12.3,12.37,11.62,,,,,,,,,,,,,,
sh603822,,ST嘉澳,72,,72.01,74.3,71.8,,,,,,,,,,,,,,
sh603823,,百合花,55.68,,51.52,56.66,51.52,,,,,,,,,,,,,,
sh603825,,ST华扬,6.43,,6.68,6.82,6.43,,,,,,,,,,,,,,
sh603826,,坤彩科技,29.1,,28.1,30.12,27.67,,,,,,,,,,,,,,
sh603828,,*ST利达,4.29,,4.42,4.43,4.26,,,,,,,,,,,,,,
sh603829,,洛凯股份,17.93,,18.36,18.66,17.6,,,,,,,,,,,,,,
sh603833,,欧派家居,32.4,,33.29,33.29,32.22,,,,,,,,,,,,,,
sh603836,,海程邦达,8.1,,8.42,8.42,8,,,,,,,,,,,,,,
sh603838,,*ST四通,9.43,,9.42,9.88,9.28,,,,,,,,,,,,,,
sh603839,,安正时尚,6.09,,6.55,6.58,6.04,,,,,,,,,,,,,,
sh603843,,*ST正平,8.37,,8.51,8.63,8.34,,,,,,,,,,,,,,
sh603848,,好太太,14.53,,13.96,15.01,13.6,,,,,,,,,,,,,,
sh603855,,华荣股份,16.53,,16.99,17.06,16.38,,,,,,,,,,,,,,
sh603856,,东宏股份,13.34,,12.81,13.68,12.8,,,,,,,,,,,,,,
sh603858,,步长制药,15.09,,15.45,15.65,15.04,,,,,,,,,,,,,,
sh603859,,能科科技,50.88,,48.86,51.5,48.5,,,,,,,,,,,,,,
sh603860,,中公高科,25.27,,26.26,26.43,25.13,,,,,,,,,,,,,,
sh603861,,白云电器,13.52,,14.14,14.19,13.33,,,,,,,,,,,,,,
sh603863,,松炀资源,14.41,,15.17,15.56,14,,,,,,,,,,,,,,
sh603866,,桃李面包,3.84,,3.96,3.96,3.82,,,,,,,,,,,,,,
sh603867,,新化股份,40.74,,39.76,41.59,38.31,,,,,,,,,,,,,,
sh603868,,飞科电器,32.22,,32.72,33.43,32.16,,,,,,,,,,,,,,
sh603869,,ST智知,8.41,,8.74,8.74,8.41,,,,,,,,,,,,,,
sh603871,,嘉友国际,10.9,,11.4,11.4,10.89,,,,,,,,,,,,,,
sh603876,,鼎胜新材,27.7,,27.4,28.2,24.8,,,,,,,,,,,,,,
sh603877,,太平鸟,12.57,,13.1,13.27,12.52,,,,,,,,,,,,,,
sh603878,,武进不锈,5.55,,5.85,5.94,5.53,,,,,,,,,,,,,,
sh603879,,永悦科技,4.53,,4.88,4.88,4.46,,,,,,,,,,,,,,
sh603880,,南卫股份,7.18,,7.78,7.83,7.01,,,,,,,,,,,,,,
sh603881,,数据港,27.19,,26.64,27.21,25.47,,,,,,,,,,,,,,
sh603882,,金域医学,23.99,,24.01,24.47,23.93,,,,,,,,,,,,,,
sh603883,,老百姓,11.54,,11.87,11.98,11.53,,,,,,,,,,,,,,
sh603885,,吉祥航空,10.45,,10.35,10.66,10.22,,,,,,,,,,,,,,
sh603886,,元祖股份,12.32,,13.1,13.19,12.21,,,,,,,,,,,,,,
sh603887,,城地香江,10.75,,10.2,11.08,9.9,,,,,,,,,,,,,,
sh603888,,新华网,18.3,,18.49,18.75,18.16,,,,,,,,,,,,,,
sh603889,,新澳股份,5.82,,5.92,5.94,5.72,,,,,,,,,,,,,,
sh603890,,春秋电子,29.44,,26.8,30.33,25.68,,,,,,,,,,,,,,
sh603893,,瑞芯微,185.39,,178.15,186.86,176.66,,,,,,,,,,,,,,
sh603895,,天永智能,31,,33.5,35.89,29.77,,,,,,,,,,,,,,
sh603896,,寿仙谷,14.15,,14.08,14.44,13.53,,,,,,,,,,,,,,
sh603897,,长城科技,37.32,,35.44,38.78,34.86,,,,,,,,,,,,,,
sh603898,,好莱客,13.25,,12.75,13.56,12.75,,,,,,,,,,,,,,
sh603899,,晨光股份,20.72,,21.36,21.38,20.66,,,,,,,,,,,,,,
sh603900,,莱绅通灵,5.92,,6.14,6.19,5.86,,,,,,,,,,,,,,
sh603901,,永创智能,10.4,,10.7,10.76,10.35,,,,,,,,,,,,,,
sh603903,,中持股份,12.01,,11.32,12.32,10.86,,,,,,,,,,,,,,
sh603906,,龙蟠科技,29.1,,27.32,29.3,26.32,,,,,,,,,,,,,,
sh603908,,牧高笛,18.11,,18.99,19.12,18,,,,,,,,,,,,,,
sh603909,,建发合诚,9.14,,9.45,9.46,8.7,,,,,,,,,,,,,,
sh603912,,佳力图,8.42,,8.57,8.65,8.19,,,,,,,,,,,,,,
sh603915,,国茂股份,15.2,,15.22,15.6,14.67,,,,,,,,,,,,,,
sh603916,,苏博特,14.78,,14.73,15.1,13.92,,,,,,,,,,,,,,
sh603917,,合力科技,12.3,,12.27,12.72,11.92,,,,,,,,,,,,,,
sh603918,,金桥信息,10.07,,10.51,10.56,9.94,,,,,,,,,,,,,,
sh603919,,金徽酒,17.77,,18.98,19.07,17.76,,,,,,,,,,,,,,
sh603920,,世运电路,52.44,,52.64,53.86,50.51,,,,,,,,,,,,,,
sh603922,,ST金鸿顺,15.65,,15.56,16.3,15.13,,,,,,,,,,,,,,
sh603926,,铁流股份,18.63,,18.74,19.1,18.25,,,,,,,,,,,,,,
sh603927,,中科软,13.55,,14.04,14.07,13.49,,,,,,,,,,,,,,
sh603928,,兴业股份,12.08,,12.09,12.53,11.82,,,,,,,,,,,,,,
sh603929,,亚翔集成,231.88,,209,231.88,208.58,,,,,,,,,,,,,,
sh603931,,格林达,59.68,,57.48,60.5,54.77,,,,,,,,,,,,,,
sh603933,,睿能科技,23.93,,24.1,24.1,23.1,,,,,,,,,,,,,,
sh603936,,博敏电子,27.09,,29,30.5,26,,,,,,,,,,,,,,
sh603937,,丽岛新材,13.79,,13.65,13.95,13.46,,,,,,,,,,,,,,
sh603938,,三孚股份,71.63,,66.2,71.63,64.08,,,,,,,,,,,,,,
sh603939,,益丰药房,19.24,,19.4,20.02,19.05,,,,,,,,,,,,,,
sh603948,,建业股份,26.92,,24.52,26.92,24.52,,,,,,,,,,,,,,
sh603949,,雪龙集团,17.94,,17.28,18.12,17.06,,,,,,,,,,,,,,
sh603950,,长源东谷,73.66,,73.49,75.3,70.53,,,,,,,,,,,,,,
sh603955,,大千生态,20.6,,21.43,21.43,20.42,,,,,,,,,,,,,,
sh603956,,威派格,4.82,,5,5.1,4.73,,,,,,,,,,,,,,
sh603958,,哈森股份,18.9,,19,19.57,18.81,,,,,,,,,,,,,,
sh603959,,ST百利,4.28,,4.4,4.49,4.23,,,,,,,,,,,,,,
sh603960,,克来机电,19.62,,19.92,20.13,18.87,,,,,,,,,,,,,,
sh603966,,法兰泰克,8.88,,9.06,9.15,8.83,,,,,,,,,,,,,,
sh603967,,中创物流,11.32,,11.28,11.51,11.21,,,,,,,,,,,,,,
sh603968,,醋化股份,9.82,,10.11,10.33,9.65,,,,,,,,,,,,,,
sh603969,,银龙股份,7.39,,7.53,7.66,7.34,,,,,,,,,,,,,,
sh603970,,中农立华,10.14,,10.35,10.45,10.06,,,,,,,,,,,,,,
sh603976,,正川股份,29.18,,27.9,29.95,27.9,,,,,,,,,,,,,,
sh603977,,国泰集团,13.81,,13.9,14.15,13.66,,,,,,,,,,,,,,
sh603978,,深圳新星,29.1,,28.88,29.35,27.55,,,,,,,,,,,,,,
sh603979,,金诚信,69.88,,69.33,69.98,68.33,,,,,,,,,,,,,,
sh603980,,吉华集团,6.86,,6.57,7.02,6.57,,,,,,,,,,,,,,
sh603982,,泉峰汽车,5.89,,6.2,6.21,5.86,,,,,,,,,,,,,,
sh603983,,丸美生物,22.02,,22.5,22.51,21.95,,,,,,,,,,,,,,
sh603985,,恒润股份,23.48,,23.8,23.9,22.95,,,,,,,,,,,,,,
sh603986,,兆易创新,705.09,,641,705.09,630.93,,,,,,,,,,,,,,
sh603987,,康德莱,7.19,,7.28,7.35,7.13,,,,,,,,,,,,,,
sh603988,,中电电机,17.6,,18.09,18.1,17.06,,,,,,,,,,,,,,
sh603989,,艾华集团,48.86,,43,48.86,43,,,,,,,,,,,,,,
sh603990,,麦迪科技,21.29,,22,22,19.68,,,,,,,,,,,,,,
sh603991,,领先股份,128.76,,132.22,134.89,122.99,,,,,,,,,,,,,,
sh603992,,松霖科技,31.33,,32.58,32.85,31.24,,,,,,,,,,,,,,
sh603993,,洛阳钼业,18.98,,18.9,19.29,18.38,,,,,,,,,,,,,,
sh603995,,甬金股份,23.81,,24.48,24.73,23.66,,,,,,,,,,,,,,
sh603997,,继峰股份,12.55,,12.98,13.07,12.51,,,,,,,,,,,,,,
sh603998,,方盛制药,9.46,,9.49,9.7,9.37,,,,,,,,,,,,,,
sh603999,,读者传媒,5.35,,5.57,5.57,5.27,,,,,,,,,,,,,,
sh605001,,威奥股份,5.74,,6.03,6.06,5.65,,,,,,,,,,,,,,
sh605003,,众望布艺,21.96,,22.97,23.39,21.82,,,,,,,,,,,,,,
sh605005,,合兴股份,16.16,,16.65,16.69,15.98,,,,,,,,,,,,,,
sh605006,,山东玻纤,22.42,,20.54,22.77,20.53,,,,,,,,,,,,,,
sh605007,,五洲特纸,12.62,,12.89,12.98,12.61,,,,,,,,,,,,,,
sh605008,,长鸿高科,11.18,,11.28,11.37,11.1,,,,,,,,,,,,,,
sh605009,,豪悦护理,22.34,,23.19,23.21,22.33,,,,,,,,,,,,,,
sh605011,,杭州热电,16.75,,17.84,17.94,16.71,,,,,,,,,,,,,,
sh605016,,百龙创园,25.26,,24.63,25.35,24.35,,,,,,,,,,,,,,
sh605018,,长华集团,13.64,,14.1,14.19,13.5,,,,,,,,,,,,,,
sh605020,,永和股份,39.18,,35.64,39.18,34.93,,,,,,,,,,,,,,
sh605028,,世茂能源,20.89,,21.42,21.98,20.78,,,,,,,,,,,,,,
sh605033,,美邦股份,17.96,,18.46,18.5,17.79,,,,,,,,,,,,,,
sh605050,,福然德,10.02,,10.19,10.29,9.94,,,,,,,,,,,,,,
sh605055,,迎丰股份,10.85,,11.48,11.72,10.65,,,,,,,,,,,,,,
sh605056,,咸亨国际,17.43,,17.4,17.51,17,,,,,,,,,,,,,,
sh605058,,澳弘电子,39.4,,38.35,40.07,37.98,,,,,,,,,,,,,,
sh605060,,联德股份,50.27,,51.85,51.85,49.21,,,,,,,,,,,,,,
sh605066,,天正电气,7.26,,7.34,7.47,7.2,,,,,,,,,,,,,,
sh605068,,明新旭腾,18.31,,18.61,18.63,17.95,,,,,,,,,,,,,,
sh605069,,正和生态,14.74,,14.2,14.74,13.54,,,,,,,,,,,,,,
sh605077,,华康股份,11.59,,12.07,12.07,11.46,,,,,,,,,,,,,,
sh605080,,浙江自然,20.44,,21.39,21.39,20.41,,,,,,,,,,,,,,
sh605081,,退市太和,0.36,,0.37,0.38,0.36,,,,,,,,,,,,,,
sh605086,,龙高股份,28.25,,28.56,29.47,27.78,,,,,,,,,,,,,,
sh605088,,冠盛股份,28.93,,29.82,29.82,28.31,,,,,,,,,,,,,,
sh605089,,味知香,22,,22.8,22.94,21.93,,,,,,,,,,,,,,
sh605090,,九丰能源,36.28,,37.88,37.88,36.05,,,,,,,,,,,,,,
sh605098,,行动教育,54.21,,55.5,56.17,53.95,,,,,,,,,,,,,,
sh605099,,共创草坪,33.1,,33.25,33.4,32.5,,,,,,,,,,,,,,
sh605100,,华丰股份,41.42,,40.69,42.09,40.2,,,,,,,,,,,,,,
sh605108,,同庆楼,11.79,,12.35,12.35,11.78,,,,,,,,,,,,,,
sh605111,,新洁能,79.49,,78.05,81.9,76,,,,,,,,,,,,,,
sh605116,,奥锐特,19.35,,20.08,20.2,19.35,,,,,,,,,,,,,,
sh605117,,德业股份,99.75,,102,102.56,99,,,,,,,,,,,,,,
sh605118,,力鼎光电,34.96,,34.7,35.64,32.78,,,,,,,,,,,,,,
sh605122,,四方新材,11.59,,11.88,12.03,11.35,,,,,,,,,,,,,,
sh605123,,派克新材,98.22,,98,99.4,95.65,,,,,,,,,,,,,,
sh605128,,上海沿浦,25.43,,26.02,26.2,25.3,,,,,,,,,,,,,,
sh605133,,嵘泰股份,37.23,,37.05,38,36.11,,,,,,,,,,,,,,
sh605136,,丽人丽妆,7.47,,7.76,7.83,7.43,,,,,,,,,,,,,,
sh605138,,盛泰集团,5.96,,6.14,6.24,5.92,,,,,,,,,,,,,,
sh605151,,西上海,21.36,,19.41,21.36,19.41,,,,,,,,,,,,,,
sh605155,,西大门,13.62,,13.34,14.06,13.29,,,,,,,,,,,,,,
sh605158,,华达新材,6.82,,6.75,6.94,6.65,,,,,,,,,,,,,,
sh605162,,新中港,8.33,,8.52,8.56,8.17,,,,,,,,,,,,,,
sh605166,,XD聚合顺,10.01,,10.21,10.47,9.97,,,,,,,,,,,,,,
sh605167,,利柏特,16.29,,16.97,16.97,15.52,,,,,,,,,,,,,,
sh605168,,三人行,57.19,,56.44,57.71,55.48,,,,,,,,,,,,,,
sh605169,,XD洪通燃,9.26,,9.69,9.75,9.21,,,,,,,,,,,,,,
sh605177,,东亚药业,17.13,,17.83,18.1,17.07,,,,,,,,,,,,,,
sh605178,,时空科技,78.63,,74,80.19,72.65,,,,,,,,,,,,,,
sh605179,,一鸣食品,13.35,,13.68,13.73,13.26,,,,,,,,,,,,,,
sh605180,,华生科技,13.44,,13.7,13.91,13.31,,,,,,,,,,,,,,
sh605183,,确成股份,15.55,,15.05,15.96,15.02,,,,,,,,,,,,,,
sh605186,,健麾信息,35.07,,34.45,35.43,33.6,,,,,,,,,,,,,,
sh605188,,国光连锁,12.4,,12.73,12.76,12.36,,,,,,,,,,,,,,
sh605189,,富春染织,13.33,,13.54,13.83,13.16,,,,,,,,,,,,,,
sh605196,,华通线缆,29.41,,29.99,30,28.99,,,,,,,,,,,,,,
sh605198,,安德利,69.67,,72.22,73.4,68.19,,,,,,,,,,,,,,
sh605199,,ST葫芦娃,5.63,,5.9,5.94,5.62,,,,,,,,,,,,,,
sh605208,,永茂泰,15.62,,16.02,16.08,15.53,,,,,,,,,,,,,,
sh605218,,伟时电子,17.06,,17.51,17.69,16.51,,,,,,,,,,,,,,
sh605222,,起帆电缆,23.71,,24.45,24.45,23.38,,,,,,,,,,,,,,
sh605228,,神通科技,13.17,,13.15,13.41,12.67,,,,,,,,,,,,,,
sh605255,,天普股份,79.98,,78.53,81.39,76,,,,,,,,,,,,,,
sh605258,,协和电子,35.08,,34.48,36.19,34.23,,,,,,,,,,,,,,
sh605259,,绿田机械,18.12,,18.3,18.37,17.78,,,,,,,,,,,,,,
sh605266,,健之佳,15.57,,16.05,16.05,15.51,,,,,,,,,,,,,,
sh605268,,王力安防,9.42,,9.69,9.8,9.41,,,,,,,,,,,,,,
sh605277,,新亚电子,19.5,,17.55,19.5,17.55,,,,,,,,,,,,,,
sh605286,,同力天启,27.26,,28.88,29.05,27.03,,,,,,,,,,,,,,
sh605287,,德才股份,44.53,,42.58,46.13,41.8,,,,,,,,,,,,,,
sh605288,,凯迪股份,86,,84.53,90,84.53,,,,,,,,,,,,,,
sh605289,,罗曼股份,135.06,,134.9,137.88,131,,,,,,,,,,,,,,
sh605296,,神农集团,24.95,,25.98,26,24.9,,,,,,,,,,,,,,
sh605298,,必得科技,57.42,,57.16,58,54.63,,,,,,,,,,,,,,
sh605299,,舒华体育,14.15,,14.28,14.33,13.92,,,,,,,,,,,,,,
sh605300,,佳禾食品,8.57,,8.82,8.85,8.54,,,,,,,,,,,,,,
sh605303,,园林股份,25.31,,25.31,25.31,25.31,,,,,,,,,,,,,,
sh605305,,中际联合,43.55,,42.84,43.9,41.7,,,,,,,,,,,,,,
sh605318,,法狮龙,122,,120.81,125,120.01,,,,,,,,,,,,,,
sh605319,,无锡振华,23.69,,24.08,24.23,23.49,,,,,,,,,,,,,,
sh605333,,沪光股份,17.69,,18.17,18.17,17.65,,,,,,,,,,,,,,
sh605336,,*ST帅电,15.51,,15.08,15.51,15.07,,,,,,,,,,,,,,
sh605337,,李子园,8.69,,8.88,8.95,8.66,,,,,,,,,,,,,,
sh605338,,巴比食品,18.76,,18.6,19.05,18.26,,,,,,,,,,,,,,
sh605339,,南侨食品,12.67,,12.76,12.82,12.38,,,,,,,,,,,,,,
sh605358,,立昂微,67.2,,65.99,68,63.84,,,,,,,,,,,,,,
sh605365,,立达信,14.86,,15.21,15.35,14.65,,,,,,,,,,,,,,
sh605366,,宏柏新材,11.88,,11.23,11.88,10.82,,,,,,,,,,,,,,
sh605368,,蓝天燃气,6.35,,6.62,6.62,6.35,,,,,,,,,,,,,,
sh605369,,拱东医疗,18.2,,17.84,18.52,15.93,,,,,,,,,,,,,,
sh605376,,博迁新材,224.5,,223.16,232.76,220.01,,,,,,,,,,,,,,
sh605377,,华旺科技,9.24,,9.19,9.49,8.9,,,,,,,,,,,,,,
sh605378,,野马电池,16.23,,16.71,16.89,16.2,,,,,,,,,,,,,,
sh605388,,均瑶健康,5.08,,5.41,5.41,5.06,,,,,,,,,,,,,,
sh605389,,长龄液压,99.77,,95,99.97,90,,,,,,,,,,,,,,
sh605398,,新炬网络,21.07,,21.5,21.78,20.61,,,,,,,,,,,,,,
sh605399,,晨光新材,13.28,,13.21,13.8,12.98,,,,,,,,,,,,,,
sh605488,,福莱新材,30.63,,30.29,30.92,29.12,,,,,,,,,,,,,,
sh605499,,东鹏饮料,114.05,,115,117.95,113.11,,,,,,,,,,,,,,
sh605500,,森林包装,6.57,,6.87,6.88,6.47,,,,,,,,,,,,,,
sh605507,,国邦医药,15.05,,15.55,15.74,15.01,,,,,,,,,,,,,,
sh605555,,德昌股份,12.87,,13.37,13.37,12.87,,,,,,,,,,,,,,
sh605566,,福莱蒽特,43.81,,47.52,47.92,43.81,,,,,,,,,,,,,,
sh605567,,春雪食品,8.53,,8.85,8.96,8.44,,,,,,,,,,,,,,
sh605577,,龙版传媒,9.27,,9.55,9.55,9.21,,,,,,,,,,,,,,
sh605580,,恒盛能源,30.51,,28.3,31.9,26.73,,,,,,,,,,,,,,
sh605588,,冠石科技,63.43,,61.43,63.76,60.48,,,,,,,,,,,,,,
sh605589,,圣泉集团,66.33,,64.5,68.79,61.95,,,,,,,,,,,,,,
sh605598,,上海港湾,38.43,,35.3,38.43,34.04,,,,,,,,,,,,,,
sh605599,,菜百股份,14.23,,14.51,14.66,14.2,,,,,,,,,,,,,,
sh688001,,华兴源创,89.99,,82,93.33,79.18,,,,,,,,,,,,,,
sh688002,,睿创微纳,142.9,,144,145.35,141.33,,,,,,,,,,,,,,
sh688003,,天准科技,120.19,,111,120.43,107.28,,,,,,,,,,,,,,
sh688004,,博汇科技,19.82,,20.53,20.54,19.3,,,,,,,,,,,,,,
sh688005,,容百科技,33.6,,34.1,34.3,32.91,,,,,,,,,,,,,,
sh688006,,杭可科技,39.79,,37.8,40.89,37.31,,,,,,,,,,,,,,
sh688007,,光峰科技,13.15,,13.73,13.77,12.82,,,,,,,,,,,,,,
sh688008,,澜起科技,266.49,,256,266.5,253.66,,,,,,,,,,,,,,
sh688009,,中国通号,4.88,,5.02,5.04,4.88,,,,,,,,,,,,,,
sh688010,,福光股份,45.7,,43.98,46.92,43.4,,,,,,,,,,,,,,
sh688011,,新光光电,61.61,,61.11,62.98,57.71,,,,,,,,,,,,,,
sh688012,,中微公司,383,,362.5,395,359.3,,,,,,,,,,,,,,
sh688013,,天臣医疗,26.52,,27.44,27.69,26.39,,,,,,,,,,,,,,
sh688015,,交控科技,16.15,,16.71,16.93,16.07,,,,,,,,,,,,,,
sh688016,,心脉医疗,89.34,,90.48,91.25,88,,,,,,,,,,,,,,
sh688017,,绿的谐波,383.18,,378,394.5,368,,,,,,,,,,,,,,
sh688018,,乐鑫科技,123.55,,121.5,124.93,119.28,,,,,,,,,,,,,,
sh688019,,安集科技,264.3,,243.23,268.78,239.86,,,,,,,,,,,,,,
sh688020,,方邦股份,229.44,,229,234.6,219,,,,,,,,,,,,,,
sh688021,,奥福科技,20.92,,21.7,21.9,20.72,,,,,,,,,,,,,,
sh688022,,ST瀚川,7.99,,8.3,8.41,7.88,,,,,,,,,,,,,,
sh688023,,安恒信息,36.67,,37.73,37.99,36.2,,,,,,,,,,,,,,
sh688025,,杰普特,418.94,,420,427.8,405,,,,,,,,,,,,,,
sh688026,,洁特生物,17.98,,17.8,18.88,17.34,,,,,,,,,,,,,,
sh688027,,国盾量子,519.91,,525,533,513.13,,,,,,,,,,,,,,
sh688028,,沃尔德,116.21,,113,117.32,109.42,,,,,,,,,,,,,,
sh688029,,南微医学,70.85,,71.76,72.74,70.2,,,,,,,,,,,,,,
sh688030,,山石网科,16.07,,16.9,16.9,15.96,,,,,,,,,,,,,,
sh688031,,星环科技-U,121.13,,115.66,121.68,113.6,,,,,,,,,,,,,,
sh688032,,禾迈股份,83.35,,85.86,86.1,82.83,,,,,,,,,,,,,,
sh688033,,*ST天宜,6.36,,6.29,6.51,6.26,,,,,,,,,,,,,,
sh688035,,德邦科技,96.28,,95.5,97.26,91.7,,,,,,,,,,,,,,
sh688036,,传音控股,53.8,,56.5,56.6,53.4,,,,,,,,,,,,,,
sh688037,,芯源微,318,,280.12,318.78,277.92,,,,,,,,,,,,,,
sh688038,,中科通达,19.2,,19.57,19.92,18.91,,,,,,,,,,,,,,
sh688039,,当虹科技,41.4,,41.99,41.99,40.5,,,,,,,,,,,,,,
sh688041,,海光信息,337.1,,314,342,310.01,,,,,,,,,,,,,,
sh688045,,必易微,80.33,,79.41,81.47,77.95,,,,,,,,,,,,,,
sh688046,,药康生物,21.18,,20.45,21.51,20.45,,,,,,,,,,,,,,
sh688047,,龙芯中科,146.51,,141.01,146.96,139,,,,,,,,,,,,,,
sh688048,,长光华芯,420,,384.5,420,384.5,,,,,,,,,,,,,,
sh688049,,XD炬芯科,45.7,,45,45.94,44.33,,,,,,,,,,,,,,
sh688050,,爱博医疗,37.47,,39.77,39.96,37.45,,,,,,,,,,,,,,
sh688051,,佳华科技,25.96,,26.88,27.46,25.54,,,,,,,,,,,,,,
sh688052,,纳芯微,289,,293,307.29,281.9,,,,,,,,,,,,,,
sh688053,,ST思科瑞,35.34,,34.78,35.5,34.29,,,,,,,,,,,,,,
sh688055,,龙腾光电,5.5,,5.46,5.56,5.28,,,,,,,,,,,,,,
sh688056,,莱伯泰科,73.5,,66,73.5,62,,,,,,,,,,,,,,
sh688057,,金达莱,14.04,,13.8,14.41,13.27,,,,,,,,,,,,,,
sh688058,,宝兰德,21.99,,22.92,23.5,21.92,,,,,,,,,,,,,,
sh688059,,华锐精密,207.33,,202.72,214.78,202.72,,,,,,,,,,,,,,
sh688060,,云涌科技,34.67,,35.98,36.5,34.4,,,,,,,,,,,,,,
sh688061,,灿瑞科技,48.04,,47.5,48.3,46.02,,,,,,,,,,,,,,
sh688062,,迈威生物-U,27.68,,27.75,28.88,27.61,,,,,,,,,,,,,,
sh688063,,派能科技,56.86,,58.59,58.6,56.1,,,,,,,,,,,,,,
sh688065,,凯赛生物,50.2,,51,51.78,49.66,,,,,,,,,,,,,,
sh688066,,*ST航图,11.57,,12.45,12.62,11.16,,,,,,,,,,,,,,
sh688067,,爱威科技,21.22,,22.62,22.78,21.08,,,,,,,,,,,,,,
sh688068,,热景生物,80.36,,82.7,83.5,79.76,,,,,,,,,,,,,,
sh688069,,德林海,41.59,,41.08,42.11,40.12,,,,,,,,,,,,,,
sh688070,,纵横股份,38.91,,39.49,39.49,37.85,,,,,,,,,,,,,,
sh688071,,华依科技,35.17,,34.99,35.38,33.26,,,,,,,,,,,,,,
sh688072,,拓荆科技,820,,736,838,736,,,,,,,,,,,,,,
sh688073,,毕得医药,49.45,,49.22,50.58,48.2,,,,,,,,,,,,,,
sh688075,,安旭生物,30.1,,30.86,30.88,29.29,,,,,,,,,,,,,,
sh688076,,ST诺泰,27.99,,27.88,28.7,27.5,,,,,,,,,,,,,,
sh688077,,大地熊,29.27,,30.28,30.45,29,,,,,,,,,,,,,,
sh688078,,龙软科技,21.1,,22.36,22.36,20.88,,,,,,,,,,,,,,
sh688079,,美迪凯,29.1,,28.1,30.18,27.38,,,,,,,,,,,,,,
sh688080,,映翰通,40.25,,41.34,41.38,39.5,,,,,,,,,,,,,,
sh688081,,兴图新科,45.86,,46.65,47.81,45.24,,,,,,,,,,,,,,
sh688082,,盛美上海,402.18,,380,432.98,380,,,,,,,,,,,,,,
sh688083,,中望软件,60.01,,58.58,60.66,57.38,,,,,,,,,,,,,,
sh688084,,晶品特装,49.66,,49.11,50.55,48.3,,,,,,,,,,,,,,
sh688085,,三友医疗,12.51,,12.99,13.1,12.31,,,,,,,,,,,,,,
sh688087,,英科再生,35.19,,37.92,38.66,34.59,,,,,,,,,,,,,,
sh688088,,虹软科技,36.49,,36.8,37.11,36.05,,,,,,,,,,,,,,
sh688089,,嘉必优,11.29,,11.91,11.91,11.15,,,,,,,,,,,,,,
sh688090,,瑞松科技,146.6,,125.33,149.87,122,,,,,,,,,,,,,,
sh688091,,上海谊众,40.81,,41.15,42.5,40.65,,,,,,,,,,,,,,
sh688092,,爱科科技,22.5,,22.88,23.11,22.26,,,,,,,,,,,,,,
sh688093,,世华科技,28.93,,28.88,29.09,28.13,,,,,,,,,,,,,,
sh688095,,福昕软件,61.9,,63,63.38,60.22,,,,,,,,,,,,,,
sh688096,,京源环保,14.7,,14.75,15.11,14,,,,,,,,,,,,,,
sh688097,,博众精工,62.66,,61,63.39,59.5,,,,,,,,,,,,,,
sh688098,,申联生物,9.16,,9.05,9.29,8.97,,,,,,,,,,,,,,
sh688099,,晶晨股份,103.41,,99.86,104.43,95.77,,,,,,,,,,,,,,
sh688100,,威胜信息,30.19,,31.22,31.26,29.77,,,,,,,,,,,,,,
sh688101,,三达膜,16.67,,17.22,17.23,16.38,,,,,,,,,,,,,,
sh688102,,斯瑞新材,43.1,,42.39,44.12,41.1,,,,,,,,,,,,,,
sh688103,,国力电子,60.04,,62,63.11,59.11,,,,,,,,,,,,,,
sh688105,,诺唯赞,16.86,,17.3,17.8,16.61,,,,,,,,,,,,,,
sh688106,,金宏气体,33.43,,32.7,33.88,31.01,,,,,,,,,,,,,,
sh688107,,安路科技,44.7,,42.37,45.26,41.15,,,,,,,,,,,,,,
sh688108,,赛诺医疗,19.28,,19.68,20.21,19.2,,,,,,,,,,,,,,
sh688109,,品茗科技,79.9,,85.06,85.98,78.19,,,,,,,,,,,,,,
sh688110,,东芯股份,171.73,,161,172.93,160,,,,,,,,,,,,,,
sh688111,,金山办公,215.17,,215,216.87,210.9,,,,,,,,,,,,,,
sh688112,,鼎阳科技,71.13,,68.99,71.59,66,,,,,,,,,,,,,,
sh688113,,联测科技,37.55,,38.24,38.79,36.8,,,,,,,,,,,,,,
sh688114,,华大智造,49.56,,50.5,51.2,49.54,,,,,,,,,,,,,,
sh688115,,思林杰,56.1,,53.31,56.5,52.82,,,,,,,,,,,,,,
sh688116,,天奈科技,37.82,,38.89,39.18,37.52,,,,,,,,,,,,,,
sh688117,,圣诺生物,25.23,,24.99,25.85,24.99,,,,,,,,,,,,,,
sh688118,,普元信息,21.42,,22.48,22.48,21.1,,,,,,,,,,,,,,
sh688119,,中钢洛耐,5.01,,5.01,5.19,4.89,,,,,,,,,,,,,,
sh688120,,华海清科,242.49,,230.52,246,228,,,,,,,,,,,,,,
sh688121,,卓然股份,6.48,,0,0,0,,,,,,,,,,,,,,
sh688122,,西部超导,56.28,,57,57,55.54,,,,,,,,,,,,,,
sh688123,,聚辰股份,165.88,,134.89,165.88,134,,,,,,,,,,,,,,
sh688125,,安达智能,172.52,,177,177.98,166.29,,,,,,,,,,,,,,
sh688126,,沪硅产业,32.57,,31.4,32.96,30.44,,,,,,,,,,,,,,
sh688127,,蓝特光学,88.04,,84.35,88.8,82.76,,,,,,,,,,,,,,
sh688128,,中国电研,25.25,,26.05,26.17,25.08,,,,,,,,,,,,,,
sh688129,,东来技术,28.3,,26.99,29.46,26.82,,,,,,,,,,,,,,
sh688130,,晶华微,27.14,,26.78,27.53,26.22,,,,,,,,,,,,,,
sh688131,,皓元医药,90.86,,90.02,93.4,87.07,,,,,,,,,,,,,,
sh688132,,邦彦技术,13.4,,13.8,14.09,13.26,,,,,,,,,,,,,,
sh688133,,泰坦科技,22.46,,22.71,23.23,21.77,,,,,,,,,,,,,,
sh688135,,利扬芯片,40.39,,37.8,41.17,37.16,,,,,,,,,,,,,,
sh688136,,科兴制药,18.25,,18.91,19.25,18.22,,,,,,,,,,,,,,
sh688137,,近岸蛋白,35.8,,35.7,37.27,35.48,,,,,,,,,,,,,,
sh688138,,清溢光电,40.14,,37.55,40.3,36.92,,,,,,,,,,,,,,
sh688139,,海尔生物,25.98,,26.93,27.17,25.98,,,,,,,,,,,,,,
sh688141,,杰华特,143.47,,137.5,147.18,135.89,,,,,,,,,,,,,,
sh688143,,长盈通,236.2,,217.81,239.79,207.04,,,,,,,,,,,,,,
sh688146,,中船特气,389.99,,0,0,0,,,,,,,,,,,,,,
sh688147,,微导纳米,125.68,,115.91,129.9,114.02,,,,,,,,,,,,,,
sh688148,,芳源股份,9.26,,9.1,9.29,8.73,,,,,,,,,,,,,,
sh688150,,莱特光电,59.9,,58,61.77,57.34,,,,,,,,,,,,,,
sh688151,,华强科技,15.63,,16,16.24,15.55,,,,,,,,,,,,,,
sh688152,,麒麟信安,28.93,,30.5,30.57,28.61,,,,,,,,,,,,,,
sh688153,,唯捷创芯,31.24,,30.82,31.49,30.03,,,,,,,,,,,,,,
sh688155,,先惠技术,81.83,,81.53,82.56,79.83,,,,,,,,,,,,,,
sh688156,,路德科技,26.7,,27.66,28.01,26.55,,,,,,,,,,,,,,
sh688157,,松井股份,27.9,,28.17,28.3,27.23,,,,,,,,,,,,,,
sh688158,,优刻得-W,38.85,,37.35,39.19,36.5,,,,,,,,,,,,,,
sh688159,,有方科技,46.8,,47.2,47.2,45,,,,,,,,,,,,,,
sh688160,,步科股份,114.84,,107,117.77,105.63,,,,,,,,,,,,,,
sh688161,,威高骨科,21.78,,22.31,22.62,21.51,,,,,,,,,,,,,,
sh688162,,巨一科技,24.44,,25.35,25.53,24,,,,,,,,,,,,,,
sh688163,,赛伦生物,45.79,,44.12,46.53,42.8,,,,,,,,,,,,,,
sh688165,,埃夫特-U,19.2,,19.64,19.91,19.1,,,,,,,,,,,,,,
sh688166,,博瑞医药,36.39,,37.84,38.5,36.3,,,,,,,,,,,,,,
sh688167,,炬光科技,375,,356.87,377.9,355.2,,,,,,,,,,,,,,
sh688168,,安博通,64.31,,67.91,69.16,63.33,,,,,,,,,,,,,,
sh688169,,石头科技,92.49,,94.89,95.84,92.28,,,,,,,,,,,,,,
sh688170,,德龙激光,81.6,,81.33,82.22,78.25,,,,,,,,,,,,,,
sh688171,,纬德信息,47.89,,46.7,48.5,45.9,,,,,,,,,,,,,,
sh688172,,燕东微,84.26,,73.28,86.2,72.5,,,,,,,,,,,,,,
sh688173,,希荻微,18.33,,17.6,18.43,17.34,,,,,,,,,,,,,,
sh688175,,高凌信息,25.27,,26.21,26.22,24.7,,,,,,,,,,,,,,
sh688176,,亚虹医药-U,9.85,,10.1,10.15,9.73,,,,,,,,,,,,,,
sh688177,,百奥泰,17.12,,17.35,17.6,16.99,,,,,,,,,,,,,,
sh688178,,万德斯,35.62,,36.3,36.62,34.87,,,,,,,,,,,,,,
sh688179,,阿拉丁,26.01,,26,26.91,24.42,,,,,,,,,,,,,,
sh688180,,君实生物-U,31.37,,30.67,31.96,30.3,,,,,,,,,,,,,,
sh688181,,八亿时空,53.6,,54,54.98,51.27,,,,,,,,,,,,,,
sh688182,,灿勤科技,44.5,,43.91,44.7,42.7,,,,,,,,,,,,,,
sh688183,,生益电子,136.61,,126.82,139.49,126.08,,,,,,,,,,,,,,
sh688184,,ST帕瓦,11.2,,11.45,11.55,10.96,,,,,,,,,,,,,,
sh688185,,康希诺,51.26,,51,52.11,50.66,,,,,,,,,,,,,,
sh688186,,广大特材,15.4,,15.75,15.85,15.07,,,,,,,,,,,,,,
sh688187,,时代电气,61.27,,61,63.75,60.31,,,,,,,,,,,,,,
sh688188,,柏楚电子,150.42,,153.21,154.2,148.5,,,,,,,,,,,,,,
sh688189,,ST南新,6.37,,6.4,6.6,6.23,,,,,,,,,,,,,,
sh688190,,云路股份,103,,107,107.01,100.23,,,,,,,,,,,,,,
sh688191,,智洋创新,35.42,,36.9,37.02,35,,,,,,,,,,,,,,
sh688192,,迪哲医药-U,39.81,,39.25,40.79,38.7,,,,,,,,,,,,,,
sh688193,,仁度生物,55.53,,55.01,56.15,54.51,,,,,,,,,,,,,,
sh688195,,腾景科技,207.81,,198.8,209.49,195,,,,,,,,,,,,,,
sh688196,,卓越新能,38.19,,38.7,38.86,37.54,,,,,,,,,,,,,,
sh688197,,首药控股-U,32.9,,32.97,34.28,32.8,,,,,,,,,,,,,,
sh688198,,佰仁医疗,87.36,,85.99,89.88,85.26,,,,,,,,,,,,,,
sh688199,,久日新材,34.8,,32.5,35.2,32.21,,,,,,,,,,,,,,
sh688200,,华峰测控,439,,408.01,448,408.01,,,,,,,,,,,,,,
sh688201,,ST信安,7.29,,7.42,7.42,7.16,,,,,,,,,,,,,,
sh688202,,美迪西,67.3,,64.41,68.8,64.09,,,,,,,,,,,,,,
sh688203,,海正生材,10.56,,11.04,11.14,10.51,,,,,,,,,,,,,,
sh688205,,德科立,229.7,,222.84,232.04,216.08,,,,,,,,,,,,,,
sh688206,,概伦电子,39.78,,36.88,41.8,36.04,,,,,,,,,,,,,,
sh688207,,格灵深瞳,20.07,,20,20.36,19.31,,,,,,,,,,,,,,
sh688208,,道通科技,25.68,,25.79,26.07,25.19,,,,,,,,,,,,,,
sh688209,,英集芯,26.24,,25.69,26.3,25.2,,,,,,,,,,,,,,
sh688210,,统联精密,40.43,,41.24,41.25,39.09,,,,,,,,,,,,,,
sh688211,,中科微至,33.79,,34.1,34.6,32.93,,,,,,,,,,,,,,
sh688212,,澳华内镜,30.05,,30.61,30.91,29.51,,,,,,,,,,,,,,
sh688213,,思特威-W,96.02,,94.88,97.6,93.41,,,,,,,,,,,,,,
sh688215,,瑞晟智能,40.98,,40,41.2,39.55,,,,,,,,,,,,,,
sh688216,,气派科技,40.04,,38.3,40.83,37,,,,,,,,,,,,,,
sh688217,,睿昂基因,21.34,,22.64,22.95,21.21,,,,,,,,,,,,,,
sh688218,,江苏北人,51.55,,52.29,53.09,50.23,,,,,,,,,,,,,,
sh688219,,会通股份,11.94,,12.08,12.17,11.64,,,,,,,,,,,,,,
sh688220,,翱捷科技-U,97.12,,96.66,99.5,94.61,,,,,,,,,,,,,,
sh688221,,前沿生物-U,20.44,,19.25,20.51,19,,,,,,,,,,,,,,
sh688222,,成都先导,30.78,,30.66,31.86,30.17,,,,,,,,,,,,,,
sh688223,,晶科能源,4.86,,4.87,4.9,4.75,,,,,,,,,,,,,,
sh688225,,亚信安全,12.85,,13.31,13.35,12.7,,,,,,,,,,,,,,
sh688226,,威腾电气,45.4,,43.8,46.62,43.5,,,,,,,,,,,,,,
sh688227,,品高股份,108.6,,101.51,114.5,96.2,,,,,,,,,,,,,,
sh688228,,开普云,83.8,,84.94,85.21,81.6,,,,,,,,,,,,,,
sh688229,,博睿数据,81.17,,83.67,83.67,79.23,,,,,,,,,,,,,,
sh688230,,芯导科技,74.96,,72.63,74.97,72.01,,,,,,,,,,,,,,
sh688231,,隆达股份,33.66,,34.08,34.22,33.1,,,,,,,,,,,,,,
sh688232,,新点软件,18.53,,19.18,19.18,18.25,,,,,,,,,,,,,,
sh688233,,神工股份,141.9,,124.44,141.9,123.04,,,,,,,,,,,,,,
sh688234,,天岳先进,175.69,,157.66,178.16,157.01,,,,,,,,,,,,,,
sh688235,,百济神州,236.79,,230,240.6,227.19,,,,,,,,,,,,,,
sh688236,,春立医疗,14.96,,15.08,15.39,14.77,,,,,,,,,,,,,,
sh688237,,超卓航科,54.16,,58.79,58.79,53.68,,,,,,,,,,,,,,
sh688238,,和元生物,5.51,,5.58,5.65,5.45,,,,,,,,,,,,,,
sh688239,,XD航宇科,58.36,,56,58.8,54.53,,,,,,,,,,,,,,
sh688244,,永信至诚,14.87,,15.8,15.8,14.82,,,,,,,,,,,,,,
sh688246,,嘉和美康,23,,23.85,24.04,22.86,,,,,,,,,,,,,,
sh688247,,宣泰医药,7.59,,7.73,7.9,7.55,,,,,,,,,,,,,,
sh688248,,南网科技,61.16,,58.28,61.88,56.35,,,,,,,,,,,,,,
sh688249,,晶合集成,57.2,,54,59.98,53.5,,,,,,,,,,,,,,
sh688251,,井松智能,28.3,,28.28,29.19,27.34,,,,,,,,,,,,,,
sh688252,,天德钰,23.29,,22.55,23.37,21.98,,,,,,,,,,,,,,
sh688253,,英诺特,60.6,,59,60.85,57.47,,,,,,,,,,,,,,
sh688255,,凯尔达,29.06,,30.03,30.03,28.2,,,,,,,,,,,,,,
sh688256,,寒武纪,1453,,1402,1468.88,1378,,,,,,,,,,,,,,
sh688257,,新锐股份,103.6,,100.98,103.99,98,,,,,,,,,,,,,,
sh688258,,卓易信息,122.53,,122.11,123.22,117.1,,,,,,,,,,,,,,
sh688259,,创耀科技,38.19,,38.12,39.07,36.88,,,,,,,,,,,,,,
sh688260,,昀冢科技,128.81,,120.99,129,115.81,,,,,,,,,,,,,,
sh688261,,东微半导,98.44,,98.29,101.2,95,,,,,,,,,,,,,,
sh688262,,国芯科技,41.26,,38.78,41.7,37.88,,,,,,,,,,,,,,
sh688265,,南模生物,34.22,,32.91,34.51,32.41,,,,,,,,,,,,,,
sh688266,,泽璟制药-U,99.58,,91.57,103.8,90.01,,,,,,,,,,,,,,
sh688267,,中触媒,22.11,,22.1,22.47,21.93,,,,,,,,,,,,,,
sh688268,,华特气体,237.53,,231.39,248,215.55,,,,,,,,,,,,,,
sh688269,,凯立新材,35.29,,34.78,35.6,34.24,,,,,,,,,,,,,,
sh688270,,ST臻镭,73.2,,72.69,75.4,70.03,,,,,,,,,,,,,,
sh688271,,联影医疗,102.33,,104.55,106.07,101.83,,,,,,,,,,,,,,
sh688272,,富吉瑞,32.94,,34,34.67,32.35,,,,,,,,,,,,,,
sh688273,,麦澜德,40.48,,41.4,43,40.16,,,,,,,,,,,,,,
sh688275,,万润新能,140.02,,142.47,142.5,134.28,,,,,,,,,,,,,,
sh688276,,百克生物,14.34,,14.6,14.8,14.2,,,,,,,,,,,,,,
sh688277,,天智航-U,19.13,,18.96,19.35,18.8,,,,,,,,,,,,,,
sh688278,,特宝生物,54.75,,54.73,56.53,54.1,,,,,,,,,,,,,,
sh688279,,峰岹科技,211.08,,202.27,214.58,200.43,,,,,,,,,,,,,,
sh688280,,精进电动-W,5.99,,6.15,6.18,5.94,,,,,,,,,,,,,,
sh688281,,华秦科技,49.99,,49.58,50.8,49.08,,,,,,,,,,,,,,
sh688282,,理工导航,60.42,,60,61.8,59.26,,,,,,,,,,,,,,
sh688283,,坤恒顺维,33.65,,27.39,34.43,27.39,,,,,,,,,,,,,,
sh688285,,高铁电气,7.44,,7.64,7.64,7.39,,,,,,,,,,,,,,
sh688286,,敏芯股份,96.9,,90.15,99.8,89.01,,,,,,,,,,,,,,
sh688288,,鸿泉技术,18.95,,19.72,20.01,18.7,,,,,,,,,,,,,,
sh688289,,圣湘生物,14.27,,14.49,14.69,13.67,,,,,,,,,,,,,,
sh688290,,景业智能,64.24,,65.11,65.5,62.3,,,,,,,,,,,,,,
sh688291,,金橙子,61.37,,63.55,63.9,59.7,,,,,,,,,,,,,,
sh688292,,浩瀚深度,19.7,,19.92,20.3,19.42,,,,,,,,,,,,,,
sh688293,,奥浦迈,40.09,,40.25,41.84,39.58,,,,,,,,,,,,,,
sh688295,,中复神鹰,55.21,,48.36,56.81,47.8,,,,,,,,,,,,,,
sh688296,,和达科技,12.26,,12.88,13.03,12.2,,,,,,,,,,,,,,
sh688297,,中无人机,44.61,,43.5,46.12,42.09,,,,,,,,,,,,,,
sh688298,,东方生物,18.98,,19.39,19.8,18.86,,,,,,,,,,,,,,
sh688299,,长阳科技,17.02,,17.19,17.22,16.66,,,,,,,,,,,,,,
sh688300,,联瑞新材,246.56,,234.65,249,229.01,,,,,,,,,,,,,,
sh688301,,奕瑞科技,109.73,,111,112.45,107.5,,,,,,,,,,,,,,
sh688302,,海创药业-U,35.27,,35.81,36.38,35,,,,,,,,,,,,,,
sh688303,,大全能源,18,,18.99,18.99,17.77,,,,,,,,,,,,,,
sh688305,,科德数控,66.21,,65.76,66.91,63.56,,,,,,,,,,,,,,
sh688306,,均普智能,9.62,,9.98,9.98,9.5,,,,,,,,,,,,,,
sh688307,,中润光学,79,,69.38,81.5,69.38,,,,,,,,,,,,,,
sh688308,,欧科亿,184.5,,179.14,187.58,176.1,,,,,,,,,,,,,,
sh688309,,恒誉环保,59.75,,61.5,62.6,59.6,,,,,,,,,,,,,,
sh688310,,迈得医疗,15.91,,16,16.45,15.7,,,,,,,,,,,,,,
sh688311,,盟升电子,26.48,,26.05,26.65,25.48,,,,,,,,,,,,,,
sh688312,,燕麦科技,96.95,,90,98.06,87.5,,,,,,,,,,,,,,
sh688313,,仕佳光子,203.33,,193,206.67,191.08,,,,,,,,,,,,,,
sh688314,,康拓医疗,38,,37.9,38.09,35.28,,,,,,,,,,,,,,
sh688315,,诺禾致源,12.78,,12.87,12.96,12.5,,,,,,,,,,,,,,
sh688316,,青云科技-U,59.07,,58.1,59.3,56.22,,,,,,,,,,,,,,
sh688317,,之江生物,16.39,,16.55,16.79,16.03,,,,,,,,,,,,,,
sh688318,,财富趋势,81.2,,82.88,84.96,80.3,,,,,,,,,,,,,,
sh688319,,欧林生物,39.52,,38.83,41.3,38.31,,,,,,,,,,,,,,
sh688320,,禾川科技,39.15,,36.87,40.08,36.87,,,,,,,,,,,,,,
sh688321,,微芯生物,25.46,,25.77,26.28,25.4,,,,,,,,,,,,,,
sh688322,,奥比中光-W,125.8,,122.8,127.15,119.38,,,,,,,,,,,,,,
sh688323,,瑞华泰,65.98,,61.88,69.5,61.88,,,,,,,,,,,,,,
sh688325,,赛微微电,135.09,,136.2,138.8,133,,,,,,,,,,,,,,
sh688326,,经纬恒润-W,72.18,,72.39,73.6,71,,,,,,,,,,,,,,
sh688327,,云从科技-UW,13.65,,13.86,14.04,13.52,,,,,,,,,,,,,,
sh688328,,深科达,81.66,,78.3,82.3,76.16,,,,,,,,,,,,,,
sh688329,,艾隆科技,21.5,,22.93,23,21.3,,,,,,,,,,,,,,
sh688330,,宏力达,36.66,,37.11,37.23,36.25,,,,,,,,,,,,,,
sh688331,,荣昌生物,117.55,,111.21,121.55,111.21,,,,,,,,,,,,,,
sh688332,,中科蓝讯,151.2,,138,153.8,137,,,,,,,,,,,,,,
sh688333,,XD铂力特,97.8,,98.65,98.69,95.08,,,,,,,,,,,,,,
sh688334,,西高院,18.74,,18.91,19.06,18.46,,,,,,,,,,,,,,
sh688335,,复洁科技,29.35,,31.5,31.5,28.75,,,,,,,,,,,,,,
sh688336,,三生国健,42.88,,44,46.43,42.62,,,,,,,,,,,,,,
sh688337,,普源精电,73.94,,71.48,74,68.65,,,,,,,,,,,,,,
sh688338,,赛科希德,27.45,,29.9,30.2,27.17,,,,,,,,,,,,,,
sh688339,,亿华通-U,19.37,,20.1,20.1,19.2,,,,,,,,,,,,,,
sh688343,,云天励飞-U,75.76,,71.99,77.12,69.91,,,,,,,,,,,,,,
sh688345,,博力威,56.8,,55.53,58.21,55.53,,,,,,,,,,,,,,
sh688347,,华虹宏力,316.01,,285.5,326.76,284,,,,,,,,,,,,,,
sh688348,,昱能科技,35.14,,36,36.08,34.9,,,,,,,,,,,,,,
sh688349,,三一重能,13.17,,13.78,13.78,13.07,,,,,,,,,,,,,,
sh688350,,富淼科技,36.56,,34.85,37,33.63,,,,,,,,,,,,,,
sh688351,,微电生理,22.45,,23.3,23.59,22.41,,,,,,,,,,,,,,
sh688352,,颀中科技,21.18,,18.38,21.7,18.32,,,,,,,,,,,,,,
sh688353,,华盛锂电,119.88,,126,128,112.2,,,,,,,,,,,,,,
sh688355,,明志科技,17.52,,18.23,18.23,17.38,,,,,,,,,,,,,,
sh688356,,键凯科技,72.97,,72.36,74.65,72,,,,,,,,,,,,,,
sh688357,,建龙微纳,28.35,,29.32,29.33,27.99,,,,,,,,,,,,,,
sh688358,,祥生医疗,33.04,,33.5,34.88,32.97,,,,,,,,,,,,,,
sh688359,,三孚新科,161.97,,159.31,162.87,155,,,,,,,,,,,,,,
sh688360,,德马科技,19.77,,19.85,19.98,19.15,,,,,,,,,,,,,,
sh688361,,中科飞测,312.34,,272.9,314,270.08,,,,,,,,,,,,,,
sh688362,,甬矽电子,76.98,,68.5,78.5,68.19,,,,,,,,,,,,,,
sh688363,,华熙生物,35.73,,36.52,36.94,35.52,,,,,,,,,,,,,,
sh688365,,光云科技,17.11,,17.5,17.51,16.7,,,,,,,,,,,,,,
sh688366,,昊海生科,30.1,,31.9,31.9,30.07,,,,,,,,,,,,,,
sh688367,,工大高科,40.54,,48.2,48.99,39.08,,,,,,,,,,,,,,
sh688368,,晶丰明源,222.1,,206,224.88,202,,,,,,,,,,,,,,
sh688369,,致远互联,20.51,,21.21,21.21,20.18,,,,,,,,,,,,,,
sh688370,,丛麟科技,22.06,,22.58,22.68,21.71,,,,,,,,,,,,,,
sh688371,,菲沃泰,35.62,,33.22,35.96,31.86,,,,,,,,,,,,,,
sh688372,,XD伟测科,164.88,,157.21,166.88,155.4,,,,,,,,,,,,,,
sh688373,,盟科药业-U,4.5,,4.62,4.76,4.5,,,,,,,,,,,,,,
sh688375,,国博电子,98.32,,94.24,99.35,92.6,,,,,,,,,,,,,,
sh688376,,美埃科技,84.6,,78.19,86.63,76.52,,,,,,,,,,,,,,
sh688377,,迪威尔,23.85,,24.4,24.64,23.71,,,,,,,,,,,,,,
sh688378,,奥来德,57.62,,57.8,58.69,55.5,,,,,,,,,,,,,,
sh688379,,华光新材,87.89,,87.02,89,83.18,,,,,,,,,,,,,,
sh688380,,中微半导,51.45,,50,51.59,49.2,,,,,,,,,,,,,,
sh688381,,帝奥微,43.25,,43.14,44.17,41.63,,,,,,,,,,,,,,
sh688382,,益方生物-U,17.4,,16.9,17.76,16.81,,,,,,,,,,,,,,
sh688383,,新益昌,192.92,,186.66,194.22,181.14,,,,,,,,,,,,,,
sh688385,,复旦微电,60.81,,58,61.68,57.15,,,,,,,,,,,,,,
sh688386,,泛亚微透,88,,87.53,88.66,85.18,,,,,,,,,,,,,,
sh688387,,信科移动-U,17.71,,16.8,17.99,16.5,,,,,,,,,,,,,,
sh688388,,嘉元科技,44.85,,42.83,45.27,42.73,,,,,,,,,,,,,,
sh688389,,普门科技,10.25,,10.61,10.61,10.13,,,,,,,,,,,,,,
sh688390,,固德威,113.19,,114.89,115.89,111.5,,,,,,,,,,,,,,
sh688391,,钜泉科技,34.71,,33.62,35.16,33.29,,,,,,,,,,,,,,
sh688392,,骄成超声,175.2,,169.3,178,167,,,,,,,,,,,,,,
sh688393,,安必平,18.51,,19.46,19.46,18.5,,,,,,,,,,,,,,
sh688395,,正弦电气,23.31,,24.08,24.22,23.12,,,,,,,,,,,,,,
sh688396,,华润微,84.66,,79.97,86.78,79.2,,,,,,,,,,,,,,
sh688398,,赛特新材,27.56,,26.46,27.87,26.46,,,,,,,,,,,,,,
sh688399,,硕世生物,47.51,,49.11,49.97,47.1,,,,,,,,,,,,,,
sh688400,,凌云光,66.28,,65.18,66.88,63.23,,,,,,,,,,,,,,
sh688401,,路维光电,84.41,,74.97,85,74.63,,,,,,,,,,,,,,
sh688403,,汇成股份,36.2,,32,36.2,32,,,,,,,,,,,,,,
sh688408,,中信博,33.17,,29.9,35.22,29.72,,,,,,,,,,,,,,
sh688409,,富创精密,221.32,,204,228.5,198.36,,,,,,,,,,,,,,
sh688410,,山外山,14.24,,14.48,14.57,14.15,,,,,,,,,,,,,,
sh688411,,海博思创,266.19,,272.09,272.09,261.8,,,,,,,,,,,,,,
sh688416,,XR恒烁股,127.75,,109.51,127.75,109.01,,,,,,,,,,,,,,
sh688418,,震有科技,46.5,,46.5,46.62,44.2,,,,,,,,,,,,,,
sh688419,,耐科装备,74.69,,70.33,75.18,69.01,,,,,,,,,,,,,,
sh688420,,美腾科技,21.83,,22.81,22.98,21.71,,,,,,,,,,,,,,
sh688425,,铁建重工,4.11,,4.21,4.24,4.11,,,,,,,,,,,,,,
sh688426,,康为世纪,18.57,,17.62,18.97,17.3,,,,,,,,,,,,,,
sh688428,,诺诚健华,24.67,,24.65,25.51,24.4,,,,,,,,,,,,,,
sh688429,,时创能源,10.14,,10.5,10.72,9.96,,,,,,,,,,,,,,
sh688432,,XD有研硅,24.03,,24.03,24.45,23.27,,,,,,,,,,,,,,
sh688433,,华曙高科,103.89,,106.55,110,101.04,,,,,,,,,,,,,,
sh688435,,英方软件,33.14,,33.79,33.84,32.47,,,,,,,,,,,,,,
sh688439,,振华风光,44.62,,44.2,44.95,43.61,,,,,,,,,,,,,,
sh688443,,智翔金泰-U,22.38,,23.35,23.38,22.19,,,,,,,,,,,,,,
sh688448,,磁谷科技,56.03,,57.1,59.5,54.51,,,,,,,,,,,,,,
sh688449,,联芸科技,81.4,,73.8,81.9,72.8,,,,,,,,,,,,,,
sh688450,,光格科技,52.46,,54,54.07,51,,,,,,,,,,,,,,
sh688455,,科捷智能,21.05,,20.88,21.49,19.89,,,,,,,,,,,,,,
sh688456,,有研粉材,144.52,,141.61,144.57,135,,,,,,,,,,,,,,
sh688458,,美芯晟,41.72,,40.86,41.97,39.69,,,,,,,,,,,,,,
sh688459,,XD哈铁科,8.02,,8.1,8.12,7.91,,,,,,,,,,,,,,
sh688466,,金科环境,13.69,,14.22,14.63,13.54,,,,,,,,,,,,,,
sh688468,,科美诊断,5.95,,6.08,6.11,5.85,,,,,,,,,,,,,,
sh688469,,芯联集成-U,10.01,,9.3,10.13,9.16,,,,,,,,,,,,,,
sh688472,,阿特斯,10.89,,11,11.09,10.72,,,,,,,,,,,,,,
sh688475,,萤石网络,26.85,,26.7,27.09,26.05,,,,,,,,,,,,,,
sh688478,,晶升股份,89.07,,86.86,91.98,85.02,,,,,,,,,,,,,,
sh688479,,友车科技,36.99,,36.88,37.84,36,,,,,,,,,,,,,,
sh688480,,赛恩斯,95.59,,96.49,97.95,94.05,,,,,,,,,,,,,,
sh688484,,南芯科技,54.25,,53.6,55.35,52.46,,,,,,,,,,,,,,
sh688485,,九州一轨,70.2,,70,71,66.81,,,,,,,,,,,,,,
sh688486,,龙迅股份,56.6,,56.96,57.21,54.46,,,,,,,,,,,,,,
sh688488,,艾迪药业,12.4,,12.43,12.96,12.3,,,,,,,,,,,,,,
sh688489,,三未信安,23.72,,24.59,24.7,23.33,,,,,,,,,,,,,,
sh688496,,*ST清越,1.04,,0.96,1.15,0.96,,,,,,,,,,,,,,
sh688498,,源杰科技,1838,,1812.01,1868.89,1779.12,,,,,,,,,,,,,,
sh688499,,利元亨,45.8,,46.01,46.68,44.09,,,,,,,,,,,,,,
sh688500,,慧辰股份,47.67,,46.6,48.7,44.88,,,,,,,,,,,,,,
sh688501,,青达环保,20.88,,21.21,21.21,20.16,,,,,,,,,,,,,,
sh688502,,茂莱光学,570,,503.69,598.72,494.94,,,,,,,,,,,,,,
sh688503,,聚和材料,96.39,,94.2,97.27,91.57,,,,,,,,,,,,,,
sh688505,,复旦张江,7.33,,7.5,7.56,7.29,,,,,,,,,,,,,,
sh688506,,百利天恒,247.71,,248,262.48,245.02,,,,,,,,,,,,,,
sh688507,,索辰科技,276.6,,234.5,281,230,,,,,,,,,,,,,,
sh688508,,芯朋微,86.11,,87.14,89.25,83.03,,,,,,,,,,,,,,
sh688509,,正元地信,4.81,,4.76,4.85,4.59,,,,,,,,,,,,,,
sh688510,,航亚科技,24.67,,25.22,25.55,24.27,,,,,,,,,,,,,,
sh688511,,天微电子,31.66,,32.2,32.86,29.45,,,,,,,,,,,,,,
sh688512,,慧智微-U,14.97,,14.97,15.2,14.53,,,,,,,,,,,,,,
sh688513,,苑东生物,44.12,,44.7,45.72,43.67,,,,,,,,,,,,,,
sh688515,,裕太微-U,266.63,,258.06,267.98,247.7,,,,,,,,,,,,,,
sh688516,,奥特维,54.72,,55.55,55.65,52.93,,,,,,,,,,,,,,
sh688517,,金冠电气,17.82,,18.73,18.76,17.42,,,,,,,,,,,,,,
sh688518,,联赢激光,28.64,,28.21,28.84,27.62,,,,,,,,,,,,,,
sh688519,,南亚新材,361.88,,337.72,363,337.72,,,,,,,,,,,,,,
sh688520,,神州细胞,34.7,,33.9,35.13,33.88,,,,,,,,,,,,,,
sh688521,,芯原股份,300.9,,282,308,279.66,,,,,,,,,,,,,,
sh688522,,纳睿雷达,19.91,,20.15,20.15,19.56,,,,,,,,,,,,,,
sh688523,,航天环宇,50.95,,50.3,51.98,48.5,,,,,,,,,,,,,,
sh688525,,佰维存储,417,,382,418.8,378.86,,,,,,,,,,,,,,
sh688526,,科前生物,12.18,,12.42,12.48,12.04,,,,,,,,,,,,,,
sh688528,,秦川物联,9.63,,10.22,10.31,9.62,,,,,,,,,,,,,,
sh688529,,豪森智能,16.79,,17.3,17.56,16.51,,,,,,,,,,,,,,
sh688530,,欧莱新材,80.99,,80.15,82.85,75.85,,,,,,,,,,,,,,
sh688531,,日联科技,166.52,,164,169.68,157.31,,,,,,,,,,,,,,
sh688533,,上声电子,21.94,,22.61,22.66,21.76,,,,,,,,,,,,,,
sh688535,,华海诚科,147.47,,137.54,148.88,132,,,,,,,,,,,,,,
sh688536,,思瑞浦,356,,341.68,359.64,336.8,,,,,,,,,,,,,,
sh688538,,和辉光电-U,2.34,,2.36,2.37,2.3,,,,,,,,,,,,,,
sh688539,,高华科技,31.69,,31.62,32.02,30.33,,,,,,,,,,,,,,
sh688543,,国科军工,39.32,,39.11,39.69,38.3,,,,,,,,,,,,,,
sh688545,,兴福电子,110.25,,102.55,112.55,101.23,,,,,,,,,,,,,,
sh688548,,广钢气体,38.59,,36.7,39.65,34.02,,,,,,,,,,,,,,
sh688549,,中巨芯-U,33.12,,30.88,33.35,30.1,,,,,,,,,,,,,,
sh688550,,瑞联新材,49.01,,47.61,49.33,46.25,,,,,,,,,,,,,,
sh688551,,科威尔,76,,66.88,77.17,66.88,,,,,,,,,,,,,,
sh688552,,航天南湖,28.53,,28.6,28.71,27.43,,,,,,,,,,,,,,
sh688553,,汇宇制药-W,10.9,,11.14,11.46,10.86,,,,,,,,,,,,,,
sh688556,,高测股份,11.9,,11.86,11.99,11.48,,,,,,,,,,,,,,
sh688557,,兰剑智能,31.4,,31.75,32.05,30.68,,,,,,,,,,,,,,
sh688558,,国盛智科,32.7,,32.77,33.18,31.8,,,,,,,,,,,,,,
sh688559,,海目星,75.67,,75.5,76.5,72.88,,,,,,,,,,,,,,
sh688560,,明冠新材,12.5,,13.1,13.24,12.46,,,,,,,,,,,,,,
sh688561,,奇安信-U,23.75,,24.65,24.77,23.7,,,,,,,,,,,,,,
sh688562,,航天软件,15.58,,15.7,15.82,15.23,,,,,,,,,,,,,,
sh688563,,航材股份,49.88,,49.53,50.56,49.39,,,,,,,,,,,,,,
sh688565,,力源科技,10.25,,10.54,10.66,10.1,,,,,,,,,,,,,,
sh688566,,吉贝尔,25.48,,25.66,26.33,25.4,,,,,,,,,,,,,,
sh688567,,孚能科技,10.61,,10.83,10.96,10.6,,,,,,,,,,,,,,
sh688568,,中科星图,42.38,,42.08,42.76,40.62,,,,,,,,,,,,,,
sh688569,,铁科轨道,16.95,,17.69,17.69,16.95,,,,,,,,,,,,,,
sh688570,,天玛智控,14.52,,15.25,15.25,14.46,,,,,,,,,,,,,,
sh688571,,杭华股份,9,,9.14,9.41,8.9,,,,,,,,,,,,,,
sh688573,,信宇人,18.65,,19.21,19.42,18.41,,,,,,,,,,,,,,
sh688575,,亚辉龙,8.91,,9.29,9.3,8.85,,,,,,,,,,,,,,
sh688576,,西山科技,44.54,,48.04,48.04,43.88,,,,,,,,,,,,,,
sh688577,,浙海德曼,47.2,,48.1,48.27,46.42,,,,,,,,,,,,,,
sh688578,,艾力斯,93.5,,88.6,96.28,88.6,,,,,,,,,,,,,,
sh688579,,地纬智能,8.18,,8.43,8.52,8.13,,,,,,,,,,,,,,
sh688580,,伟思医疗,55.47,,55.86,58,55,,,,,,,,,,,,,,
sh688581,,安杰思,53.51,,54.34,55.17,53.28,,,,,,,,,,,,,,
sh688582,,芯动联科,57.9,,56.7,58.96,56.4,,,,,,,,,,,,,,
sh688583,,思看科技,133.9,,134.13,137.05,129.29,,,,,,,,,,,,,,
sh688584,,上海合晶,29.88,,29.41,30.36,28.5,,,,,,,,,,,,,,
sh688585,,上纬新材,159.47,,156.88,162.88,156.16,,,,,,,,,,,,,,
sh688586,,江航装备,11.64,,11.87,11.87,11.37,,,,,,,,,,,,,,
sh688588,,凌志软件,9.72,,10.12,10.12,9.59,,,,,,,,,,,,,,
sh688589,,力合微,20.73,,20.7,20.88,19.97,,,,,,,,,,,,,,
sh688590,,新致软件,13.81,,13.92,14.01,13.34,,,,,,,,,,,,,,
sh688591,,泰凌微,33.75,,33.8,34.09,32.77,,,,,,,,,,,,,,
sh688592,,司南导航,38.34,,38.08,39.1,37.12,,,,,,,,,,,,,,
sh688593,,新相微,35.78,,29.53,35.78,28.67,,,,,,,,,,,,,,
sh688595,,芯海科技,40.3,,39.79,40.75,38.99,,,,,,,,,,,,,,
sh688596,,正帆科技,47.61,,44.99,47.76,43.5,,,,,,,,,,,,,,
sh688597,,煜邦电力,6.88,,7.1,7.22,6.83,,,,,,,,,,,,,,
sh688598,,金博股份,56.82,,55.64,57.8,53.46,,,,,,,,,,,,,,
sh688599,,天合光能,13.84,,13.88,14,13.5,,,,,,,,,,,,,,
sh688600,,皖仪科技,30.88,,32.79,32.79,30.4,,,,,,,,,,,,,,
sh688601,,力芯微,58.57,,57.97,59.7,56.51,,,,,,,,,,,,,,
sh688602,,康鹏科技,7.45,,7.6,7.69,7.36,,,,,,,,,,,,,,
sh688603,,天承科技,171.9,,168.8,172.88,164,,,,,,,,,,,,,,
sh688605,,先锋精科,90.64,,85.99,92.99,84.6,,,,,,,,,,,,,,
sh688606,,奥泰生物,42.54,,44.06,44.43,42.26,,,,,,,,,,,,,,
sh688607,,康众医疗,49.4,,52.73,53.33,49.31,,,,,,,,,,,,,,
sh688608,,恒玄科技,157.32,,156,158.48,152.85,,,,,,,,,,,,,,
sh688609,,九联科技,11.2,,11.49,11.6,10.9,,,,,,,,,,,,,,
sh688610,,埃科光电,226.47,,222.89,231.94,213,,,,,,,,,,,,,,
sh688611,,杭州柯林,73.15,,69.88,73.48,68.53,,,,,,,,,,,,,,
sh688612,,威迈斯,29.43,,29.6,29.88,28.59,,,,,,,,,,,,,,
sh688613,,奥精医疗,15.02,,15.53,15.66,14.86,,,,,,,,,,,,,,
sh688615,,合合信息,119.11,,117.4,120.6,114.5,,,,,,,,,,,,,,
sh688616,,西力科技,10.69,,11.1,11.17,10.55,,,,,,,,,,,,,,
sh688617,,惠泰医疗,188.49,,187.85,195,186.06,,,,,,,,,,,,,,
sh688618,,三旺通信,32.53,,33.7,34.06,31.41,,,,,,,,,,,,,,
sh688619,,罗普特,16.5,,17.2,17.68,16.22,,,,,,,,,,,,,,
sh688620,,安凯微,14.38,,14.39,14.59,13.91,,,,,,,,,,,,,,
sh688621,,阳光诺和,52.76,,52.66,54.38,52,,,,,,,,,,,,,,
sh688622,,*ST禾信,133.7,,137.61,137.61,130,,,,,,,,,,,,,,
sh688623,,双元科技,94.93,,96.2,96.25,93.61,,,,,,,,,,,,,,
sh688625,,呈和科技,91.6,,89.13,92,88,,,,,,,,,,,,,,
sh688626,,翔宇医疗,46.8,,44.44,49.2,44.44,,,,,,,,,,,,,,
sh688627,,精智达,638,,545.01,639,536.51,,,,,,,,,,,,,,
sh688628,,优利德,103.49,,101.85,106.82,97.03,,,,,,,,,,,,,,
sh688629,,华丰科技,148.91,,143.9,152.43,143.5,,,,,,,,,,,,,,
sh688630,,芯碁微装,513.88,,459,515.85,455.55,,,,,,,,,,,,,,
sh688631,,莱斯信息,45.01,,46.51,46.52,44.09,,,,,,,,,,,,,,
sh688633,,星球石墨,31.53,,31.45,31.74,30.6,,,,,,,,,,,,,,
sh688635,,长进光子,480.63,,470.94,488.9,460.66,,,,,,,,,,,,,,
sh688636,,智明达,35.86,,35.43,36.28,34.74,,,,,,,,,,,,,,
sh688638,,誉辰智能,32.64,,33.95,34.25,32.5,,,,,,,,,,,,,,
sh688639,,华恒生物,21.4,,22.03,22.03,21.2,,,,,,,,,,,,,,
sh688646,,ST逸飞,75.52,,75,76.35,72.43,,,,,,,,,,,,,,
sh688648,,中邮科技,34.6,,35.82,35.85,34.19,,,,,,,,,,,,,,
sh688651,,盛邦安全,34.11,,34.51,34.86,33.4,,,,,,,,,,,,,,
sh688652,,京仪装备,161.4,,149.53,162.77,148,,,,,,,,,,,,,,
sh688653,,康希通信,16.57,,17,17.66,15.8,,,,,,,,,,,,,,
sh688655,,迅捷兴,54.5,,51.72,54.99,51.65,,,,,,,,,,,,,,
sh688656,,浩欧博,97.19,,97.83,100.5,96.5,,,,,,,,,,,,,,
sh688657,,浩辰软件,36.66,,37.42,38.99,35.91,,,,,,,,,,,,,,
sh688658,,悦康药业,13.32,,13.88,14.08,13.3,,,,,,,,,,,,,,
sh688659,,元琛科技,11.36,,11.55,11.73,10.96,,,,,,,,,,,,,,
sh688660,,电气风电,8.91,,9.23,9.26,8.79,,,,,,,,,,,,,,
sh688661,,和林微纳,150.68,,143.5,155,142.84,,,,,,,,,,,,,,
sh688662,,富信科技,187.1,,171.04,188.03,162,,,,,,,,,,,,,,
sh688663,,新风光,83.03,,84.69,85.52,79.51,,,,,,,,,,,,,,
sh688665,,四方光电,59.4,,59.14,59.88,56.36,,,,,,,,,,,,,,
sh688667,,菱电电控,127.69,,125,128.5,121.86,,,,,,,,,,,,,,
sh688668,,鼎通科技,393,,384,399.89,384,,,,,,,,,,,,,,
sh688669,,聚石化学,73.94,,68.78,73.98,66.66,,,,,,,,,,,,,,
sh688670,,金迪克,14.07,,14.73,14.99,14.02,,,,,,,,,,,,,,
sh688671,,碧兴物联,31.11,,26.76,31.74,26.76,,,,,,,,,,,,,,
sh688676,,金盘科技,89.28,,85.59,90.48,84,,,,,,,,,,,,,,
sh688677,,海泰新光,112.76,,118.39,119.98,112.61,,,,,,,,,,,,,,
sh688678,,福立旺,22.9,,23.1,23.25,22.32,,,,,,,,,,,,,,
sh688679,,通源环境,46.62,,47.78,48.09,45.9,,,,,,,,,,,,,,
sh688680,,海优新材,43.35,,44.7,44.85,42.32,,,,,,,,,,,,,,
sh688681,,科汇股份,14.72,,15.28,15.45,14.65,,,,,,,,,,,,,,
sh688682,,霍莱沃,39.65,,39.37,40.28,37.57,,,,,,,,,,,,,,
sh688683,,莱尔科技,37.81,,38.35,39,37.33,,,,,,,,,,,,,,
sh688685,,迈信林,51.96,,45.44,52.16,45.03,,,,,,,,,,,,,,
sh688686,,奥普特,153.52,,153.47,158,149.87,,,,,,,,,,,,,,
sh688687,,凯因科技,16.01,,16.33,16.67,15.9,,,,,,,,,,,,,,
sh688689,,银河微电,46.82,,0,0,0,,,,,,,,,,,,,,
sh688690,,纳微科技,45.41,,42.97,48,41.85,,,,,,,,,,,,,,
sh688693,,锴威特,102.46,,102.47,104.38,98.69,,,,,,,,,,,,,,
sh688696,,极米科技,64.23,,67.23,67.51,64,,,,,,,,,,,,,,
sh688697,,纽威数控,14,,14,14.25,13.59,,,,,,,,,,,,,,
sh688698,,伟创电气,54.13,,54.08,55.23,52.9,,,,,,,,,,,,,,
sh688699,,明微电子,76.62,,73.3,77.66,72.6,,,,,,,,,,,,,,
sh688700,,东威科技,91.9,,89.9,93.38,88.03,,,,,,,,,,,,,,
sh688701,,卓锦股份,7.78,,8.03,8.4,7.72,,,,,,,,,,,,,,
sh688702,,盛科通信-U,310.63,,302.66,322,298.7,,,,,,,,,,,,,,
sh688707,,振华新材,13.85,,13.88,14.13,13.71,,,,,,,,,,,,,,
sh688711,,宏微科技,42.42,,42.94,44,40.48,,,,,,,,,,,,,,
sh688716,,中研股份,33.38,,34.36,34.79,33.11,,,,,,,,,,,,,,
sh688718,,唯赛勃,17.52,,17.14,17.91,16.9,,,,,,,,,,,,,,
sh688719,,爱科赛博,83,,81,84.54,78.1,,,,,,,,,,,,,,
sh688720,,艾森股份,85.9,,81.73,86.7,80.72,,,,,,,,,,,,,,
sh688722,,XD同益中,16.3,,16.45,16.5,15.95,,,,,,,,,,,,,,
sh688728,,格科微,15.7,,15.11,16.35,15.11,,,,,,,,,,,,,,
sh688733,,壹石通,39.72,,40.99,41.51,38.7,,,,,,,,,,,,,,
sh688737,,中自科技,23.38,,25.57,25.9,23.03,,,,,,,,,,,,,,
sh688739,,成大生物,19.97,,20.37,20.51,19.9,,,,,,,,,,,,,,
sh688766,,普冉股份,740,,675,753.3,649,,,,,,,,,,,,,,
sh688767,,博拓生物,36.41,,36.01,37.43,35.55,,,,,,,,,,,,,,
sh688768,,容知日新,56.21,,54.7,56.78,53.47,,,,,,,,,,,,,,
sh688772,,珠海冠宇,20.37,,19.49,20.58,19.3,,,,,,,,,,,,,,
sh688776,,国光电气,57.29,,57.69,57.99,55.88,,,,,,,,,,,,,,
sh688777,,中控技术,121.49,,120.4,125.5,116.06,,,,,,,,,,,,,,
sh688778,,厦钨新能,57.53,,57,58.7,55.95,,,,,,,,,,,,,,
sh688779,,五矿新能,8.64,,8.71,8.8,8.46,,,,,,,,,,,,,,
sh688786,,悦安新材,47.82,,46.85,50,45.98,,,,,,,,,,,,,,
sh688787,,海天瑞声,145.08,,147.98,149.39,142.5,,,,,,,,,,,,,,
sh688788,,科思科技,44.2,,42.04,44.43,42.04,,,,,,,,,,,,,,
sh688789,,宏华数科,58.1,,52.33,58.86,52.03,,,,,,,,,,,,,,
sh688793,,倍轻松,17.36,,18.5,18.5,17.13,,,,,,,,,,,,,,
sh688798,,艾为电子,71,,69.29,71.49,68.3,,,,,,,,,,,,,,
sh688799,,华纳药厂,47.27,,45.75,47.66,45.75,,,,,,,,,,,,,,
sh688800,,瑞可达,99.8,,97,101.5,95.23,,,,,,,,,,,,,,
sh688819,,天能股份,22.89,,23.43,23.51,22.8,,,,,,,,,,,,,,
sh688981,,中芯国际,151.53,,141.5,156.35,141.32,,,,,,,,,,,,,,
sh689009,,九号公司-WD,33.31,,33.14,33.63,32.22,,,,,,,,,,,,,,
sz000001,,平安银行,10.51,,10.68,10.78,10.51,,,,,,,,,,,,,,
sz000002,,万  科Ａ,2.97,,3.09,3.11,2.96,,,,,,,,,,,,,,
sz000004,,国华退,0.28,,0.29,0.3,0.28,,,,,,,,,,,,,,
sz000006,,深振业Ａ,7.52,,7.82,7.82,7.43,,,,,,,,,,,,,,
sz000007,,全新好,13.63,,13.46,13.63,12.99,,,,,,,,,,,,,,
sz000008,,神州高铁,2.41,,2.44,2.44,2.33,,,,,,,,,,,,,,
sz000009,,中国宝安,6.64,,6.79,6.79,6.56,,,,,,,,,,,,,,
sz000010,,*ST美丽,1.91,,2,2.02,1.9,,,,,,,,,,,,,,
sz000011,,深物业A,7.01,,7.32,7.38,7,,,,,,,,,,,,,,
sz000012,,南  玻Ａ,4.63,,4.65,4.8,4.56,,,,,,,,,,,,,,
sz000014,,沙河股份,9.61,,10.16,10.17,9.53,,,,,,,,,,,,,,
sz000016,,*ST康佳A,2.49,,2.58,2.58,2.49,,,,,,,,,,,,,,
sz000017,,深中华A,5.22,,5.28,5.33,5.16,,,,,,,,,,,,,,
sz000019,,深粮控股,5.89,,6.09,6.09,5.86,,,,,,,,,,,,,,
sz000020,,深华发Ａ,11.26,,11.76,11.77,10.92,,,,,,,,,,,,,,
sz000021,,深科技,50.27,,44.36,50.27,44.36,,,,,,,,,,,,,,
sz000025,,特  力Ａ,15.53,,15.8,16.31,15.51,,,,,,,,,,,,,,
sz000026,,飞亚达,21.82,,21.61,22.15,20.81,,,,,,,,,,,,,,
sz000027,,深圳能源,6.75,,6.86,6.88,6.7,,,,,,,,,,,,,,
sz000028,,国药一致,19.9,,20.22,20.48,19.9,,,,,,,,,,,,,,
sz000029,,深深房Ａ,26.15,,27.48,27.66,26.15,,,,,,,,,,,,,,
sz000030,,富奥股份,4.2,,4.3,4.32,4.19,,,,,,,,,,,,,,
sz000031,,大悦城,2.24,,2.36,2.36,2.21,,,,,,,,,,,,,,
sz000032,,深桑达Ａ,25.34,,23.39,25.34,22.98,,,,,,,,,,,,,,
sz000034,,神州数码,25.4,,25,25.58,24.46,,,,,,,,,,,,,,
sz000035,,中国天楹,5.02,,5.05,5.09,4.93,,,,,,,,,,,,,,
sz000036,,华联控股,4.96,,4.94,5.05,4.83,,,,,,,,,,,,,,
sz000037,,深南电A,9.56,,9.91,9.91,9.29,,,,,,,,,,,,,,
sz000039,,中集集团,8.77,,8.53,9.04,8.49,,,,,,,,,,,,,,
sz000042,,中洲控股,9.85,,10.03,10.34,9.78,,,,,,,,,,,,,,
sz000045,,深纺织Ａ,10.36,,10.56,10.66,10.14,,,,,,,,,,,,,,
sz000048,,京基智农,20.28,,20.76,21.5,20.08,,,,,,,,,,,,,,
sz000049,,德赛电池,24.13,,23.78,24.2,23.45,,,,,,,,,,,,,,
sz000050,,深天马Ａ,10.72,,9.78,10.99,9.57,,,,,,,,,,,,,,
sz000055,,方大集团,3.48,,3.6,3.61,3.36,,,,,,,,,,,,,,
sz000056,,*ST皇庭,1.88,,1.91,1.93,1.82,,,,,,,,,,,,,,
sz000058,,深 赛 格,6.31,,6.63,6.64,6.26,,,,,,,,,,,,,,
sz000059,,华锦股份,3.99,,4.03,4.09,3.96,,,,,,,,,,,,,,
sz000060,,中金岭南,8.17,,7.89,8.23,7.67,,,,,,,,,,,,,,
sz000061,,农 产 品,5.65,,5.87,5.87,5.64,,,,,,,,,,,,,,
sz000062,,深圳华强,32.88,,30.83,32.88,30.12,,,,,,,,,,,,,,
sz000063,,中兴通讯,37.42,,37.5,38.38,36.8,,,,,,,,,,,,,,
sz000065,,北方国际,12.29,,12.08,12.55,11.83,,,,,,,,,,,,,,
sz000066,,中国长城,19,,17.7,19.4,17.65,,,,,,,,,,,,,,
sz000068,,华控赛格,2.99,,3.14,3.15,2.91,,,,,,,,,,,,,,
sz000069,,华侨城Ａ,1.68,,1.76,1.76,1.67,,,,,,,,,,,,,,
sz000070,,特发信息,25.33,,24.59,26.05,24.35,,,,,,,,,,,,,,
sz000078,,ST海王,1.44,,1.49,1.51,1.43,,,,,,,,,,,,,,
sz000088,,盐 田 港,4.16,,4.25,4.25,4.15,,,,,,,,,,,,,,
sz000089,,深圳机场,6.2,,6.29,6.31,6.18,,,,,,,,,,,,,,
sz000090,,天健集团,3.24,,3.34,3.37,3.21,,,,,,,,,,,,,,
sz000096,,广聚能源,7.28,,7.58,7.59,7.23,,,,,,,,,,,,,,
sz000099,,中信海直,15.71,,15.77,15.86,15.38,,,,,,,,,,,,,,
sz000100,,TCL科技,4.85,,4.8,4.95,4.75,,,,,,,,,,,,,,
sz000151,,中成股份,11.95,,13.14,13.14,11.95,,,,,,,,,,,,,,
sz000153,,丰原药业,5.33,,5.42,5.46,5.24,,,,,,,,,,,,,,
sz000155,,川能动力,13.12,,12.7,13.17,12.55,,,,,,,,,,,,,,
sz000156,,华数传媒,6.66,,6.81,6.81,6.56,,,,,,,,,,,,,,
sz000157,,中联重科,7.27,,7.37,7.42,7.23,,,,,,,,,,,,,,
sz000158,,常山北明,13.88,,14.36,14.36,13.81,,,,,,,,,,,,,,
sz000159,,国际实业,5.79,,5.86,5.86,5.65,,,,,,,,,,,,,,
sz000166,,申万宏源,4.5,,4.57,4.67,4.47,,,,,,,,,,,,,,
sz000301,,东方盛虹,12.03,,11.92,12.33,11.78,,,,,,,,,,,,,,
sz000333,,美的集团,76.63,,78.5,78.7,76,,,,,,,,,,,,,,
sz000338,,潍柴动力,29.69,,29.79,30.42,29.5,,,,,,,,,,,,,,
sz000400,,许继电气,22.34,,22.64,22.64,22.15,,,,,,,,,,,,,,
sz000401,,金隅冀东,3.53,,3.63,3.63,3.52,,,,,,,,,,,,,,
sz000402,,金 融 街,2.62,,2.73,2.74,2.58,,,,,,,,,,,,,,
sz000403,,派林生物,9.31,,9.71,10.1,9.28,,,,,,,,,,,,,,
sz000404,,长虹华意,7.37,,7.56,7.57,7.31,,,,,,,,,,,,,,
sz000407,,胜利股份,3.82,,3.94,3.94,3.78,,,,,,,,,,,,,,
sz000408,,藏格矿业,73.2,,72,74.18,71.37,,,,,,,,,,,,,,
sz000409,,云鼎科技,8.59,,8.84,8.85,8.56,,,,,,,,,,,,,,
sz000410,,沈阳机床,4.84,,5.02,5.05,4.81,,,,,,,,,,,,,,
sz000411,,英特集团,9.39,,9.55,9.68,9.34,,,,,,,,,,,,,,
sz000415,,渤海租赁,4.22,,4.34,4.37,4.2,,,,,,,,,,,,,,
sz000417,,合百集团,8.31,,7.64,8.5,7.53,,,,,,,,,,,,,,
sz000419,,通程控股,4.67,,4.89,4.91,4.62,,,,,,,,,,,,,,
sz000420,,吉林化纤,4.32,,4.26,4.36,4.21,,,,,,,,,,,,,,
sz000421,,南京公用,5.25,,5.38,5.4,5.18,,,,,,,,,,,,,,
sz000422,,湖北宜化,14.26,,13.95,14.3,13.83,,,,,,,,,,,,,,
sz000423,,东阿阿胶,44.33,,45.51,45.69,44.32,,,,,,,,,,,,,,
sz000425,,徐工机械,8.33,,8.68,8.72,8.23,,,,,,,,,,,,,,
sz000426,,兴业银锡,37.82,,36.04,37.98,36.01,,,,,,,,,,,,,,
sz000428,,华天酒店,3.23,,3.38,3.38,3.18,,,,,,,,,,,,,,
sz000429,,粤高速Ａ,13.67,,13.79,13.86,13.6,,,,,,,,,,,,,,
sz000430,,张家界,7.48,,7.77,7.8,7.26,,,,,,,,,,,,,,
sz000488,,ST晨鸣,2.04,,2.07,2.08,2.03,,,,,,,,,,,,,,
sz000498,,山东路桥,4.91,,5.02,5.02,4.91,,,,,,,,,,,,,,
sz000501,,武商集团,6.88,,7.02,7.05,6.81,,,,,,,,,,,,,,
sz000503,,国新健康,6.66,,6.9,6.95,6.63,,,,,,,,,,,,,,
sz000504,,南华生物,7.89,,8.27,8.38,7.87,,,,,,,,,,,,,,
sz000505,,京粮控股,5.22,,5.38,5.41,5.19,,,,,,,,,,,,,,
sz000506,,招金黄金,13.12,,13.2,13.42,12.79,,,,,,,,,,,,,,
sz000507,,珠海港,4.9,,4.78,5.02,4.71,,,,,,,,,,,,,,
sz000509,,华塑控股,3.9,,4.1,4.12,3.83,,,,,,,,,,,,,,
sz000510,,新金路,24.53,,23.67,24.96,23.4,,,,,,,,,,,,,,
sz000513,,丽珠集团,29.66,,29.62,30.26,29.44,,,,,,,,,,,,,,
sz000514,,渝 开 发,3.82,,4.02,4.02,3.8,,,,,,,,,,,,,,
sz000516,,国际医学,4.12,,4.06,4.2,4.02,,,,,,,,,,,,,,
sz000517,,荣安地产,1.76,,1.8,1.81,1.73,,,,,,,,,,,,,,
sz000518,,四环生物,3.34,,3.3,3.37,3.25,,,,,,,,,,,,,,
sz000519,,中兵红箭,21.59,,21.5,21.79,20.62,,,,,,,,,,,,,,
sz000520,,凤凰航运,3.95,,4.2,4.25,3.89,,,,,,,,,,,,,,
sz000521,,长虹美菱,5.2,,5.38,5.39,5.2,,,,,,,,,,,,,,
sz000523,,红棉股份,2.72,,2.82,2.84,2.7,,,,,,,,,,,,,,
sz000524,,岭南控股,8.95,,0,0,0,,,,,,,,,,,,,,
sz000525,,红太阳,4.16,,4.29,4.31,4.1,,,,,,,,,,,,,,
sz000526,,学大教育,26.06,,27.1,27.48,25.72,,,,,,,,,,,,,,
sz000528,,柳    工,7.74,,7.95,7.96,7.69,,,,,,,,,,,,,,
sz000529,,广弘控股,4.51,,4.66,4.66,4.48,,,,,,,,,,,,,,
sz000530,,冰山冷热,5.45,,5.42,5.58,5.17,,,,,,,,,,,,,,
sz000531,,穗恒运Ａ,6.63,,6.63,6.73,6.48,,,,,,,,,,,,,,
sz000532,,华金资本,11.35,,11.81,11.81,11.25,,,,,,,,,,,,,,
sz000533,,顺钠股份,10.26,,10.3,10.36,10.02,,,,,,,,,,,,,,
sz000534,,万泽股份,29.32,,29.91,29.91,28.67,,,,,,,,,,,,,,
sz000536,,华映科技,3.36,,3.51,3.53,3.34,,,,,,,,,,,,,,
sz000537,,绿发电力,7.81,,8.04,8.04,7.76,,,,,,,,,,,,,,
sz000538,,云南白药,47.63,,48.53,49.2,47.49,,,,,,,,,,,,,,
sz000539,,粤电力Ａ,6.91,,7.02,7.05,6.72,,,,,,,,,,,,,,
sz000541,,佛山照明,4.97,,5.09,5.1,4.91,,,,,,,,,,,,,,
sz000543,,皖能电力,7.95,,8.03,8.03,7.85,,,,,,,,,,,,,,
sz000544,,中原环保,7.41,,7.51,7.54,7.33,,,,,,,,,,,,,,
sz000545,,金浦钛业,2.66,,2.69,2.79,2.55,,,,,,,,,,,,,,
sz000546,,金圆股份,5.41,,5.28,5.44,5.12,,,,,,,,,,,,,,
sz000547,,航天发展,19.09,,18.77,19.27,18.18,,,,,,,,,,,,,,
sz000548,,湖南投资,4.32,,4.45,4.5,4.3,,,,,,,,,,,,,,
sz000550,,江铃汽车,16.9,,17.45,17.49,16.82,,,,,,,,,,,,,,
sz000551,,创元科技,16.81,,17.14,17.14,15.72,,,,,,,,,,,,,,
sz000552,,甘肃能化,2.4,,2.47,2.49,2.39,,,,,,,,,,,,,,
sz000553,,安道麦A,5.92,,5.91,5.99,5.85,,,,,,,,,,,,,,
sz000554,,泰山石油,5.95,,6.15,6.17,5.9,,,,,,,,,,,,,,
sz000555,,神州信息,11.53,,11.58,12.15,11.21,,,,,,,,,,,,,,
sz000557,,西部创业,3.64,,3.79,3.81,3.61,,,,,,,,,,,,,,
sz000558,,天府文旅,3.26,,3.46,3.47,3.26,,,,,,,,,,,,,,
sz000559,,万向钱潮,13.58,,13.75,13.82,13.36,,,,,,,,,,,,,,
sz000560,,我爱我家,2.1,,2.19,2.2,2.08,,,,,,,,,,,,,,
sz000561,,烽火电子,7.49,,7.75,7.75,7.38,,,,,,,,,,,,,,
sz000563,,陕国投Ａ,2.89,,2.97,3,2.88,,,,,,,,,,,,,,
sz000564,,供销大集,1.38,,1.43,1.44,1.37,,,,,,,,,,,,,,
sz000565,,渝三峡Ａ,6.03,,6.2,6.29,5.99,,,,,,,,,,,,,,
sz000566,,海南海药,4.49,,4.33,4.49,4.33,,,,,,,,,,,,,,
sz000567,,海德股份,5.96,,6.18,6.27,5.88,,,,,,,,,,,,,,
sz000568,,泸州老窖,76.87,,78.7,79.55,76.85,,,,,,,,,,,,,,
sz000570,,苏常柴Ａ,4.94,,5.07,5.13,4.89,,,,,,,,,,,,,,
sz000571,,新大洲A,6.26,,6.37,6.41,6.18,,,,,,,,,,,,,,
sz000572,,海马汽车,3.92,,3.99,4.04,3.86,,,,,,,,,,,,,,
sz000573,,粤宏远Ａ,3.83,,3.99,4,3.74,,,,,,,,,,,,,,
sz000576,,甘化科工,6.93,,7.15,7.15,6.81,,,,,,,,,,,,,,
sz000581,,威孚高科,17.55,,17.64,17.69,17.35,,,,,,,,,,,,,,
sz000582,,北部湾港,11.33,,11.67,11.73,11.29,,,,,,,,,,,,,,
sz000586,,汇源通信,14.86,,15,15.54,14.51,,,,,,,,,,,,,,
sz000589,,贵州轮胎,4.21,,4.28,4.3,4.18,,,,,,,,,,,,,,
sz000590,,古汉医药,8.92,,9.29,9.3,8.91,,,,,,,,,,,,,,
sz000591,,太阳能,4.53,,4.65,4.65,4.5,,,,,,,,,,,,,,
sz000592,,平潭发展,6.95,,7.27,7.28,6.81,,,,,,,,,,,,,,
sz000593,,德龙汇能,24.06,,24.68,25.72,23.75,,,,,,,,,,,,,,
sz000595,,*ST宝实,5.87,,5.98,6.04,5.76,,,,,,,,,,,,,,
sz000596,,古井贡酒,78.2,,79.94,81.22,78.04,,,,,,,,,,,,,,
sz000597,,东北制药,4.43,,4.53,4.67,4.41,,,,,,,,,,,,,,
sz000598,,兴蓉环境,6.66,,6.75,6.79,6.61,,,,,,,,,,,,,,
sz000599,,青岛双星,4.47,,4.63,4.64,4.45,,,,,,,,,,,,,,
sz000600,,建投能源,9.35,,9.78,9.78,9.28,,,,,,,,,,,,,,
sz000601,,韶能股份,6.26,,6.4,6.48,6.17,,,,,,,,,,,,,,
sz000603,,盛达资源,24.34,,24.49,24.75,23.6,,,,,,,,,,,,,,
sz000605,,渤海股份,5.75,,5.95,6,5.69,,,,,,,,,,,,,,
sz000607,,华媒控股,3.2,,3.34,3.36,3.15,,,,,,,,,,,,,,
sz000608,,阳光股份,7.39,,7.54,8.08,7.24,,,,,,,,,,,,,,
sz000609,,*ST中迪,11.14,,11.27,11.36,10.84,,,,,,,,,,,,,,
sz000610,,*ST西旅,5.92,,6.19,6.26,5.92,,,,,,,,,,,,,,
sz000612,,焦作万方,12,,11.59,12.28,11.46,,,,,,,,,,,,,,
sz000615,,*ST美谷,3.22,,3.32,3.32,3.2,,,,,,,,,,,,,,
sz000617,,中油资本,7.01,,7.25,7.29,6.99,,,,,,,,,,,,,,
sz000619,,海螺新材,4.67,,4.93,4.98,4.65,,,,,,,,,,,,,,
sz000620,,盈新发展,2.98,,2.85,3.01,2.79,,,,,,,,,,,,,,
sz000623,,吉林敖东,18.08,,18.3,18.67,18.06,,,,,,,,,,,,,,
sz000625,,长安汽车,7.02,,7.28,7.31,7.02,,,,,,,,,,,,,,
sz000626,,远大控股,6.79,,6.96,7.06,6.73,,,,,,,,,,,,,,
sz000628,,高新发展,51.68,,51.3,52.25,50.24,,,,,,,,,,,,,,
sz000629,,钒钛股份,3.27,,3.22,3.28,3.15,,,,,,,,,,,,,,
sz000630,,铜陵有色,6.94,,6.88,6.99,6.6,,,,,,,,,,,,,,
sz000631,,顺发恒能,2.99,,3.02,3.04,2.97,,,,,,,,,,,,,,
sz000632,,ST三木,3.16,,3.33,3.4,3.16,,,,,,,,,,,,,,
sz000633,,合金投资,4.99,,5.26,5.28,4.9,,,,,,,,,,,,,,
sz000635,,英 力 特,6.37,,6.57,6.67,6.28,,,,,,,,,,,,,,
sz000636,,风华高科,72.38,,69.51,73.5,69,,,,,,,,,,,,,,
sz000637,,茂化实华,3.69,,3.88,3.91,3.66,,,,,,,,,,,,,,
sz000639,,ST西王,1.25,,1.32,1.33,1.25,,,,,,,,,,,,,,
sz000650,,仁和药业,5.18,,5.31,5.32,5.17,,,,,,,,,,,,,,
sz000651,,格力电器,37.11,,37,37.28,36.7,,,,,,,,,,,,,,
sz000652,,泰达股份,3.42,,3.53,3.55,3.39,,,,,,,,,,,,,,
sz000655,,金岭矿业,6.83,,6.96,7.03,6.73,,,,,,,,,,,,,,
sz000656,,*ST金科,1.23,,1.29,1.29,1.23,,,,,,,,,,,,,,
sz000657,,中钨高新,100.08,,99.86,101.96,94.79,,,,,,,,,,,,,,
sz000659,,珠海中富,3.24,,3.32,3.33,3.22,,,,,,,,,,,,,,
sz000661,,长春高新,65.46,,66,67.39,64.8,,,,,,,,,,,,,,
sz000663,,永安林业,5.34,,5.6,5.68,5.28,,,,,,,,,,,,,,
sz000665,,湖北广电,3.85,,4.02,4.02,3.79,,,,,,,,,,,,,,
sz000668,,荣丰控股,21.65,,22.8,23.27,21.43,,,,,,,,,,,,,,
sz000669,,ST金鸿,3.92,,3.89,3.95,3.82,,,,,,,,,,,,,,
sz000670,,盈方微,7.77,,7.89,7.96,7.5,,,,,,,,,,,,,,
sz000672,,上峰材料,21.55,,19.71,21.87,19.16,,,,,,,,,,,,,,
sz000676,,智度股份,5.37,,5.63,5.64,5.31,,,,,,,,,,,,,,
sz000677,,ST海龙,1.6,,1.65,1.67,1.6,,,,,,,,,,,,,,
sz000678,,襄阳轴承,8.95,,9.24,9.29,8.81,,,,,,,,,,,,,,
sz000679,,大连友谊,6.88,,7.37,7.5,6.79,,,,,,,,,,,,,,
sz000680,,山推股份,9.88,,10.06,10.07,9.72,,,,,,,,,,,,,,
sz000681,,视觉中国,21.77,,22.21,22.5,21.18,,,,,,,,,,,,,,
sz000682,,东方电子,13.75,,14.01,14.02,13.47,,,,,,,,,,,,,,
sz000683,,博源化工,6.27,,6.35,6.44,6.24,,,,,,,,,,,,,,
sz000685,,中山公用,11.22,,11.42,11.46,11.13,,,,,,,,,,,,,,
sz000686,,东北证券,8.56,,8.52,8.76,8.47,,,,,,,,,,,,,,
sz000688,,国城矿业,35.98,,33.76,36.2,32.11,,,,,,,,,,,,,,
sz000690,,宝新能源,4.9,,4.94,4.95,4.82,,,,,,,,,,,,,,
sz000691,,亚太实业,13.49,,12.77,13.55,12.31,,,,,,,,,,,,,,
sz000692,,惠天热电,4.19,,4.31,4.34,4.11,,,,,,,,,,,,,,
sz000695,,滨海能源,13.41,,14.09,14.15,13.2,,,,,,,,,,,,,,
sz000697,,炼石航空,10.72,,10.99,11.01,10.4,,,,,,,,,,,,,,
sz000698,,ST沈化,3.05,,3.09,3.15,3.04,,,,,,,,,,,,,,
sz000700,,模塑科技,14.52,,15.2,15.22,14.3,,,,,,,,,,,,,,
sz000701,,厦门信达,4.73,,5.02,5.03,4.71,,,,,,,,,,,,,,
sz000702,,正虹科技,5.12,,5.41,5.47,5.1,,,,,,,,,,,,,,
sz000703,,恒逸石化,14.79,,13.74,14.94,13.74,,,,,,,,,,,,,,
sz000705,,浙江震元,6.22,,6.44,6.52,6.18,,,,,,,,,,,,,,
sz000707,,双环科技,4.6,,4.68,4.7,4.5,,,,,,,,,,,,,,
sz000708,,中信特钢,13.28,,13.36,13.45,13.05,,,,,,,,,,,,,,
sz000709,,河钢股份,2.03,,2.05,2.07,2.01,,,,,,,,,,,,,,
sz000710,,贝瑞基因,7.84,,8.13,8.17,7.8,,,,,,,,,,,,,,
sz000711,,ST京蓝,5.04,,5.04,5.25,4.86,,,,,,,,,,,,,,
sz000712,,锦龙股份,9.14,,9.56,9.65,9.12,,,,,,,,,,,,,,
sz000713,,国投丰乐,5.42,,5.56,5.58,5.4,,,,,,,,,,,,,,
sz000715,,中兴商业,4.92,,4.76,4.96,4.7,,,,,,,,,,,,,,
sz000716,,黑芝麻,4.27,,4.44,4.45,4.23,,,,,,,,,,,,,,
sz000717,,中南股份,2.03,,2.07,2.08,2,,,,,,,,,,,,,,
sz000718,,苏宁环球,1.8,,1.86,1.87,1.79,,,,,,,,,,,,,,
sz000719,,中原传媒,11.55,,11.67,11.73,11.48,,,,,,,,,,,,,,
sz000720,,新能泰山,3.94,,4.04,4.06,3.81,,,,,,,,,,,,,,
sz000721,,西安饮食,6.02,,6.16,6.26,5.96,,,,,,,,,,,,,,
sz000722,,湖南发展,12.61,,13.46,13.46,12.6,,,,,,,,,,,,,,
sz000723,,美锦能源,3.45,,3.67,3.67,3.43,,,,,,,,,,,,,,
sz000725,,京东方Ａ,7.07,,6.7,7.15,6.57,,,,,,,,,,,,,,
sz000726,,鲁  泰Ａ,5.7,,5.79,5.83,5.64,,,,,,,,,,,,,,
sz000727,,冠捷科技,2.69,,2.75,2.75,2.64,,,,,,,,,,,,,,
sz000728,,国元证券,7.5,,7.4,7.88,7.36,,,,,,,,,,,,,,
sz000729,,燕京啤酒,10.27,,10.31,10.49,10.22,,,,,,,,,,,,,,
sz000731,,四川美丰,5.4,,5.55,5.62,5.38,,,,,,,,,,,,,,
sz000733,,振华科技,56.9,,56.08,59.3,55.64,,,,,,,,,,,,,,
sz000735,,罗 牛 山,4.89,,5.07,5.07,4.86,,,,,,,,,,,,,,
sz000736,,中交发展,3.87,,4.04,4.11,3.81,,,,,,,,,,,,,,
sz000737,,北方铜业,14.27,,14.13,14.34,13.69,,,,,,,,,,,,,,
sz000738,,航发控制,18.29,,18.38,18.45,18.03,,,,,,,,,,,,,,
sz000739,,普洛药业,16.82,,16.77,17.15,16.54,,,,,,,,,,,,,,
sz000750,,国海证券,3.74,,3.83,3.88,3.72,,,,,,,,,,,,,,
sz000751,,锌业股份,6.16,,5.74,6.28,5.48,,,,,,,,,,,,,,
sz000752,,*ST西发,8.68,,8.92,8.92,8.63,,,,,,,,,,,,,,
sz000753,,漳州发展,4.71,,4.84,4.86,4.63,,,,,,,,,,,,,,
sz000755,,山西高速,4.41,,4.54,4.59,4.38,,,,,,,,,,,,,,
sz000756,,新华制药,14.19,,14.07,14.78,14,,,,,,,,,,,,,,
sz000757,,浩物股份,3.57,,3.78,3.8,3.54,,,,,,,,,,,,,,
sz000758,,中色股份,7.07,,7.17,7.38,6.85,,,,,,,,,,,,,,
sz000759,,中百集团,6.18,,6.35,6.6,6.08,,,,,,,,,,,,,,
sz000761,,本钢板材,2.25,,2.33,2.35,2.19,,,,,,,,,,,,,,
sz000762,,西藏矿业,29.8,,28.55,30.13,28,,,,,,,,,,,,,,
sz000766,,通化金马,24.19,,24.25,24.6,23.99,,,,,,,,,,,,,,
sz000767,,晋控电力,4.15,,4.2,4.22,4.04,,,,,,,,,,,,,,
sz000768,,中航西飞,20.09,,20.35,20.42,20.05,,,,,,,,,,,,,,
sz000776,,广发证券,22.66,,23.17,23.67,22.42,,,,,,,,,,,,,,
sz000777,,中核科技,17.54,,17.95,17.95,17.02,,,,,,,,,,,,,,
sz000778,,新兴铸管,3.97,,4,4.04,3.96,,,,,,,,,,,,,,
sz000779,,甘咨询,7.78,,7.74,7.85,7.59,,,,,,,,,,,,,,
sz000782,,恒申新材,7.99,,7.78,8.06,7.6,,,,,,,,,,,,,,
sz000783,,长江证券,9.23,,9.49,9.79,9.08,,,,,,,,,,,,,,
sz000785,,居然智家,2.09,,2.16,2.17,2.09,,,,,,,,,,,,,,
sz000786,,北新建材,18.42,,18.63,18.91,18.19,,,,,,,,,,,,,,
sz000788,,北大医药,5.19,,5.36,5.41,5.16,,,,,,,,,,,,,,
sz000789,,万年青,3.97,,4.11,4.11,3.95,,,,,,,,,,,,,,
sz000790,,华神科技,3.58,,3.74,3.75,3.56,,,,,,,,,,,,,,
sz000791,,甘肃能源,7.92,,8.16,8.24,7.88,,,,,,,,,,,,,,
sz000792,,盐湖股份,31.34,,29,31.5,28.9,,,,,,,,,,,,,,
sz000793,,*ST华闻,2.6,,2.61,2.66,2.57,,,,,,,,,,,,,,
sz000795,,英洛华,9.37,,9.6,9.74,9.2,,,,,,,,,,,,,,
sz000796,,凯撒旅业,3.96,,4.14,4.16,3.93,,,,,,,,,,,,,,
sz000797,,中国武夷,2.28,,2.35,2.41,2.24,,,,,,,,,,,,,,
sz000798,,中水渔业,7.28,,7.55,7.55,7.23,,,,,,,,,,,,,,
sz000799,,酒鬼酒,39.98,,41.42,41.68,39.72,,,,,,,,,,,,,,
sz000800,,一汽解放,6.05,,6.23,6.23,6.03,,,,,,,,,,,,,,
sz000801,,四川九洲,10.96,,11.1,11.12,10.7,,,,,,,,,,,,,,
sz000802,,北京文化,3.71,,3.99,4.01,3.67,,,,,,,,,,,,,,
sz000803,,山高环能,6.99,,7.3,7.3,6.82,,,,,,,,,,,,,,
sz000807,,云铝股份,24.64,,24.31,25.2,24.01,,,,,,,,,,,,,,
sz000809,,和展能源,3.47,,3.51,3.57,3.43,,,,,,,,,,,,,,
sz000810,,创维数字,12.1,,12.39,12.48,11.98,,,,,,,,,,,,,,
sz000811,,冰轮环境,48.75,,43.87,49.47,43.45,,,,,,,,,,,,,,
sz000812,,陕西金叶,3.26,,3.36,3.39,3.24,,,,,,,,,,,,,,
sz000813,,德展健康,3.05,,3.17,3.19,3.05,,,,,,,,,,,,,,
sz000815,,美利云,16.99,,16.28,17.28,15.55,,,,,,,,,,,,,,
sz000816,,智慧农业,2.4,,2.49,2.51,2.34,,,,,,,,,,,,,,
sz000818,,航锦科技,13.46,,12.2,13.46,11.77,,,,,,,,,,,,,,
sz000819,,岳阳兴长,12.67,,13.06,13.28,12.5,,,,,,,,,,,,,,
sz000820,,*ST节能,2.87,,2.93,2.93,2.83,,,,,,,,,,,,,,
sz000821,,ST京机,7.79,,8.15,8.15,7.79,,,,,,,,,,,,,,
sz000822,,山东海化,4.27,,4.43,4.47,4.25,,,,,,,,,,,,,,
sz000823,,超声电子,23.52,,20.54,23.52,20.54,,,,,,,,,,,,,,
sz000825,,太钢不锈,3.6,,3.64,3.67,3.55,,,,,,,,,,,,,,
sz000826,,*ST启环,1.92,,1.92,1.96,1.92,,,,,,,,,,,,,,
sz000828,,东莞控股,9.58,,9.99,9.99,9.55,,,,,,,,,,,,,,
sz000829,,天音控股,7.65,,7.91,7.94,7.58,,,,,,,,,,,,,,
sz000830,,鲁西化工,12.87,,12.53,13.06,12.43,,,,,,,,,,,,,,
sz000831,,中国稀土,58.28,,59.16,59.88,56.8,,,,,,,,,,,,,,
sz000833,,粤桂股份,25,,24.54,25.05,23.62,,,,,,,,,,,,,,
sz000837,,秦川机床,11.58,,11.93,12.09,11.33,,,,,,,,,,,,,,
sz000838,,*ST发展,1.58,,1.49,1.58,1.44,,,,,,,,,,,,,,
sz000839,,国安股份,2.84,,2.81,2.89,2.78,,,,,,,,,,,,,,
sz000848,,承德露露,7.61,,7.68,7.74,7.55,,,,,,,,,,,,,,
sz000850,,华茂股份,3.64,,3.79,3.82,3.62,,,,,,,,,,,,,,
sz000852,,石化机械,5.22,,5.48,5.48,5.2,,,,,,,,,,,,,,
sz000856,,冀东装备,7.56,,8.03,8.05,7.53,,,,,,,,,,,,,,
sz000858,,五 粮 液,73.3,,74.54,75.45,73.28,,,,,,,,,,,,,,
sz000859,,国风新材,11.95,,11.81,12.11,11.42,,,,,,,,,,,,,,
sz000860,,顺鑫农业,9.8,,10.16,10.27,9.77,,,,,,,,,,,,,,
sz000862,,银星能源,5.05,,5.18,5.18,4.95,,,,,,,,,,,,,,
sz000863,,三湘印象,4.08,,4.19,4.19,3.96,,,,,,,,,,,,,,
sz000868,,安凯客车,3.42,,3.62,3.62,3.4,,,,,,,,,,,,,,
sz000869,,张  裕Ａ,16.46,,16.96,16.96,16.44,,,,,,,,,,,,,,
sz000875,,电投绿能,5.3,,5.4,5.5,5.25,,,,,,,,,,,,,,
sz000876,,新 希 望,5.95,,6.19,6.19,5.9,,,,,,,,,,,,,,
sz000877,,天山股份,3.83,,3.88,3.89,3.77,,,,,,,,,,,,,,
sz000878,,云南铜业,17.45,,17.5,17.8,17.05,,,,,,,,,,,,,,
sz000880,,潍柴重机,24.66,,24.56,24.69,24.1,,,,,,,,,,,,,,
sz000881,,中广核技,6.51,,6.69,6.72,6.46,,,,,,,,,,,,,,
sz000882,,华联股份,1.43,,1.46,1.58,1.41,,,,,,,,,,,,,,
sz000883,,湖北能源,4.56,,4.65,4.66,4.53,,,,,,,,,,,,,,
sz000885,,城发环境,12.69,,12.85,12.87,12.62,,,,,,,,,,,,,,
sz000886,,海南高速,4.24,,4.36,4.39,4.17,,,,,,,,,,,,,,
sz000887,,中鼎股份,18.52,,19.11,19.28,18.39,,,,,,,,,,,,,,
sz000888,,峨眉山Ａ,9.22,,9.48,9.52,9.17,,,,,,,,,,,,,,
sz000889,,中嘉博创,3.8,,3.76,3.9,3.67,,,,,,,,,,,,,,
sz000890,,法尔胜,8.46,,8.83,8.83,8.25,,,,,,,,,,,,,,
sz000892,,欢瑞世纪,3.4,,3.63,3.66,3.34,,,,,,,,,,,,,,
sz000893,,亚钾国际,44.33,,43.3,44.55,42.57,,,,,,,,,,,,,,
sz000895,,双汇发展,22.57,,22.79,23.02,22.57,,,,,,,,,,,,,,
sz000897,,津滨发展,1.71,,1.79,1.79,1.7,,,,,,,,,,,,,,
sz000898,,鞍钢股份,1.91,,1.96,1.96,1.9,,,,,,,,,,,,,,
sz000899,,赣能股份,10.38,,10.57,10.59,10.3,,,,,,,,,,,,,,
sz000900,,现代投资,3.68,,3.65,3.71,3.55,,,,,,,,,,,,,,
sz000901,,航天科技,17.87,,17.63,18.04,17.28,,,,,,,,,,,,,,
sz000902,,新洋丰,12.45,,12.23,12.75,12.2,,,,,,,,,,,,,,
sz000903,,ST云动,1.92,,1.95,1.96,1.9,,,,,,,,,,,,,,
sz000905,,厦门港务,8.31,,8.47,8.49,8.25,,,,,,,,,,,,,,
sz000906,,浙商中拓,5.32,,5.47,5.48,5.3,,,,,,,,,,,,,,
sz000908,,景峰医药,6.05,,5.52,6.05,5.52,,,,,,,,,,,,,,
sz000909,,*ST数源,3.6,,3.78,3.78,3.58,,,,,,,,,,,,,,
sz000910,,大亚圣象,5.51,,5.65,5.65,5.44,,,,,,,,,,,,,,
sz000911,,*ST广糖,3.84,,4.07,4.14,3.84,,,,,,,,,,,,,,
sz000912,,泸天化,3.4,,3.46,3.48,3.35,,,,,,,,,,,,,,
sz000913,,钱江摩托,10.72,,11.13,11.13,10.71,,,,,,,,,,,,,,
sz000915,,华特达因,27.9,,27.95,28.25,27.77,,,,,,,,,,,,,,
sz000917,,电广传媒,7.43,,7.75,7.85,7.33,,,,,,,,,,,,,,
sz000919,,金陵药业,6.12,,6.18,6.29,6.09,,,,,,,,,,,,,,
sz000920,,沃顿科技,13.69,,13.6,14.06,13.3,,,,,,,,,,,,,,
sz000921,,海信家电,27.16,,27,27.29,26.02,,,,,,,,,,,,,,
sz000922,,佳电股份,14.59,,14.44,14.75,14.28,,,,,,,,,,,,,,
sz000923,,河钢资源,13.23,,13.29,13.43,13.05,,,,,,,,,,,,,,
sz000925,,众合科技,9.09,,8.2,9.09,8.18,,,,,,,,,,,,,,
sz000926,,福星股份,1.98,,2.06,2.06,1.97,,,,,,,,,,,,,,
sz000927,,中国铁物,2.38,,2.42,2.43,2.37,,,,,,,,,,,,,,
sz000928,,中钢国际,5.5,,5.59,5.69,5.5,,,,,,,,,,,,,,
sz000929,,兰州黄河,9.68,,9.97,10.05,9.42,,,,,,,,,,,,,,
sz000930,,中粮科技,4.6,,4.73,4.74,4.59,,,,,,,,,,,,,,
sz000931,,中 关 村,4.44,,4.25,4.57,4.09,,,,,,,,,,,,,,
sz000932,,华菱钢铁,3.7,,3.67,3.71,3.58,,,,,,,,,,,,,,
sz000933,,神火股份,23.3,,22.99,23.53,22.88,,,,,,,,,,,,,,
sz000935,,四川双马,25.28,,25,25.56,24.46,,,,,,,,,,,,,,
sz000936,,华西股份,5.69,,5.72,5.77,5.59,,,,,,,,,,,,,,
sz000937,,冀中能源,4.23,,4.41,4.44,4.21,,,,,,,,,,,,,,
sz000938,,紫光股份,27.66,,26.81,27.66,26.69,,,,,,,,,,,,,,
sz000948,,南天信息,12.57,,12.98,13.02,12.37,,,,,,,,,,,,,,
sz000949,,新乡化纤,7.24,,6.8,7.29,6.71,,,,,,,,,,,,,,
sz000950,,重药控股,5.13,,5.27,5.34,5.11,,,,,,,,,,,,,,
sz000951,,中国重汽,20.26,,21.44,21.54,19.89,,,,,,,,,,,,,,
sz000952,,广济药业,5.88,,6.23,6.26,5.85,,,,,,,,,,,,,,
sz000953,,中哲精化,5.48,,5.71,5.76,5.45,,,,,,,,,,,,,,
sz000955,,欣龙控股,4.98,,4.99,5.08,4.87,,,,,,,,,,,,,,
sz000957,,中通客车,9.95,,10.12,10.13,9.82,,,,,,,,,,,,,,
sz000958,,电投产融,5.73,,5.71,5.82,5.68,,,,,,,,,,,,,,
sz000959,,首钢股份,3.19,,3.2,3.26,3.15,,,,,,,,,,,,,,
sz000960,,锡业股份,46.6,,42.03,46.69,40.81,,,,,,,,,,,,,,
sz000962,,东方钽业,76.38,,70,76.68,69.68,,,,,,,,,,,,,,
sz000963,,华东医药,28.25,,29,29.55,28.18,,,,,,,,,,,,,,
sz000965,,天保基建,3.1,,3.19,3.2,3.08,,,,,,,,,,,,,,
sz000966,,长源电力,4.2,,4.31,4.33,4.18,,,,,,,,,,,,,,
sz000967,,盈峰环境,11.02,,9.94,11.02,9.91,,,,,,,,,,,,,,
sz000968,,蓝焰控股,6.44,,6.67,6.68,6.41,,,,,,,,,,,,,,
sz000969,,安泰科技,25.89,,26,26.5,25.28,,,,,,,,,,,,,,
sz000970,,中科三环,13.99,,14.16,14.47,13.87,,,,,,,,,,,,,,
sz000972,,*ST中基,3.38,,3.38,3.45,3.36,,,,,,,,,,,,,,
sz000973,,佛塑科技,15.46,,15.3,15.78,15.05,,,,,,,,,,,,,,
sz000975,,山金国际,19.12,,18.9,19.45,18.79,,,,,,,,,,,,,,
sz000977,,浪潮信息,64.8,,63.74,65.17,62.72,,,,,,,,,,,,,,
sz000978,,桂林旅游,5.47,,5.67,5.67,5.42,,,,,,,,,,,,,,
sz000980,,众泰汽车,2.1,,2.16,2.18,2.04,,,,,,,,,,,,,,
sz000981,,山子高科,3.05,,3.12,3.13,3.01,,,,,,,,,,,,,,
sz000983,,山西焦煤,6.24,,6.58,6.58,6.22,,,,,,,,,,,,,,
sz000985,,大庆华科,15.15,,15.85,16.1,14.92,,,,,,,,,,,,,,
sz000987,,越秀资本,8.21,,8.45,8.45,8.12,,,,,,,,,,,,,,
sz000988,,华工科技,167.89,,162,168,161.3,,,,,,,,,,,,,,
sz000989,,九芝堂,8.12,,8.17,8.35,8.09,,,,,,,,,,,,,,
sz000990,,诚志股份,8.78,,8.8,8.9,8.67,,,,,,,,,,,,,,
sz000993,,闽东电力,10.52,,10.75,10.83,10.39,,,,,,,,,,,,,,
sz000995,,皇台酒业,10.08,,10.5,10.65,10.03,,,,,,,,,,,,,,
sz000997,,新 大 陆,18.01,,18.07,18.36,17.63,,,,,,,,,,,,,,
sz000998,,隆平高科,7.6,,7.85,7.9,7.6,,,,,,,,,,,,,,
sz000999,,华润三九,23.35,,23.65,24.02,23.33,,,,,,,,,,,,,,
sz001201,,东瑞股份,10.55,,10.92,10.92,10.51,,,,,,,,,,,,,,
sz001202,,炬申股份,13.76,,14.3,14.39,13.72,,,,,,,,,,,,,,
sz001203,,大中矿业,33.05,,30.58,33.51,30.06,,,,,,,,,,,,,,
sz001205,,盛航股份,14.2,,14.43,14.5,14.09,,,,,,,,,,,,,,
sz001206,,依依股份,19.36,,18.56,19.5,18,,,,,,,,,,,,,,
sz001207,,联科科技,16.35,,16.41,16.58,15.87,,,,,,,,,,,,,,
sz001208,,华菱线缆,14.77,,14.78,14.91,14.4,,,,,,,,,,,,,,
sz001209,,洪兴股份,17.31,,18.15,18.24,17.29,,,,,,,,,,,,,,
sz001210,,金房能源,22.31,,23.59,23.92,21.93,,,,,,,,,,,,,,
sz001211,,双枪科技,27.45,,29.33,29.99,27,,,,,,,,,,,,,,
sz001212,,中旗新材,50.06,,49.42,50.99,47,,,,,,,,,,,,,,
sz001213,,中铁特货,3.46,,3.55,3.56,3.44,,,,,,,,,,,,,,
sz001215,,千味央厨,37.79,,39.4,39.69,37.6,,,,,,,,,,,,,,
sz001216,,华瓷股份,16.55,,17.5,17.73,16.43,,,,,,,,,,,,,,
sz001217,,华尔泰,9.05,,9.22,9.36,8.98,,,,,,,,,,,,,,
sz001218,,丽臣实业,24.8,,25.11,25.48,24.3,,,,,,,,,,,,,,
sz001219,,青岛食品,12.04,,12.47,12.47,12.01,,,,,,,,,,,,,,
sz001220,,世盟股份,29.6,,30.28,30.6,29.41,,,,,,,,,,,,,,
sz001221,,悍高集团,41.33,,43.03,43.14,41.32,,,,,,,,,,,,,,
sz001222,,源飞宠物,13.65,,14.3,14.35,13.5,,,,,,,,,,,,,,
sz001223,,欧克科技,52.49,,48.2,52.53,45.68,,,,,,,,,,,,,,
sz001225,,和泰机电,43.2,,45.8,46,42.08,,,,,,,,,,,,,,
sz001226,,拓山重工,51.3,,52.01,52.48,50.73,,,,,,,,,,,,,,
sz001227,,兰州银行,2.07,,2.12,2.12,2.07,,,,,,,,,,,,,,
sz001228,,永泰运,26.23,,26.18,26.5,25.6,,,,,,,,,,,,,,
sz001229,,魅视科技,28.52,,26.3,28.83,24.83,,,,,,,,,,,,,,
sz001230,,劲旅环境,18.02,,17.89,18.15,16.9,,,,,,,,,,,,,,
sz001231,,农心科技,19.34,,20.33,20.43,19.27,,,,,,,,,,,,,,
sz001233,,海安集团,48.08,,49,49.29,47.84,,,,,,,,,,,,,,
sz001234,,泰慕士,21.53,,22.36,22.37,21.39,,,,,,,,,,,,,,
sz001236,,弘业期货,7.47,,7.83,7.88,7.38,,,,,,,,,,,,,,
sz001237,,惠康科技,63.54,,64,64.87,62.01,,,,,,,,,,,,,,
sz001238,,浙江正特,28.9,,29.6,30.07,28.72,,,,,,,,,,,,,,
sz001239,,永达股份,14.16,,14.71,14.79,13.9,,,,,,,,,,,,,,
sz001255,,博菲电气,27.14,,28.24,28.4,26.81,,,,,,,,,,,,,,
sz001256,,炜冈科技,25.29,,25.06,27,24.2,,,,,,,,,,,,,,
sz001257,,盛龙股份,29.65,,29.02,30.29,28.68,,,,,,,,,,,,,,
sz001258,,立新能源,7.21,,7.33,7.36,7.09,,,,,,,,,,,,,,
sz001259,,利仁科技,68.22,,70,70.93,67.21,,,,,,,,,,,,,,
sz001260,,坤泰股份,16.9,,17.65,17.66,16.75,,,,,,,,,,,,,,
sz001266,,宏英智能,50.75,,52.33,52.86,49.33,,,,,,,,,,,,,,
sz001267,,汇绿生态,61.43,,58.21,61.61,57.5,,,,,,,,,,,,,,
sz001268,,联合精密,41.92,,40.03,43.44,39.11,,,,,,,,,,,,,,
sz001269,,欧晶科技,22.11,,22.5,22.6,21.61,,,,,,,,,,,,,,
sz001270,,铖昌科技,124.56,,121,126.36,117.66,,,,,,,,,,,,,,
sz001277,,速达股份,29.7,,31.23,31.68,29.55,,,,,,,,,,,,,,
sz001278,,一彬科技,16.87,,17.24,17.25,16.4,,,,,,,,,,,,,,
sz001279,,强邦新材,27.85,,28.56,28.95,27.74,,,,,,,,,,,,,,
sz001280,,中国铀业,70,,69.59,70.38,68.8,,,,,,,,,,,,,,
sz001282,,三联锻造,22.1,,22.48,22.48,21.48,,,,,,,,,,,,,,
sz001283,,豪鹏科技,51.03,,51.83,51.83,50.05,,,,,,,,,,,,,,
sz001285,,瑞立科密,43.85,,44.72,45,43.3,,,,,,,,,,,,,,
sz001286,,陕西能源,11.04,,11.05,11.16,10.95,,,,,,,,,,,,,,
sz001287,,中电港,31.05,,29.79,31.29,29.21,,,,,,,,,,,,,,
sz001288,,运机集团,27.85,,27.86,28.35,27.42,,,,,,,,,,,,,,
sz001289,,龙源电力,16.2,,16.52,16.69,16.07,,,,,,,,,,,,,,
sz001296,,长江材料,20.94,,21.37,22.38,20.66,,,,,,,,,,,,,,
sz001298,,好上好,20.71,,20.58,20.8,19.95,,,,,,,,,,,,,,
sz001299,,美能能源,10.54,,10.88,10.98,10.35,,,,,,,,,,,,,,
sz001300,,三柏硕,12.9,,13,13,12.34,,,,,,,,,,,,,,
sz001301,,尚太科技,93.45,,92,94.78,88,,,,,,,,,,,,,,
sz001306,,夏厦精密,58.5,,59.98,60.28,57.36,,,,,,,,,,,,,,
sz001308,,康冠科技,21.01,,21.15,21.38,20.56,,,,,,,,,,,,,,
sz001316,,润贝航科,35.71,,35.85,36.27,35.03,,,,,,,,,,,,,,
sz001317,,三羊马,42.14,,44,44.16,42.02,,,,,,,,,,,,,,
sz001318,,阳光乳业,10.36,,10.65,10.75,10.33,,,,,,,,,,,,,,
sz001319,,铭科精技,20.93,,21.3,21.36,20.62,,,,,,,,,,,,,,
sz001332,,锡装股份,43.2,,43.58,43.94,41.31,,,,,,,,,,,,,,
sz001368,,通达创智,22.32,,22.1,22.79,21.82,,,,,,,,,,,,,,
sz001369,,双欣材料,14.79,,14.48,14.86,14.38,,,,,,,,,,,,,,
sz001391,,国货航,4.25,,4.35,4.37,4.24,,,,,,,,,,,,,,
sz002003,,伟星股份,8.48,,8.8,8.85,8.43,,,,,,,,,,,,,,
sz002004,,华邦健康,4.18,,4.21,4.25,4.13,,,,,,,,,,,,,,
sz002005,,ST德豪,2.5,,2.59,2.59,2.47,,,,,,,,,,,,,,
sz002006,,精工科技,14.62,,14.6,14.74,14.06,,,,,,,,,,,,,,
sz002007,,华兰生物,12.78,,12.93,13.12,12.76,,,,,,,,,,,,,,
sz002008,,大族激光,152.23,,136.73,157.74,135,,,,,,,,,,,,,,
sz002009,,天奇股份,20.44,,20.97,21.13,20.05,,,,,,,,,,,,,,
sz002010,,传化智联,4.84,,4.88,4.92,4.77,,,,,,,,,,,,,,
sz002011,,盾安环境,10.29,,10.45,10.45,10.2,,,,,,,,,,,,,,
sz002012,,凯恩股份,6.91,,6.98,7.06,6.68,,,,,,,,,,,,,,
sz002014,,永新股份,10.9,,11.26,11.32,10.85,,,,,,,,,,,,,,
sz002015,,协鑫能科,18.07,,18.01,18.85,17.73,,,,,,,,,,,,,,
sz002016,,世荣兆业,4.21,,4.43,4.45,4.19,,,,,,,,,,,,,,
sz002017,,东信和平,15.58,,16.2,16.2,15.35,,,,,,,,,,,,,,
sz002019,,亿帆医药,9.93,,10.08,10.22,9.91,,,,,,,,,,,,,,
sz002020,,京新药业,12.43,,12.3,12.87,12.19,,,,,,,,,,,,,,
sz002021,,中捷资源,2.56,,2.6,2.62,2.47,,,,,,,,,,,,,,
sz002022,,科华生物,4.91,,5.08,5.11,4.86,,,,,,,,,,,,,,
sz002023,,海特高新,13.87,,12.88,14.18,12.85,,,,,,,,,,,,,,
sz002024,,ST易购,1.17,,1.19,1.19,1.16,,,,,,,,,,,,,,
sz002025,,航天电器,66.61,,61.85,66.61,61.8,,,,,,,,,,,,,,
sz002026,,山东威达,11.62,,11.66,11.72,11.3,,,,,,,,,,,,,,
sz002027,,分众传媒,4.8,,4.92,4.95,4.78,,,,,,,,,,,,,,
sz002028,,思源电气,187,,191.14,192.7,184,,,,,,,,,,,,,,
sz002029,,七 匹 狼,7.98,,8.26,8.36,7.94,,,,,,,,,,,,,,
sz002030,,达安基因,5.32,,5.44,5.54,5.32,,,,,,,,,,,,,,
sz002031,,巨轮智能,5.93,,6.05,6.05,5.84,,,,,,,,,,,,,,
sz002032,,苏 泊 尔,40.6,,41.52,41.58,40.6,,,,,,,,,,,,,,
sz002033,,丽江股份,8.44,,8.5,8.55,8.35,,,,,,,,,,,,,,
sz002034,,旺能环境,16.74,,16.99,17.18,16.66,,,,,,,,,,,,,,
sz002035,,华帝股份,4.66,,4.82,4.82,4.66,,,,,,,,,,,,,,
sz002036,,联创电子,8,,8.1,8.15,7.84,,,,,,,,,,,,,,
sz002037,,保利联合,6.41,,6.66,6.69,6.34,,,,,,,,,,,,,,
sz002038,,双鹭药业,5.8,,5.53,6.09,5.4,,,,,,,,,,,,,,
sz002039,,黔源电力,19.57,,19.72,19.92,19.32,,,,,,,,,,,,,,
sz002040,,南 京 港,8.47,,8.29,8.96,8.28,,,,,,,,,,,,,,
sz002041,,登海种业,8.06,,8.43,8.43,8.05,,,,,,,,,,,,,,
sz002042,,华孚时尚,3.75,,3.77,3.79,3.67,,,,,,,,,,,,,,
sz002043,,兔 宝 宝,11.48,,11.89,11.89,11.32,,,,,,,,,,,,,,
sz002044,,美年健康,5.35,,5.5,5.53,5.33,,,,,,,,,,,,,,
sz002045,,国光电器,8.25,,8.5,8.54,8.13,,,,,,,,,,,,,,
sz002046,,国机精工,69.95,,63.27,69.95,60.41,,,,,,,,,,,,,,
sz002047,,宝鹰股份,4.74,,4.46,4.83,4.46,,,,,,,,,,,,,,
sz002048,,宁波华翔,24.73,,25.66,25.88,24.59,,,,,,,,,,,,,,
sz002049,,紫光国微,83.64,,81.02,83.85,80.17,,,,,,,,,,,,,,
sz002050,,三花智控,43.9,,43.18,44.56,42.7,,,,,,,,,,,,,,
sz002051,,中工国际,13.63,,12.58,13.63,12.41,,,,,,,,,,,,,,
sz002052,,同洲电子,8.27,,8.25,8.3,7.78,,,,,,,,,,,,,,
sz002053,,云南能投,9.32,,9.65,9.91,9.31,,,,,,,,,,,,,,
sz002054,,德美化工,7.7,,7.5,7.87,7.47,,,,,,,,,,,,,,
sz002055,,ST得润,6.38,,6.19,6.46,6.06,,,,,,,,,,,,,,
sz002056,,横店东磁,27.45,,28.88,29.3,26.71,,,,,,,,,,,,,,
sz002057,,中钢天源,11.99,,12.36,12.75,11.91,,,,,,,,,,,,,,
sz002058,,威尔泰,20.93,,21.33,21.45,20.8,,,,,,,,,,,,,,
sz002059,,云南旅游,4.25,,4.37,4.37,4.22,,,,,,,,,,,,,,
sz002060,,广东建工,3.13,,3.21,3.21,3.12,,,,,,,,,,,,,,
sz002061,,浙江交科,3.47,,3.54,3.54,3.47,,,,,,,,,,,,,,
sz002062,,宏润建设,7.71,,7.42,7.77,7.36,,,,,,,,,,,,,,
sz002063,,远光软件,5.17,,5.24,5.25,5.1,,,,,,,,,,,,,,
sz002064,,华峰化学,10.83,,10.48,11.06,10.43,,,,,,,,,,,,,,
sz002065,,东华软件,7.44,,7.4,7.48,7.23,,,,,,,,,,,,,,
sz002066,,瑞泰科技,22.67,,22.4,23.45,22.22,,,,,,,,,,,,,,
sz002067,,景兴纸业,3.9,,4,4.03,3.86,,,,,,,,,,,,,,
sz002068,,黑猫股份,13.48,,12.31,13.69,11.6,,,,,,,,,,,,,,
sz002069,,獐子岛,3.05,,3.2,3.21,3.03,,,,,,,,,,,,,,
sz002072,,凯瑞德,9.08,,9.16,9.4,8.96,,,,,,,,,,,,,,
sz002073,,软控股份,5.28,,5.48,5.48,5.25,,,,,,,,,,,,,,
sz002074,,国轩高科,29.21,,29.4,29.73,28.8,,,,,,,,,,,,,,
sz002075,,沙钢股份,3.53,,3.67,3.67,3.51,,,,,,,,,,,,,,
sz002076,,星光股份,2.46,,2.65,2.68,2.45,,,,,,,,,,,,,,
sz002077,,大港股份,18.95,,18,18.98,17.93,,,,,,,,,,,,,,
sz002078,,太阳纸业,12.22,,12.44,12.51,12.02,,,,,,,,,,,,,,
sz002079,,苏州固锝,14.19,,13.86,14.31,13.75,,,,,,,,,,,,,,
sz002080,,中材科技,84.48,,76.99,84.48,76.99,,,,,,,,,,,,,,
sz002081,,金 螳 螂,4.6,,4.6,4.63,4.48,,,,,,,,,,,,,,
sz002082,,ST万邦,12.33,,12.32,12.94,12.21,,,,,,,,,,,,,,
sz002083,,孚日股份,12.06,,12.71,12.71,11.6,,,,,,,,,,,,,,
sz002084,,海鸥住工,3.57,,3.62,3.66,3.44,,,,,,,,,,,,,,
sz002085,,万丰奥威,12.12,,12.39,12.56,11.9,,,,,,,,,,,,,,
sz002086,,东方海洋,1.75,,1.76,1.77,1.71,,,,,,,,,,,,,,
sz002088,,鲁阳节能,8.12,,8.45,8.48,8.08,,,,,,,,,,,,,,
sz002090,,金智科技,9.72,,9.7,9.87,9.55,,,,,,,,,,,,,,
sz002091,,江苏国泰,7.43,,7.53,7.58,7.41,,,,,,,,,,,,,,
sz002092,,中泰化学,4.04,,4.1,4.14,4.01,,,,,,,,,,,,,,
sz002093,,国脉科技,6.63,,6.88,6.89,6.54,,,,,,,,,,,,,,
sz002094,,青岛金王,4.55,,4.72,4.76,4.54,,,,,,,,,,,,,,
sz002095,,生 意 宝,13.73,,14.07,14.12,13.6,,,,,,,,,,,,,,
sz002096,,易普力,9.34,,9.63,9.69,9.29,,,,,,,,,,,,,,
sz002097,,山河智能,7.66,,7.89,7.89,7.55,,,,,,,,,,,,,,
sz002098,,浔兴股份,6.71,,6.96,7.03,6.63,,,,,,,,,,,,,,
sz002099,,海翔药业,5.16,,5.37,5.38,5.16,,,,,,,,,,,,,,
sz002100,,天康生物,5.86,,6.04,6.06,5.82,,,,,,,,,,,,,,
sz002101,,广东鸿图,8.89,,9,9.18,8.87,,,,,,,,,,,,,,
sz002102,,ST能特,2.17,,2.17,2.2,2.15,,,,,,,,,,,,,,
sz002103,,广博股份,6.01,,6.2,6.22,5.97,,,,,,,,,,,,,,
sz002104,,恒宝股份,10.76,,11.27,11.35,10.63,,,,,,,,,,,,,,
sz002105,,信隆健康,5.12,,5.41,5.43,5.1,,,,,,,,,,,,,,
sz002106,,莱宝高科,14.08,,14.18,14.27,13.68,,,,,,,,,,,,,,
sz002107,,沃华医药,5.9,,6,6.09,5.87,,,,,,,,,,,,,,
sz002108,,沧州明珠,4.73,,4.67,4.74,4.6,,,,,,,,,,,,,,
sz002109,,ST兴化,2.57,,2.51,2.6,2.5,,,,,,,,,,,,,,
sz002110,,三钢闽光,2.87,,2.94,2.94,2.84,,,,,,,,,,,,,,
sz002111,,威海广泰,9.18,,9.4,9.45,9.1,,,,,,,,,,,,,,
sz002112,,三变科技,17.33,,17.75,17.75,17.01,,,,,,,,,,,,,,
sz002114,,罗平锌电,7.6,,7.69,7.86,7.36,,,,,,,,,,,,,,
sz002115,,三维通信,11.11,,11.23,11.27,10.93,,,,,,,,,,,,,,
sz002116,,中国海诚,7.12,,7.28,7.32,7.11,,,,,,,,,,,,,,
sz002117,,东港股份,8.25,,8.53,8.6,8.16,,,,,,,,,,,,,,
sz002119,,康强电子,32.53,,32.3,32.99,30.93,,,,,,,,,,,,,,
sz002120,,韵达股份,6.3,,6.34,6.43,6.21,,,,,,,,,,,,,,
sz002121,,科陆电子,5.57,,5.66,5.71,5.5,,,,,,,,,,,,,,
sz002122,,ST汇洲,2.34,,2.45,2.46,2.34,,,,,,,,,,,,,,
sz002123,,梦网科技,7.53,,7.82,7.82,7.4,,,,,,,,,,,,,,
sz002124,,天邦食品,2.1,,2.19,2.2,2.09,,,,,,,,,,,,,,
sz002125,,湘潭电化,15.79,,16.21,16.41,15.22,,,,,,,,,,,,,,
sz002126,,银轮股份,49.63,,48.48,50.35,47.22,,,,,,,,,,,,,,
sz002127,,南极电商,2.62,,2.73,2.73,2.61,,,,,,,,,,,,,,
sz002128,,电投能源,25.3,,24.64,25.37,24.39,,,,,,,,,,,,,,
sz002129,,TCL中环,9.5,,9.67,9.75,9.34,,,,,,,,,,,,,,
sz002130,,沃尔核材,19.56,,19.71,20.05,19.38,,,,,,,,,,,,,,
sz002131,,利欧股份,5.15,,5.17,5.19,5.06,,,,,,,,,,,,,,
sz002132,,恒星科技,5.49,,5.19,5.58,4.99,,,,,,,,,,,,,,
sz002133,,广宇集团,2.5,,2.64,2.64,2.48,,,,,,,,,,,,,,
sz002134,,天津普林,28.27,,28.2,29.19,27.7,,,,,,,,,,,,,,
sz002135,,东南网架,7.13,,7.11,7.17,6.88,,,,,,,,,,,,,,
sz002136,,安 纳 达,13.56,,13.94,14.3,13.33,,,,,,,,,,,,,,
sz002137,,实益达,10.21,,10.2,10.5,9.83,,,,,,,,,,,,,,
sz002138,,顺络电子,67.78,,65.1,68.94,64.21,,,,,,,,,,,,,,
sz002139,,拓邦股份,9.57,,9.7,9.8,9.41,,,,,,,,,,,,,,
sz002140,,东华科技,9.81,,9.92,9.94,9.68,,,,,,,,,,,,,,
sz002141,,贤丰控股,4.76,,4.71,5.04,4.48,,,,,,,,,,,,,,
sz002142,,宁波银行,30.85,,31.02,31.15,30.6,,,,,,,,,,,,,,
sz002144,,宏达高科,10.43,,10.95,11.08,10.35,,,,,,,,,,,,,,
sz002145,,钛能化学,4.9,,4.74,4.95,4.61,,,,,,,,,,,,,,
sz002146,,荣盛发展,1.15,,1.19,1.19,1.14,,,,,,,,,,,,,,
sz002148,,北纬科技,6.13,,6.36,6.41,6,,,,,,,,,,,,,,
sz002149,,西部材料,49.73,,48.6,50.52,47.25,,,,,,,,,,,,,,
sz002150,,正泰电源,25.12,,25.14,25.38,24.55,,,,,,,,,,,,,,
sz002151,,北斗星通,32.6,,32.12,32.88,31.42,,,,,,,,,,,,,,
sz002152,,广电运通,9.83,,9.96,10.03,9.66,,,,,,,,,,,,,,
sz002153,,石基信息,7.5,,7.65,7.65,7.36,,,,,,,,,,,,,,
sz002154,,报 喜 鸟,3.9,,3.87,3.95,3.83,,,,,,,,,,,,,,
sz002155,,湖南黄金,26.06,,25.8,26.65,25.38,,,,,,,,,,,,,,
sz002156,,通富微电,74.64,,69.01,74.83,68.2,,,,,,,,,,,,,,
sz002157,,正邦科技,2.81,,2.86,2.87,2.8,,,,,,,,,,,,,,
sz002158,,汉钟精机,35,,31.97,35.34,31.33,,,,,,,,,,,,,,
sz002159,,三特索道,13.04,,13.76,13.96,12.96,,,,,,,,,,,,,,
sz002160,,常铝股份,4.06,,4.16,4.2,4.01,,,,,,,,,,,,,,
sz002161,,远 望 谷,5.88,,5.96,6.02,5.73,,,,,,,,,,,,,,
sz002162,,悦心健康,3.5,,3.6,3.63,3.48,,,,,,,,,,,,,,
sz002163,,海南发展,8.78,,8.96,8.99,8.62,,,,,,,,,,,,,,
sz002164,,宁波东力,12.43,,12.6,12.72,12.25,,,,,,,,,,,,,,
sz002165,,红 宝 丽,7.06,,7.37,7.54,7.01,,,,,,,,,,,,,,
sz002166,,莱茵生物,6.4,,6.74,6.82,6.34,,,,,,,,,,,,,,
sz002167,,东方锆业,21.46,,19.6,21.46,19.52,,,,,,,,,,,,,,
sz002168,,ST惠程,3.6,,3.59,3.64,3.57,,,,,,,,,,,,,,
sz002169,,智光电气,15.79,,14.21,15.8,14.03,,,,,,,,,,,,,,
sz002170,,芭田股份,11.66,,11.23,11.73,11.21,,,,,,,,,,,,,,
sz002171,,楚江新材,15.02,,14.65,15.37,14.33,,,,,,,,,,,,,,
sz002172,,澳洋健康,2.97,,3.09,3.11,2.96,,,,,,,,,,,,,,
sz002173,,创新医疗,19.06,,17.9,19.17,17.89,,,,,,,,,,,,,,
sz002174,,游族网络,12.83,,12.58,13,12.5,,,,,,,,,,,,,,
sz002175,,*ST东智,2.15,,0,0,0,,,,,,,,,,,,,,
sz002176,,江特电机,11.18,,10.92,11.29,10.35,,,,,,,,,,,,,,
sz002177,,御银股份,6.17,,6.4,6.47,6.09,,,,,,,,,,,,,,
sz002178,,延华智能,4.67,,4.94,4.96,4.64,,,,,,,,,,,,,,
sz002179,,中航光电,41.99,,41.2,42.58,40.51,,,,,,,,,,,,,,
sz002180,,奔图科技,14.08,,14.46,14.54,14,,,,,,,,,,,,,,
sz002181,,粤 传 媒,10.44,,10.75,10.79,10.24,,,,,,,,,,,,,,
sz002182,,宝武镁业,12.96,,13.07,13.17,12.72,,,,,,,,,,,,,,
sz002183,,怡 亚 通,5.35,,5.41,5.44,5.28,,,,,,,,,,,,,,
sz002184,,海得控制,9.82,,10.19,10.19,9.61,,,,,,,,,,,,,,
sz002185,,华天科技,20.98,,19.4,21.21,19.08,,,,,,,,,,,,,,
sz002186,,全 聚 德,8.67,,9.07,9.1,8.5,,,,,,,,,,,,,,
sz002187,,广百股份,4.91,,5.12,5.12,4.9,,,,,,,,,,,,,,
sz002188,,中天服务,5.18,,5.51,5.56,5.13,,,,,,,,,,,,,,
sz002189,,中光学,20.56,,19.28,20.58,18.93,,,,,,,,,,,,,,
sz002190,,成飞集成,25.83,,25.57,26.5,25,,,,,,,,,,,,,,
sz002191,,劲嘉股份,4.2,,3.96,4.27,3.86,,,,,,,,,,,,,,
sz002192,,融捷股份,93.39,,84.92,93.39,82.89,,,,,,,,,,,,,,
sz002193,,ST如意,4.45,,4.69,4.71,4.45,,,,,,,,,,,,,,
sz002194,,武汉凡谷,11.95,,12.14,12.34,11.66,,,,,,,,,,,,,,
sz002195,,岩山科技,7.05,,7.02,7.39,7.01,,,,,,,,,,,,,,
sz002196,,方正电机,13.82,,13.95,14.1,13.42,,,,,,,,,,,,,,
sz002197,,证通电子,6.18,,6.33,6.42,6.11,,,,,,,,,,,,,,
sz002198,,ST嘉应,3.21,,3.38,3.42,3.21,,,,,,,,,,,,,,
sz002199,,*ST东晶,12.22,,12.3,12.64,11.62,,,,,,,,,,,,,,
sz002200,,交投生态,6.25,,6.47,6.86,6.13,,,,,,,,,,,,,,
sz002201,,九鼎新材,13.28,,12.81,13.65,12.36,,,,,,,,,,,,,,
sz002202,,金风科技,22.2,,21.55,22.42,21.04,,,,,,,,,,,,,,
sz002203,,海亮股份,24.68,,24.27,25.13,23.72,,,,,,,,,,,,,,
sz002204,,大连重工,5.43,,5.48,5.51,5.36,,,,,,,,,,,,,,
sz002205,,国统股份,10.82,,11.36,11.5,10.79,,,,,,,,,,,,,,
sz002206,,海 利 得,5.52,,5.48,5.62,5.47,,,,,,,,,,,,,,
sz002207,,*ST准油,6.53,,6.7,6.83,6.53,,,,,,,,,,,,,,
sz002208,,合肥城建,16.47,,16.64,16.85,15.86,,,,,,,,,,,,,,
sz002209,,达 意 隆,11.21,,11.58,11.58,10.95,,,,,,,,,,,,,,
sz002210,,飞马国际,2.21,,2.32,2.32,2.19,,,,,,,,,,,,,,
sz002211,,ST宏达,3.99,,3.9,4.06,3.89,,,,,,,,,,,,,,
sz002212,,天融信,6.01,,6.1,6.14,5.88,,,,,,,,,,,,,,
sz002213,,大为股份,39.34,,38.31,40.55,36.75,,,,,,,,,,,,,,
sz002214,,*ST大立,14.85,,14.99,15.12,14.6,,,,,,,,,,,,,,
sz002215,,诺 普 信,9.03,,9.09,9.27,8.99,,,,,,,,,,,,,,
sz002216,,三全食品,11.81,,11.95,12.07,11.73,,,,,,,,,,,,,,
sz002217,,ST合力泰,2.28,,2.28,2.28,2.28,,,,,,,,,,,,,,
sz002218,,拓日新能,3.91,,4,4.01,3.83,,,,,,,,,,,,,,
sz002219,,新里程,1.85,,1.9,1.92,1.84,,,,,,,,,,,,,,
sz002221,,东华能源,5.75,,5.9,5.96,5.68,,,,,,,,,,,,,,
sz002222,,福晶科技,95.02,,90.96,96.25,90.71,,,,,,,,,,,,,,
sz002223,,鱼跃医疗,25.57,,25.14,25.8,24.89,,,,,,,,,,,,,,
sz002224,,三 力 士,3.44,,3.53,3.55,3.4,,,,,,,,,,,,,,
sz002225,,濮耐股份,4.51,,4.42,4.74,4.42,,,,,,,,,,,,,,
sz002226,,江南化工,4.71,,4.85,4.89,4.68,,,,,,,,,,,,,,
sz002227,,*ST特迅,6.81,,6.98,7.09,6.76,,,,,,,,,,,,,,
sz002228,,合兴包装,3.1,,3.18,3.22,3.08,,,,,,,,,,,,,,
sz002229,,鸿博股份,11.2,,11.46,11.48,10.91,,,,,,,,,,,,,,
sz002230,,科大讯飞,42.6,,42.25,42.88,41.57,,,,,,,,,,,,,,
sz002232,,启明信息,14.47,,14.82,14.94,14.25,,,,,,,,,,,,,,
sz002233,,塔牌集团,7.31,,7.4,7.46,7.24,,,,,,,,,,,,,,
sz002234,,民和股份,6.64,,6.88,6.95,6.61,,,,,,,,,,,,,,
sz002235,,安妮股份,8.1,,8.01,8.14,7.75,,,,,,,,,,,,,,
sz002236,,大华股份,16.35,,15.9,16.49,15.81,,,,,,,,,,,,,,
sz002237,,恒邦股份,14.16,,13.99,14.24,13.65,,,,,,,,,,,,,,
sz002238,,天威视讯,5.77,,6.1,6.1,5.72,,,,,,,,,,,,,,
sz002239,,奥特佳,2.41,,2.48,2.49,2.4,,,,,,,,,,,,,,
sz002240,,盛新锂能,47.36,,43.05,47.36,42.52,,,,,,,,,,,,,,
sz002241,,歌尔股份,23.83,,22.89,24.16,22.57,,,,,,,,,,,,,,
sz002242,,九阳股份,8.28,,8.45,8.49,8.2,,,,,,,,,,,,,,
sz002243,,力合科创,7.09,,7.27,7.29,7,,,,,,,,,,,,,,
sz002244,,滨江集团,7.87,,8.1,8.15,7.78,,,,,,,,,,,,,,
sz002245,,蔚蓝锂芯,21.53,,21.74,22.06,20,,,,,,,,,,,,,,
sz002246,,北化股份,19.38,,19.53,19.8,18.88,,,,,,,,,,,,,,
sz002247,,聚力文化,2.21,,2.34,2.35,2.19,,,,,,,,,,,,,,
sz002248,,华东数控,9.28,,9.54,9.59,9.16,,,,,,,,,,,,,,
sz002249,,大洋电机,7.91,,8.07,8.08,7.84,,,,,,,,,,,,,,
sz002250,,联化科技,14.77,,14.37,15.02,14.26,,,,,,,,,,,,,,
sz002251,,步步高,3.58,,3.81,3.84,3.58,,,,,,,,,,,,,,
sz002252,,上海莱士,4.52,,4.61,4.67,4.5,,,,,,,,,,,,,,
sz002253,,*ST智胜,9.88,,10.33,10.42,9.88,,,,,,,,,,,,,,
sz002254,,泰和新材,18.34,,17.3,18.34,16.83,,,,,,,,,,,,,,
sz002255,,海陆重工,9.08,,9.2,9.32,9.04,,,,,,,,,,,,,,
sz002256,,兆新股份,3.91,,4,4,3.77,,,,,,,,,,,,,,
sz002258,,利尔化学,13.95,,13.78,14.2,13.61,,,,,,,,,,,,,,
sz002259,,升达林业,4.07,,4.14,4.17,3.99,,,,,,,,,,,,,,
sz002261,,拓维信息,29.24,,29.6,29.6,28.51,,,,,,,,,,,,,,
sz002262,,恩华药业,19.02,,19.08,19.53,18.98,,,,,,,,,,,,,,
sz002263,,大东南,4.08,,4.16,4.24,4.01,,,,,,,,,,,,,,
sz002264,,新 华 都,6.03,,6.08,6.09,5.93,,,,,,,,,,,,,,
sz002265,,建设工业,18.25,,18.87,18.87,18.1,,,,,,,,,,,,,,
sz002266,,浙富控股,4.98,,5.02,5.03,4.83,,,,,,,,,,,,,,
sz002267,,陕天然气,6.8,,7.03,7.03,6.79,,,,,,,,,,,,,,
sz002268,,电科网安,12.98,,13.35,13.38,12.85,,,,,,,,,,,,,,
sz002269,,美邦服饰,1.37,,1.44,1.46,1.36,,,,,,,,,,,,,,
sz002270,,华明装备,20.4,,20.58,20.7,20,,,,,,,,,,,,,,
sz002271,,东方雨虹,11.93,,12.13,12.23,11.85,,,,,,,,,,,,,,
sz002272,,川润股份,23.2,,22.41,23.5,22,,,,,,,,,,,,,,
sz002273,,水晶光电,36.01,,34.05,36.39,33.52,,,,,,,,,,,,,,
sz002274,,华昌化工,4.99,,5.03,5.1,4.92,,,,,,,,,,,,,,
sz002275,,桂林三金,12.56,,12.58,12.8,12.46,,,,,,,,,,,,,,
sz002276,,万马股份,10.83,,11.08,11.08,10.7,,,,,,,,,,,,,,
sz002277,,友阿股份,5.94,,6.09,6.1,5.81,,,,,,,,,,,,,,
sz002278,,神开股份,8.11,,8.33,8.33,7.97,,,,,,,,,,,,,,
sz002279,,久其软件,6.13,,6.31,6.39,6.07,,,,,,,,,,,,,,
sz002281,,光迅科技,266.36,,262.47,272.44,260,,,,,,,,,,,,,,
sz002282,,博深股份,5.98,,6.15,6.17,5.91,,,,,,,,,,,,,,
sz002283,,天润工业,10.16,,10.3,10.32,9.91,,,,,,,,,,,,,,
sz002284,,亚太股份,9.91,,10.06,10.25,9.89,,,,,,,,,,,,,,
sz002285,,世联行,2.12,,2.28,2.28,2.1,,,,,,,,,,,,,,
sz002286,,保龄宝,8.93,,9.12,9.18,8.91,,,,,,,,,,,,,,
sz002287,,奇正藏药,19.65,,19.97,20.43,19.56,,,,,,,,,,,,,,
sz002289,,*ST宇顺,48.37,,47.4,48.37,47.4,,,,,,,,,,,,,,
sz002290,,禾盛新材,88.19,,86.29,89.94,83.55,,,,,,,,,,,,,,
sz002291,,遥望科技,5.06,,5.25,5.28,5.01,,,,,,,,,,,,,,
sz002292,,奥飞娱乐,6.35,,6.54,6.56,6.32,,,,,,,,,,,,,,
sz002293,,罗莱生活,9.96,,10.07,10.16,9.88,,,,,,,,,,,,,,
sz002294,,信立泰,31.41,,31.22,32.18,30.66,,,,,,,,,,,,,,
sz002295,,精艺股份,9.32,,9.62,9.72,9.14,,,,,,,,,,,,,,
sz002296,,辉煌科技,9.38,,9.61,9.61,9.2,,,,,,,,,,,,,,
sz002297,,博云新材,33.66,,31.7,34.33,30.2,,,,,,,,,,,,,,
sz002298,,中电鑫龙,7.96,,8.01,8.02,7.77,,,,,,,,,,,,,,
sz002299,,圣农发展,15.43,,15.84,15.96,15.39,,,,,,,,,,,,,,
sz002300,,太阳电缆,7.17,,7.32,7.33,7.04,,,,,,,,,,,,,,
sz002301,,齐心集团,7.49,,7.77,7.78,7.47,,,,,,,,,,,,,,
sz002302,,西部建设,4.57,,4.69,4.69,4.52,,,,,,,,,,,,,,
sz002303,,美盈森,3.86,,3.65,3.86,3.63,,,,,,,,,,,,,,
sz002304,,洋河股份,39.98,,40.61,41.06,39.97,,,,,,,,,,,,,,
sz002305,,*ST南置,1.99,,2.09,2.1,1.99,,,,,,,,,,,,,,
sz002306,,ST云网,1.9,,1.95,1.96,1.87,,,,,,,,,,,,,,
sz002307,,北新路桥,3.5,,3.63,3.64,3.47,,,,,,,,,,,,,,
sz002309,,中利集团,2.97,,3.01,3.03,2.92,,,,,,,,,,,,,,
sz002310,,东方新能,2.22,,2.26,2.28,2.18,,,,,,,,,,,,,,
sz002311,,海大集团,41.4,,42.4,42.7,41,,,,,,,,,,,,,,
sz002312,,川发龙蟒,9.88,,9.5,9.95,9.42,,,,,,,,,,,,,,
sz002313,,日海智能,7.88,,8.09,8.11,7.61,,,,,,,,,,,,,,
sz002314,,南山控股,2.02,,2.09,2.11,1.98,,,,,,,,,,,,,,
sz002315,,焦点科技,23.91,,24.35,24.57,23.62,,,,,,,,,,,,,,
sz002316,,亚联发展,4.27,,4.55,4.61,4.23,,,,,,,,,,,,,,
sz002317,,众生药业,23.19,,22.72,23.58,22.56,,,,,,,,,,,,,,
sz002318,,久立特材,23.62,,24.58,24.76,23.5,,,,,,,,,,,,,,
sz002319,,乐通股份,10.27,,10.55,10.74,10.1,,,,,,,,,,,,,,
sz002320,,海峡股份,6.6,,6.77,6.78,6.55,,,,,,,,,,,,,,
sz002321,,华英农业,1.7,,1.79,1.79,1.69,,,,,,,,,,,,,,
sz002322,,理工能科,10.2,,10.39,10.55,10.1,,,,,,,,,,,,,,
sz002323,,*ST雅博,1.24,,1.28,1.28,1.24,,,,,,,,,,,,,,
sz002324,,普利特,12.85,,13.01,13.14,12.66,,,,,,,,,,,,,,
sz002326,,永太科技,24.68,,25.95,26.38,24.35,,,,,,,,,,,,,,
sz002327,,富安娜,6.23,,6.4,6.44,6.2,,,,,,,,,,,,,,
sz002328,,新朋股份,7.85,,7.78,7.91,7.68,,,,,,,,,,,,,,
sz002329,,皇氏集团,2.75,,2.88,2.91,2.71,,,,,,,,,,,,,,
sz002330,,得利斯,3.63,,3.81,3.81,3.61,,,,,,,,,,,,,,
sz002331,,皖通科技,7.87,,8.11,8.18,7.62,,,,,,,,,,,,,,
sz002332,,仙琚制药,8.15,,8.35,8.42,8.13,,,,,,,,,,,,,,
sz002333,,罗普斯金,4.75,,4.86,4.88,4.72,,,,,,,,,,,,,,
sz002334,,英威腾,7.82,,7.99,8.01,7.71,,,,,,,,,,,,,,
sz002335,,科华数据,38.42,,38,38.92,36.96,,,,,,,,,,,,,,
sz002337,,赛象科技,4.62,,4.84,4.85,4.55,,,,,,,,,,,,,,
sz002338,,奥普光电,54.15,,52.62,54.63,51.83,,,,,,,,,,,,,,
sz002339,,积成电子,7.3,,7.53,7.53,7.18,,,,,,,,,,,,,,
sz002340,,格林美,7.38,,7.31,7.47,7.2,,,,,,,,,,,,,,
sz002342,,巨力索具,9.98,,9.37,10.3,9.08,,,,,,,,,,,,,,
sz002343,,慈文传媒,4.59,,4.88,4.9,4.56,,,,,,,,,,,,,,
sz002344,,海宁皮城,3.7,,3.79,3.79,3.67,,,,,,,,,,,,,,
sz002345,,潮宏基,8.98,,9.13,9.28,8.94,,,,,,,,,,,,,,
sz002346,,柘中股份,23.09,,21.33,23.17,21.16,,,,,,,,,,,,,,
sz002347,,泰尔股份,6.13,,6.32,6.33,6.03,,,,,,,,,,,,,,
sz002348,,高乐股份,11.12,,10.8,11.19,10.6,,,,,,,,,,,,,,
sz002349,,精华制药,6.48,,6.52,6.62,6.44,,,,,,,,,,,,,,
sz002350,,北京科锐,14.17,,14.15,14.49,13.73,,,,,,,,,,,,,,
sz002351,,漫步者,9.9,,10.11,10.11,9.83,,,,,,,,,,,,,,
sz002352,,顺丰控股,30.98,,31.22,31.68,30.95,,,,,,,,,,,,,,
sz002353,,杰瑞股份,159.14,,163.9,166.52,158.64,,,,,,,,,,,,,,
sz002354,,天娱数科,8.92,,8.21,8.92,8.11,,,,,,,,,,,,,,
sz002355,,兴民智通,4.41,,4.65,4.7,4.36,,,,,,,,,,,,,,
sz002356,,赫美集团,2.96,,3.03,3.03,2.91,,,,,,,,,,,,,,
sz002357,,富临运业,9.81,,10.1,10.11,9.53,,,,,,,,,,,,,,
sz002358,,森源电气,5.99,,5.83,6.15,5.68,,,,,,,,,,,,,,
sz002360,,ST同德,5.23,,5.12,5.29,5.02,,,,,,,,,,,,,,
sz002361,,神剑股份,14.03,,14.05,14.14,13.31,,,,,,,,,,,,,,
sz002362,,汉王科技,16.38,,16.73,16.8,15.92,,,,,,,,,,,,,,
sz002363,,隆基机械,6.35,,6.58,6.59,6.29,,,,,,,,,,,,,,
sz002364,,中恒电气,55.18,,49.5,55.18,48.91,,,,,,,,,,,,,,
sz002365,,永安药业,10.97,,11.33,11.51,10.95,,,,,,,,,,,,,,
sz002366,,融发核电,5.68,,5.88,5.89,5.66,,,,,,,,,,,,,,
sz002367,,康力电梯,6.56,,5.97,6.59,5.86,,,,,,,,,,,,,,
sz002368,,太极股份,16.28,,16.73,16.82,16.2,,,,,,,,,,,,,,
sz002369,,卓翼科技,5.71,,5.93,5.98,5.54,,,,,,,,,,,,,,
sz002370,,亚太药业,5.63,,5.48,5.83,5.24,,,,,,,,,,,,,,
sz002371,,北方华创,770.07,,727.07,774.5,727,,,,,,,,,,,,,,
sz002372,,伟星新材,8.37,,8.64,8.64,8.28,,,,,,,,,,,,,,
sz002373,,千方科技,7.57,,7.8,7.8,7.49,,,,,,,,,,,,,,
sz002374,,中锐股份,3.55,,3.55,3.67,3.49,,,,,,,,,,,,,,
sz002375,,亚厦股份,3.52,,3.56,3.61,3.48,,,,,,,,,,,,,,
sz002376,,新北洋,5.91,,6.01,6.05,5.82,,,,,,,,,,,,,,
sz002377,,国创高新,2.64,,2.72,2.72,2.63,,,,,,,,,,,,,,
sz002378,,章源钨业,37.01,,35.3,37.89,33.77,,,,,,,,,,,,,,
sz002379,,宏桥控股,16.19,,16.3,16.42,15.95,,,,,,,,,,,,,,
sz002380,,科远智慧,36.83,,36.28,37.14,35.65,,,,,,,,,,,,,,
sz002381,,双箭股份,5.32,,5.46,5.51,5.29,,,,,,,,,,,,,,
sz002382,,蓝帆医疗,5.4,,5.45,5.57,5.38,,,,,,,,,,,,,,
sz002383,,合众思壮,6.93,,7.1,7.11,6.84,,,,,,,,,,,,,,
sz002384,,东山精密,257.13,,252.14,260.97,252,,,,,,,,,,,,,,
sz002385,,大北农,2.77,,2.87,2.87,2.76,,,,,,,,,,,,,,
sz002386,,天原股份,6.09,,5.99,6.1,5.92,,,,,,,,,,,,,,
sz002387,,维信诺,8.15,,8.2,8.24,7.83,,,,,,,,,,,,,,
sz002388,,新亚制程,5.55,,5.67,5.78,5.31,,,,,,,,,,,,,,
sz002389,,航天彩虹,18.18,,18.22,18.5,17.7,,,,,,,,,,,,,,
sz002390,,信邦制药,2.74,,2.81,2.83,2.72,,,,,,,,,,,,,,
sz002391,,长青股份,5.15,,5.21,5.26,5.09,,,,,,,,,,,,,,
sz002392,,北京利尔,9,,9.01,9.6,8.79,,,,,,,,,,,,,,
sz002393,,力生制药,14.75,,14.52,14.89,14.43,,,,,,,,,,,,,,
sz002394,,联发股份,9.2,,9.47,9.5,9,,,,,,,,,,,,,,
sz002395,,双象股份,12.59,,12.87,12.89,12.5,,,,,,,,,,,,,,
sz002396,,星网锐捷,18.89,,19.09,19.1,18.5,,,,,,,,,,,,,,
sz002397,,梦洁股份,4.53,,4.68,4.91,4.45,,,,,,,,,,,,,,
sz002398,,垒知集团,3.95,,4.05,4.08,3.91,,,,,,,,,,,,,,
sz002399,,海普瑞,9.3,,9.25,9.66,9.17,,,,,,,,,,,,,,
sz002400,,省广集团,6.7,,6.78,6.78,6.55,,,,,,,,,,,,,,
sz002401,,中远海科,12.39,,12.78,12.92,12.27,,,,,,,,,,,,,,
sz002402,,和而泰,23.94,,23.87,24.07,23.29,,,,,,,,,,,,,,
sz002403,,爱仕达,8.84,,9.28,9.35,8.71,,,,,,,,,,,,,,
sz002404,,嘉欣丝绸,5.9,,6.12,6.18,5.85,,,,,,,,,,,,,,
sz002405,,四维图新,6.92,,7.05,7.09,6.79,,,,,,,,,,,,,,
sz002406,,远东传动,7.01,,7.15,7.19,6.95,,,,,,,,,,,,,,
sz002407,,多氟多,44.25,,41.8,44.55,39.8,,,,,,,,,,,,,,
sz002408,,齐翔腾达,5.03,,5.12,5.21,5.01,,,,,,,,,,,,,,
sz002409,,雅克科技,173.05,,155,173.05,155,,,,,,,,,,,,,,
sz002410,,广联达,8.53,,8.75,8.75,8.43,,,,,,,,,,,,,,
sz002412,,汉森制药,5.96,,6.03,6.09,5.87,,,,,,,,,,,,,,
sz002413,,雷科防务,9.86,,9.66,9.92,9.43,,,,,,,,,,,,,,
sz002414,,高德红外,13.9,,13.39,13.97,13.19,,,,,,,,,,,,,,
sz002415,,海康威视,34.03,,31.4,34.49,31.02,,,,,,,,,,,,,,
sz002416,,爱施德,10.14,,10.38,10.5,10.14,,,,,,,,,,,,,,
sz002418,,康盛股份,4.59,,4.7,4.73,4.4,,,,,,,,,,,,,,
sz002419,,天虹股份,4.51,,4.66,4.7,4.47,,,,,,,,,,,,,,
sz002420,,毅昌科技,5.76,,6.04,6.08,5.71,,,,,,,,,,,,,,
sz002421,,达实智能,4.09,,4.03,4.15,3.84,,,,,,,,,,,,,,
sz002422,,科伦药业,37.6,,37.01,39.36,36.98,,,,,,,,,,,,,,
sz002423,,中粮资本,8.79,,9.12,9.22,8.76,,,,,,,,,,,,,,
sz002424,,ST百灵,4.68,,4.8,4.91,4.6,,,,,,,,,,,,,,
sz002425,,凯撒文化,2.71,,2.81,2.82,2.69,,,,,,,,,,,,,,
sz002426,,胜利精密,4.32,,4.11,4.34,4.05,,,,,,,,,,,,,,
sz002427,,尤夫股份,4.74,,4.3,4.74,4.29,,,,,,,,,,,,,,
sz002428,,云南锗业,123.09,,109.06,123.09,106.01,,,,,,,,,,,,,,
sz002429,,兆驰股份,11.35,,11.19,11.56,10.97,,,,,,,,,,,,,,
sz002430,,杭氧股份,27.41,,28,28.26,26.58,,,,,,,,,,,,,,
sz002431,,ST棕榈,1.3,,1.36,1.37,1.3,,,,,,,,,,,,,,
sz002432,,九安医疗,68.05,,68.82,71.21,67.38,,,,,,,,,,,,,,
sz002434,,万里扬,6.39,,6.54,6.56,6.33,,,,,,,,,,,,,,
sz002436,,兴森科技,50.23,,48.5,51.61,48.3,,,,,,,,,,,,,,
sz002437,,誉衡药业,2.65,,2.69,2.75,2.63,,,,,,,,,,,,,,
sz002438,,江苏神通,15.41,,15.56,16.07,15.24,,,,,,,,,,,,,,
sz002439,,启明星辰,13.26,,13.56,13.65,13.04,,,,,,,,,,,,,,
sz002440,,闰土股份,11.54,,11.04,11.74,10.9,,,,,,,,,,,,,,
sz002441,,众业达,8.75,,8.86,8.88,8.42,,,,,,,,,,,,,,
sz002442,,龙星科技,5.58,,5.72,5.9,5.55,,,,,,,,,,,,,,
sz002443,,金洲管道,11.01,,11.29,11.46,10.85,,,,,,,,,,,,,,
sz002444,,巨星科技,29.1,,29,29.43,28.78,,,,,,,,,,,,,,
sz002445,,中南文化,3.02,,3.08,3.17,2.98,,,,,,,,,,,,,,
sz002446,,盛路通信,11.19,,11.3,11.5,10.96,,,,,,,,,,,,,,
sz002448,,中原内配,13.2,,13.23,13.47,13.07,,,,,,,,,,,,,,
sz002449,,国星光电,7.84,,7.97,7.98,7.61,,,,,,,,,,,,,,
sz002451,,摩恩电气,7.55,,7.75,7.75,7.45,,,,,,,,,,,,,,
sz002452,,长高电气,12.12,,11.2,12.12,11.08,,,,,,,,,,,,,,
sz002453,,华软科技,4.94,,5.36,5.36,4.87,,,,,,,,,,,,,,
sz002454,,松芝股份,5.13,,5.21,5.28,5.08,,,,,,,,,,,,,,
sz002455,,百川股份,8.04,,8.28,8.38,7.96,,,,,,,,,,,,,,
sz002456,,欧菲光,9.18,,9.07,9.38,8.88,,,,,,,,,,,,,,
sz002457,,青龙管业,12.7,,13.14,13.14,12.7,,,,,,,,,,,,,,
sz002458,,益生股份,8.06,,8.28,8.29,7.92,,,,,,,,,,,,,,
sz002459,,晶澳科技,8.05,,8.03,8.14,7.88,,,,,,,,,,,,,,
sz002460,,赣锋锂业,71.62,,67.96,72.3,66.76,,,,,,,,,,,,,,
sz002461,,珠江啤酒,7.9,,8.2,8.21,7.88,,,,,,,,,,,,,,
sz002462,,嘉事堂,12.59,,13.11,13.18,12.56,,,,,,,,,,,,,,
sz002463,,沪电股份,143.35,,138.53,144.98,137.64,,,,,,,,,,,,,,
sz002465,,海格通信,12.77,,12.7,12.84,12.48,,,,,,,,,,,,,,
sz002466,,天齐锂业,66.13,,61.32,66.5,60.71,,,,,,,,,,,,,,
sz002467,,二六三,5.09,,5.17,5.17,4.97,,,,,,,,,,,,,,
sz002468,,申通快递,13.78,,13.9,14.19,13.62,,,,,,,,,,,,,,
sz002469,,三维化学,6.19,,6.48,6.51,6.18,,,,,,,,,,,,,,
sz002470,,金正大,2.09,,2.13,2.17,2.06,,,,,,,,,,,,,,
sz002471,,中超控股,6.25,,6.51,6.53,6.17,,,,,,,,,,,,,,
sz002472,,双环传动,40.05,,40.76,41.74,39.88,,,,,,,,,,,,,,
sz002474,,榕基软件,6.01,,6.38,6.43,5.87,,,,,,,,,,,,,,
sz002475,,立讯精密,75.05,,68.46,76.3,66.46,,,,,,,,,,,,,,
sz002476,,新叶股份,5.18,,5.45,5.45,5.16,,,,,,,,,,,,,,
sz002478,,常宝股份,6.78,,6.94,6.95,6.72,,,,,,,,,,,,,,
sz002479,,富春环保,4.52,,4.63,4.64,4.49,,,,,,,,,,,,,,
sz002480,,新筑股份,5.18,,5.38,5.39,5.15,,,,,,,,,,,,,,
sz002481,,双塔食品,3.88,,3.97,4,3.85,,,,,,,,,,,,,,
sz002482,,广田集团,1.26,,1.33,1.33,1.25,,,,,,,,,,,,,,
sz002483,,润邦股份,5.14,,5.3,5.3,5.09,,,,,,,,,,,,,,
sz002484,,江海股份,100.93,,94.78,102.85,94.53,,,,,,,,,,,,,,
sz002485,,ST雪发,4.95,,5.25,5.41,4.95,,,,,,,,,,,,,,
sz002486,,嘉麟杰,2.25,,2.38,2.41,2.24,,,,,,,,,,,,,,
sz002487,,大金重工,58.2,,59.8,59.9,57.58,,,,,,,,,,,,,,
sz002488,,金固股份,9.79,,10.13,10.23,9.62,,,,,,,,,,,,,,
sz002489,,浙江永强,2.83,,2.92,2.94,2.82,,,,,,,,,,,,,,
sz002490,,山东墨龙,6.54,,6.88,6.89,6.45,,,,,,,,,,,,,,
sz002491,,通鼎互联,37.05,,33.68,37.05,33.68,,,,,,,,,,,,,,
sz002492,,恒基达鑫,5.74,,6,6.06,5.56,,,,,,,,,,,,,,
sz002493,,荣盛石化,12.19,,11.78,12.69,11.73,,,,,,,,,,,,,,
sz002494,,华斯股份,4.74,,4.88,4.96,4.66,,,,,,,,,,,,,,
sz002495,,佳隆股份,2.16,,2.26,2.26,2.14,,,,,,,,,,,,,,
sz002496,,辉丰股份,2.03,,2.05,2.11,1.98,,,,,,,,,,,,,,
sz002497,,雅化集团,23.6,,21.45,23.6,21.02,,,,,,,,,,,,,,
sz002498,,汉缆股份,7.25,,7.27,7.28,7.11,,,,,,,,,,,,,,
sz002500,,山西证券,5.27,,5.37,5.46,5.24,,,,,,,,,,,,,,
sz002501,,*ST利源,1.29,,1.33,1.34,1.28,,,,,,,,,,,,,,
sz002506,,协鑫集成,3.02,,3,3.07,2.92,,,,,,,,,,,,,,
sz002507,,涪陵榨菜,11.04,,11.48,11.52,11.02,,,,,,,,,,,,,,
sz002508,,老板电器,14.9,,15.3,15.3,14.8,,,,,,,,,,,,,,
sz002510,,天汽模,6.2,,6.07,6.24,6.03,,,,,,,,,,,,,,
sz002511,,中顺洁柔,6.79,,6.89,6.92,6.76,,,,,,,,,,,,,,
sz002512,,ST达华,3.67,,3.81,3.87,3.67,,,,,,,,,,,,,,
sz002513,,蓝丰生化,5,,5.25,5.32,4.98,,,,,,,,,,,,,,
sz002514,,*ST宝馨,2.49,,2.49,2.49,2.49,,,,,,,,,,,,,,
sz002515,,金字火腿,10.61,,10.44,10.7,10.25,,,,,,,,,,,,,,
sz002516,,旷达科技,5.79,,5.92,6.02,5.72,,,,,,,,,,,,,,
sz002517,,恺英网络,15.42,,15.05,15.95,15.01,,,,,,,,,,,,,,
sz002518,,科士达,49.48,,49.32,50.36,48.22,,,,,,,,,,,,,,
sz002519,,银河电子,6.09,,6.12,6.14,5.96,,,,,,,,,,,,,,
sz002520,,日发精机,7.56,,6.85,7.56,6.6,,,,,,,,,,,,,,
sz002521,,齐峰新材,6.7,,6.85,6.9,6.63,,,,,,,,,,,,,,
sz002522,,浙江众成,7.52,,7.62,7.78,7.29,,,,,,,,,,,,,,
sz002523,,天桥起重,3.13,,3.25,3.28,3.08,,,,,,,,,,,,,,
sz002524,,光正眼科,3.51,,3.56,3.63,3.37,,,,,,,,,,,,,,
sz002526,,山东矿机,2.67,,2.77,2.77,2.65,,,,,,,,,,,,,,
sz002527,,新时达,13.89,,13.66,14.05,13.22,,,,,,,,,,,,,,
sz002528,,*ST英飞,4.5,,4.45,4.55,4.32,,,,,,,,,,,,,,
sz002529,,海源复材,7.44,,7.7,7.88,7.4,,,,,,,,,,,,,,
sz002530,,金财互联,7.26,,7.5,7.53,7.18,,,,,,,,,,,,,,
sz002531,,天顺风能,8.96,,9.28,9.32,8.8,,,,,,,,,,,,,,
sz002532,,天山铝业,11.89,,11.8,12,11.64,,,,,,,,,,,,,,
sz002533,,金杯电工,11.14,,11.18,11.26,10.92,,,,,,,,,,,,,,
sz002534,,西子洁能,21.72,,21.64,21.93,21.28,,,,,,,,,,,,,,
sz002535,,林州重机,2.22,,2.45,2.48,2.22,,,,,,,,,,,,,,
sz002536,,飞龙股份,49.49,,44.5,49.49,43.5,,,,,,,,,,,,,,
sz002537,,海联金汇,5.68,,5.93,5.96,5.64,,,,,,,,,,,,,,
sz002538,,ST司特,6.02,,5.86,6.09,5.82,,,,,,,,,,,,,,
sz002539,,云图控股,12.61,,12.4,13.03,12.11,,,,,,,,,,,,,,
sz002540,,亚太科技,4.97,,4.99,5,4.87,,,,,,,,,,,,,,
sz002541,,鸿路钢构,16.56,,17.03,17.04,16.07,,,,,,,,,,,,,,
sz002542,,*ST中岩,1.3,,1.36,1.37,1.3,,,,,,,,,,,,,,
sz002543,,万和电气,6.38,,6.62,6.65,6.33,,,,,,,,,,,,,,
sz002544,,普天科技,18.58,,18.78,18.89,18.15,,,,,,,,,,,,,,
sz002545,,东方铁塔,18.98,,18.34,19.19,18.34,,,,,,,,,,,,,,
sz002546,,新联电子,7.44,,7.5,7.5,7.33,,,,,,,,,,,,,,
sz002547,,*ST春兴,2.75,,2.86,2.87,2.75,,,,,,,,,,,,,,
sz002548,,金新农,3.64,,3.82,3.85,3.58,,,,,,,,,,,,,,
sz002549,,凯美特气,19.44,,18.84,20,18.5,,,,,,,,,,,,,,
sz002550,,千红制药,6.51,,5.96,6.51,5.88,,,,,,,,,,,,,,
sz002551,,尚荣医疗,2.8,,2.91,2.95,2.79,,,,,,,,,,,,,,
sz002552,,宝鼎科技,75.99,,68.82,75.99,66.68,,,,,,,,,,,,,,
sz002553,,南方精工,16.55,,16.86,16.98,16.35,,,,,,,,,,,,,,
sz002554,,惠博普,3.08,,3.28,3.29,3.07,,,,,,,,,,,,,,
sz002555,,三七互娱,18.21,,17.6,18.59,17.57,,,,,,,,,,,,,,
sz002556,,辉隆股份,4.73,,4.85,4.87,4.72,,,,,,,,,,,,,,
sz002557,,洽洽食品,17.8,,18.4,18.4,17.75,,,,,,,,,,,,,,
sz002558,,巨人网络,25.21,,24.97,26.44,24.7,,,,,,,,,,,,,,
sz002559,,亚威股份,10.88,,10.46,10.89,10.4,,,,,,,,,,,,,,
sz002560,,通达股份,8.23,,8.62,8.62,8.06,,,,,,,,,,,,,,
sz002561,,徐家汇,6.6,,6.8,6.86,6.56,,,,,,,,,,,,,,
sz002562,,兄弟科技,4.7,,4.69,4.78,4.65,,,,,,,,,,,,,,
sz002563,,森马服饰,5.21,,5.34,5.39,5.2,,,,,,,,,,,,,,
sz002564,,天沃科技,4.45,,4.64,4.66,4.42,,,,,,,,,,,,,,
sz002565,,顺灏股份,12.53,,12.26,12.6,11.85,,,,,,,,,,,,,,
sz002566,,益盛药业,6.41,,6.74,6.81,6.32,,,,,,,,,,,,,,
sz002567,,唐人神,3.2,,3.3,3.32,3.18,,,,,,,,,,,,,,
sz002568,,百润股份,14.68,,15.5,15.5,14.56,,,,,,,,,,,,,,
sz002569,,*ST步森,15.12,,15.09,15.3,14.69,,,,,,,,,,,,,,
sz002570,,贝因美,4.35,,4.56,4.57,4.34,,,,,,,,,,,,,,
sz002571,,德力股份,10.88,,10.76,11,10.55,,,,,,,,,,,,,,
sz002572,,索菲亚,7.61,,7.93,7.95,7.46,,,,,,,,,,,,,,
sz002573,,清新环境,3.07,,3.18,3.18,3.06,,,,,,,,,,,,,,
sz002574,,明牌珠宝,4.37,,4.54,4.6,4.33,,,,,,,,,,,,,,
sz002575,,群兴玩具,6.18,,5.96,6.23,5.67,,,,,,,,,,,,,,
sz002576,,通达动力,15.16,,15.53,15.53,14.94,,,,,,,,,,,,,,
sz002577,,雷柏科技,18.63,,19.02,19.21,18.07,,,,,,,,,,,,,,
sz002578,,闽发铝业,3.41,,3.49,3.53,3.35,,,,,,,,,,,,,,
sz002579,,中京电子,19.36,,19.27,19.82,18.7,,,,,,,,,,,,,,
sz002580,,圣阳股份,25.51,,23.88,25.51,23.6,,,,,,,,,,,,,,
sz002581,,*ST未名,3.39,,3.55,3.62,3.37,,,,,,,,,,,,,,
sz002582,,好想你,9.04,,9.17,9.38,9,,,,,,,,,,,,,,
sz002583,,海能达,8.37,,8.62,8.69,8.33,,,,,,,,,,,,,,
sz002584,,西陇科学,11.02,,11.02,11.02,11.02,,,,,,,,,,,,,,
sz002585,,双星新材,14,,13.31,14.17,13.3,,,,,,,,,,,,,,
sz002586,,ST围海,3.56,,3.44,3.62,3.42,,,,,,,,,,,,,,
sz002587,,奥拓电子,7.2,,7.11,7.24,6.88,,,,,,,,,,,,,,
sz002588,,史丹利,8.65,,8.63,8.69,8.5,,,,,,,,,,,,,,
sz002589,,瑞康医药,2.62,,2.7,2.73,2.61,,,,,,,,,,,,,,
sz002590,,万安科技,10.5,,10.85,10.88,10.41,,,,,,,,,,,,,,
sz002591,,恒大高新,6.73,,6.92,7.04,6.59,,,,,,,,,,,,,,
sz002592,,ST八菱,6.65,,6.53,6.78,6.43,,,,,,,,,,,,,,
sz002593,,日上集团,4.15,,4.3,4.34,4.1,,,,,,,,,,,,,,
sz002594,,比亚迪,83.3,,84.5,84.7,82.78,,,,,,,,,,,,,,
sz002595,,豪迈科技,48.1,,48.18,48.5,47.55,,,,,,,,,,,,,,
sz002596,,海南瑞泽,3.07,,3.34,3.34,3.04,,,,,,,,,,,,,,
sz002597,,金禾实业,22.04,,21.31,22.19,21.1,,,,,,,,,,,,,,
sz002598,,ST章鼓,6.85,,6.99,7.03,6.8,,,,,,,,,,,,,,
sz002599,,盛通股份,5.34,,5.53,5.55,5.3,,,,,,,,,,,,,,
sz002600,,领益智造,17.66,,15.92,17.66,15.69,,,,,,,,,,,,,,
sz002601,,龙佰集团,17.36,,16.71,17.42,16.51,,,,,,,,,,,,,,
sz002602,,世纪华通,13.19,,12.91,13.6,12.85,,,,,,,,,,,,,,
sz002603,,以岭药业,15.55,,15.41,15.79,15.3,,,,,,,,,,,,,,
sz002605,,姚记科技,18.47,,18.2,18.93,18.06,,,,,,,,,,,,,,
sz002606,,大连电瓷,14.25,,14.01,14.33,13.79,,,,,,,,,,,,,,
sz002607,,中公教育,1.86,,1.9,1.91,1.8,,,,,,,,,,,,,,
sz002608,,江苏国信,7.68,,8.05,8.09,7.65,,,,,,,,,,,,,,
sz002609,,捷顺科技,7.83,,7.66,7.88,7.37,,,,,,,,,,,,,,
sz002611,,东方精工,17.81,,17.99,18.1,17.44,,,,,,,,,,,,,,
sz002612,,朗姿股份,11.9,,12.19,12.25,11.84,,,,,,,,,,,,,,
sz002613,,北玻股份,4.62,,4.81,4.82,4.52,,,,,,,,,,,,,,
sz002614,,奥佳华,4.56,,4.73,4.76,4.54,,,,,,,,,,,,,,
sz002615,,哈尔斯,6.36,,6.65,6.65,6.34,,,,,,,,,,,,,,
sz002616,,长青集团,4.57,,4.6,4.63,4.49,,,,,,,,,,,,,,
sz002617,,露笑科技,9.43,,9.41,9.55,9.18,,,,,,,,,,,,,,
sz002620,,*ST瑞和,5.11,,5.35,5.38,5.11,,,,,,,,,,,,,,
sz002622,,皓宸医疗,2.18,,2.31,2.35,2.13,,,,,,,,,,,,,,
sz002623,,亚玛顿,15.87,,16.27,16.27,15.65,,,,,,,,,,,,,,
sz002624,,完美世界,11.43,,11.4,11.87,11.26,,,,,,,,,,,,,,
sz002625,,光启技术,31.63,,31.27,32.36,30.1,,,,,,,,,,,,,,
sz002626,,金达威,13.81,,14.26,14.3,13.79,,,,,,,,,,,,,,
sz002627,,三峡旅游,5.91,,6.25,6.27,5.79,,,,,,,,,,,,,,
sz002628,,成都路桥,4.79,,4.81,4.86,4.67,,,,,,,,,,,,,,
sz002629,,仁智股份,4.4,,4.7,4.74,4.37,,,,,,,,,,,,,,
sz002630,,*ST华西,1.91,,1.91,1.97,1.87,,,,,,,,,,,,,,
sz002631,,德尔未来,9.89,,9.08,9.89,9.08,,,,,,,,,,,,,,
sz002632,,道明光学,9.8,,9.9,10.06,9.64,,,,,,,,,,,,,,
sz002633,,申科股份,16.18,,16.67,17.2,16.11,,,,,,,,,,,,,,
sz002634,,*ST棒杰,4.25,,4.42,4.51,4.25,,,,,,,,,,,,,,
sz002635,,安洁科技,18.03,,17.87,18.36,17.35,,,,,,,,,,,,,,
sz002636,,金安国纪,115.81,,108.65,118.31,106.95,,,,,,,,,,,,,,
sz002637,,赞宇科技,11.13,,11.24,11.51,10.87,,,,,,,,,,,,,,
sz002638,,勤上股份,3.96,,3.94,4,3.87,,,,,,,,,,,,,,
sz002639,,雪人集团,13.57,,14.38,14.38,13.36,,,,,,,,,,,,,,
sz002640,,跨境通,3.28,,3.39,3.42,3.24,,,,,,,,,,,,,,
sz002641,,公元股份,3.94,,4.08,4.11,3.92,,,,,,,,,,,,,,
sz002642,,荣联科技,6.53,,6.76,6.79,6.44,,,,,,,,,,,,,,
sz002643,,万润股份,19.51,,17.77,19.51,17.48,,,,,,,,,,,,,,
sz002644,,佛慈制药,7.35,,7.58,7.62,7.32,,,,,,,,,,,,,,
sz002645,,华宏科技,31.42,,31.99,32,30.4,,,,,,,,,,,,,,
sz002646,,天佑德酒,6.52,,6.74,6.81,6.51,,,,,,,,,,,,,,
sz002647,,仁东控股,10.85,,11.25,11.35,10.68,,,,,,,,,,,,,,
sz002648,,卫星化学,25.66,,26.37,26.66,24.9,,,,,,,,,,,,,,
sz002649,,博彦科技,8.49,,8.73,8.77,8.38,,,,,,,,,,,,,,
sz002650,,ST加加,6.45,,6.57,6.72,6.38,,,,,,,,,,,,,,
sz002651,,利君股份,7.64,,7.78,7.8,7.56,,,,,,,,,,,,,,
sz002652,,扬子新材,4.39,,4.5,4.56,4.28,,,,,,,,,,,,,,
sz002653,,海思科,58.01,,53.76,58.5,52.5,,,,,,,,,,,,,,
sz002654,,万润科技,18.84,,17.85,19.15,17.85,,,,,,,,,,,,,,
sz002655,,共达电声,50.2,,47.16,50.4,45.41,,,,,,,,,,,,,,
sz002656,,*ST摩登,3.02,,3.09,3.1,3,,,,,,,,,,,,,,
sz002657,,中科金财,22.15,,22.52,22.55,21.8,,,,,,,,,,,,,,
sz002658,,雪迪龙,8.2,,8.03,8.21,7.76,,,,,,,,,,,,,,
sz002659,,凯文教育,3.85,,4.02,4.03,3.8,,,,,,,,,,,,,,
sz002660,,茂硕电源,6.94,,7.13,7.2,6.78,,,,,,,,,,,,,,
sz002661,,克明食品,7.16,,7.43,7.46,7.1,,,,,,,,,,,,,,
sz002662,,峰璟股份,3.8,,3.88,3.95,3.79,,,,,,,,,,,,,,
sz002663,,普邦股份,1.52,,1.59,1.6,1.48,,,,,,,,,,,,,,
sz002664,,信质集团,18.45,,18.59,18.78,18.17,,,,,,,,,,,,,,
sz002666,,德联集团,4.12,,4.3,4.32,4.1,,,,,,,,,,,,,,
sz002667,,*ST威领,13.19,,13.19,13.19,13.19,,,,,,,,,,,,,,
sz002668,,TCL智家,10.21,,10.51,10.6,10.16,,,,,,,,,,,,,,
sz002669,,康达新材,17.6,,17.51,17.9,17.25,,,,,,,,,,,,,,
sz002670,,国盛证券,11.81,,12.21,12.42,11.73,,,,,,,,,,,,,,
sz002671,,龙泉股份,3.81,,3.96,3.98,3.79,,,,,,,,,,,,,,
sz002672,,东江环保,3.77,,4.05,4.06,3.73,,,,,,,,,,,,,,
sz002673,,西部证券,6.64,,6.74,6.88,6.61,,,,,,,,,,,,,,
sz002674,,兴业科技,23.83,,23.83,23.83,23.83,,,,,,,,,,,,,,
sz002675,,东诚药业,12.61,,12.78,13.03,12.6,,,,,,,,,,,,,,
sz002676,,顺威股份,4.99,,5.13,5.18,4.96,,,,,,,,,,,,,,
sz002677,,浙江美大,5.89,,6.18,6.18,5.85,,,,,,,,,,,,,,
sz002678,,珠江钢琴,4.47,,4.65,4.71,4.39,,,,,,,,,,,,,,
sz002679,,福建金森,8.16,,8.69,8.69,8.08,,,,,,,,,,,,,,
sz002681,,奋达科技,5.05,,4.86,5.15,4.8,,,,,,,,,,,,,,
sz002682,,龙洲股份,4.42,,4.63,4.67,4.36,,,,,,,,,,,,,,
sz002683,,广东宏大,28.18,,29.1,29.29,28.05,,,,,,,,,,,,,,
sz002685,,华东重机,6.86,,6.79,6.89,6.5,,,,,,,,,,,,,,
sz002686,,亿利达,5.49,,5.73,5.73,5.45,,,,,,,,,,,,,,
sz002687,,乔治白,5.07,,4.85,5.07,4.68,,,,,,,,,,,,,,
sz002688,,金河生物,4.96,,5.03,5.09,4.93,,,,,,,,,,,,,,
sz002689,,ST远智,2.65,,2.7,2.72,2.61,,,,,,,,,,,,,,
sz002690,,美亚光电,14.1,,14.49,14.53,14.06,,,,,,,,,,,,,,
sz002691,,*ST冀凯,4.33,,4.54,4.54,4.33,,,,,,,,,,,,,,
sz002692,,远程股份,3.94,,4.06,4.08,3.88,,,,,,,,,,,,,,
sz002693,,双成药业,8.7,,8.91,8.91,8.56,,,,,,,,,,,,,,
sz002694,,*ST顾地,2.17,,2.27,2.28,2.17,,,,,,,,,,,,,,
sz002695,,煌上煌,10.37,,10.61,10.62,10.2,,,,,,,,,,,,,,
sz002696,,百洋股份,5.17,,5.5,5.51,5.12,,,,,,,,,,,,,,
sz002697,,红旗连锁,4.3,,4.4,4.4,4.29,,,,,,,,,,,,,,
sz002698,,博实股份,11.98,,11.82,12.08,11.67,,,,,,,,,,,,,,
sz002700,,万憬能源,7.72,,8.03,8.33,7.44,,,,,,,,,,,,,,
sz002701,,奥瑞金,4.43,,4.52,4.52,4.4,,,,,,,,,,,,,,
sz002702,,海欣食品,4.68,,4.86,4.89,4.65,,,,,,,,,,,,,,
sz002703,,浙江世宝,15.32,,15.97,16.11,15.21,,,,,,,,,,,,,,
sz002705,,新宝股份,11.12,,11.3,11.36,10.95,,,,,,,,,,,,,,
sz002706,,良信股份,11.94,,11.93,12.11,11.53,,,,,,,,,,,,,,
sz002707,,众信旅游,5.06,,5.19,5.22,5.03,,,,,,,,,,,,,,
sz002708,,光洋股份,14.83,,14.78,15.12,14.3,,,,,,,,,,,,,,
sz002709,,天赐材料,56.34,,54.02,56.91,52.65,,,,,,,,,,,,,,
sz002712,,思美传媒,4.41,,4.62,4.64,4.37,,,,,,,,,,,,,,
sz002713,,*ST东易,11.53,,11,11.53,10.73,,,,,,,,,,,,,,
sz002714,,牧原股份,32.53,,33.04,33.2,32.35,,,,,,,,,,,,,,
sz002715,,登云股份,13.78,,14.4,14.52,13.6,,,,,,,,,,,,,,
sz002716,,湖南白银,8.73,,8.66,8.77,8.47,,,,,,,,,,,,,,
sz002717,,*ST岭南,0.97,,1.01,1.04,0.97,,,,,,,,,,,,,,
sz002718,,友邦吊顶,120.49,,116.92,120.8,108.03,,,,,,,,,,,,,,
sz002719,,ST麦趣,6.36,,6.65,6.68,6.36,,,,,,,,,,,,,,
sz002721,,金一文化,2.29,,2.35,2.37,2.26,,,,,,,,,,,,,,
sz002722,,物产金轮,12.31,,12.82,12.82,12.26,,,,,,,,,,,,,,
sz002723,,小崧股份,9.36,,9.12,9.38,8.82,,,,,,,,,,,,,,
sz002724,,海洋王,4.98,,5.11,5.14,4.91,,,,,,,,,,,,,,
sz002725,,跃岭股份,13.54,,13.11,14.28,12.6,,,,,,,,,,,,,,
sz002726,,ST龙大,1.44,,1.53,1.55,1.44,,,,,,,,,,,,,,
sz002727,,一心堂,10.5,,10.83,10.89,10.44,,,,,,,,,,,,,,
sz002728,,特一药业,8.81,,8.8,9.25,8.66,,,,,,,,,,,,,,
sz002729,,好利科技,19.18,,19.58,19.74,18.85,,,,,,,,,,,,,,
sz002730,,电光科技,30.43,,31.42,31.8,29.58,,,,,,,,,,,,,,
sz002731,,ST萃华,4.35,,0,0,0,,,,,,,,,,,,,,
sz002732,,燕塘乳业,13.03,,13.49,13.56,13.02,,,,,,,,,,,,,,
sz002733,,雄韬股份,32.82,,32.9,33.81,32.04,,,,,,,,,,,,,,
sz002734,,利民股份,18.96,,18.87,19.25,18.59,,,,,,,,,,,,,,
sz002735,,王子新材,17.28,,18.14,18.32,16.6,,,,,,,,,,,,,,
sz002736,,国信证券,10.2,,10.26,10.51,10.1,,,,,,,,,,,,,,
sz002737,,葵花药业,12.12,,12.4,12.56,12.1,,,,,,,,,,,,,,
sz002738,,中矿资源,60.25,,58,60.88,56.5,,,,,,,,,,,,,,
sz002739,,儒意电影,8.25,,8.18,8.29,7.89,,,,,,,,,,,,,,
sz002741,,光华科技,34.97,,34.99,36.5,34.11,,,,,,,,,,,,,,
sz002742,,冀衡医药,3.47,,3.59,3.61,3.45,,,,,,,,,,,,,,
sz002743,,富煌钢构,4.18,,4.27,4.31,4.09,,,,,,,,,,,,,,
sz002745,,木林森,12.04,,11.31,12.15,11.21,,,,,,,,,,,,,,
sz002746,,仙坛股份,5.14,,5.25,5.27,5.13,,,,,,,,,,,,,,
sz002747,,埃斯顿,37.62,,37.2,38.99,36.62,,,,,,,,,,,,,,
sz002748,,世龙实业,11.18,,11.3,11.68,11.02,,,,,,,,,,,,,,
sz002749,,国光股份,8,,8.28,8.38,7.99,,,,,,,,,,,,,,
sz002752,,昇兴股份,6.18,,6.24,6.3,6.08,,,,,,,,,,,,,,
sz002753,,永东股份,6.24,,6.46,6.68,6.19,,,,,,,,,,,,,,
sz002755,,奥赛康,13.15,,13.17,13.45,13.03,,,,,,,,,,,,,,
sz002756,,永兴材料,64.21,,59,65.02,57.52,,,,,,,,,,,,,,
sz002757,,南兴股份,20.42,,20.16,20.46,19.76,,,,,,,,,,,,,,
sz002758,,浙农股份,8.3,,8.34,8.43,8.22,,,,,,,,,,,,,,
sz002759,,天际股份,28.1,,27.98,28.5,26.68,,,,,,,,,,,,,,
sz002760,,凤形股份,17.3,,18.05,18.29,17.03,,,,,,,,,,,,,,
sz002761,,浙江建投,6.94,,7.17,7.17,6.91,,,,,,,,,,,,,,
sz002762,,金发拉比,8.26,,8.5,8.5,8.08,,,,,,,,,,,,,,
sz002763,,汇洁股份,7.3,,7.57,7.68,7.28,,,,,,,,,,,,,,
sz002765,,蓝黛科技,7.48,,7.68,7.71,7.42,,,,,,,,,,,,,,
sz002766,,索菱股份,3.75,,3.92,3.92,3.69,,,,,,,,,,,,,,
sz002767,,先锋电子,17.61,,17.97,17.99,17.15,,,,,,,,,,,,,,
sz002768,,国恩股份,54.45,,55.8,55.99,52.71,,,,,,,,,,,,,,
sz002769,,普路通,6.99,,7.29,7.29,6.82,,,,,,,,,,,,,,
sz002771,,真视通,13.86,,14.42,14.42,13.66,,,,,,,,,,,,,,
sz002772,,众兴菌业,12.27,,12.4,12.46,12.18,,,,,,,,,,,,,,
sz002773,,康弘药业,20.49,,20.71,20.99,20.39,,,,,,,,,,,,,,
sz002774,,快意电梯,13.72,,13.52,14.25,13.46,,,,,,,,,,,,,,
sz002775,,文科股份,3.75,,3.84,3.86,3.69,,,,,,,,,,,,,,
sz002777,,久远银海,12.74,,13.2,13.2,12.63,,,,,,,,,,,,,,
sz002778,,中晟高科,17.14,,17.1,18.32,17.1,,,,,,,,,,,,,,
sz002779,,中坚科技,73.3,,74.28,75.04,71.71,,,,,,,,,,,,,,
sz002780,,三夫户外,13.03,,13.3,13.42,12.82,,,,,,,,,,,,,,
sz002782,,可立克,23.84,,23.72,24.55,22.99,,,,,,,,,,,,,,
sz002783,,凯龙股份,7.24,,7.48,7.48,7.2,,,,,,,,,,,,,,
sz002785,,万里石,43.44,,43.06,47.7,42.8,,,,,,,,,,,,,,
sz002786,,银宝山新,7.63,,8.07,8.07,7.47,,,,,,,,,,,,,,
sz002787,,华源控股,27.58,,27.13,27.92,26.2,,,,,,,,,,,,,,
sz002788,,鹭燕医药,11.13,,11.71,12.06,10.98,,,,,,,,,,,,,,
sz002789,,*ST建艺,12.75,,13.35,13.42,12.75,,,,,,,,,,,,,,
sz002790,,瑞尔特,5.6,,5.83,5.88,5.56,,,,,,,,,,,,,,
sz002791,,坚朗五金,13.53,,14.21,14.22,13.45,,,,,,,,,,,,,,
sz002792,,通宇通讯,35.59,,34.99,35.99,34.68,,,,,,,,,,,,,,
sz002793,,罗欣药业,4.02,,4.11,4.15,4,,,,,,,,,,,,,,
sz002795,,永和智控,7.14,,7.34,7.61,7,,,,,,,,,,,,,,
sz002796,,世嘉科技,39.34,,39.49,40.39,38.18,,,,,,,,,,,,,,
sz002797,,第一创业,6.67,,6.73,6.89,6.63,,,,,,,,,,,,,,
sz002798,,帝欧水华,5.54,,5.72,5.76,5.37,,,,,,,,,,,,,,
sz002799,,环球印务,6.36,,6.63,6.7,6.33,,,,,,,,,,,,,,
sz002800,,天顺股份,13.72,,14.3,14.39,13.6,,,,,,,,,,,,,,
sz002801,,微光股份,29.71,,29.82,30.19,29.42,,,,,,,,,,,,,,
sz002802,,洪汇新材,11.47,,12.03,12.13,11.34,,,,,,,,,,,,,,
sz002803,,吉宏股份,26.13,,23.79,26.13,23.57,,,,,,,,,,,,,,
sz002805,,丰元股份,29.81,,29.1,30.02,27.76,,,,,,,,,,,,,,
sz002806,,华锋股份,20.11,,20.48,20.7,19.72,,,,,,,,,,,,,,
sz002807,,江阴银行,3.84,,3.94,3.95,3.83,,,,,,,,,,,,,,
sz002808,,恒久退,0.18,,0.19,0.2,0.18,,,,,,,,,,,,,,
sz002809,,红墙股份,8.12,,8.52,8.52,8.06,,,,,,,,,,,,,,
sz002810,,山东赫达,26.06,,25.17,26.46,25.1,,,,,,,,,,,,,,
sz002811,,郑中设计,11.98,,11.96,12.46,11.81,,,,,,,,,,,,,,
sz002812,,恩捷股份,69.44,,68.8,70.3,66.25,,,,,,,,,,,,,,
sz002813,,路畅科技,19.83,,20.6,20.75,19.7,,,,,,,,,,,,,,
sz002815,,崇达技术,18.01,,17.44,18.15,17.4,,,,,,,,,,,,,,
sz002816,,*ST和科,27.66,,27.73,28.13,26.68,,,,,,,,,,,,,,
sz002817,,黄山胶囊,6.18,,6.43,6.47,6.11,,,,,,,,,,,,,,
sz002818,,富森美,11.12,,11.34,11.37,11.02,,,,,,,,,,,,,,
sz002819,,东方中科,23.09,,22.94,23.25,22.02,,,,,,,,,,,,,,
sz002820,,桂发祥,8.69,,9.25,9.25,8.66,,,,,,,,,,,,,,
sz002821,,凯莱英,141.57,,129.42,141.57,127.8,,,,,,,,,,,,,,
sz002822,,ST中装,2.63,,2.63,2.63,2.63,,,,,,,,,,,,,,
sz002823,,凯中精密,15.43,,15.71,15.88,15.3,,,,,,,,,,,,,,
sz002824,,和胜股份,38.3,,38.48,39.59,37.51,,,,,,,,,,,,,,
sz002825,,纳尔股份,8.72,,8.81,8.93,8.6,,,,,,,,,,,,,,
sz002826,,易明医药,16.34,,17.12,17.2,16.3,,,,,,,,,,,,,,
sz002827,,高争民爆,26.17,,26.6,26.66,25.33,,,,,,,,,,,,,,
sz002828,,贝肯能源,9.66,,10.01,10.34,9.63,,,,,,,,,,,,,,
sz002829,,星网宇达,18.36,,18.31,18.48,17.86,,,,,,,,,,,,,,
sz002830,,名雕股份,17.72,,17.52,18.18,17.31,,,,,,,,,,,,,,
sz002831,,裕同科技,38.1,,34.9,38.46,34.32,,,,,,,,,,,,,,
sz002832,,比音勒芬,20.76,,20.31,21.28,20.28,,,,,,,,,,,,,,
sz002833,,弘亚数控,18.67,,18.06,19.28,17.89,,,,,,,,,,,,,,
sz002835,,同为股份,12.13,,12.61,12.62,11.98,,,,,,,,,,,,,,
sz002836,,新宏泽,9.86,,10.31,10.39,9.82,,,,,,,,,,,,,,
sz002837,,英维克,82.86,,79,83.56,76.88,,,,,,,,,,,,,,
sz002838,,道恩股份,34.23,,33.24,34.99,32.7,,,,,,,,,,,,,,
sz002839,,张家港行,4.08,,4.21,4.22,4.07,,,,,,,,,,,,,,
sz002840,,华统股份,7.41,,7.88,7.88,7.39,,,,,,,,,,,,,,
sz002841,,视源股份,34.17,,34.44,34.69,33.64,,,,,,,,,,,,,,
sz002842,,翔鹭钨业,46.74,,47.22,48.8,45,,,,,,,,,,,,,,
sz002843,,泰嘉股份,21.15,,20.96,21.5,20.7,,,,,,,,,,,,,,
sz002845,,同兴达,16.33,,15.7,16.58,15.25,,,,,,,,,,,,,,
sz002846,,英联股份,11.77,,11.96,12.04,11.67,,,,,,,,,,,,,,
sz002847,,盐津铺子,47.07,,47.98,48.49,46.87,,,,,,,,,,,,,,
sz002848,,高斯贝尔,14.11,,13.5,14.34,13.21,,,,,,,,,,,,,,
sz002849,,威星智能,16.64,,16.93,17.11,16.41,,,,,,,,,,,,,,
sz002850,,科达利,186.59,,188.49,191.82,182.2,,,,,,,,,,,,,,
sz002851,,麦格米特,170.31,,171.14,175.38,168,,,,,,,,,,,,,,
sz002852,,道道全,7.4,,7.74,7.74,7.38,,,,,,,,,,,,,,
sz002853,,皮阿诺,21.44,,22.23,22.23,21.1,,,,,,,,,,,,,,
sz002855,,捷荣技术,10,,10.33,10.5,9.76,,,,,,,,,,,,,,
sz002856,,*ST美芝,18.59,,18.59,18.77,18.59,,,,,,,,,,,,,,
sz002857,,三晖电气,17.23,,17.29,17.66,16.91,,,,,,,,,,,,,,
sz002858,,力盛体育,11.71,,12.25,12.58,11.68,,,,,,,,,,,,,,
sz002859,,洁美科技,90.12,,91.37,93.67,88.14,,,,,,,,,,,,,,
sz002860,,星帅尔,13.77,,13.9,14.01,13.59,,,,,,,,,,,,,,
sz002861,,瀛通通讯,21.25,,19.91,21.26,19.71,,,,,,,,,,,,,,
sz002862,,实丰文化,13.74,,14.3,14.48,13.59,,,,,,,,,,,,,,
sz002863,,今飞凯达,4.49,,4.66,4.67,4.46,,,,,,,,,,,,,,
sz002864,,盘龙药业,27.15,,27.77,28.18,27.04,,,,,,,,,,,,,,
sz002865,,钧达股份,60.05,,59.4,60.99,57.49,,,,,,,,,,,,,,
sz002866,,传艺科技,17.4,,17.56,17.76,17.05,,,,,,,,,,,,,,
sz002867,,周大生,11.67,,11.79,11.79,11.54,,,,,,,,,,,,,,
sz002868,,绿康生化,24.23,,24.73,25.34,24.22,,,,,,,,,,,,,,
sz002869,,金溢科技,18.58,,19.18,19.37,18.38,,,,,,,,,,,,,,
sz002870,,香山股份,39.68,,39.22,39.82,38.38,,,,,,,,,,,,,,
sz002871,,伟隆股份,20.84,,21.46,21.69,20.01,,,,,,,,,,,,,,
sz002872,,ST天圣,4.75,,4.89,4.92,4.73,,,,,,,,,,,,,,
sz002873,,新天药业,7.67,,7.97,8.11,7.64,,,,,,,,,,,,,,
sz002875,,安奈儿,16.46,,17.28,17.33,16.2,,,,,,,,,,,,,,
sz002876,,三利谱,35.26,,32.05,35.26,31.52,,,,,,,,,,,,,,
sz002877,,智能自控,7.33,,7.68,7.68,7.27,,,,,,,,,,,,,,
sz002878,,元隆雅图,12.15,,12.53,12.63,12.03,,,,,,,,,,,,,,
sz002879,,长缆科技,14,,14.4,14.4,13.82,,,,,,,,,,,,,,
sz002880,,卫光生物,21.4,,21.9,22.46,21.32,,,,,,,,,,,,,,
sz002881,,美格智能,39.19,,38.97,39.68,37.58,,,,,,,,,,,,,,
sz002882,,金龙羽,20.56,,21.24,21.25,20.46,,,,,,,,,,,,,,
sz002883,,*ST中设,8.92,,9.2,9.21,8.76,,,,,,,,,,,,,,
sz002884,,凌霄泵业,15.4,,15.58,15.59,15.34,,,,,,,,,,,,,,
sz002885,,京泉华,44.33,,44.38,45.31,41.31,,,,,,,,,,,,,,
sz002886,,沃特股份,31.4,,32.22,32.4,31.2,,,,,,,,,,,,,,
sz002887,,绿茵生态,10.88,,11.52,11.7,10.78,,,,,,,,,,,,,,
sz002888,,惠威科技,23,,22.62,23.22,22.46,,,,,,,,,,,,,,
sz002889,,东方嘉盛,10.59,,10.93,10.99,10.49,,,,,,,,,,,,,,
sz002890,,弘宇股份,14.26,,14.8,14.87,13.88,,,,,,,,,,,,,,
sz002891,,中宠股份,26.49,,27.39,27.59,26.39,,,,,,,,,,,,,,
sz002892,,科力尔,9.82,,10.05,10.05,9.66,,,,,,,,,,,,,,
sz002893,,京能热力,10.14,,10.44,10.44,10.06,,,,,,,,,,,,,,
sz002895,,川恒股份,31.85,,29.6,31.99,29.44,,,,,,,,,,,,,,
sz002896,,中大力德,76.87,,79.05,80.35,76.47,,,,,,,,,,,,,,
sz002897,,意华股份,93.16,,84.69,93.16,84.02,,,,,,,,,,,,,,
sz002898,,*ST赛隆,8.3,,0,0,0,,,,,,,,,,,,,,
sz002899,,英派斯,23.15,,22.81,23.3,22.12,,,,,,,,,,,,,,
sz002900,,哈三联,9.86,,10.26,10.35,9.82,,,,,,,,,,,,,,
sz002901,,大博医疗,42.37,,42.45,42.95,41.86,,,,,,,,,,,,,,
sz002902,,铭普光磁,31.01,,31.5,31.84,30.28,,,,,,,,,,,,,,
sz002903,,宇环数控,51,,50.5,51.3,48.83,,,,,,,,,,,,,,
sz002905,,金逸影视,7.02,,7.34,7.36,6.96,,,,,,,,,,,,,,
sz002907,,华森制药,13.75,,13.27,13.8,13.13,,,,,,,,,,,,,,
sz002908,,德生科技,6.77,,7.06,7.09,6.68,,,,,,,,,,,,,,
sz002920,,德赛西威,83.87,,84.7,86.07,83,,,,,,,,,,,,,,
sz002921,,联诚精密,26.63,,25.97,27.9,25.17,,,,,,,,,,,,,,
sz002922,,伊戈尔,33.97,,33.9,34.33,32.39,,,,,,,,,,,,,,
sz002923,,润都股份,9.93,,10.22,10.5,9.87,,,,,,,,,,,,,,
sz002935,,天奥电子,20.65,,20.87,21.03,20.45,,,,,,,,,,,,,,
sz002936,,郑州银行,1.7,,1.74,1.75,1.7,,,,,,,,,,,,,,
sz002937,,兴瑞科技,43.13,,41.55,43.33,39.81,,,,,,,,,,,,,,
sz002948,,青岛银行,5.37,,5.51,5.53,5.36,,,,,,,,,,,,,,
sz002962,,五方光电,18.01,,18.52,18.7,17.52,,,,,,,,,,,,,,
sz002977,,*ST天箭,22.79,,23.8,23.9,22.7,,,,,,,,,,,,,,
sz002978,,安宁股份,26.67,,27.06,27.36,26.35,,,,,,,,,,,,,,
sz002979,,雷赛智能,53.14,,53.98,54.66,51.58,,,,,,,,,,,,,,
sz002980,,华盛昌,112.57,,112.95,115,108.8,,,,,,,,,,,,,,
sz002981,,朝阳科技,19.72,,20.44,20.44,19.42,,,,,,,,,,,,,,
sz002982,,湘佳股份,11.29,,11.61,11.65,11.15,,,,,,,,,,,,,,
sz002983,,芯瑞达,25.74,,25.83,26.29,24.55,,,,,,,,,,,,,,
sz002984,,森麒麟,13.93,,14.16,14.28,13.73,,,,,,,,,,,,,,
sz002985,,北摩高科,28.82,,28.96,29.1,28.24,,,,,,,,,,,,,,
sz002986,,宇新股份,13.2,,12.6,13.45,12.36,,,,,,,,,,,,,,
sz002987,,京北方,10.62,,11.25,11.25,10.47,,,,,,,,,,,,,,
sz002988,,豪美新材,23.91,,23.7,24.21,23.23,,,,,,,,,,,,,,
sz002989,,中天精装,37.76,,37.28,38.15,35.87,,,,,,,,,,,,,,
sz002990,,盛视科技,66,,58.82,66,58.31,,,,,,,,,,,,,,
sz002991,,甘源食品,40.2,,41.05,41.05,40,,,,,,,,,,,,,,
sz002992,,宝明科技,43.81,,44.85,44.98,43.3,,,,,,,,,,,,,,
sz002993,,奥海科技,63.4,,62.37,63.66,60.4,,,,,,,,,,,,,,
sz002995,,天地在线,19.19,,19.5,19.63,18.8,,,,,,,,,,,,,,
sz002996,,顺博合金,6.1,,6.2,6.26,6.02,,,,,,,,,,,,,,
sz002997,,瑞鹄模具,29.71,,29.99,30.48,29.63,,,,,,,,,,,,,,
sz002998,,优彩资源,7.1,,7.23,7.37,6.97,,,,,,,,,,,,,,
sz002999,,天禾股份,5.62,,5.83,5.86,5.58,,,,,,,,,,,,,,
sz003000,,劲仔食品,10.15,,10.2,10.47,10.09,,,,,,,,,,,,,,
sz003001,,中岩大地,14.21,,14.71,14.93,14.11,,,,,,,,,,,,,,
sz003002,,壶化股份,19.57,,20.22,20.32,18.99,,,,,,,,,,,,,,
sz003003,,天元股份,10.53,,11.04,11.11,10.49,,,,,,,,,,,,,,
sz003004,,声迅股份,70.57,,69.3,72.55,68.33,,,,,,,,,,,,,,
sz003005,,竞业达,13.63,,14.31,14.33,13.4,,,,,,,,,,,,,,
sz003006,,百亚股份,14.01,,14.65,14.65,13.98,,,,,,,,,,,,,,
sz003007,,直真科技,39.52,,39,39.73,38.06,,,,,,,,,,,,,,
sz003008,,开普检测,17.93,,18.67,18.68,17.76,,,,,,,,,,,,,,
sz003009,,中天火箭,57.15,,57.01,58.08,55.36,,,,,,,,,,,,,,
sz003010,,若羽臣,22.8,,23.44,23.45,22.7,,,,,,,,,,,,,,
sz003011,,海象新材,20.55,,20.14,20.77,19.86,,,,,,,,,,,,,,
sz003012,,东鹏控股,4.56,,4.72,4.73,4.55,,,,,,,,,,,,,,
sz003013,,地铁设计,16.67,,16,16.85,15.8,,,,,,,,,,,,,,
sz003015,,日久光电,12.37,,12.33,12.4,11.97,,,,,,,,,,,,,,
sz003016,,欣贺股份,6.49,,6.71,6.8,6.46,,,,,,,,,,,,,,
sz003017,,大洋生物,26.72,,27.41,27.7,26.36,,,,,,,,,,,,,,
sz003018,,金富科技,74.11,,66.8,74.11,65.96,,,,,,,,,,,,,,
sz003019,,宸展光电,31.26,,31.4,32.09,30.57,,,,,,,,,,,,,,
sz003020,,立方制药,15.6,,15.8,16.1,15.51,,,,,,,,,,,,,,
sz003021,,兆威机电,91.16,,92.92,93.97,90.81,,,,,,,,,,,,,,
sz003022,,联泓新科,27.37,,27.41,27.77,26.86,,,,,,,,,,,,,,
sz003023,,彩虹集团,21.06,,22,22,20.9,,,,,,,,,,,,,,
sz003025,,思进智能,15.1,,15.82,15.92,14.89,,,,,,,,,,,,,,
sz003026,,中晶科技,38.1,,35.93,38.2,34.8,,,,,,,,,,,,,,
sz003027,,同兴科技,17.85,,18.4,18.5,17.53,,,,,,,,,,,,,,
sz003028,,振邦智能,23.49,,24.25,24.35,23.35,,,,,,,,,,,,,,
sz003029,,吉大正元,17.09,,17.88,17.89,16.88,,,,,,,,,,,,,,
sz003030,,祖名股份,22.81,,23.33,23.41,22.46,,,,,,,,,,,,,,
sz003031,,中瓷电子,194,,186,194.9,181.08,,,,,,,,,,,,,,
sz003032,,传智教育,5.4,,5.73,5.84,5.3,,,,,,,,,,,,,,
sz003033,,征和工业,51.66,,51.11,53.9,50.08,,,,,,,,,,,,,,
sz003035,,南网能源,6.05,,6.08,6.14,5.94,,,,,,,,,,,,,,
sz003036,,泰坦股份,89.63,,89,92.79,86.58,,,,,,,,,,,,,,
sz003037,,三和管桩,5.75,,5.95,6,5.73,,,,,,,,,,,,,,
sz003038,,鑫铂股份,11.95,,12.15,12.21,11.81,,,,,,,,,,,,,,
sz003039,,顺控发展,11.71,,12.1,12.17,11.65,,,,,,,,,,,,,,
sz003040,,楚天龙,11.41,,12.02,12.12,11.27,,,,,,,,,,,,,,
sz003041,,真爱美家,44.96,,43.66,46.09,42.5,,,,,,,,,,,,,,
sz003042,,中农联合,13.01,,13.39,13.6,12.94,,,,,,,,,,,,,,
sz003043,,华亚智能,87.3,,79.88,87.3,79.88,,,,,,,,,,,,,,
sz003816,,中国广核,3.99,,4.06,4.06,3.96,,,,,,,,,,,,,,
sz300001,,特锐德,39.08,,39.67,39.95,37.81,,,,,,,,,,,,,,
sz300002,,神州泰岳,7.26,,7.33,7.47,7.14,,,,,,,,,,,,,,
sz300003,,乐普医疗,12.52,,12.12,12.88,12.05,,,,,,,,,,,,,,
sz300004,,南风股份,11.03,,11.64,11.7,10.83,,,,,,,,,,,,,,
sz300005,,探路者,21.95,,19.27,22.9,19.22,,,,,,,,,,,,,,
sz300006,,莱美药业,4.6,,4.73,4.84,4.58,,,,,,,,,,,,,,
sz300007,,汉威科技,37.14,,38.17,38.54,37,,,,,,,,,,,,,,
sz300008,,天海防务,6.62,,6.62,6.68,6.49,,,,,,,,,,,,,,
sz300009,,安科生物,7.86,,7.97,8.08,7.8,,,,,,,,,,,,,,
sz300010,,ST豆神,2.26,,2.36,2.37,2.25,,,,,,,,,,,,,,
sz300011,,鼎汉技术,6.61,,6.3,7.03,6.2,,,,,,,,,,,,,,
sz300012,,华测检测,14.35,,14.26,14.48,13.78,,,,,,,,,,,,,,
sz300013,,新宁物流,3.92,,3.97,4.01,3.83,,,,,,,,,,,,,,
sz300014,,亿纬锂能,67.45,,67,68.46,65.8,,,,,,,,,,,,,,
sz300015,,爱尔眼科,8.29,,8.52,8.65,8.26,,,,,,,,,,,,,,
sz300016,,北陆药业,8.25,,7.9,8.43,7.8,,,,,,,,,,,,,,
sz300017,,网宿科技,14.33,,14.15,14.47,13.89,,,,,,,,,,,,,,
sz300018,,中元股份,13.56,,13.7,13.98,13.3,,,,,,,,,,,,,,
sz300019,,硅宝科技,18.12,,18.01,18.37,17.82,,,,,,,,,,,,,,
sz300020,,ST银江,3.18,,3.23,3.26,3.17,,,,,,,,,,,,,,
sz300021,,大禹节水,3.72,,3.83,3.86,3.68,,,,,,,,,,,,,,
sz300022,,吉峰科技,7.4,,7.35,7.47,7.21,,,,,,,,,,,,,,
sz300024,,机器人,16.23,,16.66,16.87,16.02,,,,,,,,,,,,,,
sz300025,,华星创业,4.46,,4.69,4.69,4.41,,,,,,,,,,,,,,
sz300026,,红日药业,3.01,,3.1,3.16,3,,,,,,,,,,,,,,
sz300027,,ST华谊,1.62,,1.69,1.7,1.6,,,,,,,,,,,,,,
sz300029,,天龙退,0.15,,0.17,0.17,0.15,,,,,,,,,,,,,,
sz300030,,阳普医疗,6.26,,6.48,6.51,6.2,,,,,,,,,,,,,,
sz300031,,宝通科技,30.8,,30.2,31.64,29,,,,,,,,,,,,,,
sz300032,,金龙机电,3.89,,4,4.05,3.8,,,,,,,,,,,,,,
sz300033,,同花顺,240.2,,246.24,248.66,237,,,,,,,,,,,,,,
sz300034,,钢研高纳,17.58,,17.9,17.98,17.35,,,,,,,,,,,,,,
sz300035,,中科电气,16.08,,16.32,16.41,15.96,,,,,,,,,,,,,,
sz300036,,超图软件,12.14,,12.15,12.32,11.73,,,,,,,,,,,,,,
sz300037,,新宙邦,89.3,,87.57,91.39,83.31,,,,,,,,,,,,,,
sz300039,,上海凯宝,4.34,,4.4,4.47,4.31,,,,,,,,,,,,,,
sz300040,,九洲集团,5.88,,6.15,6.17,5.88,,,,,,,,,,,,,,
sz300041,,回天新材,14.53,,14.16,14.63,14.04,,,,,,,,,,,,,,
sz300042,,朗科科技,72.69,,70.6,73.04,67.78,,,,,,,,,,,,,,
sz300043,,星辉娱乐,4.2,,4.26,4.32,4.14,,,,,,,,,,,,,,
sz300044,,*ST赛为,4.83,,5.07,5.07,4.8,,,,,,,,,,,,,,
sz300045,,华力创通,17.39,,17.28,17.42,16.78,,,,,,,,,,,,,,
sz300046,,台基股份,33.3,,33.93,35.36,32.98,,,,,,,,,,,,,,
sz300047,,天源迪科,9.76,,10.06,10.06,9.56,,,,,,,,,,,,,,
sz300048,,合康新能,4.92,,5.01,5.02,4.86,,,,,,,,,,,,,,
sz300049,,福瑞医科,40.45,,41.13,41.93,40,,,,,,,,,,,,,,
sz300050,,世纪鼎利,6.22,,6.45,6.5,6.18,,,,,,,,,,,,,,
sz300051,,琏升科技,9.42,,10,10.24,9.13,,,,,,,,,,,,,,
sz300052,,中青宝,12.72,,13.01,13.31,12.63,,,,,,,,,,,,,,
sz300053,,航宇微,15.87,,15.55,15.97,15.03,,,,,,,,,,,,,,
sz300054,,鼎龙股份,96.7,,89.47,97.65,88.08,,,,,,,,,,,,,,
sz300055,,万邦达,7.04,,7.31,7.38,6.9,,,,,,,,,,,,,,
sz300056,,中创环保,8.04,,8.12,8.19,7.95,,,,,,,,,,,,,,
sz300057,,万顺新材,9.09,,8.93,9.37,8.55,,,,,,,,,,,,,,
sz300058,,蓝色光标,14.75,,14.7,15.05,14.33,,,,,,,,,,,,,,
sz300059,,东方财富,20.18,,20.9,21.24,20.1,,,,,,,,,,,,,,
sz300061,,旗天科技,7.39,,7.8,7.81,7.28,,,,,,,,,,,,,,
sz300062,,中能电气,5.93,,6.15,6.15,5.87,,,,,,,,,,,,,,
sz300063,,天龙集团,9.18,,9.2,9.31,9.01,,,,,,,,,,,,,,
sz300065,,海兰信,20.71,,18.41,21.41,18.03,,,,,,,,,,,,,,
sz300066,,三川智慧,6.42,,6.49,6.55,6.17,,,,,,,,,,,,,,
sz300067,,安诺其,6,,6,6.05,5.71,,,,,,,,,,,,,,
sz300068,,ST南都,4.44,,4.49,4.64,4.4,,,,,,,,,,,,,,
sz300069,,金利华电,32.45,,33.31,33.66,32.01,,,,,,,,,,,,,,
sz300070,,碧水源,3.28,,3.39,3.4,3.26,,,,,,,,,,,,,,
sz300071,,福石控股,3.67,,3.74,3.77,3.57,,,,,,,,,,,,,,
sz300072,,海新能科,3.4,,3.5,3.51,3.33,,,,,,,,,,,,,,
sz300073,,当升科技,50.67,,50.51,51.32,49.41,,,,,,,,,,,,,,
sz300074,,华平股份,3.6,,3.76,3.77,3.52,,,,,,,,,,,,,,
sz300075,,数字政通,10.95,,11.45,11.45,10.81,,,,,,,,,,,,,,
sz300076,,*ST宁视,4.41,,4.59,4.59,4.33,,,,,,,,,,,,,,
sz300077,,国民技术,25.78,,26,26.07,24.83,,,,,,,,,,,,,,
sz300078,,思创智联,3.13,,3.25,3.28,3.09,,,,,,,,,,,,,,
sz300079,,数码视讯,4.38,,4.51,4.52,4.31,,,,,,,,,,,,,,
sz300080,,易成新能,3.64,,3.86,3.86,3.61,,,,,,,,,,,,,,
sz300081,,ST恒信,4,,3.98,4.04,3.93,,,,,,,,,,,,,,
sz300082,,奥克股份,9.55,,9.93,10.2,9.35,,,,,,,,,,,,,,
sz300083,,创世纪,12.95,,11.25,13.19,10.9,,,,,,,,,,,,,,
sz300084,,海默科技,11.26,,11.53,11.69,11.08,,,,,,,,,,,,,,
sz300085,,银之杰,38.54,,38,39.66,36.88,,,,,,,,,,,,,,
sz300086,,康芝药业,6.36,,6.43,6.79,6.26,,,,,,,,,,,,,,
sz300087,,荃银高科,6.77,,7.18,7.19,6.73,,,,,,,,,,,,,,
sz300088,,长信科技,9.81,,9.8,9.89,9.35,,,,,,,,,,,,,,
sz300091,,*ST金灵,2.7,,2.64,2.85,2.61,,,,,,,,,,,,,,
sz300092,,科新机电,12.32,,12.93,12.93,12.02,,,,,,,,,,,,,,
sz300093,,金刚光伏,24.6,,21.6,24.89,21.51,,,,,,,,,,,,,,
sz300094,,国联水产,2.53,,2.69,2.7,2.51,,,,,,,,,,,,,,
sz300095,,华伍股份,8.89,,9.06,9.08,8.6,,,,,,,,,,,,,,
sz300096,,ST易联众,10.18,,10.34,10.34,9.7,,,,,,,,,,,,,,
sz300097,,智云股份,9.14,,9.04,9.4,8.82,,,,,,,,,,,,,,
sz300098,,高新兴,4.81,,4.9,4.92,4.73,,,,,,,,,,,,,,
sz300099,,尤洛卡,6.5,,6.77,6.81,6.44,,,,,,,,,,,,,,
sz300100,,双林股份,29.38,,30,30.28,29.1,,,,,,,,,,,,,,
sz300101,,振芯科技,15.76,,16.06,16.07,15.45,,,,,,,,,,,,,,
sz300102,,乾照光电,22.93,,23,23.13,22.42,,,,,,,,,,,,,,
sz300103,,达刚控股,8.71,,8.5,8.81,8.25,,,,,,,,,,,,,,
sz300105,,龙源技术,6.83,,7,7.22,6.75,,,,,,,,,,,,,,
sz300106,,西部牧业,10.4,,10.96,11,10.25,,,,,,,,,,,,,,
sz300107,,建新股份,6.01,,6.16,6.17,5.92,,,,,,,,,,,,,,
sz300109,,新开源,15.85,,15.31,15.92,15.29,,,,,,,,,,,,,,
sz300110,,华仁药业,2.6,,2.69,2.69,2.56,,,,,,,,,,,,,,
sz300111,,向日葵,3.02,,3.15,3.16,3,,,,,,,,,,,,,,
sz300112,,万讯自控,6.44,,6.74,6.79,6.34,,,,,,,,,,,,,,
sz300113,,顺网科技,19.51,,19.47,19.6,19.15,,,,,,,,,,,,,,
sz300115,,长盈精密,29.33,,29.26,29.45,28.31,,,,,,,,,,,,,,
sz300118,,东方日升,12.22,,12.44,12.48,11.98,,,,,,,,,,,,,,
sz300119,,瑞普生物,15.1,,15.6,15.64,15.09,,,,,,,,,,,,,,
sz300120,,经纬辉开,9.8,,8.84,10.01,8.76,,,,,,,,,,,,,,
sz300121,,阳谷华泰,12.71,,12.69,12.99,12.37,,,,,,,,,,,,,,
sz300122,,智飞生物,11.95,,12.41,12.53,11.95,,,,,,,,,,,,,,
sz300123,,ST亚光,3.85,,4.02,4.04,3.82,,,,,,,,,,,,,,
sz300124,,汇川技术,66.31,,66.64,67.49,65.74,,,,,,,,,,,,,,
sz300125,,*ST聆达,9.43,,9.51,9.59,9.2,,,,,,,,,,,,,,
sz300126,,锐奇股份,6.06,,6.38,6.42,5.97,,,,,,,,,,,,,,
sz300127,,银河磁体,28.76,,29.5,29.72,28.47,,,,,,,,,,,,,,
sz300128,,锦富技术,6.1,,6.1,6.17,5.86,,,,,,,,,,,,,,
sz300129,,泰胜风能,9.01,,8.97,9.05,8.76,,,,,,,,,,,,,,
sz300130,,新国都,22.48,,23.4,23.56,21.73,,,,,,,,,,,,,,
sz300131,,英唐智控,21.37,,19.54,22.45,19.46,,,,,,,,,,,,,,
sz300132,,青松股份,5.93,,6.1,6.1,5.87,,,,,,,,,,,,,,
sz300133,,华策影视,7.49,,7.54,7.63,7.27,,,,,,,,,,,,,,
sz300134,,大富科技,9.32,,9.88,9.92,9.22,,,,,,,,,,,,,,
sz300135,,宝利国际,3.21,,3.33,3.35,3.14,,,,,,,,,,,,,,
sz300136,,信维通信,103.12,,94.24,104.88,93.18,,,,,,,,,,,,,,
sz300137,,先河环保,18.62,,18.18,18.8,17.52,,,,,,,,,,,,,,
sz300138,,晨光生物,9.37,,9.52,9.56,9.31,,,,,,,,,,,,,,
sz300139,,晓程科技,39.75,,40.37,40.37,38.78,,,,,,,,,,,,,,
sz300140,,节能环境,5.13,,5.24,5.27,5.09,,,,,,,,,,,,,,
sz300141,,和顺电气,9.98,,10.2,10.37,9.87,,,,,,,,,,,,,,
sz300142,,沃森生物,12.45,,12.55,12.78,12.28,,,,,,,,,,,,,,
sz300143,,盈康生命,7.25,,7.06,7.5,7.06,,,,,,,,,,,,,,
sz300144,,宋城演艺,5.86,,6.06,6.1,5.85,,,,,,,,,,,,,,
sz300145,,南方泵业,5.68,,5.66,5.75,5.47,,,,,,,,,,,,,,
sz300146,,汤臣倍健,9.91,,10.05,10.17,9.81,,,,,,,,,,,,,,
sz300147,,*ST香雪,9.57,,9.57,9.84,9.51,,,,,,,,,,,,,,
sz300148,,天舟文化,3.22,,3.33,3.34,3.16,,,,,,,,,,,,,,
sz300149,,睿智医药,9.01,,9.23,9.56,8.81,,,,,,,,,,,,,,
sz300150,,世纪瑞尔,4.28,,4.2,4.38,4.04,,,,,,,,,,,,,,
sz300151,,昌红科技,24.3,,22.13,24.45,21.8,,,,,,,,,,,,,,
sz300152,,*ST动力,1.63,,1.69,1.69,1.61,,,,,,,,,,,,,,
sz300153,,科泰电源,24.4,,24.28,24.53,23.63,,,,,,,,,,,,,,
sz300154,,瑞凌股份,8.27,,8.54,8.64,8.11,,,,,,,,,,,,,,
sz300155,,安居宝,4.06,,4.3,4.33,4.05,,,,,,,,,,,,,,
sz300157,,新锦动力,3.9,,4.06,4.08,3.86,,,,,,,,,,,,,,
sz300158,,振东制药,4.83,,4.87,5.07,4.78,,,,,,,,,,,,,,
sz300159,,新研股份,3.83,,3.63,4.02,3.42,,,,,,,,,,,,,,
sz300160,,秀强股份,4.31,,4.43,4.47,4.3,,,,,,,,,,,,,,
sz300161,,华中数控,31.23,,32.23,32.33,30.5,,,,,,,,,,,,,,
sz300162,,雷曼光电,10.65,,10.81,10.94,10.31,,,,,,,,,,,,,,
sz300163,,先锋新材,6.14,,6.27,6.37,5.85,,,,,,,,,,,,,,
sz300164,,通源石油,8.57,,8.6,8.67,8.41,,,,,,,,,,,,,,
sz300165,,天瑞仪器,5.92,,6.19,6.21,5.81,,,,,,,,,,,,,,
sz300166,,东方国信,18.53,,18.76,18.92,17.83,,,,,,,,,,,,,,
sz300167,,ST迪威迅,5.2,,5.24,5.33,4.98,,,,,,,,,,,,,,
sz300168,,万达信息,4.73,,4.8,4.84,4.64,,,,,,,,,,,,,,
sz300169,,天晟新材,5.02,,5.31,5.32,4.96,,,,,,,,,,,,,,
sz300170,,汉得信息,17.14,,17.2,17.35,16.8,,,,,,,,,,,,,,
sz300171,,东富龙,11.28,,11.5,11.68,11.24,,,,,,,,,,,,,,
sz300172,,中电环保,4.27,,4.41,4.45,4.24,,,,,,,,,,,,,,
sz300173,,ST福能,3.41,,3.56,3.62,3.38,,,,,,,,,,,,,,
sz300174,,元力股份,31.85,,28.66,32.13,27.7,,,,,,,,,,,,,,
sz300175,,朗源股份,4.74,,4.95,4.96,4.67,,,,,,,,,,,,,,
sz300176,,鸿特科技,5.09,,5.33,5.33,5.04,,,,,,,,,,,,,,
sz300177,,中海达,6.45,,6.64,6.65,6.35,,,,,,,,,,,,,,
sz300179,,四方达,59.6,,55,60.33,53.53,,,,,,,,,,,,,,
sz300180,,华峰超纤,4.31,,4.49,4.52,4.28,,,,,,,,,,,,,,
sz300181,,佐力药业,13.31,,13.59,13.83,13.28,,,,,,,,,,,,,,
sz300182,,捷成股份,5.15,,5.29,5.35,5.08,,,,,,,,,,,,,,
sz300183,,东软载波,10.74,,10.9,10.97,10.45,,,,,,,,,,,,,,
sz300184,,力源信息,17.27,,16.8,17.41,16.56,,,,,,,,,,,,,,
sz300185,,通裕重工,2.81,,2.89,2.93,2.79,,,,,,,,,,,,,,
sz300187,,永清环保,5.27,,5.47,5.57,5.18,,,,,,,,,,,,,,
sz300188,,国投智能,9.86,,10.23,10.24,9.83,,,,,,,,,,,,,,
sz300189,,神农种业,4.58,,4.79,4.81,4.54,,,,,,,,,,,,,,
sz300190,,维尔利,4.11,,4.25,4.25,4.06,,,,,,,,,,,,,,
sz300191,,潜能恒信,28.84,,28.27,29.15,27.9,,,,,,,,,,,,,,
sz300192,,科德教育,17.13,,16.19,17.24,15.97,,,,,,,,,,,,,,
sz300193,,佳士科技,8.22,,8.29,8.3,8.02,,,,,,,,,,,,,,
sz300194,,福安药业,3.54,,3.58,3.64,3.51,,,,,,,,,,,,,,
sz300195,,长荣股份,6.6,,5.78,6.77,5.61,,,,,,,,,,,,,,
sz300196,,长海股份,30.4,,28.99,31.92,28.96,,,,,,,,,,,,,,
sz300197,,节能铁汉,2.03,,2.15,2.17,2,,,,,,,,,,,,,,
sz300198,,*ST纳川,2.25,,2.27,2.29,2.24,,,,,,,,,,,,,,
sz300199,,翰宇药业,21.89,,22.1,22.56,21.71,,,,,,,,,,,,,,
sz300200,,高盟新材,10.91,,10.6,11.04,10.32,,,,,,,,,,,,,,
sz300201,,海伦哲,18.95,,19.87,20.25,18.71,,,,,,,,,,,,,,
sz300203,,聚光科技,14.26,,14.73,14.81,13.9,,,,,,,,,,,,,,
sz300204,,舒泰神,21.2,,22.54,22.6,21.1,,,,,,,,,,,,,,
sz300205,,*ST天喻,5.18,,5.33,5.37,5.14,,,,,,,,,,,,,,
sz300206,,理邦仪器,12.84,,13.3,13.43,12.83,,,,,,,,,,,,,,
sz300207,,欣旺达,20.1,,20.3,20.35,19.82,,,,,,,,,,,,,,
sz300209,,行云科技,31.96,,29.5,32.19,28.3,,,,,,,,,,,,,,
sz300210,,森远股份,9.25,,9.46,9.56,9.06,,,,,,,,,,,,,,
sz300211,,*ST亿通,7.63,,7.84,7.84,7.5,,,,,,,,,,,,,,
sz300212,,*ST易录,9.5,,9.71,9.81,9.31,,,,,,,,,,,,,,
sz300215,,电科院,6.87,,6.88,6.93,6.75,,,,,,,,,,,,,,
sz300217,,东方电热,4.52,,4.7,4.71,4.51,,,,,,,,,,,,,,
sz300218,,安利股份,12.12,,12.56,12.57,12.09,,,,,,,,,,,,,,
sz300219,,鸿利智汇,9.12,,8.89,9.15,8.7,,,,,,,,,,,,,,
sz300220,,金运激光,11.11,,11.72,11.73,10.98,,,,,,,,,,,,,,
sz300228,,富瑞特装,7.69,,7.65,7.75,7.44,,,,,,,,,,,,,,
sz300229,,拓尔思,15.19,,15.73,15.73,15.06,,,,,,,,,,,,,,
sz300242,,佳云科技,4.68,,4.83,4.87,4.58,,,,,,,,,,,,,,
sz300243,,瑞丰高材,22.1,,21.52,22.86,19.93,,,,,,,,,,,,,,
sz300244,,迪安诊断,19.15,,19.39,19.69,18.93,,,,,,,,,,,,,,
sz300245,,ST天玑,5.69,,5.93,5.97,5.67,,,,,,,,,,,,,,
sz300246,,宝莱特,17.86,,17.83,18.08,17.57,,,,,,,,,,,,,,
sz300247,,融捷健康,3.9,,3.93,3.99,3.8,,,,,,,,,,,,,,
sz300248,,新开普,8.13,,8.35,8.45,7.98,,,,,,,,,,,,,,
sz300249,,依米康,16.92,,17.14,17.15,16.32,,,,,,,,,,,,,,
sz300250,,初灵信息,15.04,,15.5,15.52,14.78,,,,,,,,,,,,,,
sz300251,,光线传媒,11.14,,11.53,11.62,11.03,,,,,,,,,,,,,,
sz300252,,金信诺,17.4,,17.28,18.01,17.03,,,,,,,,,,,,,,
sz300253,,卫宁健康,7.05,,7.25,7.25,6.98,,,,,,,,,,,,,,
sz300254,,仟源医药,8.61,,8.95,9.04,8.57,,,,,,,,,,,,,,
sz300255,,常山药业,25.68,,26.76,27.04,25.65,,,,,,,,,,,,,,
sz300256,,星星科技,2.68,,2.75,2.75,2.6,,,,,,,,,,,,,,
sz300257,,开山股份,27.37,,27,27.6,26.52,,,,,,,,,,,,,,
sz300258,,精锻科技,11.6,,11.96,12.05,11.55,,,,,,,,,,,,,,
sz300259,,新天科技,5.13,,5.6,5.6,5.09,,,,,,,,,,,,,,
sz300260,,新莱应材,83.85,,77.04,85.48,77.03,,,,,,,,,,,,,,
sz300261,,雅本化学,4.68,,4.8,4.83,4.56,,,,,,,,,,,,,,
sz300263,,隆华科技,15.78,,15.43,15.94,15.23,,,,,,,,,,,,,,
sz300264,,佳创视讯,8.43,,8.49,8.65,8.15,,,,,,,,,,,,,,
sz300265,,通光线缆,23.79,,23.51,24.72,23.3,,,,,,,,,,,,,,
sz300266,,兴源环境,1.85,,1.92,1.94,1.81,,,,,,,,,,,,,,
sz300267,,尔康制药,3.56,,3.49,3.59,3.44,,,,,,,,,,,,,,
sz300268,,佳沃食品,10.98,,11.31,11.65,10.92,,,,,,,,,,,,,,
sz300269,,联建光电,4.89,,5.04,5.07,4.76,,,,,,,,,,,,,,
sz300270,,中威电子,10.83,,11.43,11.48,10.58,,,,,,,,,,,,,,
sz300271,,华宇软件,5.16,,5.35,5.35,5.1,,,,,,,,,,,,,,
sz300272,,开能健康,5.53,,5.76,5.79,5.51,,,,,,,,,,,,,,
sz300274,,阳光电源,154.8,,152.25,157.98,149.22,,,,,,,,,,,,,,
sz300275,,梅安森,8.39,,8.7,8.72,8.21,,,,,,,,,,,,,,
sz300276,,三丰智能,7.35,,7.59,7.73,7.19,,,,,,,,,,,,,,
sz300277,,汽轮科技,14.74,,14.71,14.98,14.49,,,,,,,,,,,,,,
sz300278,,华昌达,4.02,,4.21,4.21,3.94,,,,,,,,,,,,,,
sz300279,,和晶科技,6.93,,7.15,7.16,6.79,,,,,,,,,,,,,,
sz300281,,金明精机,6.49,,6.9,6.98,6.38,,,,,,,,,,,,,,
sz300283,,温州宏丰,23.17,,23.6,23.98,22.6,,,,,,,,,,,,,,
sz300284,,苏交科,5.26,,5.49,5.49,5.22,,,,,,,,,,,,,,
sz300285,,国瓷材料,91.72,,91.5,94.62,88.5,,,,,,,,,,,,,,
sz300286,,安科瑞,28.22,,28.38,29.1,27.6,,,,,,,,,,,,,,
sz300287,,飞利信,3.4,,3.56,3.57,3.32,,,,,,,,,,,,,,
sz300288,,朗玛信息,9.4,,9.69,9.77,9.28,,,,,,,,,,,,,,
sz300289,,利德曼,5.62,,5.85,5.95,5.55,,,,,,,,,,,,,,
sz300290,,荣科科技,9.06,,9.43,9.48,8.99,,,,,,,,,,,,,,
sz300291,,百纳千成,4.99,,5.15,5.16,4.86,,,,,,,,,,,,,,
sz300292,,吴通控股,6.35,,6.36,6.51,6.09,,,,,,,,,,,,,,
sz300293,,蓝英装备,19.37,,18.52,19.38,18.43,,,,,,,,,,,,,,
sz300294,,博雅生物,15.04,,15.63,16.02,15.02,,,,,,,,,,,,,,
sz300295,,*ST三六五,10.85,,11.21,11.39,10.81,,,,,,,,,,,,,,
sz300296,,利亚德,6.04,,6.36,6.39,5.96,,,,,,,,,,,,,,
sz300298,,三诺生物,14.19,,14.65,14.84,14.16,,,,,,,,,,,,,,
sz300299,,富春股份,4.98,,5.12,5.14,4.89,,,,,,,,,,,,,,
sz300300,,海峡创新,8.18,,8.49,8.6,8.04,,,,,,,,,,,,,,
sz300301,,ST长方,3.63,,3.09,3.67,3.07,,,,,,,,,,,,,,
sz300302,,同有科技,59.55,,53.51,60.1,51.61,,,,,,,,,,,,,,
sz300303,,聚飞光电,9.95,,9.4,9.95,9.23,,,,,,,,,,,,,,
sz300304,,云意电气,20.15,,18.81,20.66,18.42,,,,,,,,,,,,,,
sz300305,,裕兴股份,7.1,,7.36,7.62,6.88,,,,,,,,,,,,,,
sz300306,,远方信息,10.04,,10.34,10.43,9.88,,,,,,,,,,,,,,
sz300307,,慈星股份,7.6,,7.69,7.76,7.4,,,,,,,,,,,,,,
sz300308,,中际旭创,1312.18,,1313.61,1344.88,1282.15,,,,,,,,,,,,,,
sz300310,,宜通世纪,4.5,,4.72,4.76,4.39,,,,,,,,,,,,,,
sz300311,,ST任子行,5.13,,5.27,5.27,5.09,,,,,,,,,,,,,,
sz300313,,天山生物,8.24,,8.73,8.73,8.2,,,,,,,,,,,,,,
sz300314,,戴维医疗,9.5,,9.8,9.88,9.42,,,,,,,,,,,,,,
sz300315,,掌趣科技,3.95,,4.07,4.09,3.92,,,,,,,,,,,,,,
sz300316,,晶盛机电,57.06,,54.81,57.51,53.23,,,,,,,,,,,,,,
sz300317,,珈伟新能,4.24,,4.34,4.39,4.12,,,,,,,,,,,,,,
sz300318,,博晖创新,4.4,,4.58,4.63,4.39,,,,,,,,,,,,,,
sz300319,,麦捷科技,31.12,,31.56,33,29.7,,,,,,,,,,,,,,
sz300320,,海达股份,9.17,,9.42,9.42,9.06,,,,,,,,,,,,,,
sz300321,,同大股份,48.78,,48.3,51.36,46.3,,,,,,,,,,,,,,
sz300322,,硕贝德,26.62,,27.6,28.17,26.05,,,,,,,,,,,,,,
sz300323,,华灿光电,16.42,,15.94,16.86,15.66,,,,,,,,,,,,,,
sz300324,,旋极信息,4.04,,4.04,4.12,3.85,,,,,,,,,,,,,,
sz300326,,ST凯利,6.04,,6.04,6.13,5.98,,,,,,,,,,,,,,
sz300327,,中颖电子,31.5,,29.72,31.79,29.2,,,,,,,,,,,,,,
sz300328,,宜安科技,17.97,,18.4,18.55,17.56,,,,,,,,,,,,,,
sz300329,,海伦钢琴,11.47,,11.76,11.76,11.31,,,,,,,,,,,,,,
sz300331,,苏大维格,68.82,,64.8,70.3,63.41,,,,,,,,,,,,,,
sz300332,,天壕能源,4.22,,4.34,4.36,4.17,,,,,,,,,,,,,,
sz300333,,兆日科技,9.55,,10.13,10.13,9.48,,,,,,,,,,,,,,
sz300334,,津膜科技,11.54,,12.12,12.15,11.24,,,,,,,,,,,,,,
sz300335,,迪森股份,5.11,,5.24,5.25,5.01,,,,,,,,,,,,,,
sz300337,,银邦股份,11.99,,11.75,12.18,11.5,,,,,,,,,,,,,,
sz300338,,*ST开元,2.85,,3.08,3.08,2.82,,,,,,,,,,,,,,
sz300339,,润和软件,40.27,,41.39,41.5,39.71,,,,,,,,,,,,,,
sz300340,,科恒股份,9.6,,10.1,10.2,9.45,,,,,,,,,,,,,,
sz300341,,麦克奥迪,15.16,,15.47,15.65,15.06,,,,,,,,,,,,,,
sz300342,,天银机电,42.75,,41.8,43.3,40.72,,,,,,,,,,,,,,
sz300343,,联创股份,6.03,,5.88,6.2,5.76,,,,,,,,,,,,,,
sz300345,,华民股份,5.6,,5.51,5.68,5.4,,,,,,,,,,,,,,
sz300346,,南大光电,77,,71.6,78.43,69.64,,,,,,,,,,,,,,
sz300347,,泰格医药,43.38,,41.64,44.68,41.33,,,,,,,,,,,,,,
sz300348,,长亮科技,9.48,,9.98,10.05,9.37,,,,,,,,,,,,,,
sz300349,,金卡智能,11.7,,12.09,12.14,11.6,,,,,,,,,,,,,,
sz300350,,华鹏飞,4.08,,4.25,4.26,4.05,,,,,,,,,,,,,,
sz300351,,永贵电器,17.46,,17.86,18.15,17.33,,,,,,,,,,,,,,
sz300352,,ST信源,2.88,,3.01,3.03,2.85,,,,,,,,,,,,,,
sz300353,,东土科技,21.67,,22.05,22.19,21.26,,,,,,,,,,,,,,
sz300354,,东华测试,32.87,,33.85,33.85,32.25,,,,,,,,,,,,,,
sz300355,,蒙草生态,2.84,,2.91,2.93,2.81,,,,,,,,,,,,,,
sz300357,,我武生物,22.71,,22.6,23.23,22.43,,,,,,,,,,,,,,
sz300358,,楚天科技,8,,8.04,8.14,7.86,,,,,,,,,,,,,,
sz300359,,全通教育,3.66,,3.84,3.85,3.6,,,,,,,,,,,,,,
sz300360,,炬华科技,12,,12.49,12.49,11.98,,,,,,,,,,,,,,
sz300363,,博腾股份,15.76,,14.7,16.94,14.66,,,,,,,,,,,,,,
sz300364,,中文在线,25.74,,25.46,25.88,24.78,,,,,,,,,,,,,,
sz300365,,恒华科技,4.78,,4.95,4.95,4.69,,,,,,,,,,,,,,
sz300366,,ST创意,4.82,,5.02,5.05,4.8,,,,,,,,,,,,,,
sz300368,,汇金股份,8.95,,9.55,9.55,8.72,,,,,,,,,,,,,,
sz300369,,绿盟科技,5.65,,5.85,5.85,5.56,,,,,,,,,,,,,,
sz300370,,安控科技,2.1,,2.18,2.19,2.06,,,,,,,,,,,,,,
sz300371,,汇中股份,10.36,,10.87,10.89,10.28,,,,,,,,,,,,,,
sz300373,,扬杰科技,132.99,,130,142.72,129,,,,,,,,,,,,,,
sz300374,,中铁装配,11.07,,11.59,11.65,11,,,,,,,,,,,,,,
sz300375,,鹏翎股份,4.45,,4.57,4.64,4.37,,,,,,,,,,,,,,
sz300376,,易事特,5.54,,5.8,6.04,5.5,,,,,,,,,,,,,,
sz300377,,赢时胜,17,,17.97,18,16.81,,,,,,,,,,,,,,
sz300378,,鼎捷数智,38.93,,36.9,39.28,36.4,,,,,,,,,,,,,,
sz300380,,安硕信息,32.68,,33.55,33.8,32.3,,,,,,,,,,,,,,
sz300381,,溢多利,5.92,,6.1,6.17,5.83,,,,,,,,,,,,,,
sz300382,,斯莱克,18.49,,16.7,18.7,16.13,,,,,,,,,,,,,,
sz300383,,光环新网,13.43,,12.71,13.5,12.69,,,,,,,,,,,,,,
sz300384,,三联虹普,11.99,,12.28,12.28,11.78,,,,,,,,,,,,,,
sz300385,,ST雪浪,11.71,,12.44,12.58,11.58,,,,,,,,,,,,,,
sz300386,,飞天诚信,11.53,,11.88,12,11.23,,,,,,,,,,,,,,
sz300387,,富邦科技,7.14,,7.33,7.4,7.08,,,,,,,,,,,,,,
sz300388,,节能国祯,6.62,,6.86,6.9,6.59,,,,,,,,,,,,,,
sz300389,,艾比森,13,,13.12,13.28,12.77,,,,,,,,,,,,,,
sz300390,,天华新能,98.83,,86.8,99.39,85.43,,,,,,,,,,,,,,
sz300393,,中来股份,7.61,,7.65,7.65,7.46,,,,,,,,,,,,,,
sz300394,,天孚通信,325.28,,311.05,326,306,,,,,,,,,,,,,,
sz300395,,菲利华,133.48,,127.51,134.55,125.04,,,,,,,,,,,,,,
sz300396,,ST迪瑞,6.56,,6.68,6.8,6.47,,,,,,,,,,,,,,
sz300397,,天和防务,15.08,,15.15,15.27,14.75,,,,,,,,,,,,,,
sz300398,,飞凯材料,54.7,,45.89,55.38,45.35,,,,,,,,,,,,,,
sz300399,,天利科技,20.35,,20.77,21.16,20.07,,,,,,,,,,,,,,
sz300400,,劲拓股份,41.12,,40.89,41.69,40,,,,,,,,,,,,,,
sz300401,,花园生物,19.93,,20.45,20.85,19.17,,,,,,,,,,,,,,
sz300402,,宝色股份,16.32,,17,17.1,16.01,,,,,,,,,,,,,,
sz300403,,汉宇集团,10.07,,10.29,10.34,10.03,,,,,,,,,,,,,,
sz300404,,博济医药,8.83,,8.9,9.29,8.75,,,,,,,,,,,,,,
sz300405,,科隆股份,5.53,,5.79,5.89,5.48,,,,,,,,,,,,,,
sz300406,,九强生物,11.62,,11.49,11.79,11.4,,,,,,,,,,,,,,
sz300407,,凯发电气,11.55,,11.75,11.84,11.43,,,,,,,,,,,,,,
sz300408,,三环集团,145.26,,144.81,150.23,142.2,,,,,,,,,,,,,,
sz300409,,道氏技术,21.79,,21.55,21.96,21.52,,,,,,,,,,,,,,
sz300410,,正业科技,12.17,,12.31,12.51,11.87,,,,,,,,,,,,,,
sz300411,,金盾股份,7.57,,8.13,8.16,7.45,,,,,,,,,,,,,,
sz300412,,迦南科技,5.08,,4.55,5.39,4.52,,,,,,,,,,,,,,
sz300413,,芒果超媒,15.05,,15.71,15.72,14.97,,,,,,,,,,,,,,
sz300414,,中光防雷,11.5,,11.64,11.79,11.36,,,,,,,,,,,,,,
sz300415,,伊之密,19.48,,19.92,20.08,19.32,,,,,,,,,,,,,,
sz300416,,苏试试验,20.17,,18.95,20.38,18.75,,,,,,,,,,,,,,
sz300417,,南华仪器,10.84,,11.3,11.39,10.69,,,,,,,,,,,,,,
sz300418,,昆仑万维,41.8,,41.7,42.78,41.05,,,,,,,,,,,,,,
sz300419,,ST浩丰,6.69,,6.75,6.88,6.65,,,,,,,,,,,,,,
sz300420,,五洋自控,7.78,,7.6,8.05,7.4,,,,,,,,,,,,,,
sz300421,,力星股份,19.36,,19.81,19.95,19.06,,,,,,,,,,,,,,
sz300422,,博世科,4.61,,4.89,4.89,4.52,,,,,,,,,,,,,,
sz300423,,昇辉科技,5.79,,6.06,6.06,5.66,,,,,,,,,,,,,,
sz300424,,航新科技,16.96,,17.45,17.58,16.67,,,,,,,,,,,,,,
sz300425,,中建环能,3.9,,4.13,4.13,3.88,,,,,,,,,,,,,,
sz300426,,华智数媒,5.28,,5.64,5.76,5.22,,,,,,,,,,,,,,
sz300427,,红相股份,6.98,,7.05,7.05,6.79,,,,,,,,,,,,,,
sz300428,,立中集团,18.95,,19.16,19.26,18.78,,,,,,,,,,,,,,
sz300429,,强力新材,17.08,,16.19,17.15,15.8,,,,,,,,,,,,,,
sz300430,,*ST益通,4.77,,4.9,5.09,4.75,,,,,,,,,,,,,,
sz300432,,富临精工,22.11,,22.28,22.57,21.06,,,,,,,,,,,,,,
sz300433,,蓝思科技,52.92,,52.26,53.96,50.39,,,,,,,,,,,,,,
sz300434,,金石亚药,9.76,,9.9,10.07,9.6,,,,,,,,,,,,,,
sz300435,,中泰股份,25.37,,23.66,25.46,22.95,,,,,,,,,,,,,,
sz300436,,广生堂,88.64,,91.7,92.6,88.5,,,,,,,,,,,,,,
sz300437,,清水源,12.27,,12.41,12.79,12.05,,,,,,,,,,,,,,
sz300438,,鹏辉能源,82.47,,81.13,83.4,77.92,,,,,,,,,,,,,,
sz300439,,美康生物,8.38,,8.59,8.64,8.3,,,,,,,,,,,,,,
sz300440,,运达科技,20.72,,20.09,20.8,19.4,,,,,,,,,,,,,,
sz300441,,鲍斯股份,6.57,,6.46,6.66,6.24,,,,,,,,,,,,,,
sz300442,,润泽科技,85.6,,82.2,85.86,81.03,,,,,,,,,,,,,,
sz300443,,金雷股份,22.49,,22.39,22.93,21.62,,,,,,,,,,,,,,
sz300444,,双杰电气,13.66,,13.71,13.74,13.19,,,,,,,,,,,,,,
sz300445,,康斯特,22.14,,22.12,22.5,21.21,,,,,,,,,,,,,,
sz300446,,航天智造,16.79,,15.19,17.59,14.91,,,,,,,,,,,,,,
sz300447,,全信股份,15.55,,15.69,15.69,15.2,,,,,,,,,,,,,,
sz300448,,浩云科技,6.49,,6.7,6.75,6.45,,,,,,,,,,,,,,
sz300449,,汉邦高科,8.36,,8.48,8.59,8.18,,,,,,,,,,,,,,
sz300450,,先导智能,45.28,,44.67,46.1,44.16,,,,,,,,,,,,,,
sz300451,,创业慧康,3.33,,3.45,3.45,3.27,,,,,,,,,,,,,,
sz300452,,山河药辅,12.11,,12.3,12.47,12.04,,,,,,,,,,,,,,
sz300453,,三鑫医疗,9.34,,9.37,9.62,9.3,,,,,,,,,,,,,,
sz300454,,深信服,96.59,,96.35,97.4,93,,,,,,,,,,,,,,
sz300455,,航天智装,21.58,,21.13,21.85,20.58,,,,,,,,,,,,,,
sz300456,,赛微电子,42.42,,41.08,42.74,40.7,,,,,,,,,,,,,,
sz300457,,赢合科技,22,,22.17,22.5,21.61,,,,,,,,,,,,,,
sz300458,,全志科技,37.54,,35.22,37.68,34.73,,,,,,,,,,,,,,
sz300459,,汤姆猫,3.44,,3.53,3.55,3.41,,,,,,,,,,,,,,
sz300460,,ST惠伦,9.52,,9.52,9.75,9.35,,,,,,,,,,,,,,
sz300461,,田中精机,41.28,,45.63,45.89,40.69,,,,,,,,,,,,,,
sz300462,,ST华铭,10.5,,10.77,10.83,10.38,,,,,,,,,,,,,,
sz300463,,迈克生物,8.57,,8.68,8.8,8.5,,,,,,,,,,,,,,
sz300464,,星徽股份,8.32,,8.15,8.45,7.9,,,,,,,,,,,,,,
sz300465,,高伟达,13.04,,14.5,14.7,12.96,,,,,,,,,,,,,,
sz300466,,赛摩智能,7.4,,7.67,7.69,7.27,,,,,,,,,,,,,,
sz300467,,迅游科技,37.74,,36.53,37.92,36.25,,,,,,,,,,,,,,
sz300468,,四方精创,23.46,,24.5,24.63,22.99,,,,,,,,,,,,,,
sz300469,,信息发展,53.84,,53.55,54.95,52.01,,,,,,,,,,,,,,
sz300470,,中密控股,29.68,,30,30.15,29.29,,,,,,,,,,,,,,
sz300471,,厚普股份,8.88,,9.09,9.17,8.79,,,,,,,,,,,,,,
sz300472,,*ST新元,7.69,,7.9,7.92,7.65,,,,,,,,,,,,,,
sz300473,,德尔股份,30.36,,30.43,31.13,29.65,,,,,,,,,,,,,,
sz300474,,景嘉微,55.05,,54.1,55.45,53.5,,,,,,,,,,,,,,
sz300475,,香农芯创,289.6,,281,294.69,277,,,,,,,,,,,,,,
sz300476,,胜宏科技,343.43,,338.5,345.26,331.13,,,,,,,,,,,,,,
sz300477,,ST合纵,2.24,,2.29,2.31,2.23,,,,,,,,,,,,,,
sz300478,,杭州高新,38.72,,38.94,40.41,38.6,,,,,,,,,,,,,,
sz300479,,神思电子,14.1,,14.7,14.72,13.8,,,,,,,,,,,,,,
sz300480,,光力科技,38.5,,34.2,38.99,34,,,,,,,,,,,,,,
sz300481,,濮阳惠成,18.9,,17.86,19.36,17.86,,,,,,,,,,,,,,
sz300482,,万孚生物,19.23,,19.27,19.86,18.92,,,,,,,,,,,,,,
sz300483,,首华燃气,18.4,,19,19,17.98,,,,,,,,,,,,,,
sz300484,,蓝海华腾,14.23,,14.83,14.83,14.09,,,,,,,,,,,,,,
sz300485,,赛升药业,9.2,,9.56,9.84,9.16,,,,,,,,,,,,,,
sz300486,,东杰智能,22.13,,22.01,22.17,21.52,,,,,,,,,,,,,,
sz300487,,蓝晓科技,60.6,,58.38,61.05,58.15,,,,,,,,,,,,,,
sz300488,,恒锋工具,39.42,,40.01,40.45,38.44,,,,,,,,,,,,,,
sz300489,,光智科技,266,,238,267.6,232.02,,,,,,,,,,,,,,
sz300490,,华自科技,14.69,,14.92,15.11,14.41,,,,,,,,,,,,,,
sz300491,,通合科技,39.65,,39.79,40.21,38.51,,,,,,,,,,,,,,
sz300492,,华图山鼎,35.95,,36.56,36.8,35.08,,,,,,,,,,,,,,
sz300493,,润欣科技,14.45,,14.37,14.52,13.95,,,,,,,,,,,,,,
sz300494,,盛天网络,8.83,,9.04,9.06,8.58,,,,,,,,,,,,,,
sz300496,,中科创达,64.42,,62.6,65.11,61.2,,,,,,,,,,,,,,
sz300497,,富祥股份,22.15,,22.8,23.92,21.39,,,,,,,,,,,,,,
sz300498,,温氏股份,11.79,,12.26,12.27,11.74,,,,,,,,,,,,,,
sz300499,,高澜股份,42.47,,40.19,43.9,38.7,,,,,,,,,,,,,,
sz300500,,启迪设计,9.38,,9.89,9.94,9.36,,,,,,,,,,,,,,
sz300501,,海顺新材,14.05,,14.85,14.85,13.93,,,,,,,,,,,,,,
sz300502,,新易盛,555.3,,552,574.48,546,,,,,,,,,,,,,,
sz300503,,昊志机电,78.71,,80,82.36,77.35,,,,,,,,,,,,,,
sz300504,,天邑股份,18.75,,19.23,19.4,18.33,,,,,,,,,,,,,,
sz300505,,川金诺,24.4,,24.02,24.85,23.4,,,,,,,,,,,,,,
sz300506,,名家汇,5.68,,4.75,5.68,4.68,,,,,,,,,,,,,,
sz300507,,苏奥传感,7.43,,7.51,7.66,7.4,,,,,,,,,,,,,,
sz300508,,维宏股份,54.96,,56.22,57.85,54.3,,,,,,,,,,,,,,
sz300509,,新美星,8.71,,9.05,9.05,8.64,,,,,,,,,,,,,,
sz300510,,金冠股份,3.24,,3.4,3.41,3.21,,,,,,,,,,,,,,
sz300511,,雪榕生物,5.5,,5.51,5.55,5.29,,,,,,,,,,,,,,
sz300512,,中亚股份,7.13,,7.36,7.46,7.06,,,,,,,,,,,,,,
sz300513,,恒实科技,7.3,,7.64,7.64,7.19,,,,,,,,,,,,,,
sz300514,,友讯达,9.71,,10.1,10.19,9.6,,,,,,,,,,,,,,
sz300515,,三德科技,14.01,,14.38,14.49,13.86,,,,,,,,,,,,,,
sz300516,,久之洋,33.73,,34.01,34.21,32.63,,,,,,,,,,,,,,
sz300517,,海波重科,9.7,,9.96,10.02,9.53,,,,,,,,,,,,,,
sz300518,,新迅达,31.73,,31.4,31.8,30.2,,,,,,,,,,,,,,
sz300519,,新光药业,12.68,,13.03,13.2,12.53,,,,,,,,,,,,,,
sz300520,,科大国创,30.67,,30.68,31.4,29.65,,,,,,,,,,,,,,
sz300521,,爱司凯,27.34,,26.17,28.89,26,,,,,,,,,,,,,,
sz300522,,世名科技,25.04,,23.11,25.6,23.06,,,,,,,,,,,,,,
sz300523,,辰安科技,19.15,,19.77,19.77,18.84,,,,,,,,,,,,,,
sz300525,,博思软件,8.26,,8.65,8.65,8.18,,,,,,,,,,,,,,
sz300527,,ST应急,6.92,,7.11,7.11,6.88,,,,,,,,,,,,,,
sz300528,,幸福蓝海,13.22,,14.1,14.19,13.1,,,,,,,,,,,,,,
sz300530,,领湃科技,17.85,,18.71,18.98,17.58,,,,,,,,,,,,,,
sz300531,,优博讯,16.07,,15.68,16.16,15.62,,,,,,,,,,,,,,
sz300532,,今天国际,6.53,,6.71,6.72,6.46,,,,,,,,,,,,,,
sz300533,,冰川网络,15.24,,14.61,16.22,14.51,,,,,,,,,,,,,,
sz300534,,陇神戎发,7.39,,7.59,7.71,7.37,,,,,,,,,,,,,,
sz300535,,达威股份,14.42,,15.25,15.25,14.36,,,,,,,,,,,,,,
sz300536,,农尚环境,9.19,,9.39,9.48,8.98,,,,,,,,,,,,,,
sz300537,,广信材料,32.46,,32.62,33.8,30.97,,,,,,,,,,,,,,
sz300538,,同益股份,17.73,,17.99,18.36,17.21,,,,,,,,,,,,,,
sz300541,,先进数通,10.2,,10.49,10.59,10.05,,,,,,,,,,,,,,
sz300542,,新晨科技,11.92,,12.62,12.62,11.76,,,,,,,,,,,,,,
sz300543,,朗科智能,7.59,,7.99,8.04,7.49,,,,,,,,,,,,,,
sz300545,,联得装备,37.47,,37.19,37.87,36.35,,,,,,,,,,,,,,
sz300546,,雄帝科技,16.2,,16.77,16.97,15.84,,,,,,,,,,,,,,
sz300547,,川环科技,31.14,,31.45,31.96,30.45,,,,,,,,,,,,,,
sz300548,,长芯博创,282.23,,288.42,299.97,275.86,,,,,,,,,,,,,,
sz300549,,优德精密,13.91,,14.53,14.74,13.75,,,,,,,,,,,,,,
sz300550,,和仁科技,13.75,,14,14.22,13.54,,,,,,,,,,,,,,
sz300551,,古鳌科技,10.57,,10.99,11.01,10.35,,,,,,,,,,,,,,
sz300552,,万集科技,24.38,,25.03,25.6,23.85,,,,,,,,,,,,,,
sz300553,,集智股份,78.53,,78.89,79.99,75.05,,,,,,,,,,,,,,
sz300554,,三超新材,28.41,,29.5,29.9,27.63,,,,,,,,,,,,,,
sz300555,,ST路通,12.74,,12.94,13.19,12.6,,,,,,,,,,,,,,
sz300556,,丝路视觉,19.07,,19.7,19.91,18.76,,,,,,,,,,,,,,
sz300557,,理工光科,35.4,,33.38,35.65,33.2,,,,,,,,,,,,,,
sz300558,,贝达药业,58.94,,58.91,60.75,58.71,,,,,,,,,,,,,,
sz300559,,佳发教育,11,,10.7,11.15,10.67,,,,,,,,,,,,,,
sz300560,,中富通,19.84,,19.93,20,19.21,,,,,,,,,,,,,,
sz300561,,汇金科技,15.41,,15.76,16.16,15.03,,,,,,,,,,,,,,
sz300562,,乐心医疗,12.41,,12.26,12.74,11.82,,,,,,,,,,,,,,
sz300563,,神宇股份,28.05,,28.4,28.87,27.52,,,,,,,,,,,,,,
sz300564,,筑博设计,12.21,,12.7,12.78,12.11,,,,,,,,,,,,,,
sz300565,,科信技术,11.29,,11.65,11.79,11.18,,,,,,,,,,,,,,
sz300566,,激智科技,31.2,,31.03,32.56,30.1,,,,,,,,,,,,,,
sz300567,,精测电子,251.13,,211.52,255.1,210.02,,,,,,,,,,,,,,
sz300568,,星源材质,18.3,,18.88,19.05,17.49,,,,,,,,,,,,,,
sz300569,,天能重工,4.81,,4.93,4.94,4.76,,,,,,,,,,,,,,
sz300570,,太辰光,271.32,,264.52,273,260.08,,,,,,,,,,,,,,
sz300571,,平治信息,51.62,,46.84,52,44.8,,,,,,,,,,,,,,
sz300572,,安车检测,27.4,,28.28,28.6,26.72,,,,,,,,,,,,,,
sz300573,,兴齐眼药,39.47,,38,39.85,37.62,,,,,,,,,,,,,,
sz300575,,中旗股份,5.18,,5.37,5.39,5.12,,,,,,,,,,,,,,
sz300576,,容大感光,52.79,,50.71,53.57,49.84,,,,,,,,,,,,,,
sz300577,,开润股份,15.79,,15.7,16.05,15.31,,,,,,,,,,,,,,
sz300578,,会畅科技,18.44,,19.5,19.62,18.2,,,,,,,,,,,,,,
sz300579,,数字认证,22.26,,23.42,23.48,21.71,,,,,,,,,,,,,,
sz300580,,贝斯特,19.88,,20.79,20.9,19.63,,,,,,,,,,,,,,
sz300581,,晨曦航空,11.55,,11.55,11.75,11.16,,,,,,,,,,,,,,
sz300582,,英飞特,13.48,,13.95,14.16,13.37,,,,,,,,,,,,,,
sz300583,,赛托生物,11.69,,12.11,12.14,11.6,,,,,,,,,,,,,,
sz300584,,海辰药业,40.22,,41.82,42.98,39,,,,,,,,,,,,,,
sz300585,,奥联电子,16.7,,17.3,17.39,16.39,,,,,,,,,,,,,,
sz300586,,美联新材,15.32,,15.38,15.79,14.8,,,,,,,,,,,,,,
sz300587,,天铁科技,4.1,,4.21,4.25,4.07,,,,,,,,,,,,,,
sz300588,,熙菱信息,22.98,,22.66,23.24,22.11,,,,,,,,,,,,,,
sz300589,,江龙船艇,12.46,,12.51,12.63,12.17,,,,,,,,,,,,,,
sz300590,,移为通信,15.14,,15.45,15.58,14.88,,,,,,,,,,,,,,
sz300591,,万里马,7.27,,7.32,7.44,7.08,,,,,,,,,,,,,,
sz300592,,华凯易佰,15.46,,14.8,15.69,14.69,,,,,,,,,,,,,,
sz300593,,新雷能,33.19,,33.2,33.58,32.39,,,,,,,,,,,,,,
sz300594,,ST朗进,14.38,,14.88,14.95,14.2,,,,,,,,,,,,,,
sz300595,,欧普康视,10.86,,11.26,11.37,10.86,,,,,,,,,,,,,,
sz300596,,利安隆,49.83,,47.52,51.54,47.11,,,,,,,,,,,,,,
sz300597,,吉大通信,7.64,,8.02,8.02,7.52,,,,,,,,,,,,,,
sz300598,,诚迈科技,30.02,,30.8,31.2,29.52,,,,,,,,,,,,,,
sz300599,,雄塑科技,11.18,,11,11.33,10.51,,,,,,,,,,,,,,
sz300600,,国瑞科技,9.92,,10.12,10.24,9.79,,,,,,,,,,,,,,
sz300601,,康泰生物,11.62,,11.79,12.04,11.54,,,,,,,,,,,,,,
sz300602,,飞荣达,49.2,,45.9,49.66,45.66,,,,,,,,,,,,,,
sz300603,,立昂技术,8.51,,8.71,8.75,8.38,,,,,,,,,,,,,,
sz300604,,长川科技,307.35,,275.26,314.63,272.68,,,,,,,,,,,,,,
sz300605,,恒锋信息,9.84,,10.36,10.58,9.68,,,,,,,,,,,,,,
sz300606,,金太阳,47.45,,49.51,49.96,47.1,,,,,,,,,,,,,,
sz300607,,拓斯达,38.48,,39.61,39.99,37.66,,,,,,,,,,,,,,
sz300608,,思特奇,12.06,,12.58,12.72,11.79,,,,,,,,,,,,,,
sz300609,,汇纳科技,34.5,,34.25,34.75,32.91,,,,,,,,,,,,,,
sz300610,,晨化股份,10.41,,10.7,10.76,10.24,,,,,,,,,,,,,,
sz300611,,美力科技,25.17,,25.9,26.12,24.91,,,,,,,,,,,,,,
sz300612,,宣亚国际,11.4,,11.94,11.94,11.25,,,,,,,,,,,,,,
sz300613,,富瀚微,73.26,,69.14,73.59,68.17,,,,,,,,,,,,,,
sz300614,,百川畅银,10.35,,10.92,11.06,10.31,,,,,,,,,,,,,,
sz300615,,欣天科技,10.9,,11.56,11.56,10.54,,,,,,,,,,,,,,
sz300616,,尚品宅配,12.12,,12.8,12.89,12.07,,,,,,,,,,,,,,
sz300617,,安靠智电,58.02,,57.09,58.6,55.5,,,,,,,,,,,,,,
sz300618,,寒锐钴业,38.6,,37.33,38.93,36.94,,,,,,,,,,,,,,
sz300619,,金银河,38.43,,38.24,38.74,37.22,,,,,,,,,,,,,,
sz300620,,光库科技,406,,385.19,413.3,385.19,,,,,,,,,,,,,,
sz300621,,维业股份,6.65,,7.05,7.09,6.58,,,,,,,,,,,,,,
sz300622,,博士眼镜,14.7,,15.28,15.28,14.5,,,,,,,,,,,,,,
sz300623,,捷捷微电,42.38,,41.95,43.09,40.03,,,,,,,,,,,,,,
sz300624,,万兴科技,55.45,,56.5,56.58,54.5,,,,,,,,,,,,,,
sz300625,,三雄极光,9.48,,9.88,9.88,9.41,,,,,,,,,,,,,,
sz300626,,华瑞股份,39.2,,39.71,40.34,38.3,,,,,,,,,,,,,,
sz300627,,华测导航,27.71,,27.91,28.2,27.55,,,,,,,,,,,,,,
sz300628,,亿联网络,33.22,,32.58,33.36,32.14,,,,,,,,,,,,,,
sz300629,,新劲刚,20.34,,20.3,20.54,19.75,,,,,,,,,,,,,,
sz300631,,久吾高科,25.33,,25.13,25.46,24.65,,,,,,,,,,,,,,
sz300632,,光莆股份,30.58,,31.01,31.7,29.58,,,,,,,,,,,,,,
sz300633,,开立医疗,19.02,,18.99,19.68,18.9,,,,,,,,,,,,,,
sz300634,,彩讯股份,21.81,,21.98,22.43,21.3,,,,,,,,,,,,,,
sz300635,,中达安,13.15,,13.14,13.44,13.04,,,,,,,,,,,,,,
sz300636,,同和药业,6.8,,7.03,7.07,6.76,,,,,,,,,,,,,,
sz300637,,扬帆新材,11,,10.58,11.27,10.47,,,,,,,,,,,,,,
sz300638,,广和通,19.45,,19.85,19.87,19.1,,,,,,,,,,,,,,
sz300639,,凯普生物,5.26,,5.42,5.5,5.25,,,,,,,,,,,,,,
sz300640,,德艺文创,5.58,,5.94,5.94,5.54,,,,,,,,,,,,,,
sz300641,,正丹股份,16.97,,17.75,18.18,16.6,,,,,,,,,,,,,,
sz300642,,透景生命,12.41,,12.99,12.99,12.22,,,,,,,,,,,,,,
sz300643,,万通智控,19.01,,18.89,19.02,18.35,,,,,,,,,,,,,,
sz300644,,南京聚隆,25.5,,25.49,25.91,24.88,,,,,,,,,,,,,,
sz300645,,正元智慧,12.56,,13.1,13.14,12.41,,,,,,,,,,,,,,
sz300647,,超频三,6.52,,6.31,6.55,6.16,,,,,,,,,,,,,,
sz300648,,星云股份,44.24,,44,46.1,43.35,,,,,,,,,,,,,,
sz300649,,杭州园林,27.8,,28,28.5,27,,,,,,,,,,,,,,
sz300650,,太龙股份,12.38,,12.57,12.77,12.22,,,,,,,,,,,,,,
sz300651,,金陵体育,19,,19.7,19.74,18.71,,,,,,,,,,,,,,
sz300652,,雷迪克,38.27,,39.4,40,38,,,,,,,,,,,,,,
sz300653,,正海生物,15.69,,15.05,16.45,15.05,,,,,,,,,,,,,,
sz300654,,世纪天鸿,9.98,,9.96,10.11,9.54,,,,,,,,,,,,,,
sz300655,,晶瑞电材,18.08,,16.85,18.27,16.61,,,,,,,,,,,,,,
sz300656,,民德电子,40.77,,39.62,41.29,38.8,,,,,,,,,,,,,,
sz300657,,弘信电子,44.26,,42.68,44.67,41.9,,,,,,,,,,,,,,
sz300658,,延江股份,12.39,,12.3,12.47,12.17,,,,,,,,,,,,,,
sz300659,,中孚信息,10.36,,10.8,11.05,10.25,,,,,,,,,,,,,,
sz300660,,江苏雷利,28.01,,28.6,28.78,27.81,,,,,,,,,,,,,,
sz300661,,圣邦股份,137.48,,135,138.5,130.32,,,,,,,,,,,,,,
sz300662,,科锐国际,18.07,,18.3,18.48,17.9,,,,,,,,,,,,,,
sz300663,,科蓝软件,7.06,,7.42,7.47,6.93,,,,,,,,,,,,,,
sz300664,,鹏鹞环保,4.45,,4.59,4.6,4.42,,,,,,,,,,,,,,
sz300665,,飞鹿股份,12.22,,12.01,12.74,11.47,,,,,,,,,,,,,,
sz300666,,江丰电子,304.04,,291.72,308.62,285,,,,,,,,,,,,,,
sz300667,,必创科技,17.45,,18.28,18.46,17.15,,,,,,,,,,,,,,
sz300668,,杰恩股份,57.55,,59.26,59.83,56.8,,,,,,,,,,,,,,
sz300669,,沪宁股份,28.68,,29.32,29.47,27.72,,,,,,,,,,,,,,
sz300670,,大烨智能,6.17,,6.32,6.38,5.99,,,,,,,,,,,,,,
sz300671,,富满微,73.25,,65.8,74.06,65.71,,,,,,,,,,,,,,
sz300672,,国科微,307.15,,300,313.88,290.5,,,,,,,,,,,,,,
sz300673,,佩蒂股份,12.07,,12.64,12.65,12,,,,,,,,,,,,,,
sz300674,,宇信科技,16.61,,17,17.16,16.3,,,,,,,,,,,,,,
sz300675,,建科院,12.49,,13.3,13.32,12.45,,,,,,,,,,,,,,
sz300676,,华大基因,35.62,,36.37,36.5,35.25,,,,,,,,,,,,,,
sz300677,,英科医疗,39.58,,39.29,41.11,38.69,,,,,,,,,,,,,,
sz300678,,中科信息,23.5,,23.99,24.45,23.39,,,,,,,,,,,,,,
sz300679,,电连技术,67.69,,68,68.5,64.03,,,,,,,,,,,,,,
sz300680,,隆盛科技,23.49,,24.19,24.39,23.2,,,,,,,,,,,,,,
sz300681,,英搏尔,30.66,,30.55,31.15,30.12,,,,,,,,,,,,,,
sz300682,,朗新科技,10.73,,10.92,10.92,10.52,,,,,,,,,,,,,,
sz300683,,海特生物,24.55,,25.05,25.74,24.5,,,,,,,,,,,,,,
sz300684,,中石科技,58.86,,58.58,60.08,56.52,,,,,,,,,,,,,,
sz300685,,艾德生物,16.95,,17.25,17.49,16.93,,,,,,,,,,,,,,
sz300686,,智动力,20.06,,19.79,20.2,19.42,,,,,,,,,,,,,,
sz300687,,赛意信息,29.92,,27.16,30.87,26.11,,,,,,,,,,,,,,
sz300688,,创业黑马,28.62,,28.3,29,27.6,,,,,,,,,,,,,,
sz300689,,澄天伟业,63.09,,62.37,63.4,60.12,,,,,,,,,,,,,,
sz300690,,双一科技,22.93,,23.67,23.67,22.68,,,,,,,,,,,,,,
sz300691,,联合光电,16.2,,16.16,16.37,15.71,,,,,,,,,,,,,,
sz300692,,中赋科技,7.66,,7.89,7.99,7.63,,,,,,,,,,,,,,
sz300693,,盛弘股份,45.21,,45.71,46.38,44.5,,,,,,,,,,,,,,
sz300694,,蠡湖股份,9.6,,9.94,10.03,9.49,,,,,,,,,,,,,,
sz300695,,兆丰股份,55.6,,57,58.49,55.5,,,,,,,,,,,,,,
sz300696,,爱乐达,32.32,,32.62,33,31.64,,,,,,,,,,,,,,
sz300697,,电工合金,17.36,,17.35,18.2,17.27,,,,,,,,,,,,,,
sz300698,,万马科技,30.06,,30.68,31,29.22,,,,,,,,,,,,,,
sz300699,,光威复材,28.4,,27.38,28.88,27.06,,,,,,,,,,,,,,
sz300700,,岱勒新材,22.98,,22.8,23.16,21.89,,,,,,,,,,,,,,
sz300701,,森霸传感,10.74,,11,11.5,10.73,,,,,,,,,,,,,,
sz300702,,天宇股份,20.98,,21.67,21.72,20.84,,,,,,,,,,,,,,
sz300703,,创源股份,13.43,,14.16,14.31,13.32,,,,,,,,,,,,,,
sz300705,,九典制药,10.34,,10.24,10.72,10.19,,,,,,,,,,,,,,
sz300706,,阿石创,72.74,,70,73.64,67.31,,,,,,,,,,,,,,
sz300707,,威唐工业,11.89,,12.15,12.37,11.7,,,,,,,,,,,,,,
sz300708,,聚灿光电,7.96,,8.12,8.15,7.86,,,,,,,,,,,,,,
sz300709,,精研科技,66.23,,64.24,67.37,63.08,,,,,,,,,,,,,,
sz300710,,万隆光电,33.97,,33.77,34.49,32.86,,,,,,,,,,,,,,
sz300711,,广哈通信,17.01,,17.38,17.48,16.77,,,,,,,,,,,,,,
sz300712,,永福股份,21.09,,22,22,20.66,,,,,,,,,,,,,,
sz300713,,英可瑞,13.64,,14.41,14.51,13.3,,,,,,,,,,,,,,
sz300715,,凯伦股份,19.15,,19.5,20.1,18.5,,,,,,,,,,,,,,
sz300716,,*ST泉为,24,,22.22,24.36,22.06,,,,,,,,,,,,,,
sz300717,,华信新材,19.38,,17.52,19.99,16.64,,,,,,,,,,,,,,
sz300718,,长盛轴承,63.12,,64,64.35,62.18,,,,,,,,,,,,,,
sz300719,,安达维尔,12.39,,12.8,12.8,12.15,,,,,,,,,,,,,,
sz300720,,海川智能,82.7,,80.38,83.4,78,,,,,,,,,,,,,,
sz300721,,怡达股份,34.98,,33.08,39.86,33.08,,,,,,,,,,,,,,
sz300722,,新余国科,22.35,,22.79,22.99,21.95,,,,,,,,,,,,,,
sz300723,,一品红,34.44,,36.07,36.36,34.31,,,,,,,,,,,,,,
sz300724,,捷佳伟创,69.25,,68.4,70.11,67.33,,,,,,,,,,,,,,
sz300725,,药石科技,35.45,,34.01,35.89,34,,,,,,,,,,,,,,
sz300726,,宏达电子,88.25,,81.47,89.28,81.02,,,,,,,,,,,,,,
sz300727,,润禾材料,34.67,,33.5,35.29,32.81,,,,,,,,,,,,,,
sz300729,,乐歌股份,10,,10.32,10.35,9.97,,,,,,,,,,,,,,
sz300730,,科创信息,14.31,,14.21,14.6,13.9,,,,,,,,,,,,,,
sz300731,,科创新源,60.25,,57.51,61.37,56.35,,,,,,,,,,,,,,
sz300732,,设研院,5.95,,6.16,6.21,5.92,,,,,,,,,,,,,,
sz300733,,西菱动力,13.17,,12.95,13.49,12.31,,,,,,,,,,,,,,
sz300735,,光弘科技,22.37,,22.13,22.54,21.7,,,,,,,,,,,,,,
sz300736,,百邦科技,34.55,,36.58,36.58,34.17,,,,,,,,,,,,,,
sz300737,,科顺股份,7.86,,7.91,8.01,7.46,,,,,,,,,,,,,,
sz300738,,奥飞数据,21.52,,21.08,21.86,20.65,,,,,,,,,,,,,,
sz300739,,明阳电路,31.98,,31,32.36,30.9,,,,,,,,,,,,,,
sz300740,,水羊股份,20.77,,21.75,21.98,20.71,,,,,,,,,,,,,,
sz300741,,华宝股份,13.63,,13.99,14,13.56,,,,,,,,,,,,,,
sz300743,,天地数码,16.11,,16.76,16.77,15.82,,,,,,,,,,,,,,
sz300745,,欣锐科技,41.7,,41.2,42.2,40.27,,,,,,,,,,,,,,
sz300746,,汉嘉数智,10.91,,11.29,11.36,10.72,,,,,,,,,,,,,,
sz300747,,锐科激光,52.83,,54.6,55.45,51.56,,,,,,,,,,,,,,
sz300748,,金力永磁,31.91,,32.61,32.7,31.48,,,,,,,,,,,,,,
sz300749,,顶固集创,22.65,,22.48,22.88,20.71,,,,,,,,,,,,,,
sz300750,,宁德时代,395.36,,392,399.27,386.66,,,,,,,,,,,,,,
sz300751,,迈为股份,227.75,,209,228,204,,,,,,,,,,,,,,
sz300752,,隆利科技,14.03,,13.96,14.18,13.65,,,,,,,,,,,,,,
sz300753,,爱朋医疗,21.84,,21.3,24.15,21.26,,,,,,,,,,,,,,
sz300755,,华致酒行,12.69,,13.4,13.44,12.69,,,,,,,,,,,,,,
sz300756,,金马游乐,31.99,,32.27,32.75,31.1,,,,,,,,,,,,,,
sz300757,,罗博特科,602.5,,575,604,567.08,,,,,,,,,,,,,,
sz300758,,七彩化学,13.01,,13.11,13.49,12.94,,,,,,,,,,,,,,
sz300759,,康龙化成,24.81,,23.92,25.5,23.7,,,,,,,,,,,,,,
sz300760,,迈瑞医疗,136.73,,141,143.17,136.65,,,,,,,,,,,,,,
sz300761,,立华股份,16.26,,16.95,16.95,16.21,,,,,,,,,,,,,,
sz300762,,上海瀚讯,41.7,,39.65,42.32,38.59,,,,,,,,,,,,,,
sz300763,,锦浪科技,88.04,,90.51,90.86,86.86,,,,,,,,,,,,,,
sz300765,,石药创新,26.03,,24.5,27,24.38,,,,,,,,,,,,,,
sz300766,,每日互动,23.21,,23.3,23.47,22.74,,,,,,,,,,,,,,
sz300767,,震安科技,23.66,,23.14,24.38,23.14,,,,,,,,,,,,,,
sz300768,,迪普科技,14.39,,14.7,14.85,14.17,,,,,,,,,,,,,,
sz300769,,德方纳米,73.92,,73.24,74.48,68.7,,,,,,,,,,,,,,
sz300770,,新媒股份,34.16,,34.35,34.88,34.12,,,,,,,,,,,,,,
sz300771,,智莱科技,11.04,,11.3,11.39,10.85,,,,,,,,,,,,,,
sz300772,,运达股份,11.79,,12.03,12.03,11.63,,,,,,,,,,,,,,
sz300773,,拉卡拉,16.98,,17.38,17.54,16.8,,,,,,,,,,,,,,
sz300774,,倍杰特,12.09,,12.38,12.6,12,,,,,,,,,,,,,,
sz300775,,三角防务,21.87,,21.85,22.08,21.26,,,,,,,,,,,,,,
sz300776,,帝尔激光,165.11,,165.99,168.66,160.1,,,,,,,,,,,,,,
sz300777,,中简科技,28.12,,27.89,28.6,27.28,,,,,,,,,,,,,,
sz300778,,新城市,9.49,,9.99,9.99,9.28,,,,,,,,,,,,,,
sz300779,,惠城环保,56.81,,59.88,59.9,56.55,,,,,,,,,,,,,,
sz300780,,德恩精工,31.81,,31.09,32.76,30.06,,,,,,,,,,,,,,
sz300781,,因赛集团,28.17,,28.61,28.77,27.69,,,,,,,,,,,,,,
sz300782,,卓胜微,113.63,,112.65,114.56,108.55,,,,,,,,,,,,,,
sz300783,,三只松鼠,16.28,,16.88,16.97,16.27,,,,,,,,,,,,,,
sz300784,,利安科技,45.95,,46.95,47.21,45.7,,,,,,,,,,,,,,
sz300785,,值得买,39.62,,39.73,40.3,38.82,,,,,,,,,,,,,,
sz300786,,国林科技,23.25,,22.29,23.47,21.7,,,,,,,,,,,,,,
sz300787,,海能实业,9.96,,10.02,10.09,9.74,,,,,,,,,,,,,,
sz300788,,中信出版,24.16,,24.9,24.9,23.65,,,,,,,,,,,,,,
sz300789,,唐源电气,18.17,,18.89,19,17.91,,,,,,,,,,,,,,
sz300790,,宇瞳光学,27.6,,26.79,27.85,26.26,,,,,,,,,,,,,,
sz300791,,仙乐健康,16.74,,17.08,17.4,16.61,,,,,,,,,,,,,,
sz300792,,壹网壹创,28.31,,28.69,29.07,28.05,,,,,,,,,,,,,,
sz300793,,佳禾智能,11.91,,12.15,12.29,11.71,,,,,,,,,,,,,,
sz300795,,米奥会展,8.86,,9.07,9.15,8.81,,,,,,,,,,,,,,
sz300796,,贝斯美,6.64,,6.85,6.86,6.6,,,,,,,,,,,,,,
sz300797,,钢研纳克,13.86,,14.11,14.17,13.66,,,,,,,,,,,,,,
sz300798,,锦鸡股份,7.15,,7.37,7.39,7,,,,,,,,,,,,,,
sz300800,,力合科技,9.68,,10.05,10.13,9.62,,,,,,,,,,,,,,
sz300801,,泰和科技,28.87,,29.88,30.55,27.68,,,,,,,,,,,,,,
sz300802,,矩子科技,26.28,,25.36,26.28,24.51,,,,,,,,,,,,,,
sz300803,,指南针,98.02,,102,103.18,97.39,,,,,,,,,,,,,,
sz300804,,广康生化,35.2,,36.02,36.36,34.51,,,,,,,,,,,,,,
sz300805,,电声股份,7.66,,7.91,7.95,7.56,,,,,,,,,,,,,,
sz300806,,斯迪克,100.09,,93,102.58,92.71,,,,,,,,,,,,,,
sz300807,,天迈科技,40.58,,39.78,41,38.61,,,,,,,,,,,,,,
sz300808,,久量股份,24.34,,24.16,24.5,23.41,,,,,,,,,,,,,,
sz300809,,华辰装备,28.44,,29.74,29.74,28,,,,,,,,,,,,,,
sz300810,,中科海讯,26.95,,26.03,27.75,25.7,,,,,,,,,,,,,,
sz300811,,铂科新材,96.59,,96.98,98.88,94.41,,,,,,,,,,,,,,
sz300812,,易天股份,27.96,,28.65,28.96,27.03,,,,,,,,,,,,,,
sz300813,,泰林生物,19.13,,20.07,20.12,18.83,,,,,,,,,,,,,,
sz300814,,中富电路,203.7,,182,206.66,179.88,,,,,,,,,,,,,,
sz300815,,玉禾田,17.91,,18.4,18.52,17.8,,,,,,,,,,,,,,
sz300816,,艾可蓝,78.05,,80.09,82.23,77.17,,,,,,,,,,,,,,
sz300817,,双飞集团,16.7,,17.26,17.46,16.4,,,,,,,,,,,,,,
sz300818,,耐普矿机,20.68,,21.19,21.59,20.5,,,,,,,,,,,,,,
sz300819,,聚杰微纤,70.18,,67.55,71.78,65.57,,,,,,,,,,,,,,
sz300820,,英杰电气,79,,74.66,79.79,71.95,,,,,,,,,,,,,,
sz300821,,东岳硅材,19.4,,18.65,19.7,18.41,,,,,,,,,,,,,,
sz300822,,贝仕达克,12.25,,12.81,12.84,12.01,,,,,,,,,,,,,,
sz300823,,建科智能,15.32,,15.91,16.06,15.16,,,,,,,,,,,,,,
sz300824,,北鼎股份,7.56,,7.82,7.95,7.51,,,,,,,,,,,,,,
sz300825,,阿尔特,16.85,,16.29,17,15.61,,,,,,,,,,,,,,
sz300826,,测绘股份,15.1,,15.32,15.96,14.83,,,,,,,,,,,,,,
sz300827,,上能电气,29.49,,29.41,29.73,28.94,,,,,,,,,,,,,,
sz300828,,锐新科技,20.29,,20.42,20.62,19.87,,,,,,,,,,,,,,
sz300829,,金丹科技,14.31,,14.71,14.8,14.05,,,,,,,,,,,,,,
sz300830,,金现代,8.52,,8.75,8.75,8.36,,,,,,,,,,,,,,
sz300831,,ST派瑞,22.4,,20.89,22.49,20.88,,,,,,,,,,,,,,
sz300832,,新产业,41.7,,42.58,43.62,41.52,,,,,,,,,,,,,,
sz300833,,浩洋股份,31.19,,31.64,31.74,30.41,,,,,,,,,,,,,,
sz300834,,星辉环材,48.55,,48.57,49.5,46.33,,,,,,,,,,,,,,
sz300835,,龙磁科技,248.33,,239.03,249.99,232.21,,,,,,,,,,,,,,
sz300836,,佰奥智能,75.51,,71.81,75.78,68.64,,,,,,,,,,,,,,
sz300837,,浙矿股份,25.62,,26.4,26.54,25.39,,,,,,,,,,,,,,
sz300838,,浙江力诺,13.4,,13.99,14.25,13.26,,,,,,,,,,,,,,
sz300839,,博汇股份,13.1,,13.69,13.75,12.78,,,,,,,,,,,,,,
sz300840,,酷特智能,19.96,,20.2,20.47,19.54,,,,,,,,,,,,,,
sz300841,,康华生物,45.8,,46.79,48.26,45.8,,,,,,,,,,,,,,
sz300842,,帝科股份,87.71,,88.49,89.32,84.2,,,,,,,,,,,,,,
sz300843,,胜蓝股份,144.25,,129.5,147.5,129,,,,,,,,,,,,,,
sz300844,,山水比德,23.23,,24.3,24.75,22.89,,,,,,,,,,,,,,
sz300845,,捷安高科,14.8,,13.57,15.45,12.92,,,,,,,,,,,,,,
sz300846,,首都在线,23.7,,22.86,23.77,22.37,,,,,,,,,,,,,,
sz300847,,中船汉光,13.48,,13.97,13.97,13.45,,,,,,,,,,,,,,
sz300848,,美瑞新材,14.9,,14.85,15.12,14.58,,,,,,,,,,,,,,
sz300849,,锦盛新材,23.38,,22.93,23.55,22.51,,,,,,,,,,,,,,
sz300850,,新强联,27.5,,28.65,28.66,26.97,,,,,,,,,,,,,,
sz300851,,交大思诺,23.4,,24.54,24.54,23.25,,,,,,,,,,,,,,
sz300852,,四会富仕,60.96,,57.3,63.36,56.88,,,,,,,,,,,,,,
sz300853,,申昊科技,32.85,,32.53,34.8,31.92,,,,,,,,,,,,,,
sz300854,,中兰环保,23.67,,23.5,23.87,22.33,,,,,,,,,,,,,,
sz300855,,图南股份,32.09,,32.7,32.84,31.6,,,,,,,,,,,,,,
sz300856,,科思股份,11.05,,11.28,11.42,10.99,,,,,,,,,,,,,,
sz300857,,协创数据,340.19,,305,345,305,,,,,,,,,,,,,,
sz300862,,蓝盾光电,20.42,,21.1,21.17,20.23,,,,,,,,,,,,,,
sz300863,,卡倍亿,65.5,,65.78,67.8,64.83,,,,,,,,,,,,,,
sz300864,,南大环境,20.4,,20.34,21.22,20.18,,,,,,,,,,,,,,
sz300865,,大宏立,23.53,,24.52,24.93,23.38,,,,,,,,,,,,,,
sz300866,,安克创新,108.02,,109.89,109.89,101.8,,,,,,,,,,,,,,
sz300867,,圣元环保,18.88,,18.82,18.98,18.52,,,,,,,,,,,,,,
sz300875,,捷强装备,30.03,,30.55,30.56,29.48,,,,,,,,,,,,,,
sz300876,,蒙泰高新,15.91,,16.33,16.33,15.67,,,,,,,,,,,,,,
sz300877,,金春股份,28.5,,29.2,30.3,28.18,,,,,,,,,,,,,,
sz300878,,维康药业,34,,35.36,35.9,32.6,,,,,,,,,,,,,,
sz300887,,谱尼测试,7.49,,7.68,7.82,7.37,,,,,,,,,,,,,,
sz300888,,稳健医疗,27.2,,27.99,28.08,27,,,,,,,,,,,,,,
sz300889,,爱克股份,23.51,,24.01,24.61,23.3,,,,,,,,,,,,,,
sz300890,,翔丰华,34.81,,34.8,35.22,33.89,,,,,,,,,,,,,,
sz300891,,惠云钛业,7.02,,7.14,7.36,6.91,,,,,,,,,,,,,,
sz300892,,品渥食品,20.08,,21.18,21.39,20.01,,,,,,,,,,,,,,
sz300893,,松原安全,17.12,,17.57,17.57,17.03,,,,,,,,,,,,,,
sz300894,,火星人,11.43,,11.38,11.58,11.16,,,,,,,,,,,,,,
sz300895,,铜牛信息,55.86,,56.43,56.44,54.1,,,,,,,,,,,,,,
sz300896,,爱美客,88.11,,90.91,91.7,88.1,,,,,,,,,,,,,,
sz300897,,山科智能,15.22,,15.6,15.6,14.98,,,,,,,,,,,,,,
sz300898,,熊猫乳品,19.28,,20.03,20.45,19.22,,,,,,,,,,,,,,
sz300899,,上海凯鑫,30.72,,32.44,32.6,30.55,,,,,,,,,,,,,,
sz300900,,广联航空,34.29,,31.25,34.48,30.01,,,,,,,,,,,,,,
sz300901,,中胤时尚,14,,14.15,14.29,13.73,,,,,,,,,,,,,,
sz300902,,国安达,16.83,,17.15,17.24,16.62,,,,,,,,,,,,,,
sz300903,,科翔股份,110.65,,108.83,112.22,104.8,,,,,,,,,,,,,,
sz300904,,威力传动,43.42,,45.14,45.15,42.65,,,,,,,,,,,,,,
sz300905,,宝丽迪,57.23,,61.5,62.58,55.53,,,,,,,,,,,,,,
sz300906,,日月明,26.65,,28.41,28.78,26.41,,,,,,,,,,,,,,
sz300907,,康平科技,54.08,,52.56,54.5,50.2,,,,,,,,,,,,,,
sz300908,,仲景食品,23.16,,23.38,23.61,22.96,,,,,,,,,,,,,,
sz300909,,汇创达,56.76,,54.12,57.1,53.5,,,,,,,,,,,,,,
sz300910,,瑞丰新材,29.19,,27.99,29.3,27.5,,,,,,,,,,,,,,
sz300911,,亿田智能,23.17,,22.95,23.34,22.23,,,,,,,,,,,,,,
sz300912,,凯龙高科,25.75,,26.27,26.69,25.31,,,,,,,,,,,,,,
sz300913,,兆龙互连,57.8,,56.61,60.51,56.02,,,,,,,,,,,,,,
sz300915,,海融科技,20.26,,21.05,21.3,20.02,,,,,,,,,,,,,,
sz300916,,朗特智能,25.31,,25.84,26.49,24.6,,,,,,,,,,,,,,
sz300917,,特发服务,25.3,,26.39,26.45,25.1,,,,,,,,,,,,,,
sz300918,,南山智尚,11.6,,11.72,11.94,11.3,,,,,,,,,,,,,,
sz300919,,中伟新材,48.43,,47.69,48.96,47.17,,,,,,,,,,,,,,
sz300920,,润阳科技,37.06,,37.75,38.14,36.41,,,,,,,,,,,,,,
sz300921,,南凌科技,21.69,,21.52,21.88,21.17,,,,,,,,,,,,,,
sz300922,,天秦装备,19.06,,19.02,19.26,18.31,,,,,,,,,,,,,,
sz300923,,研奥股份,22.25,,23.47,23.9,22.24,,,,,,,,,,,,,,
sz300925,,法本信息,16.35,,17.28,17.28,16.06,,,,,,,,,,,,,,
sz300926,,博俊科技,18.69,,19.15,19.29,18.59,,,,,,,,,,,,,,
sz300927,,江天化学,23.62,,24.01,24.48,23.38,,,,,,,,,,,,,,
sz300928,,华安鑫创,30.01,,30.54,30.57,29.32,,,,,,,,,,,,,,
sz300929,,华骐环保,10.97,,11.74,11.87,10.89,,,,,,,,,,,,,,
sz300930,,屹通新材,33.6,,35.46,35.88,32.88,,,,,,,,,,,,,,
sz300931,,通用电梯,15.78,,16,16.5,15.35,,,,,,,,,,,,,,
sz300932,,三友联众,8.68,,8.8,8.99,8.62,,,,,,,,,,,,,,
sz300933,,中辰股份,6.56,,6.73,6.74,6.47,,,,,,,,,,,,,,
sz300935,,盈建科,31.01,,32.23,32.49,30.8,,,,,,,,,,,,,,
sz300936,,中英科技,125.22,,118.66,126.5,118.56,,,,,,,,,,,,,,
sz300937,,药易购,20.38,,21.12,21.4,20.21,,,,,,,,,,,,,,
sz300938,,信测标准,48.23,,44.19,48.75,43.76,,,,,,,,,,,,,,
sz300939,,秋田微,70.15,,70.42,70.98,66,,,,,,,,,,,,,,
sz300940,,南极光,15.54,,16.24,16.24,15.16,,,,,,,,,,,,,,
sz300941,,创识科技,14.48,,15.31,15.31,14.22,,,,,,,,,,,,,,
sz300942,,易瑞生物,6.02,,6.32,6.36,5.97,,,,,,,,,,,,,,
sz300943,,春晖智控,44.82,,45,45.3,42.5,,,,,,,,,,,,,,
sz300945,,曼卡龙,11.41,,11.57,11.7,11.29,,,,,,,,,,,,,,
sz300946,,恒而达,42.4,,43.45,43.86,41.6,,,,,,,,,,,,,,
sz300947,,德必集团,13.43,,14.13,14.13,13.37,,,,,,,,,,,,,,
sz300948,,冠中生态,24.47,,24.35,24.77,23.52,,,,,,,,,,,,,,
sz300949,,奥雅股份,21.36,,22.5,22.78,21.2,,,,,,,,,,,,,,
sz300950,,德固特,16.84,,17.38,17.54,16.74,,,,,,,,,,,,,,
sz300951,,博硕科技,57.35,,58,58.72,55.51,,,,,,,,,,,,,,
sz300952,,恒辉安防,18.39,,18.42,18.79,18.02,,,,,,,,,,,,,,
sz300953,,震裕科技,139.49,,142,142.55,136.48,,,,,,,,,,,,,,
sz300955,,嘉亨家化,37.69,,38.73,38.97,37.21,,,,,,,,,,,,,,
sz300956,,英力股份,11.96,,12.09,12.09,11.69,,,,,,,,,,,,,,
sz300957,,贝泰妮,31.01,,32.08,32.35,31,,,,,,,,,,,,,,
sz300958,,建工修复,11.12,,11.57,11.57,11.01,,,,,,,,,,,,,,
sz300959,,线上线下,153.13,,155.39,156.96,147.6,,,,,,,,,,,,,,
sz300960,,通业科技,16.28,,17.09,17.12,16.05,,,,,,,,,,,,,,
sz300961,,深水海纳,13.2,,13.45,14.42,13.05,,,,,,,,,,,,,,
sz300962,,中金辐照,12.65,,13.02,13.1,12.54,,,,,,,,,,,,,,
sz300963,,中洲特材,13.34,,13.62,13.68,13.13,,,,,,,,,,,,,,
sz300964,,本川智能,82.5,,78.44,83.33,77.81,,,,,,,,,,,,,,
sz300965,,恒宇信通,45.33,,45.6,45.75,43.76,,,,,,,,,,,,,,
sz300966,,共同药业,29.05,,30.69,30.69,28.6,,,,,,,,,,,,,,
sz300967,,晓鸣股份,14.84,,15.34,15.4,14.6,,,,,,,,,,,,,,
sz300968,,格林精密,10.35,,10.59,10.73,10.15,,,,,,,,,,,,,,
sz300969,,恒帅股份,95.36,,93.1,98.82,92.08,,,,,,,,,,,,,,
sz300970,,华绿生物,20.35,,20.7,20.73,20.03,,,,,,,,,,,,,,
sz300971,,博亚精工,20.17,,20.27,20.32,19.35,,,,,,,,,,,,,,
sz300972,,万辰集团,174.01,,177.73,178,173.05,,,,,,,,,,,,,,
sz300973,,立高食品,25.25,,25.92,26.09,24.99,,,,,,,,,,,,,,
sz300975,,商络电子,40.6,,39.11,41.68,38.6,,,,,,,,,,,,,,
sz300976,,达瑞电子,86.92,,86.36,89.19,84.36,,,,,,,,,,,,,,
sz300977,,深圳瑞捷,16.77,,16.98,17.28,16.42,,,,,,,,,,,,,,
sz300978,,东箭科技,9.75,,9.91,10.75,9.6,,,,,,,,,,,,,,
sz300979,,华利集团,30.46,,31.4,31.7,30.42,,,,,,,,,,,,,,
sz300980,,祥源新材,27.87,,27.72,29.49,26.93,,,,,,,,,,,,,,
sz300981,,中红医疗,10.28,,10.62,10.75,10.26,,,,,,,,,,,,,,
sz300982,,苏文电能,15.86,,16.69,16.69,15.72,,,,,,,,,,,,,,
sz300983,,尤安设计,42.6,,41.71,43.48,41.32,,,,,,,,,,,,,,
sz300984,,金沃股份,55.18,,55.36,56.79,53.2,,,,,,,,,,,,,,
sz300985,,致远新能,35,,34,35.82,33.5,,,,,,,,,,,,,,
sz300986,,志特新材,18.34,,18.63,19.27,18.11,,,,,,,,,,,,,,
sz300987,,川网传媒,13.09,,13.6,13.6,12.97,,,,,,,,,,,,,,
sz300988,,津荣天宇,16.55,,17.14,17.25,16.44,,,,,,,,,,,,,,
sz300989,,蕾奥规划,13.3,,13.45,13.45,12.9,,,,,,,,,,,,,,
sz300990,,同飞股份,111,,99.63,112.98,98.63,,,,,,,,,,,,,,
sz300991,,创益通,35.32,,36.88,37.25,34.87,,,,,,,,,,,,,,
sz300992,,泰福泵业,25.85,,26.32,27.48,25.84,,,,,,,,,,,,,,
sz300993,,玉马科技,10.2,,10.29,10.33,10.05,,,,,,,,,,,,,,
sz300994,,久祺股份,11.15,,11.63,11.64,11.13,,,,,,,,,,,,,,
sz300995,,奇德新材,28.58,,30,30,28.12,,,,,,,,,,,,,,
sz300996,,普联软件,11.28,,11.51,11.59,10.85,,,,,,,,,,,,,,
sz300997,,欢乐家,15.98,,16.17,16.5,15.9,,,,,,,,,,,,,,
sz300998,,宁波方正,28.17,,27.01,28.41,26.49,,,,,,,,,,,,,,
sz300999,,金龙鱼,23.88,,24.46,24.81,23.87,,,,,,,,,,,,,,
sz301000,,肇民科技,33.57,,33.2,33.79,31.88,,,,,,,,,,,,,,
sz301001,,凯淳股份,23.16,,23.72,24.32,22.91,,,,,,,,,,,,,,
sz301002,,崧盛股份,41.41,,42.03,43.6,40.33,,,,,,,,,,,,,,
sz301003,,江苏博云,56.4,,55.86,56.5,54.54,,,,,,,,,,,,,,
sz301004,,嘉益股份,33.22,,34.98,34.98,33,,,,,,,,,,,,,,
sz301005,,超捷股份,107,,95.5,108.99,92.4,,,,,,,,,,,,,,
sz301006,,迈拓股份,13.41,,14.01,14.04,13.29,,,,,,,,,,,,,,
sz301007,,德迈仕,33.23,,33.21,33.75,32.91,,,,,,,,,,,,,,
sz301008,,宏昌科技,24.21,,24.47,24.85,23.61,,,,,,,,,,,,,,
sz301009,,可靠股份,8.6,,9.05,9.1,8.57,,,,,,,,,,,,,,
sz301010,,晶雪节能,17.19,,17.82,17.94,16.83,,,,,,,,,,,,,,
sz301011,,华立科技,14.96,,15.7,15.7,14.8,,,,,,,,,,,,,,
sz301012,,扬电科技,26.89,,26.91,27.25,26.23,,,,,,,,,,,,,,
sz301013,,利和兴,74.95,,68.93,76.95,68.5,,,,,,,,,,,,,,
sz301015,,百洋医药,19.06,,19.69,20.2,18.9,,,,,,,,,,,,,,
sz301016,,雷尔伟,13.42,,14.08,14.17,13.22,,,,,,,,,,,,,,
sz301017,,漱玉平民,14.35,,13.38,14.37,13.04,,,,,,,,,,,,,,
sz301018,,申菱环境,112.9,,108.5,115.08,106,,,,,,,,,,,,,,
sz301019,,宁波色母,18.85,,19.5,19.67,18.78,,,,,,,,,,,,,,
sz301020,,密封科技,25.7,,26.24,26.99,24.82,,,,,,,,,,,,,,
sz301021,,英诺激光,128.7,,117.67,134.94,117.67,,,,,,,,,,,,,,
sz301022,,海泰科,23.44,,24.25,24.4,23.24,,,,,,,,,,,,,,
sz301023,,奕帆传动,29.8,,30.97,30.99,29.39,,,,,,,,,,,,,,
sz301024,,霍普股份,41.48,,44.29,44.58,40.99,,,,,,,,,,,,,,
sz301025,,读客文化,8.41,,8.7,8.8,8.32,,,,,,,,,,,,,,
sz301026,,浩通科技,23.15,,23.5,23.95,22.8,,,,,,,,,,,,,,
sz301027,,华蓝集团,20.27,,20.44,20.64,19.55,,,,,,,,,,,,,,
sz301028,,鼎熔岩,16.4,,16.87,16.96,16.36,,,,,,,,,,,,,,
sz301029,,怡合达,29.25,,29.66,29.9,28.69,,,,,,,,,,,,,,
sz301030,,*ST仕净,9.3,,10.1,10.21,9.3,,,,,,,,,,,,,,
sz301031,,中熔电气,115.88,,119.37,120.66,114.34,,,,,,,,,,,,,,
sz301032,,新柴股份,9.99,,10.32,10.41,9.9,,,,,,,,,,,,,,
sz301033,,迈普医学,49.35,,50.4,50.65,48.84,,,,,,,,,,,,,,
sz301035,,润丰股份,48.3,,48.16,49.5,47.71,,,,,,,,,,,,,,
sz301036,,双乐股份,23.08,,23.4,24.98,22.83,,,,,,,,,,,,,,
sz301037,,保立佳,12.83,,13.28,13.47,12.66,,,,,,,,,,,,,,
sz301038,,深水规院,16.74,,17.77,17.96,16.56,,,,,,,,,,,,,,
sz301039,,中集车辆,7.04,,7.17,7.17,6.86,,,,,,,,,,,,,,
sz301040,,中环海陆,26.25,,27.3,27.34,26,,,,,,,,,,,,,,
sz301041,,金百泽,36.39,,35.18,37.48,35.18,,,,,,,,,,,,,,
sz301042,,安联锐视,71.17,,74.7,75.2,66.5,,,,,,,,,,,,,,
sz301043,,绿岛风,44.39,,45.08,46.22,42.82,,,,,,,,,,,,,,
sz301045,,天禄科技,65.95,,61.86,66.64,60.5,,,,,,,,,,,,,,
sz301046,,能辉科技,26.8,,27.3,27.4,25.22,,,,,,,,,,,,,,
sz301047,,义翘神州,62.47,,62.64,63.78,62,,,,,,,,,,,,,,
sz301048,,金鹰重工,8.87,,9.23,9.23,8.84,,,,,,,,,,,,,,
sz301049,,超越科技,18.96,,19.76,19.95,18.76,,,,,,,,,,,,,,
sz301050,,雷电微力,34.73,,34.1,35,33.31,,,,,,,,,,,,,,
sz301051,,信濠光电,15.39,,15.3,15.9,14.5,,,,,,,,,,,,,,
sz301052,,果麦文化,23.87,,24.92,24.92,23.59,,,,,,,,,,,,,,
sz301053,,远信工业,45.08,,43.34,45.58,40.24,,,,,,,,,,,,,,
sz301055,,张小泉,47.5,,43.58,49,42.09,,,,,,,,,,,,,,
sz301056,,森赫股份,12.25,,13.1,13.87,12.12,,,,,,,,,,,,,,
sz301057,,汇隆新材,25.23,,27,27.22,24.98,,,,,,,,,,,,,,
sz301058,,中粮科工,7.98,,8.21,8.3,7.93,,,,,,,,,,,,,,
sz301059,,金三江,11.89,,12.01,12.1,11.76,,,,,,,,,,,,,,
sz301060,,兰卫医学,8.84,,8.95,9,8.72,,,,,,,,,,,,,,
sz301061,,匠心家居,34.93,,36.07,36.07,34.82,,,,,,,,,,,,,,
sz301062,,上海艾录,6.12,,6.44,6.46,5.99,,,,,,,,,,,,,,
sz301063,,海锅股份,17.85,,18.46,18.61,17.68,,,,,,,,,,,,,,
sz301065,,本立科技,18.68,,19.12,19.18,18.44,,,,,,,,,,,,,,
sz301066,,万事利,12.43,,13.06,13.11,12.38,,,,,,,,,,,,,,
sz301067,,显盈科技,34.4,,36.27,36.72,33.69,,,,,,,,,,,,,,
sz301068,,大地海洋,25.98,,27.61,27.7,25.2,,,,,,,,,,,,,,
sz301069,,凯盛新材,23.09,,21.94,23.4,21.94,,,,,,,,,,,,,,
sz301070,,开勒股份,86.93,,86.8,87.5,83.61,,,,,,,,,,,,,,
sz301071,,力量钻石,100.8,,94,104.7,89,,,,,,,,,,,,,,
sz301072,,中捷精工,39.52,,40.69,41,39.01,,,,,,,,,,,,,,
sz301073,,君亭酒店,19.13,,19.79,19.92,19.01,,,,,,,,,,,,,,
sz301075,,多瑞医药,63.02,,66.46,66.55,61.84,,,,,,,,,,,,,,
sz301076,,新瀚新材,27.81,,28.49,28.7,27.37,,,,,,,,,,,,,,
sz301077,,星华新材,23.3,,23.08,23.6,22.51,,,,,,,,,,,,,,
sz301078,,孩子王,7.06,,7.3,7.34,7.04,,,,,,,,,,,,,,
sz301079,,邵阳液压,34.73,,34.96,35.16,33.56,,,,,,,,,,,,,,
sz301080,,百普赛斯,44.57,,41.06,45.3,40.78,,,,,,,,,,,,,,
sz301081,,严牌股份,14.7,,14.87,15.22,14.32,,,,,,,,,,,,,,
sz301082,,久盛电气,9.39,,9.73,9.74,9.26,,,,,,,,,,,,,,
sz301083,,百胜智能,13.65,,14.1,14.2,13.4,,,,,,,,,,,,,,
sz301085,,亚康股份,64.72,,65,65.75,63.4,,,,,,,,,,,,,,
sz301086,,鸿富瀚,216.59,,200.74,218.81,195.7,,,,,,,,,,,,,,
sz301087,,可孚医疗,43.9,,45.55,46.34,43.9,,,,,,,,,,,,,,
sz301088,,戎美股份,12.17,,12.72,12.85,12,,,,,,,,,,,,,,
sz301089,,拓新药业,21.86,,22.55,22.7,21.83,,,,,,,,,,,,,,
sz301090,,华润材料,6.61,,6.75,6.84,6.57,,,,,,,,,,,,,,
sz301091,,深城交,16.69,,17.24,17.24,16.43,,,,,,,,,,,,,,
sz301092,,争光股份,48.25,,49.53,51.64,46.9,,,,,,,,,,,,,,
sz301093,,华兰股份,123.83,,130.93,131.38,123,,,,,,,,,,,,,,
sz301095,,广立微,104.86,,96.92,106,93.71,,,,,,,,,,,,,,
sz301096,,百诚医药,53.2,,53.1,54.38,52.5,,,,,,,,,,,,,,
sz301097,,天益医疗,37.86,,37.99,38.71,37.22,,,,,,,,,,,,,,
sz301098,,金埔园林,9.03,,9.51,9.7,8.8,,,,,,,,,,,,,,
sz301099,,雅创电子,94.29,,87.09,95,87.09,,,,,,,,,,,,,,
sz301100,,风光股份,14.95,,15.29,15.47,14.8,,,,,,,,,,,,,,
sz301101,,明月镜片,28,,28.68,28.92,27.89,,,,,,,,,,,,,,
sz301102,,兆讯传媒,9.15,,9.55,9.64,9.09,,,,,,,,,,,,,,
sz301103,,何氏眼科,15.62,,16.12,16.2,15.52,,,,,,,,,,,,,,
sz301105,,鸿铭股份,47.5,,49.25,50.48,47.06,,,,,,,,,,,,,,
sz301106,,骏成科技,22.3,,21.65,23.02,21.45,,,,,,,,,,,,,,
sz301107,,瑜欣电子,24.66,,23.32,26.7,23,,,,,,,,,,,,,,
sz301108,,洁雅股份,25.52,,25.83,26.2,25.12,,,,,,,,,,,,,,
sz301109,,军信股份,13.05,,13.37,13.48,13.02,,,,,,,,,,,,,,
sz301110,,青木科技,39.59,,38.75,39.88,37.73,,,,,,,,,,,,,,
sz301111,,粤万年青,27.41,,28.41,29.22,26.91,,,,,,,,,,,,,,
sz301112,,信邦智能,28.86,,30.15,30.15,28.23,,,,,,,,,,,,,,
sz301113,,雅艺科技,15.84,,16.63,16.83,15.69,,,,,,,,,,,,,,
sz301115,,联检科技,32.72,,31,32.88,30.82,,,,,,,,,,,,,,
sz301116,,益客食品,9.01,,9.41,9.41,8.97,,,,,,,,,,,,,,
sz301117,,佳缘科技,23.77,,23.67,24.06,22.92,,,,,,,,,,,,,,
sz301118,,恒光股份,32.19,,31.01,33,30.77,,,,,,,,,,,,,,
sz301119,,正强股份,26.35,,27.19,27.27,25.92,,,,,,,,,,,,,,
sz301120,,新特电气,19.48,,19.5,19.64,18.7,,,,,,,,,,,,,,
sz301121,,紫建电子,35.31,,36.18,36.3,34.6,,,,,,,,,,,,,,
sz301122,,采纳股份,28.23,,27.8,28.66,27.45,,,,,,,,,,,,,,
sz301123,,奕东电子,121.33,,113.66,122,110.88,,,,,,,,,,,,,,
sz301125,,腾亚精工,14.82,,15.2,15.2,14.35,,,,,,,,,,,,,,
sz301126,,达嘉维康,9.1,,9.51,9.57,9,,,,,,,,,,,,,,
sz301127,,武汉天源,17.71,,16.8,18.11,16.8,,,,,,,,,,,,,,
sz301128,,强瑞技术,153.48,,155.24,155.95,150,,,,,,,,,,,,,,
sz301129,,瑞纳智能,22.32,,23,23.02,21.96,,,,,,,,,,,,,,
sz301130,,西点药业,25.79,,26.48,26.86,25.41,,,,,,,,,,,,,,
sz301131,,聚赛龙,33.83,,35,35.23,33.73,,,,,,,,,,,,,,
sz301132,,满坤科技,54.74,,46.77,54.74,46.77,,,,,,,,,,,,,,
sz301133,,金钟股份,39.83,,39.4,40.26,38.85,,,,,,,,,,,,,,
sz301135,,瑞德智能,17.78,,19,19.27,17.71,,,,,,,,,,,,,,
sz301136,,招标股份,11.69,,12.03,12.09,11.57,,,,,,,,,,,,,,
sz301137,,哈焊华通,35.66,,37,37.2,34.96,,,,,,,,,,,,,,
sz301138,,华研精机,29.83,,32.4,32.68,29.21,,,,,,,,,,,,,,
sz301139,,*ST元道,4.76,,4.47,5.14,4.47,,,,,,,,,,,,,,
sz301141,,中科磁业,46.3,,47.02,48.19,45.35,,,,,,,,,,,,,,
sz301148,,嘉戎技术,62.09,,61.83,62.87,59.3,,,,,,,,,,,,,,
sz301149,,隆华新材,11.38,,11.84,12.16,11.34,,,,,,,,,,,,,,
sz301150,,中一科技,67.89,,57.67,69,57,,,,,,,,,,,,,,
sz301151,,冠龙节能,19.13,,19.91,19.91,18.87,,,,,,,,,,,,,,
sz301152,,天力锂能,26.22,,26.4,26.85,25.55,,,,,,,,,,,,,,
sz301153,,中科江南,17.33,,18,18,17.11,,,,,,,,,,,,,,
sz301155,,海力风电,44.33,,44.8,45,43.28,,,,,,,,,,,,,,
sz301156,,美农生物,11.56,,12.12,12.16,11.46,,,,,,,,,,,,,,
sz301157,,华塑科技,67.78,,69.1,69.2,66.5,,,,,,,,,,,,,,
sz301158,,德石股份,14.23,,14.64,14.67,14.11,,,,,,,,,,,,,,
sz301159,,三维天地,31.16,,32.1,32.45,30.75,,,,,,,,,,,,,,
sz301160,,翔楼新材,52.36,,53.38,53.92,51.77,,,,,,,,,,,,,,
sz301161,,唯万密封,34.87,,34.68,35.6,33.56,,,,,,,,,,,,,,
sz301162,,国能日新,44.9,,41.06,45.5,40.1,,,,,,,,,,,,,,
sz301163,,宏德股份,23.46,,23.96,24.54,23.12,,,,,,,,,,,,,,
sz301165,,锐捷网络,66.79,,63.25,67.17,63.25,,,,,,,,,,,,,,
sz301166,,优宁维,26.52,,26.92,27.17,26.27,,,,,,,,,,,,,,
sz301167,,建研设计,13.12,,13.85,13.89,13.03,,,,,,,,,,,,,,
sz301168,,通灵股份,47.35,,47.1,47.8,46.35,,,,,,,,,,,,,,
sz301169,,零点有数,76.29,,73.79,78.47,72.2,,,,,,,,,,,,,,
sz301170,,锡南科技,22.83,,23.5,23.6,22.68,,,,,,,,,,,,,,
sz301171,,易点天下,36.13,,35.8,36.34,34.75,,,,,,,,,,,,,,
sz301172,,君逸数码,29.7,,29.75,30.18,28.92,,,,,,,,,,,,,,
sz301173,,毓恬冠佳,31.92,,32.9,32.9,31.4,,,,,,,,,,,,,,
sz301175,,中科环保,5.11,,5.2,5.23,5.08,,,,,,,,,,,,,,
sz301176,,逸豪新材,75.5,,71.4,76.85,71.4,,,,,,,,,,,,,,
sz301177,,迪阿股份,28.35,,28.1,28.76,27.79,,,,,,,,,,,,,,
sz301178,,天亿马,44.35,,44.1,44.55,42.61,,,,,,,,,,,,,,
sz301179,,泽宇智能,20.92,,21.28,21.39,20.5,,,,,,,,,,,,,,
sz301180,,万祥科技,13.21,,13.79,13.79,12.89,,,,,,,,,,,,,,
sz301181,,标榜股份,25.02,,26.04,26.25,24.65,,,,,,,,,,,,,,
sz301182,,凯旺科技,96.71,,93.91,98.99,91.36,,,,,,,,,,,,,,
sz301183,,东田微,258.9,,246.13,262.88,244.5,,,,,,,,,,,,,,
sz301185,,鸥玛软件,15.66,,16.17,16.2,15.23,,,,,,,,,,,,,,
sz301186,,超达装备,38.67,,40.5,40.6,38.22,,,,,,,,,,,,,,
sz301187,,欧圣电气,14.86,,15.54,15.6,14.61,,,,,,,,,,,,,,
sz301188,,力诺药包,68.26,,67.66,71,65.8,,,,,,,,,,,,,,
sz301189,,奥尼电子,61.75,,64.4,66.21,61.34,,,,,,,,,,,,,,
sz301190,,善水科技,16.99,,17.71,17.85,16.98,,,,,,,,,,,,,,
sz301191,,菲菱科思,106.89,,106.62,108,104.48,,,,,,,,,,,,,,
sz301192,,泰祥股份,20.18,,21.2,21.36,20.01,,,,,,,,,,,,,,
sz301193,,家联科技,19.55,,20.09,20.8,19.15,,,,,,,,,,,,,,
sz301195,,北路智控,29.87,,31.25,31.81,29.3,,,,,,,,,,,,,,
sz301196,,唯科科技,144.72,,147.98,150.88,141,,,,,,,,,,,,,,
sz301197,,工大科雅,33.66,,33.41,34.68,31.33,,,,,,,,,,,,,,
sz301198,,喜悦智行,13.91,,14,14.2,13.61,,,,,,,,,,,,,,
sz301199,,迈赫股份,18.11,,18.76,18.9,17.9,,,,,,,,,,,,,,
sz301200,,大族数控,357.46,,342.42,361.97,337.1,,,,,,,,,,,,,,
sz301201,,诚达药业,37.35,,37.47,38.4,36.85,,,,,,,,,,,,,,
sz301202,,朗威股份,36.86,,36.62,37.57,36.1,,,,,,,,,,,,,,
sz301203,,国泰环保,43.61,,43.42,44.46,42,,,,,,,,,,,,,,
sz301205,,联特科技,329.44,,321.52,329.8,313.1,,,,,,,,,,,,,,
sz301206,,三元生物,23.56,,23.81,24.04,23.4,,,,,,,,,,,,,,
sz301207,,华兰疫苗,16.6,,17,17.16,16.54,,,,,,,,,,,,,,
sz301208,,中亦科技,29.66,,30.81,31.42,29.22,,,,,,,,,,,,,,
sz301209,,联合化学,64.7,,58.99,64.85,57.68,,,,,,,,,,,,,,
sz301210,,金杨精密,29.99,,30.63,30.94,29.8,,,,,,,,,,,,,,
sz301211,,亨迪药业,11.46,,11.83,12.39,11.05,,,,,,,,,,,,,,
sz301212,,联盛化学,24.78,,25.6,25.85,24.43,,,,,,,,,,,,,,
sz301213,,观想科技,55.29,,50.8,56.96,50.23,,,,,,,,,,,,,,
sz301215,,中汽股份,5.38,,5.38,5.53,5.35,,,,,,,,,,,,,,
sz301216,,万凯新材,25.24,,24.4,25.6,23.18,,,,,,,,,,,,,,
sz301217,,铜冠铜箔,186.69,,174.9,188.98,174.9,,,,,,,,,,,,,,
sz301218,,华是科技,44.94,,44.81,46.31,43.2,,,,,,,,,,,,,,
sz301219,,腾远钴业,59.57,,58.08,59.85,56.6,,,,,,,,,,,,,,
sz301220,,亚香股份,33.33,,34.41,34.52,32.8,,,,,,,,,,,,,,
sz301221,,光庭信息,31.35,,30.66,31.88,29.93,,,,,,,,,,,,,,
sz301222,,浙江恒威,32.19,,31.83,32.49,30.63,,,,,,,,,,,,,,
sz301223,,中荣股份,16.11,,16.36,16.36,15.9,,,,,,,,,,,,,,
sz301225,,恒勃股份,82.54,,84.09,84.87,81.51,,,,,,,,,,,,,,
sz301226,,祥明智能,32.65,,33.99,34.15,32.51,,,,,,,,,,,,,,
sz301227,,森鹰窗业,26.78,,27.8,28.63,26.72,,,,,,,,,,,,,,
sz301228,,实朴检测,75.87,,73.66,76.14,72,,,,,,,,,,,,,,
sz301229,,纽泰格,12.86,,13.47,13.48,12.78,,,,,,,,,,,,,,
sz301230,,泓博医药,37,,37,37.95,36.42,,,,,,,,,,,,,,
sz301231,,荣信文化,29.31,,31.35,31.69,28.04,,,,,,,,,,,,,,
sz301232,,飞沃科技,145.13,,140.58,148.99,137.8,,,,,,,,,,,,,,
sz301233,,盛帮股份,42.2,,41.42,42.2,39.54,,,,,,,,,,,,,,
sz301234,,五洲医疗,35.88,,37.42,37.81,35.7,,,,,,,,,,,,,,
sz301235,,华康洁净,66.46,,62,67.5,61.21,,,,,,,,,,,,,,
sz301236,,软通动力,38.18,,39.68,40,38.01,,,,,,,,,,,,,,
sz301237,,和顺科技,73.25,,72.36,74.69,68.5,,,,,,,,,,,,,,
sz301238,,瑞泰新材,24.79,,24.99,25.26,24.35,,,,,,,,,,,,,,
sz301239,,普瑞眼科,31.99,,33.74,34.14,31.81,,,,,,,,,,,,,,
sz301246,,宏源药业,29.3,,29.98,30.2,28.49,,,,,,,,,,,,,,
sz301248,,杰创智能,81.24,,73.08,83.31,70.77,,,,,,,,,,,,,,
sz301251,,威尔高,55.9,,50.81,57.57,50.81,,,,,,,,,,,,,,
sz301252,,同星科技,46.23,,44.26,46.5,43.6,,,,,,,,,,,,,,
sz301255,,通力科技,22.6,,23.3,23.65,22.2,,,,,,,,,,,,,,
sz301256,,华融化学,12.22,,12.04,12.3,11.78,,,,,,,,,,,,,,
sz301257,,普蕊斯,41.6,,41.88,44,41.04,,,,,,,,,,,,,,
sz301258,,富士莱,24.05,,24.92,25.08,24.04,,,,,,,,,,,,,,
sz301259,,艾布鲁,27.14,,24.84,27.84,24.7,,,,,,,,,,,,,,
sz301260,,格力博,14.4,,14.92,14.94,14.2,,,,,,,,,,,,,,
sz301261,,恒工精密,83.04,,84,84.44,81.01,,,,,,,,,,,,,,
sz301262,,海看股份,19.26,,19.8,19.8,19.03,,,,,,,,,,,,,,
sz301263,,泰恩康,18.72,,19.67,19.84,18.62,,,,,,,,,,,,,,
sz301265,,华新科技,27.8,,27.5,29.1,27.2,,,,,,,,,,,,,,
sz301266,,宇邦新材,23.72,,24.71,24.78,23.27,,,,,,,,,,,,,,
sz301267,,华厦眼科,15.77,,16.32,16.42,15.77,,,,,,,,,,,,,,
sz301268,,铭利达,14.9,,15.75,15.82,14.84,,,,,,,,,,,,,,
sz301269,,华大九天,107.85,,99.98,109.07,97.5,,,,,,,,,,,,,,
sz301270,,汉仪股份,27.51,,28.2,28.58,26.87,,,,,,,,,,,,,,
sz301272,,英华特,34.72,,36.1,36.34,34.12,,,,,,,,,,,,,,
sz301273,,瑞晨环保,29.64,,29.84,30.63,29.03,,,,,,,,,,,,,,
sz301275,,汉朔科技,44.19,,45.4,45.78,43.27,,,,,,,,,,,,,,
sz301276,,嘉曼服饰,22.68,,22.45,23.18,22.45,,,,,,,,,,,,,,
sz301277,,新天地,9.25,,9.33,9.52,9.21,,,,,,,,,,,,,,
sz301278,,快可电子,30.44,,31.59,31.68,30.22,,,,,,,,,,,,,,
sz301279,,金道科技,23.76,,24.21,24.7,23.2,,,,,,,,,,,,,,
sz301280,,珠城科技,51.33,,50.63,51.99,50.22,,,,,,,,,,,,,,
sz301281,,科源制药,47.14,,49.1,49.2,46.4,,,,,,,,,,,,,,
sz301282,,金禄电子,28.41,,27.38,28.7,27.35,,,,,,,,,,,,,,
sz301283,,聚胶股份,26.73,,26.75,27.39,26.4,,,,,,,,,,,,,,
sz301285,,鸿日达,124.45,,124,126.5,120.72,,,,,,,,,,,,,,
sz301286,,侨源股份,59.02,,59.71,60.15,55.76,,,,,,,,,,,,,,
sz301287,,康力源,34.18,,35.4,35.63,33.87,,,,,,,,,,,,,,
sz301288,,清研环境,19.39,,20.15,20.94,19.02,,,,,,,,,,,,,,
sz301289,,国缆检测,49.25,,49.89,50.38,47.97,,,,,,,,,,,,,,
sz301290,,东星医疗,29.17,,29.75,30.19,28.72,,,,,,,,,,,,,,
sz301291,,明阳电气,38.7,,38.85,39.47,37.8,,,,,,,,,,,,,,
sz301292,,海科新源,85.81,,87.85,91.38,81.95,,,,,,,,,,,,,,
sz301293,,三博脑科,55.04,,53.93,57.76,53.88,,,,,,,,,,,,,,
sz301295,,美硕科技,41.77,,41.92,42.64,40.61,,,,,,,,,,,,,,
sz301296,,新巨丰,6.15,,6.39,6.43,6.12,,,,,,,,,,,,,,
sz301297,,富乐德,54.74,,52.5,56.4,52.12,,,,,,,,,,,,,,
sz301298,,东利机械,12.39,,12.87,12.97,12.24,,,,,,,,,,,,,,
sz301299,,卓创资讯,49.09,,50.65,50.85,48.7,,,,,,,,,,,,,,
sz301300,,远翔新材,33.93,,34.7,35.24,33.42,,,,,,,,,,,,,,
sz301301,,川宁生物,8.46,,8.61,8.72,8.4,,,,,,,,,,,,,,
sz301302,,华如科技,28.15,,29.02,29.16,27.7,,,,,,,,,,,,,,
sz301303,,真兰仪表,17.46,,17.38,17.82,17.11,,,,,,,,,,,,,,
sz301305,,朗坤科技,32.9,,29.2,33.39,29.2,,,,,,,,,,,,,,
sz301306,,西测测试,160.27,,153.23,160.88,150.38,,,,,,,,,,,,,,
sz301307,,美利信,59.4,,58.2,60.18,55.83,,,,,,,,,,,,,,
sz301308,,江波龙,619.98,,581.56,619.99,579,,,,,,,,,,,,,,
sz301309,,万得凯,34.63,,34.01,35.02,33.22,,,,,,,,,,,,,,
sz301310,,鑫宏业,53.86,,46.92,53.86,45.94,,,,,,,,,,,,,,
sz301311,,昆船智能,13.83,,14.32,14.32,13.73,,,,,,,,,,,,,,
sz301312,,智立方,113.02,,108.07,115.59,106.11,,,,,,,,,,,,,,
sz301313,,凡拓数创,59.22,,54.97,59.99,53.33,,,,,,,,,,,,,,
sz301314,,科瑞思,52.82,,54.67,55.04,52,,,,,,,,,,,,,,
sz301315,,威士顿,41.37,,42.26,42.8,40.98,,,,,,,,,,,,,,
sz301316,,慧博云通,41.18,,39.92,42.2,39,,,,,,,,,,,,,,
sz301317,,鑫磊股份,64.63,,63.29,66.5,62.17,,,,,,,,,,,,,,
sz301318,,维海德,20.6,,21.13,21.33,20.11,,,,,,,,,,,,,,
sz301319,,唯特偶,200.5,,180.01,203.96,180,,,,,,,,,,,,,,
sz301320,,豪江智能,13.96,,14.54,14.54,13.65,,,,,,,,,,,,,,
sz301321,,翰博高新,37.95,,38.5,40.65,36.68,,,,,,,,,,,,,,
sz301322,,绿通科技,63.75,,56,64.7,55.55,,,,,,,,,,,,,,
sz301323,,新莱福,88.99,,94.46,94.58,88.62,,,,,,,,,,,,,,
sz301325,,曼恩斯特,37.68,,38.96,39.25,37.3,,,,,,,,,,,,,,
sz301326,,捷邦科技,150.45,,139.85,154.3,137.61,,,,,,,,,,,,,,
sz301327,,华宝新能,49.17,,49.63,49.89,48.68,,,,,,,,,,,,,,
sz301328,,维峰电子,64.51,,65.13,65.71,62.62,,,,,,,,,,,,,,
sz301329,,信音电子,26.09,,25.5,26.3,25.23,,,,,,,,,,,,,,
sz301330,,熵基科技,27.66,,27.31,28.48,27.15,,,,,,,,,,,,,,
sz301331,,恩威医药,22.48,,23.58,24.1,22.45,,,,,,,,,,,,,,
sz301332,,德尔玛,8.04,,8.26,8.35,7.95,,,,,,,,,,,,,,
sz301333,,诺思格,52.05,,50.02,52.53,49.93,,,,,,,,,,,,,,
sz301335,,天元宠物,20.36,,21.17,21.31,20.27,,,,,,,,,,,,,,
sz301336,,趣睡科技,39.55,,39.15,40.24,38.69,,,,,,,,,,,,,,
sz301337,,亚华电子,27.07,,28,28.25,26.51,,,,,,,,,,,,,,
sz301338,,凯格精机,167.9,,152.98,172.5,151.53,,,,,,,,,,,,,,
sz301339,,通行宝,10.79,,11.25,11.28,10.73,,,,,,,,,,,,,,
sz301345,,涛涛车业,214.8,,215.95,222.5,208.8,,,,,,,,,,,,,,
sz301348,,蓝箭电子,30.78,,29.05,31.2,28.15,,,,,,,,,,,,,,
sz301349,,信德新材,59.89,,61.14,61.49,57.2,,,,,,,,,,,,,,
sz301353,,普莱得,17.85,,18.42,18.59,17.67,,,,,,,,,,,,,,
sz301355,,南王科技,9.95,,10.31,10.37,9.88,,,,,,,,,,,,,,
sz301356,,天振股份,27.45,,27.09,28.48,26.84,,,,,,,,,,,,,,
sz301357,,北方长龙,82.81,,82.82,83.65,79.81,,,,,,,,,,,,,,
sz301358,,湖南裕能,84.85,,83,85.48,79.12,,,,,,,,,,,,,,
sz301359,,东南电子,17.37,,17.97,18.18,17.08,,,,,,,,,,,,,,
sz301360,,荣旗科技,73.8,,74.51,75.6,72.36,,,,,,,,,,,,,,
sz301361,,众智科技,33.1,,33.92,34.26,32.78,,,,,,,,,,,,,,
sz301362,,民爆光电,195.8,,202.8,206.18,193.53,,,,,,,,,,,,,,
sz301363,,美好医疗,19.26,,19.3,20.11,18.92,,,,,,,,,,,,,,
sz301365,,矩阵股份,33.57,,33.33,34.59,32.9,,,,,,,,,,,,,,
sz301366,,一博科技,62.84,,53.3,62.84,53.3,,,,,,,,,,,,,,
sz301367,,瑞迈特,40.75,,41.28,42.12,40.41,,,,,,,,,,,,,,
sz301368,,丰立智能,41.73,,42.35,42.47,40.7,,,,,,,,,,,,,,
sz301369,,联动科技,231.5,,213.2,234.01,206.75,,,,,,,,,,,,,,
sz301370,,国科恒泰,8.57,,8.82,9.03,8.54,,,,,,,,,,,,,,
sz301371,,敷尔佳,25.81,,27.17,27.19,25.81,,,,,,,,,,,,,,
sz301372,,科净源,32.32,,32.96,33.96,31.9,,,,,,,,,,,,,,
sz301373,,凌玮科技,179,,182,185.88,177.22,,,,,,,,,,,,,,
sz301376,,致欧科技,16.21,,15.86,16.41,15.43,,,,,,,,,,,,,,
sz301377,,鼎泰高科,620,,580.83,635.9,580.06,,,,,,,,,,,,,,
sz301378,,通达海,26.25,,27.11,27.4,25.8,,,,,,,,,,,,,,
sz301379,,天山电子,26.5,,25.69,26.83,25.5,,,,,,,,,,,,,,
sz301380,,挖金客,28.65,,29.29,29.47,28.07,,,,,,,,,,,,,,
sz301381,,赛维时代,18.36,,18.8,18.84,18.16,,,,,,,,,,,,,,
sz301382,,蜂助手,42.38,,39.39,42.77,38.8,,,,,,,,,,,,,,
sz301383,,天键股份,26.87,,27.66,27.66,26.02,,,,,,,,,,,,,,
sz301386,,未来电器,21.51,,21.77,21.83,20.79,,,,,,,,,,,,,,
sz301387,,光大同创,101.41,,96.33,103.5,92.53,,,,,,,,,,,,,,
sz301388,,欣灵电气,25.04,,25.91,26,24.48,,,,,,,,,,,,,,
sz301389,,隆扬电子,99.31,,95.45,100.38,94,,,,,,,,,,,,,,
sz301390,,经纬股份,29.33,,30.21,30.49,29.01,,,,,,,,,,,,,,
sz301391,,卡莱特,63.23,,63.51,64,61.55,,,,,,,,,,,,,,
sz301392,,汇成真空,200,,198.97,205,194,,,,,,,,,,,,,,
sz301393,,昊帆生物,54.51,,54.01,55.4,54.01,,,,,,,,,,,,,,
sz301395,,仁信新材,12.05,,11.69,12.41,11.49,,,,,,,,,,,,,,
sz301396,,宏景科技,297.6,,247,297.6,245,,,,,,,,,,,,,,
sz301397,,溯联股份,31.85,,31.6,32.33,31.1,,,,,,,,,,,,,,
sz301398,,星源卓镁,36.18,,37.77,37.77,35.59,,,,,,,,,,,,,,
sz301399,,英特科技,18.75,,19,19.4,18.21,,,,,,,,,,,,,,
sz301408,,华人健康,15.52,,15.77,16.29,15.37,,,,,,,,,,,,,,
sz301413,,安培龙,73.26,,74.88,74.88,71,,,,,,,,,,,,,,
sz301418,,协昌科技,46.83,,48,48.58,46.2,,,,,,,,,,,,,,
sz301419,,阿莱德,43.47,,42.57,44.35,42.4,,,,,,,,,,,,,,
sz301421,,波长光电,91.92,,87.01,92.11,86.33,,,,,,,,,,,,,,
sz301428,,世纪恒通,39.57,,39.03,40.24,37.1,,,,,,,,,,,,,,
sz301429,,森泰股份,16.64,,17.4,17.63,16.54,,,,,,,,,,,,,,
sz301439,,泓淋电力,17.19,,17.6,17.64,16.88,,,,,,,,,,,,,,
sz301446,,福事特,42.02,,43.42,43.42,41,,,,,,,,,,,,,,
sz301448,,开创电气,50.3,,45.58,50.8,45.13,,,,,,,,,,,,,,
sz301449,,天溯计量,40.11,,41.45,41.45,39.75,,,,,,,,,,,,,,
sz301456,,盘古智能,24.31,,25.95,25.95,24.2,,,,,,,,,,,,,,
sz301458,,钧崴电子,61.96,,57.37,61.99,56,,,,,,,,,,,,,,
sz301459,,丰茂股份,33.73,,34.4,34.83,32.7,,,,,,,,,,,,,,
sz301468,,博盈特焊,49.66,,50.5,51.5,47.55,,,,,,,,,,,,,,
sz301469,,恒达新材,29.66,,31,31,29.28,,,,,,,,,,,,,,
sz301479,,弘景光电,62.04,,61.43,62.78,60.5,,,,,,,,,,,,,,
sz301486,,致尚科技,245.13,,234.13,248.95,233.75,,,,,,,,,,,,,,
sz301487,,盟固利,21.24,,21.74,21.93,21.01,,,,,,,,,,,,,,
sz301488,,豪恩汽电,130.42,,132.06,133.65,128.45,,,,,,,,,,,,,,
sz301489,,思泉新材,173.05,,160.5,175.89,154,,,,,,,,,,,,,,
sz301491,,汉桑科技,42.28,,43.4,43.4,41.71,,,,,,,,,,,,,,
sz301498,,乖宝宠物,39.9,,40.9,40.9,39.84,,,,,,,,,,,,,,
sz301499,,维科精密,36.33,,35.14,36.6,35.05,,,,,,,,,,,,,,
sz301500,,飞南资源,27.71,,27.38,27.9,26.74,,,,,,,,,,,,,,
sz301501,,恒鑫生活,27.84,,28.54,29.75,27.72,,,,,,,,,,,,,,
sz301502,,华阳智能,85.1,,83.37,86.8,79.97,,,,,,,,,,,,,,
sz301503,,智迪科技,28.71,,29.56,29.9,28.5,,,,,,,,,,,,,,
sz301505,,苏州规划,17.02,,17.69,17.77,16.92,,,,,,,,,,,,,,
sz301507,,民生健康,12.49,,12.66,12.82,12.43,,,,,,,,,,,,,,
sz301508,,中机认检,24.14,,25.1,25.29,24.09,,,,,,,,,,,,,,
sz301509,,金凯生科,27.97,,28.2,28.98,27.93,,,,,,,,,,,,,,
sz301510,,固高科技,34.08,,33.72,34.5,32.71,,,,,,,,,,,,,,
sz301511,,德福科技,144,,142.88,148.55,141.16,,,,,,,,,,,,,,
sz301512,,智信精密,57.08,,59.39,60.7,56.33,,,,,,,,,,,,,,
sz301513,,尚水智能,63.54,,63.17,64.68,62.49,,,,,,,,,,,,,,
sz301515,,港通医疗,18.72,,19.57,19.85,18.52,,,,,,,,,,,,,,
sz301516,,中远通,15,,15.38,15.67,14.8,,,,,,,,,,,,,,
sz301517,,陕西华达,50.34,,50.25,50.85,48.48,,,,,,,,,,,,,,
sz301518,,长华化学,29.57,,30.58,31.26,28.96,,,,,,,,,,,,,,
sz301519,,舜禹股份,11.52,,12.11,12.19,11.46,,,,,,,,,,,,,,
sz301520,,万邦医药,24.93,,25.41,25.77,24.7,,,,,,,,,,,,,,
sz301522,,上大股份,27.15,,27.26,27.49,26.63,,,,,,,,,,,,,,
sz301525,,儒竞科技,50.38,,50.92,52.58,49.96,,,,,,,,,,,,,,
sz301526,,国际复材,44.98,,38.26,45.9,38.26,,,,,,,,,,,,,,
sz301528,,多浦乐,94.5,,94.04,98.96,91.1,,,,,,,,,,,,,,
sz301529,,福赛科技,96.7,,95.89,98.26,94.5,,,,,,,,,,,,,,
sz301531,,春光集团,71.99,,70.03,72.72,69.7,,,,,,,,,,,,,,
sz301533,,威马农机,24.72,,25.82,26.02,24.45,,,,,,,,,,,,,,
sz301535,,浙江华远,13.96,,14.14,14.48,13.73,,,,,,,,,,,,,,
sz301536,,星宸科技,121.58,,112.07,122.7,112,,,,,,,,,,,,,,
sz301538,,骏鼎达,57.26,,61.48,61.68,56.75,,,,,,,,,,,,,,
sz301539,,宏鑫科技,13.9,,14.34,14.55,13.82,,,,,,,,,,,,,,
sz301548,,崇德科技,95.25,,98.01,104.39,94,,,,,,,,,,,,,,
sz301550,,斯菱智驱,94.45,,95.9,96.78,92.58,,,,,,,,,,,,,,
sz301551,,无线传媒,21.44,,22.04,22.16,21.28,,,,,,,,,,,,,,
sz301552,,科力装备,24.04,,24.49,24.7,23.64,,,,,,,,,,,,,,
sz301555,,惠柏新材,43.41,,42.01,43.98,40.97,,,,,,,,,,,,,,
sz301556,,托普云农,61.51,,63.03,63.6,60.46,,,,,,,,,,,,,,
sz301557,,常友科技,90.21,,90.9,92.5,88.22,,,,,,,,,,,,,,
sz301558,,三态股份,6.42,,6.56,6.65,6.35,,,,,,,,,,,,,,
sz301559,,中集环科,13.14,,13.3,13.38,13.03,,,,,,,,,,,,,,
sz301560,,众捷汽车,30,,30.63,30.79,29.54,,,,,,,,,,,,,,
sz301563,,云汉芯城,178.91,,177.77,183.88,174.01,,,,,,,,,,,,,,
sz301565,,中仑新材,28.98,,27.7,29.05,27.28,,,,,,,,,,,,,,
sz301566,,达利凯普,38.25,,37.37,39.89,36.9,,,,,,,,,,,,,,
sz301567,,贝隆精密,37.57,,38.8,38.8,36.7,,,,,,,,,,,,,,
sz301568,,思泰克,120.81,,113.34,122.2,112.26,,,,,,,,,,,,,,
sz301571,,国科天成,67.11,,68.64,68.65,66.24,,,,,,,,,,,,,,
sz301575,,艾芬达,28.69,,29.55,29.56,28.41,,,,,,,,,,,,,,
sz301577,,美信科技,87,,90.49,92.33,84.49,,,,,,,,,,,,,,
sz301578,,辰奕智能,21.82,,22.48,22.7,21.3,,,,,,,,,,,,,,
sz301580,,爱迪特,80.68,,83.69,83.69,76.33,,,,,,,,,,,,,,
sz301581,,黄山谷捷,48.15,,49.3,49.95,47.41,,,,,,,,,,,,,,
sz301584,,建发致新,22.45,,21.91,23.89,21.67,,,,,,,,,,,,,,
sz301585,,蓝宇股份,26.55,,26.07,26.9,24.89,,,,,,,,,,,,,,
sz301586,,佳力奇,34.75,,35.79,36.15,34.35,,,,,,,,,,,,,,
sz301587,,中瑞股份,23.44,,23.89,24.11,23.08,,,,,,,,,,,,,,
sz301588,,美新科技,38.63,,41,41.17,37.05,,,,,,,,,,,,,,
sz301589,,诺瓦星云,145.5,,147.88,148.03,143.25,,,,,,,,,,,,,,
sz301590,,优优绿能,160.96,,166.88,167.87,157.05,,,,,,,,,,,,,,
sz301591,,肯特股份,55.81,,58.02,59.45,54.35,,,,,,,,,,,,,,
sz301592,,六九一二,125.5,,107,128.09,106.68,,,,,,,,,,,,,,
sz301595,,太力科技,42.17,,42.1,43.11,40.93,,,,,,,,,,,,,,
sz301596,,瑞迪智驱,54.66,,54.61,55.55,52.36,,,,,,,,,,,,,,
sz301598,,博科测试,52.63,,53.88,53.91,51.56,,,,,,,,,,,,,,
sz301599,,理奇智能,49.41,,47.38,50.93,47.02,,,,,,,,,,,,,,
sz301600,,慧翰股份,91,,96.2,96.21,89.6,,,,,,,,,,,,,,
sz301601,,惠通科技,16.75,,17.45,17.45,16.52,,,,,,,,,,,,,,
sz301602,,超研股份,14.74,,15.14,16.18,14.7,,,,,,,,,,,,,,
sz301603,,乔锋智能,138,,134.33,140.8,130.2,,,,,,,,,,,,,,
sz301606,,绿联科技,61.42,,61.42,62.65,60.51,,,,,,,,,,,,,,
sz301607,,富特科技,47.55,,45.6,48.18,45,,,,,,,,,,,,,,
sz301608,,博实结,52.7,,52.41,52.84,50.8,,,,,,,,,,,,,,
sz301609,,山大电力,36.37,,37,37.29,35.95,,,,,,,,,,,,,,
sz301611,,珂玛科技,150.6,,129.93,151.58,129.28,,,,,,,,,,,,,,
sz301613,,新铝时代,39.27,,40.4,40.4,39.1,,,,,,,,,,,,,,
sz301616,,浙江华业,36.1,,37.9,37.9,35.89,,,,,,,,,,,,,,
sz301617,,博苑新材,60,,57.99,60.3,54.44,,,,,,,,,,,,,,
sz301618,,长联科技,43.75,,42.78,43.79,40.5,,,,,,,,,,,,,,
sz301622,,英思特,51.55,,54.6,55.46,50.74,,,,,,,,,,,,,,
sz301626,,苏州天脉,344.37,,320.99,346.66,316.88,,,,,,,,,,,,,,
sz301628,,强达电路,117,,113.8,117.49,113.8,,,,,,,,,,,,,,
sz301629,,矽电股份,404,,378.36,413.79,377,,,,,,,,,,,,,,
sz301630,,同宇新材,399.75,,383.81,406.04,381,,,,,,,,,,,,,,
sz301631,,壹连科技,78.03,,81,81.04,77.11,,,,,,,,,,,,,,
sz301632,,广东建科,15.87,,16.5,16.51,15.86,,,,,,,,,,,,,,
sz301633,,港迪技术,46.92,,48.02,48.24,46.6,,,,,,,,,,,,,,
sz301636,,泽润新能,44.01,,44.91,45.28,43.32,,,,,,,,,,,,,,
sz301638,,南网数字,25.26,,24.75,25.45,24.7,,,,,,,,,,,,,,
sz301656,,联合动力,17.96,,18.2,18.49,17.49,,,,,,,,,,,,,,
sz301658,,首航新能,27.54,,28.24,28.39,27.22,,,,,,,,,,,,,,
sz301662,,宏工科技,107.87,,106.71,108.6,105.17,,,,,,,,,,,,,,
sz301665,,泰禾股份,22.17,,21.9,22.17,21.58,,,,,,,,,,,,,,
sz301666,,大普微-UW,717.19,,681.11,730.1,681.11,,,,,,,,,,,,,,
sz301667,,纳百川,76.81,,79.98,80.5,75.08,,,,,,,,,,,,,,
sz301668,,昊创瑞通,35.5,,36.59,36.73,34.9,,,,,,,,,,,,,,
sz301669,,高特电子,45.2,,37.89,45.2,37.56,,,,,,,,,,,,,,
sz301678,,新恒汇,60.25,,59.6,61.05,58.18,,,,,,,,,,,,,,
sz301680,,固德电材,116.1,,115.16,117.6,112.5,,,,,,,,,,,,,,
sz301682,,宏明电子,179.71,,178.5,180.56,174,,,,,,,,,,,,,,
sz301683,,慧谷新材,143.76,,143.89,146.99,140.91,,,,,,,,,,,,,,
sz301687,,新广益,90.95,,86.59,91.88,85.7,,,,,,,,,,,,,,
sz301696,,三瑞智能,111.06,,109.82,112.21,108.13,,,,,,,,,,,,,,
