date,open,high,low,volume,amount,exchange,close,code,name
2026-06-24,4900.38,4945.02,4900.38,112026372,333449430427,0.34,4928.22,sh000300,沪深300
2026-06-23,5048.03,5064.27,4892.09,3427193,1047052860000,1.03,4919.39,sh000300,沪深300
2026-06-22,4949.35,5061.51,4928.46,3751001,1145900300000,1.12,5059.66,sh000300,沪深300
2026-06-18,4916.04,4976.89,4916.04,3344599,1021710710000,1,4941.60,sh000300,沪深300
2026-06-17,4859.70,4933.93,4859.70,2760540,850367580000,0.83,4931.39,sh000300,沪深300
2026-06-16,4894.88,4908.28,4866.06,2825847,857202590000,0.85,4884.23,sh000300,沪深300
2026-06-15,4829.29,4892.55,4803.18,3313161,914145760000,0.99,4891.71,sh000300,沪深300
2026-06-12,4784.64,4809.86,4757.56,3359221,871477330000,1.02,4777.32,sh000300,沪深300
2026-06-11,4730.07,4766.17,4685.50,2471771,653931760000,0.75,4722.41,sh000300,沪深300
2026-06-10,4753.12,4786.52,4718.99,2592971,694628420000,0.78,4748.59,sh000300,沪深300
2026-06-09,4743.45,4802.50,4715.39,2583916,713287000000,0.78,4801.81,sh000300,沪深300
2026-06-08,4703.77,4779.86,4677.57,2996476,761046400000,0.91,4713.64,sh000300,沪深300
2026-06-05,4886.96,4924.34,4798.91,3019293,839863800000,0.91,4816.92,sh000300,沪深300
2026-06-04,4897.32,4938.78,4889.75,2648089,736143410000,0.80,4904.75,sh000300,沪深300
2026-06-03,4921.34,4991.85,4904.90,3040359,906047730000,0.92,4938.81,sh000300,沪深300
2026-06-02,4860.61,4930.28,4832,2817317,806751340000,0.85,4914.56,sh000300,沪深300
2026-06-01,4897.90,4918.79,4836.69,2961341,823984850000,0.90,4844.26,sh000300,沪深300
2026-05-29,4937.51,4954.07,4878.79,3325186,942236490000,1.01,4892.12,sh000300,沪深300
2026-05-28,4889.27,4922.33,4843.23,2674327,819897920000,0.81,4914.21,sh000300,沪深300
2026-05-27,4940.95,4974.21,4891.34,3017092,909011910000,0.91,4908.17,sh000300,沪深300
2026-05-26,4900.12,4952.74,4892.68,3027995,899094490000,0.92,4947.85,sh000300,沪深300
2026-05-25,4873.20,4922.44,4857.13,2647432,861179420000,0.80,4921.60,sh000300,沪深300
2026-05-22,4818.84,4851.35,4785.35,2869404,771823300000,0.87,4845.10,sh000300,沪深300
2026-05-21,4886.24,4937.93,4780.71,2873425,891936350000,0.87,4783.10,sh000300,沪深300
2026-05-20,4829.61,4866.21,4825.64,2200232,729653330000,0.67,4850.70,sh000300,沪深300
2026-05-19,4818.71,4854.52,4773.53,2322809,712401050000,0.70,4852.88,sh000300,沪深300
2026-05-18,4836.33,4868.60,4806.15,2390776,733452820000,0.72,4833.52,sh000300,沪深300
2026-05-15,4911.62,4935.62,4832.69,2769678,887687430000,0.84,4859.59,sh000300,沪深300
2026-05-14,5027.64,5030.52,4913.60,2806954,857446330000,0.85,4914.60,sh000300,沪深300
2026-05-13,4919.42,5001.12,4919.42,2684545,823173200000,0.81,4998.34,sh000300,沪深300
2026-05-12,4965.02,4971.30,4926.79,2738120,819351440000,0.83,4948.05,sh000300,沪深300
2026-05-11,4902.28,4960.40,4889.57,3057348,904479320000,0.93,4951.84,sh000300,沪深300
2026-05-08,4871.12,4887.21,4849.99,2517210,716546100000,0.76,4871.91,sh000300,沪深300
2026-05-07,4895.80,4901.86,4866.87,2578340,787236200000,0.78,4900.51,sh000300,沪深300
2026-05-06,4857.65,4892.80,4834.28,2744439,881744310000,0.83,4877.09,sh000300,沪深300
2026-04-30,4820.97,4829.27,4797.54,2506334,726665370000,0.76,4807.31,sh000300,沪深300
2026-04-29,4737.58,4813.61,4737.11,2332981,681020510000,0.71,4810.35,sh000300,沪深300
2026-04-28,4757.08,4778.19,4743.44,2167242,631521660000,0.66,4758.21,sh000300,沪深300
2026-04-27,4776.34,4795.17,4762.64,1927966,648904810000,0.58,4770.95,sh000300,沪深300
2026-04-24,4771.73,4786.44,4735.61,1937983,680097830000,0.59,4769.37,sh000300,沪深300
2026-04-23,4816.03,4823.47,4759.86,2328657,693853780000,0.70,4786.33,sh000300,沪深300
2026-04-22,4751.28,4801.45,4750.35,2044818,619505670000,0.62,4799.63,sh000300,沪深300
2026-04-21,4750.51,4776.83,4722.01,2056141,580408000000,0.62,4768,sh000300,沪深300
2026-04-20,4727.17,4763.04,4720.69,2216335,626568410000,0.67,4757.44,sh000300,沪深300
2026-04-17,4729,4738.32,4714.47,1829153,587622680000,0.55,4728.67,sh000300,沪深300
2026-04-16,4694.43,4739.22,4689.41,1920576,567611320000,0.58,4736.61,sh000300,沪深300
2026-04-15,4726.64,4731.27,4672.56,2016885,604550560000,0.61,4685.25,sh000300,沪深300
2026-04-14,4676.12,4701.28,4654.85,2047003,605717790000,0.62,4701.28,sh000300,沪深300
2026-04-13,4615.13,4653.40,4615.13,1967123,556620950000,0.60,4646.15,sh000300,沪深300
2026-04-10,4594.95,4655.10,4590.11,2086786,625718000000,0.63,4636.57,sh000300,沪深300
2026-04-09,4562.67,4579.20,4552.42,1849398,500445680000,0.56,4566.22,sh000300,沪深300
2026-04-08,4517.34,4595.56,4513.77,2533392,641779180000,0.77,4595.56,sh000300,沪深300
2026-04-07,4445.86,4458.93,4420.69,1626388,378261700000,0.49,4440.62,sh000300,沪深300
2026-04-03,4492.85,4494.46,4437.60,1683217,373234910000,0.51,4440.79,sh000300,沪深300
2026-04-02,4514.44,4519.69,4459.61,1909922,429949130000,0.58,4478.91,sh000300,沪深300
2026-04-01,4517.27,4532.11,4492.05,2164832,503744060000,0.66,4526.07,sh000300,沪深300
2026-03-31,4491.92,4523.17,4450.05,2245416,484558110000,0.68,4450.05,sh000300,沪深300
2026-03-30,4461.74,4496.41,4447.14,2092931,444629520000,0.63,4491.95,sh000300,沪深300
2026-03-27,4431.50,4519.89,4431.42,1924004,440517560000,0.58,4502.57,sh000300,沪深300
2026-03-26,4525.33,4541.05,4468.96,2137368,471127500000,0.65,4477.53,sh000300,沪深300
2026-03-25,4506.62,4542.18,4502.03,2626393,550428160000,0.80,4537.47,sh000300,沪深300
2026-03-24,4458.91,4474.83,4394.29,2555325,530149390000,0.77,4474.72,sh000300,沪深300
2026-03-23,4499.10,4514.72,4397.57,3280819,671719760000,1,4418,sh000300,沪深300
2026-03-20,4602.82,4628.71,4563.07,2578737,615463090000,0.78,4567.02,sh000300,沪深300
2026-03-19,4611.44,4634.55,4570.39,2541304,547850300000,0.77,4583.25,sh000300,沪深300
2026-03-18,4648.75,4662.29,4604.52,2346907,524173910000,0.71,4658.33,sh000300,沪深300
2026-03-17,4685.57,4720.86,4637.37,2630219,578501510000,0.80,4637.44,sh000300,沪深300
2026-03-16,4669.22,4673.69,4621.81,2962151,598799100000,0.90,4671.56,sh000300,沪深300
2026-03-13,4669.06,4707.42,4659.50,3107720,580305610000,0.94,4669.14,sh000300,沪深300
2026-03-12,4700.72,4704.38,4654.31,3029868,572105480000,0.92,4687.56,sh000300,沪深300
2026-03-11,4681.03,4711.87,4674.71,2701754,579564400000,0.82,4704.50,sh000300,沪深300
2026-03-10,4648.79,4677.60,4648.79,2639037,557607880000,0.80,4674.76,sh000300,沪深300
2026-03-09,4600.25,4625.98,4548.97,3227876,665821510000,0.98,4615.46,sh000300,沪深300
2026-03-06,4621.49,4671.71,4612.79,2385279,487807080000,0.72,4660.44,sh000300,沪深300
2026-03-05,4651.94,4671.53,4630.30,2593178,570443780000,0.79,4647.69,sh000300,沪深300
2026-03-04,4609.19,4639.42,4575.82,3030357,608923130000,0.92,4602.62,sh000300,沪深300
2026-03-03,4737.32,4744.60,4651.40,3706243,801659240000,1.12,4655.90,sh000300,沪深300
2026-03-02,4681.01,4735.41,4667.28,3492608,752681940000,1.06,4728.67,sh000300,沪深300
2026-02-27,4698.30,4721.01,4692.89,2614209,578820990000,0.79,4710.65,sh000300,沪深300
2026-02-26,4741.39,4742.15,4706.69,2348476,599848920000,0.71,4726.87,sh000300,沪深300
2026-02-25,4713.58,4766.56,4713.34,2842684,596903870000,0.86,4735.89,sh000300,沪深300
2026-02-24,4727.30,4727.37,4698.35,2184889,526084240000,0.66,4707.54,sh000300,沪深300
2026-02-13,4693.41,4703.63,4658.40,1891678,452878590000,0.57,4660.41,sh000300,沪深300
2026-02-12,4720.01,4726.04,4707.74,1978414,490473850000,0.60,4719.58,sh000300,沪深300
2026-02-11,4715.67,4723.70,4703.69,1733917,433428610000,0.53,4713.82,sh000300,沪深300
2026-02-10,4718.26,4732.09,4713.87,1870010,450339580000,0.57,4724.30,sh000300,沪深300
2026-02-09,4693.67,4719.96,4679.90,2072519,522757270000,0.63,4719.06,sh000300,沪深300
2026-02-06,4622.97,4678.26,4606.64,2027165,505759810000,0.62,4643.60,sh000300,沪深300
2026-02-05,4664.75,4687.02,4639.43,2378564,550433170000,0.72,4670.42,sh000300,沪深300
2026-02-04,4647.97,4701.48,4641.84,2648810,636018590000,0.80,4698.68,sh000300,沪深300
2026-02-03,4648.36,4662.13,4578.21,2655494,666626840000,0.81,4660.11,sh000300,沪深300
2026-02-02,4674.28,4716.61,4601.76,3047735,725920380000,0.93,4605.98,sh000300,沪深300
2026-01-30,4723.08,4738.87,4645.47,3197865,750564890000,0.97,4706.34,sh000300,沪深300
2026-01-29,4733.09,4770.96,4696.05,4155131,917966160000,1.26,4753.87,sh000300,沪深300
2026-01-28,4725.60,4739.63,4697.91,3822556,829414070000,1.16,4717.99,sh000300,沪深300
2026-01-27,4705.17,4736.99,4675.64,3014757,715267910000,0.92,4705.69,sh000300,沪深300
2026-01-26,4715.38,4754.18,4693.16,3630045,796832970000,1.10,4706.96,sh000300,沪深300
2026-01-23,4729.59,4734.79,4684.62,3146354,755617740000,0.96,4702.50,sh000300,沪深300
2026-01-22,4741.75,4757.76,4700.45,2741999,690235250000,0.83,4723.71,sh000300,沪深300
2026-01-21,4714.55,4758.28,4714.24,2663533,665330510000,0.81,4723.07,sh000300,沪深300
2026-01-20,4736.91,4748.23,4684.97,2827196,671960690000,0.86,4718.88,sh000300,沪深300
2026-01-19,4720.19,4761.63,4715.09,2676125,655149260000,0.81,4734.46,sh000300,沪深300
2026-01-16,4778.43,4792.55,4715.36,3252789,785624170000,0.99,4731.87,sh000300,沪深300
2026-01-15,4721.80,4769.55,4720.94,2540036,674058680000,0.77,4751.43,sh000300,沪深300
2026-01-14,4767.70,4818.10,4720.25,3649510,891334220000,1.11,4741.93,sh000300,沪深300
2026-01-13,4798.05,4836.95,4745.52,3014495,801054980000,0.92,4761.03,sh000300,沪深300
2026-01-12,4769.65,4795.93,4737.57,2948332,799954080000,0.90,4789.92,sh000300,沪深300
2026-01-09,4725.96,4771.43,4719.13,2546880,668788810000,0.77,4758.92,sh000300,沪深300
2026-01-08,4761.01,4765.49,4717.01,2388050,630655640000,0.73,4737.65,sh000300,沪深300
2026-01-07,4796.93,4802.60,4751.07,2590956,664897930000,0.79,4776.67,sh000300,沪深300
2026-01-06,4719.21,4790.69,4718.01,2969707,725414570000,0.90,4790.69,sh000300,沪深300
2026-01-05,4661.62,4721.64,4661.62,2341448,630577350000,0.71,4717.75,sh000300,沪深300
2025-12-31,4656.48,4667.05,4622.10,1707602,444491550000,0.52,4629.94,sh000300,沪深300
2025-12-30,4617.32,4664.33,4616.63,1803750,457185490000,0.55,4651.28,sh000300,沪深300
2025-12-29,4658.27,4672.04,4629.06,2003971,482613540000,0.61,4639.37,sh000300,沪深300
2025-12-26,4639.79,4676.13,4635.11,1753966,460426930000,0.53,4657.24,sh000300,沪深300
2025-12-25,4629.32,4651.15,4621.92,1394342,385356060000,0.42,4642.54,sh000300,沪深300
2025-12-24,4623.68,4639.43,4602.14,1537112,406375640000,0.47,4634.06,sh000300,沪深300
2025-12-23,4616.03,4644.53,4607.80,1692564,433141330000,0.51,4620.73,sh000300,沪深300
2025-12-22,4587.67,4615.87,4587.67,1652529,448240600000,0.50,4611.62,sh000300,沪深300
2025-12-19,4561.37,4591.09,4546.85,1548762,371577140000,0.47,4568.18,sh000300,沪深300
2025-12-18,4553.98,4571.97,4544.14,1516813,382102400000,0.46,4552.79,sh000300,沪深300
2025-12-17,4499.77,4594.66,4498.93,1784248,452504740000,0.54,4579.88,sh000300,沪深300
2025-12-16,4542.42,4553.08,4484.27,1651652,390500130000,0.50,4497.55,sh000300,沪深300
2025-12-15,4550,4595.05,4548.44,1675900,424383390000,0.51,4552.06,sh000300,沪深300
2025-12-12,4558.74,4583.68,4530.78,2128265,523863220000,0.65,4580.95,sh000300,沪深300
2025-12-11,4597.19,4610.28,4547.14,1684194,432431090000,0.51,4552.18,sh000300,沪深300
2025-12-10,4586.25,4598.54,4549.08,1691111,401452780000,0.52,4591.83,sh000300,沪深300
2025-12-09,4611.38,4628.70,4584.25,1841603,452113880000,0.56,4598.22,sh000300,沪深300
2025-12-08,4593.14,4640.63,4592.74,1996210,496716200000,0.61,4621.75,sh000300,沪深300
2025-12-05,4547.91,4593.83,4535.02,1968000,412146810000,0.60,4584.54,sh000300,沪深300
2025-12-04,4533.60,4557.42,4514.19,1471981,348767400000,0.45,4546.57,sh000300,沪深300
2025-12-03,4554.59,4569.82,4523.50,1697628,374486170000,0.52,4531.05,sh000300,沪深300
2025-12-02,4571.91,4575.49,4539.43,1484931,364366430000,0.45,4554.33,sh000300,沪深300
2025-12-01,4539.19,4576.97,4531.29,2003823,463861590000,0.61,4576.49,sh000300,沪深300
2025-11-28,4511.50,4531.72,4492.43,1429021,341832320000,0.44,4526.66,sh000300,沪深300
2025-11-27,4520.01,4559.22,4509.86,1503118,417789840000,0.46,4515.40,sh000300,沪深300
2025-11-26,4490.20,4538.14,4485.70,1562004,427361380000,0.48,4517.63,sh000300,沪深300
2025-11-25,4475.84,4510.77,4467.35,1695719,411523800000,0.52,4490.40,sh000300,沪深300
2025-11-24,4473.16,4478.81,4421.81,1858337,425807470000,0.57,4448.05,sh000300,沪深300
2025-11-21,4513.39,4527.04,4453.18,2228510,481295810000,0.68,4453.61,sh000300,沪深300
2025-11-20,4619.54,4620.65,4560.18,1945626,415064820000,0.59,4564.95,sh000300,沪深300
2025-11-19,4568.04,4607.86,4568.04,1729250,385230480000,0.53,4588.29,sh000300,沪深300
2025-11-18,4584.79,4606.62,4552.80,1777132,420150130000,0.54,4568.19,sh000300,沪深300
2025-11-17,4616.81,4624.90,4580.26,1889555,438940100000,0.58,4598.05,sh000300,沪深300
2025-11-14,4663.32,4684.26,4628.02,1920927,444720430000,0.59,4628.14,sh000300,沪深300
2025-11-13,4643.79,4703.49,4643.79,2073675,510060680000,0.63,4702.07,sh000300,沪深300
2025-11-12,4643.56,4669.61,4620.99,2094606,492308870000,0.64,4645.91,sh000300,沪深300
2025-11-11,4706.34,4707.13,4648.49,1866389,477629080000,0.57,4652.17,sh000300,沪深300
2025-11-10,4688.12,4695.18,4654.21,2360268,593977130000,0.72,4695.05,sh000300,沪深300
2025-11-07,4673.76,4701.37,4666.04,2124974,507573850000,0.65,4678.79,sh000300,沪深300
2025-11-06,4642.01,4698.09,4642.01,2242410,553641780000,0.68,4693.40,sh000300,沪深300
2025-11-05,4562.11,4642.61,4558.76,2030459,468361160000,0.62,4627.26,sh000300,沪深300
2025-11-04,4649.35,4665.32,4595.07,2332240,505177700000,0.71,4618.70,sh000300,沪深300
2025-11-03,4636.73,4653.40,4595.73,2398698,557602940000,0.73,4653.40,sh000300,沪深300
2025-10-31,4702.49,4706.14,4640.67,2814647,680712250000,0.86,4640.67,sh000300,沪深300
2025-10-30,4735.98,4761.83,4706.45,2732891,719956290000,0.83,4709.91,sh000300,沪深300
2025-10-29,4701.04,4747.84,4697.27,2462113,645898690000,0.75,4747.84,sh000300,沪深300
2025-10-28,4697.73,4734.32,4679.23,2209066,571563260000,0.67,4691.97,sh000300,沪深300
2025-10-27,4699.38,4720.43,4687.69,2622007,672670370000,0.80,4716.02,sh000300,沪深300
2025-10-24,4622.79,4660.68,4622.79,2088145,551986650000,0.64,4660.68,sh000300,沪深300
2025-10-23,4578.70,4611.34,4541.69,2004639,420800210000,0.61,4606.34,sh000300,沪深300
2025-10-22,4576.03,4603.49,4567.24,1853340,440935300000,0.57,4592.57,sh000300,沪深300
2025-10-21,4556.12,4615.46,4547.93,2157112,551390250000,0.66,4607.87,sh000300,沪深300
2025-10-20,4558.24,4570.44,4520.50,2184204,505798830000,0.67,4538.22,sh000300,沪深300
2025-10-17,4610.70,4618.56,4509.33,2569056,559085970000,0.78,4514.23,sh000300,沪深300
2025-10-16,4588.92,4645.10,4586.28,2482355,560567190000,0.76,4618.42,sh000300,沪深300
2025-10-15,4544.24,4608.82,4526.83,2847719,607326350000,0.87,4606.29,sh000300,沪深300
2025-10-14,4634.05,4641.45,4520.93,3729540,808959000000,1.14,4539.06,sh000300,沪深300
2025-10-13,4490.87,4601.81,4490.87,3150104,714001630000,0.96,4593.98,sh000300,沪深300
2025-10-10,4679.50,4692.59,4600.96,3190209,792743050000,0.98,4616.83,sh000300,沪深300
2025-10-09,4662.11,4726.34,4651.99,3476787,862208010000,1.06,4709.48,sh000300,沪深300
2025-09-30,4629.90,4647.50,4616.22,2479804,664624100000,0.76,4640.69,sh000300,沪深300
2025-09-29,4555.03,4647.57,4541.43,2743589,693395230000,0.84,4620.05,sh000300,沪深300
2025-09-26,4576.91,4597.85,4550.05,2084821,598723900000,0.64,4550.05,sh000300,沪深300
2025-09-25,4563.98,4613.95,4558.84,2298233,669866990000,0.70,4593.49,sh000300,沪深300
2025-09-24,4495.27,4567.49,4494.11,2204826,629161500000,0.67,4566.07,sh000300,沪深300
2025-09-23,4536.76,4560.73,4459.73,2528271,680513630000,0.77,4519.78,sh000300,沪深300
2025-09-22,4512.03,4523.87,4487.13,1964600,563149160000,0.60,4522.61,sh000300,沪深300
2025-09-19,4499.09,4533.09,4491.84,2250440,603887060000,0.69,4501.92,sh000300,沪深300
2025-09-18,4546.03,4573.83,4454.99,3098598,839987130000,0.95,4498.11,sh000300,沪深300
2025-09-17,4517.29,4556.03,4503.80,2357165,608454200000,0.72,4551.02,sh000300,沪深300
2025-09-16,4539.92,4552.42,4494.79,2492692,613728330000,0.76,4523.34,sh000300,沪深300
2025-09-15,4534.89,4566.91,4522.50,2318857,613314650000,0.71,4533.06,sh000300,沪深300
2025-09-12,4544.59,4564.67,4517.79,2664420,689576080000,0.81,4522,sh000300,沪深300
2025-09-11,4438.84,4548.03,4427.92,2532641,693156670000,0.78,4548.03,sh000300,沪深300
2025-09-10,4438.30,4466.63,4414.59,2035976,535539350000,0.62,4445.36,sh000300,沪深300
2025-09-09,4448.74,4472.09,4412.69,2213755,562861100000,0.68,4436.26,sh000300,沪深300
2025-09-08,4467.17,4482.76,4438.07,2676384,683630880000,0.82,4467.57,sh000300,沪深300
2025-09-05,4365.61,4466.56,4350.30,2496257,664166970000,0.76,4460.32,sh000300,沪深300
2025-09-04,4461.25,4465.50,4327.51,3079346,773124600000,0.94,4365.21,sh000300,沪深300
2025-09-03,4501.34,4510.73,4427.52,2543202,655697120000,0.77,4459.83,sh000300,沪深300
2025-09-02,4521.98,4548.89,4454.42,3039326,777999300000,0.93,4490.45,sh000300,沪深300
2025-09-01,4516.88,4528.13,4487.53,3203667,770378290000,0.98,4523.71,sh000300,沪深300
2025-08-29,4455.80,4516.84,4452.36,3519389,831194070000,1.07,4496.76,sh000300,沪深300
2025-08-28,4378.04,4464.80,4364.17,2968345,739423600000,0.90,4463.78,sh000300,沪深300
2025-08-27,4458.84,4494.91,4386.13,3331339,785098480000,1.01,4386.13,sh000300,沪深300
2025-08-26,4453.35,4476.80,4435.53,2706214,627950450000,0.82,4452.59,sh000300,沪深300
2025-08-25,4416.29,4472.65,4404.78,3580900,823681960000,1.09,4469.22,sh000300,沪深300
2025-08-22,4287.36,4378.39,4287.36,2904349,675935080000,0.88,4378,sh000300,沪深300
2025-08-21,4284.37,4308.45,4273.65,2590300,558521270000,0.79,4288.07,sh000300,沪深300
2025-08-20,4208.40,4272.15,4190.56,2464818,538815310000,0.75,4271.40,sh000300,沪深300
2025-08-19,4241.77,4264.23,4215.21,2508188,553536200000,0.76,4223.37,sh000300,沪深300
2025-08-18,4218.25,4272.96,4203.42,3014791,635365870000,0.91,4239.41,sh000300,沪深300
2025-08-15,4162.42,4214.73,4157.50,2613276,518686870000,0.79,4202.35,sh000300,沪深300
2025-08-14,4179.97,4220.31,4165.94,2211036,485075640000,0.67,4173.31,sh000300,沪深300
2025-08-13,4150.50,4186.75,4147.20,2139350,462776750000,0.65,4176.58,sh000300,沪深300
2025-08-12,4123.58,4153.29,4121.22,1772878,383088420000,0.54,4143.83,sh000300,沪深300
2025-08-11,4110.29,4134.25,4103.60,1904437,360685830000,0.58,4122.51,sh000300,沪深300
2025-08-08,4109.27,4122.21,4097.42,1731712,308507690000,0.53,4104.97,sh000300,沪深300
2025-08-07,4120.28,4129.74,4094.82,1986419,358108370000,0.60,4114.67,sh000300,沪深300
2025-08-06,4100.43,4116.71,4098.35,1766762,307674630000,0.54,4113.49,sh000300,沪深300
2025-08-05,4080.39,4106.30,4075.58,1788520,306934260000,0.54,4103.45,sh000300,沪深300
2025-08-04,4037.94,4070.70,4037.94,1622759,295976830000,0.49,4070.70,sh000300,沪深300
2025-08-01,4069.93,4085.35,4040.46,1962218,359685160000,0.60,4054.93,sh000300,沪深300
2025-07-31,4141.56,4141.82,4063.67,2670874,492142570000,0.81,4075.59,sh000300,沪深300
2025-07-30,4148.94,4185.21,4127.43,2498530,445168470000,0.76,4151.24,sh000300,沪深300
2025-07-29,4132.68,4153.33,4117.58,2308079,428764310000,0.70,4152.02,sh000300,沪深300
2025-07-28,4128.20,4146.12,4112.97,2227598,406792870000,0.68,4135.82,sh000300,沪深300
2025-07-25,4145.32,4150.50,4117.80,2735950,430445510000,0.83,4127.16,sh000300,沪深300
2025-07-24,4116.83,4152.43,4111.88,3196324,487000040000,0.97,4149.04,sh000300,沪深300
2025-07-23,4129.15,4155.68,4113.91,3005062,470330900000,0.91,4119.77,sh000300,沪深300
2025-07-22,4087.34,4119.20,4068.34,2575970,450874010000,0.78,4118.96,sh000300,沪深300
2025-07-21,4069.77,4086.12,4063.44,2232685,377938560000,0.68,4085.61,sh000300,沪深300
2025-07-18,4039.87,4064.64,4039.32,1862111,354244440000,0.57,4058.55,sh000300,沪深300
2025-07-17,4005.07,4034.59,4005.07,1612490,325516870000,0.49,4034.49,sh000300,沪深300
2025-07-16,4019.39,4027.86,3993.92,1510273,300656800000,0.46,4007.20,sh000300,沪深300
2025-07-15,4023.99,4042.66,3994.26,1910429,353524570000,0.58,4019.06,sh000300,沪深300
2025-07-14,4021.21,4034.92,4017.67,2079172,321415950000,0.63,4017.67,sh000300,沪深300
2025-07-11,4011.47,4065.94,4010.11,2620528,443780790000,0.80,4014.81,sh000300,沪深300
2025-07-10,3993.42,4032.98,3992.52,2097789,347836700000,0.64,4010.02,sh000300,沪深300
2025-07-09,3997.50,4016.74,3987.43,1732938,305398800000,0.53,3991.40,sh000300,沪深300
2025-07-08,3965.43,4002.27,3965.43,1564029,292089830000,0.48,3998.45,sh000300,沪深300
2025-07-07,3977.29,3979.75,3956.57,1311353,225106990000,0.40,3965.17,sh000300,沪深300
2025-07-04,3967.46,4013.85,3958.38,1571971,290512990000,0.48,3982.20,sh000300,沪深300
2025-07-03,3949.40,3971.62,3945.14,1410040,269609570000,0.43,3968.07,sh000300,沪深300
2025-07-02,3943.32,3952.14,3929.70,1470631,246637850000,0.45,3943.68,sh000300,沪深300
2025-07-01,3935.91,3946.25,3924.72,1289594,236070340000,0.39,3942.76,sh000300,沪深300
2025-06-30,3920.31,3940.36,3911.60,1451702,288821430000,0.44,3936.08,sh000300,沪深300
2025-06-27,3949.79,3969.26,3918.20,1945579,343468230000,0.59,3921.76,sh000300,沪深300
2025-06-26,3953.16,3964.48,3945.26,1653163,328102850000,0.50,3946.02,sh000300,沪深300
2025-06-25,3907.07,3963.04,3902.18,1872137,361727250000,0.57,3960.07,sh000300,沪深300
2025-06-24,3862.39,3914.16,3862.39,1636562,294228720000,0.50,3904.03,sh000300,沪深300
2025-06-23,3831.17,3867.59,3827.08,1338009,232482220000,0.41,3857.90,sh000300,沪深300
2025-06-20,3839.78,3856.48,3839.78,1181510,213522820000,0.36,3846.64,sh000300,沪深300
2025-06-19,3870.05,3872.94,3834.95,1302807,234840180000,0.40,3843.09,sh000300,沪深300
2025-06-18,3871.65,3881.35,3854.66,1275286,230553860000,0.39,3874.97,sh000300,沪深300
2025-06-17,3875.18,3880.42,3860.41,1223425,220399820000,0.37,3870.38,sh000300,沪深300
2025-06-16,3853.62,3876.17,3853.62,1373418,246860980000,0.42,3873.80,sh000300,沪深300
2025-06-13,3881.49,3889.16,3853.82,1725395,309172350000,0.53,3864.18,sh000300,沪深300
2025-06-12,3885.52,3900.04,3870.38,1339987,260239580000,0.41,3892.20,sh000300,沪深300
2025-06-11,3870.67,3911.61,3870.67,1424148,257217700000,0.44,3894.63,sh000300,沪深300
2025-06-10,3887.55,3897.46,3850.47,1455639,263647550000,0.45,3865.47,sh000300,沪深300
2025-06-09,3877.80,3894.65,3871.99,1363063,262023670000,0.42,3885.25,sh000300,沪深300
2025-06-06,3878.10,3889.46,3869.39,1109880,202034740000,0.34,3873.98,sh000300,沪深300
2025-06-05,3872.64,3883.13,3861.27,1228782,231749280000,0.38,3877.56,sh000300,沪深300
2025-06-04,3855.49,3875.86,3855.49,1168039,211736180000,0.36,3868.74,sh000300,沪深300
2025-06-03,3833.46,3863.30,3832.72,1314031,226782770000,0.40,3852.01,sh000300,沪深300
2025-05-30,3850.49,3858.61,3829.25,1116722,199389750000,0.34,3840.23,sh000300,沪深300
2025-05-29,3838.01,3869.79,3831.46,1084719,209459600000,0.33,3858.70,sh000300,沪深300
2025-05-28,3843.07,3849.74,3833.96,890310,162496370000,0.27,3836.24,sh000300,沪深300
2025-05-27,3857.63,3865.43,3834.85,985724,178466760000,0.30,3839.40,sh000300,沪深300
2025-05-26,3875.79,3884.54,3849.04,1096012,208876790000,0.34,3860.11,sh000300,沪深300
2025-05-23,3910.37,3931.55,3882.27,1202774,232945380000,0.37,3882.27,sh000300,沪深300
2025-05-22,3912.60,3923.02,3903.09,1075971,197511410000,0.33,3913.87,sh000300,沪深300
2025-05-21,3899.44,3928.63,3899.44,1097913,217037740000,0.34,3916.38,sh000300,沪深300
2025-05-20,3883.10,3911.47,3881.74,1048852,201636700000,0.32,3898.17,sh000300,沪深300
2025-05-19,3882.57,3885.59,3866.57,986434,184888170000,0.30,3877.15,sh000300,沪深300
2025-05-16,3898.67,3903.85,3874.86,1184053,208835660000,0.36,3889.09,sh000300,沪深300
2025-05-15,3934.03,3936.47,3904.91,1380817,241464940000,0.42,3907.20,sh000300,沪深300
2025-05-14,3894.84,3960.52,3890.65,1720338,319465230000,0.53,3943.21,sh000300,沪深300
2025-05-13,3915.59,3915.59,3890.69,1473203,267586400000,0.45,3896.26,sh000300,沪深300
2025-05-12,3866.53,3890.73,3859.03,1533325,296122950000,0.47,3890.61,sh000300,沪深300
2025-05-09,3848.62,3853.66,3836.53,1193895,216697940000,0.37,3846.16,sh000300,沪深300
2025-05-08,3820.55,3867.33,3816.26,1249598,246987280000,0.38,3852.90,sh000300,沪深300
2025-05-07,3861.58,3863.68,3814.99,1611723,286010740000,0.49,3831.63,sh000300,沪深300
2025-05-06,3794.38,3809.09,3782.78,1585205,267937090000,0.49,3808.54,sh000300,沪深300
2025-04-30,3775.83,3787.56,3768.76,1436817,244820460000,0.44,3770.57,sh000300,沪深300
2025-04-29,3776,3785.32,3768.03,1115147,197462740000,0.34,3775.08,sh000300,沪深300
2025-04-28,3786.39,3792.01,3772.80,1251451,210635320000,0.38,3781.62,sh000300,沪深300
2025-04-25,3792.08,3801.58,3780.78,1245911,220535050000,0.38,3786.99,sh000300,沪深300
2025-04-24,3787.46,3807.26,3775.21,1171646,205483050000,0.36,3784.36,sh000300,沪深300
2025-04-23,3803.43,3807.95,3780.52,1319869,247117390000,0.40,3786.88,sh000300,沪深300
2025-04-22,3780.11,3799.23,3778.08,1256883,210200700000,0.39,3783.95,sh000300,沪深300
2025-04-21,3768.14,3790.18,3763.14,1213557,208085680000,0.37,3784.88,sh000300,沪深300
2025-04-18,3760.04,3782.04,3754.41,1029485,173109380000,0.32,3772.52,sh000300,沪深300
2025-04-17,3755.09,3779.13,3749.50,1223710,209012320000,0.38,3772.22,sh000300,沪深300
2025-04-16,3757.88,3775.17,3721.60,1563590,261711090000,0.48,3772.82,sh000300,沪深300
2025-04-15,3756.48,3764.49,3737.85,1340060,228604620000,0.41,3761.23,sh000300,沪深300
2025-04-14,3772.04,3776.63,3754.03,1644624,292571300000,0.50,3759.14,sh000300,沪深300
2025-04-11,3730.31,3762.37,3708.46,1687597,318535140000,0.52,3750.52,sh000300,沪深300
2025-04-10,3749.13,3756.14,3708.82,2272522,403842560000,0.70,3735.12,sh000300,沪深300
2025-04-09,3606.10,3686.79,3587.34,2623057,455031070000,0.80,3686.79,sh000300,沪深300
2025-04-08,3597.99,3650.76,3583.87,2801973,464021090000,0.86,3650.76,sh000300,沪深300
2025-04-07,3675.20,3707.78,3514.12,3125786,512971790000,0.96,3589.44,sh000300,沪深300
2025-04-03,3843.42,3883.70,3843.42,1425998,263684680000,0.44,3861.50,sh000300,沪深300
2025-04-02,3884.42,3900.49,3877.16,1130432,198267520000,0.35,3884.39,sh000300,沪深300
2025-04-01,3892.78,3905.26,3882.40,1403803,246041670000,0.43,3887.68,sh000300,沪深300
2025-03-31,3905.98,3928.45,3872.40,1667985,268480320000,0.51,3887.31,sh000300,沪深300
2025-03-28,3930.78,3934.23,3907.38,1263562,213379190000,0.39,3915.17,sh000300,沪深300
2025-03-27,3911.38,3952.99,3903.65,1267937,232173610000,0.39,3932.41,sh000300,沪深300
2025-03-26,3930.21,3942.03,3916.86,1311642,220943160000,0.40,3919.36,sh000300,沪深300
2025-03-25,3937.90,3946.36,3921.53,1404754,239246310000,0.43,3932.30,sh000300,沪深300
2025-03-24,3916.11,3938.18,3907.20,1522347,266051440000,0.47,3934.85,sh000300,沪深300
2025-03-21,3966.51,3983.15,3904.77,1659053,309348610000,0.51,3914.70,sh000300,沪深300
2025-03-20,4011.06,4012.04,3969.93,1337547,260020680000,0.41,3974.99,sh000300,沪深300
2025-03-19,4004.83,4025.30,3989.51,1444194,286075300000,0.44,4010.17,sh000300,沪深300
2025-03-18,4011.78,4016.87,3995.96,1402085,292739320000,0.43,4007.72,sh000300,沪深300
2025-03-17,4020.64,4021.73,3992.26,1622029,318904420000,0.50,3996.79,sh000300,沪深300
2025-03-14,3919.62,4014.16,3919.62,2161390,450895280000,0.66,4006.56,sh000300,沪深300
2025-03-13,3925.74,3939.29,3897.38,1565364,295173110000,0.48,3911.58,sh000300,沪深300
2025-03-12,3946.86,3953.61,3921.47,1567322,309627270000,0.48,3927.23,sh000300,沪深300
2025-03-11,3890.43,3941.42,3889.43,1447544,287480450000,0.44,3941.42,sh000300,沪深300
2025-03-10,3945.58,3949.14,3905.13,1527652,292574990000,0.47,3928.80,sh000300,沪深300
2025-03-07,3944.91,3967.07,3935.05,1667324,340626700000,0.51,3944.01,sh000300,沪深300
2025-03-06,3923.38,3964.49,3917.08,1939609,397419430000,0.60,3956.24,sh000300,沪深300
2025-03-05,3887.80,3906.42,3877.02,1586528,290860480000,0.49,3902.57,sh000300,沪深300
2025-03-04,3865.99,3890.42,3855.73,1498510,297739250000,0.46,3885.22,sh000300,沪深300
2025-03-03,3899.70,3930,3872.59,1776232,356057740000,0.54,3888.47,sh000300,沪深300
2025-02-28,3950.19,3972.48,3886.40,1981041,420308040000,0.61,3890.05,sh000300,沪深300
2025-02-27,3961.06,3973.93,3933.46,2028880,428272790000,0.62,3968.12,sh000300,沪深300
2025-02-26,3931.84,3960.33,3925.37,1910625,386458190000,0.59,3959.94,sh000300,沪深300
2025-02-25,3933.64,3955.43,3915.65,1781086,377981450000,0.55,3925.65,sh000300,沪深300
2025-02-24,3972.48,3995.95,3949.23,2208106,455088750000,0.68,3969.72,sh000300,沪深300
2025-02-21,3938.05,3981.05,3927.79,2274003,504645490000,0.70,3978.44,sh000300,沪深300
2025-02-20,3934.65,3940.68,3916.18,1638952,325972430000,0.50,3928.90,sh000300,沪深300
2025-02-19,3906.22,3943.67,3904.15,1828295,363680370000,0.57,3940.16,sh000300,沪深300
2025-02-18,3942.58,3965.42,3901.87,2094251,400186230000,0.65,3912.78,sh000300,沪深300
2025-02-17,3954.41,3955.90,3921.70,2135882,430929580000,0.67,3947.40,sh000300,沪深300
2025-02-14,3900.83,3942.04,3900.83,1729765,360974240000,0.54,3939.01,sh000300,沪深300
2025-02-13,3913.90,3939.20,3904.98,1724859,376473450000,0.54,3905.14,sh000300,沪深300
2025-02-12,3875.96,3920.72,3867.35,1642285,354830600000,0.51,3919.86,sh000300,沪深300
2025-02-11,3905.16,3905.16,3872.91,1665749,337866060000,0.52,3883.14,sh000300,沪深300
2025-02-10,3898.10,3906.37,3878.83,1889030,384968340000,0.59,3901.06,sh000300,沪深300
2025-02-07,3844.06,3919.35,3833.87,2218577,487381560000,0.70,3892.70,sh000300,沪深300
2025-02-06,3789.61,3843.49,3788.32,1672882,371891970000,0.52,3842.83,sh000300,沪深300
2025-02-05,3844.70,3844.70,3785.16,1571683,346016200000,0.49,3795.08,sh000300,沪深300
2025-01-27,3836.96,3852,3817.08,1466708,282940130000,0.46,3817.08,sh000300,沪深300
2025-01-24,3793.85,3847.60,3793.48,1489717,296474380000,0.47,3832.86,sh000300,沪深300
2025-01-23,3829.05,3864.26,3801.85,1805696,345198070000,0.57,3803.74,sh000300,沪深300
2025-01-22,3823.94,3823.94,3783.14,1372551,298745640000,0.43,3797.02,sh000300,沪深300
2025-01-21,3850.36,3850.91,3817.12,1412184,285073350000,0.44,3832.61,sh000300,沪深300
2025-01-20,3835.30,3858.67,3821.98,1395813,292175450000,0.44,3829.68,sh000300,沪深300
2025-01-17,3788.37,3831.64,3780.21,1266220,265437490000,0.40,3812.34,sh000300,沪深300
2025-01-16,3812.19,3842.95,3776.29,1445059,305734630000,0.45,3800.38,sh000300,沪深300
2025-01-15,3810.04,3816.83,3790.17,1414755,278850600000,0.44,3796.03,sh000300,沪深300
2025-01-14,3728.56,3826.64,3718.88,1706647,345461480000,0.54,3820.54,sh000300,沪深300
2025-01-13,3704.44,3737.89,3704.11,1364462,247861950000,0.43,3722.51,sh000300,沪深300
2025-01-10,3778.89,3786.81,3732.48,1375232,275354210000,0.43,3732.48,sh000300,沪深300
2025-01-09,3780.73,3795.26,3768.68,1297940,251486000000,0.41,3779.88,sh000300,沪深300
2025-01-08,3781.26,3810.74,3731.19,1691670,300965730000,0.53,3789.22,sh000300,沪深300
2025-01-07,3760.87,3797.60,3749.06,1464558,266855800000,0.46,3796.11,sh000300,沪深300
2025-01-06,3775.99,3788.85,3743.07,1509467,262803540000,0.47,3768.97,sh000300,沪深300
2025-01-03,3825.24,3835.94,3767.67,1753427,304322760000,0.55,3775.16,sh000300,沪深300
2025-01-02,3931.82,3934.20,3796.34,2178987,388636590000,0.68,3820.40,sh000300,沪深300
2024-12-31,3995.87,4004.35,3934.91,1839284,347880440000,0.58,3934.91,sh000300,沪深300
2024-12-30,3976.70,4005.78,3976.70,1646125,322699390000,0.52,3999.05,sh000300,沪深300
2024-12-27,3987.02,4007.13,3970.94,1692687,345011080000,0.53,3981.03,sh000300,沪深300
2024-12-26,3981.73,3991.53,3965.55,1434253,305769930000,0.45,3987.48,sh000300,沪深300
2024-12-25,3987.96,4007.76,3969.48,1593907,299295150000,0.50,3985.63,sh000300,沪深300
2024-12-24,3934.94,3985.86,3934.73,1614946,310384870000,0.51,3983.69,sh000300,沪深300
2024-12-23,3928.15,3965.85,3928.15,1900674,354063430000,0.60,3933.57,sh000300,沪深300
2024-12-20,3937.47,3958.63,3923.26,1549865,332143280000,0.49,3927.74,sh000300,沪深300
2024-12-19,3911.89,3954.35,3899.75,1610810,321771610000,0.51,3945.46,sh000300,沪深300
2024-12-18,3934.54,3956.14,3933.97,1577383,276825380000,0.49,3941.89,sh000300,沪深300
2024-12-17,3908.13,3955.95,3908.13,1609391,306037370000,0.50,3922.03,sh000300,沪深300
2024-12-16,3930.78,3938.76,3901.65,1785113,327619080000,0.56,3911.84,sh000300,沪深300
2024-12-13,4000.99,4000.99,3931.74,2303531,421478610000,0.73,3933.18,sh000300,沪深300
2024-12-12,3987.15,4031.74,3981.35,1816218,333667520000,0.57,4028.50,sh000300,沪深300
2024-12-11,3988.02,4005.33,3977.35,1772528,310713320000,0.56,3988.83,sh000300,沪深300
2024-12-10,4094.05,4098.38,3988.97,2534638,487278040000,0.80,3995.64,sh000300,沪深300
2024-12-09,3970.66,3995.51,3948.42,1759600,308227220000,0.56,3966.57,sh000300,沪深300
2024-12-06,3923.90,3995.12,3923.90,1920579,351751740000,0.61,3973.14,sh000300,沪深300
2024-12-05,3916.56,3936.34,3910.08,1385340,257716300000,0.44,3921.59,sh000300,沪深300
2024-12-04,3948.13,3957.37,3917.75,1746263,312040420000,0.55,3930.56,sh000300,沪深300
2024-12-03,3946.70,3963.95,3922.84,1824969,327295050000,0.58,3951.89,sh000300,沪深300
2024-12-02,3909.70,3955.13,3902.17,1972898,368591240000,0.62,3947.63,sh000300,沪深300
2024-11-29,3869.89,3962.70,3869.89,1876567,375262020000,0.59,3916.58,sh000300,沪深300
2024-11-28,3904.25,3908.39,3866.01,1501173,286432870000,0.47,3872.55,sh000300,沪深300
2024-11-27,3829.34,3907.16,3817.91,1741361,320632360000,0.55,3907.04,sh000300,沪深300
2024-11-26,3836.26,3875.23,3833.28,1498924,264403250000,0.47,3840.18,sh000300,沪深300
2024-11-25,3875.61,3889.71,3812.32,1907030,349006770000,0.60,3848.09,sh000300,沪深300
2024-11-22,3984.24,3990.26,3865.70,2162858,397566830000,0.68,3865.70,sh000300,沪深300
2024-11-21,3979.46,3999.57,3966.07,1661259,324235010000,0.53,3989.30,sh000300,沪深300
2024-11-20,3966.12,4001.08,3958.34,1845994,347577690000,0.58,3985.77,sh000300,沪深300
2024-11-19,3954.60,3979.15,3896.75,2429465,402610970000,0.77,3976.89,sh000300,沪深300
2024-11-18,3982.10,4034.06,3931.19,3067779,472408050000,0.97,3950.38,sh000300,沪深300
2024-11-15,4025.65,4049.07,3968.83,2473995,474079690000,0.78,3968.83,sh000300,沪深300
2024-11-14,4101.22,4118.17,4034.94,2301528,464157560000,0.73,4039.62,sh000300,沪深300
2024-11-13,4059.59,4121.07,4059.59,2404841,512734300000,0.76,4110.89,sh000300,沪深300
2024-11-12,4133.35,4181.71,4060.79,2977781,660380520000,0.94,4085.74,sh000300,沪深300
2024-11-11,4066.93,4132.51,4048.04,2895942,625605940000,0.92,4131.13,sh000300,沪深300
2024-11-08,4192.08,4200.91,4094.16,3323504,688446560000,1.05,4104.05,sh000300,沪深300
2024-11-07,3987.27,4146.15,3984.67,3414364,658145920000,1.08,4145.70,sh000300,沪深300
2024-11-06,4051.29,4091.70,4002.50,3358079,639124090000,1.06,4024.28,sh000300,沪深300
2024-11-05,3937.62,4046.70,3925.41,3168628,580971850000,1.00,4044.57,sh000300,沪深300
2024-11-04,3897.71,3944.76,3891.21,2292391,381048610000,0.73,3944.76,sh000300,沪深300
2024-11-01,3882.46,3933.22,3879.96,3079865,476472950000,0.98,3890.02,sh000300,沪深300
2024-10-31,3888.42,3923.90,3859.11,3006367,515533820000,0.95,3891.04,sh000300,沪深300
2024-10-30,3904.16,3926.06,3864.31,2194366,385010580000,0.69,3889.45,sh000300,沪深300
2024-10-29,3970.01,3991.31,3921.58,2172940,429625020000,0.69,3924.65,sh000300,沪深300
2024-10-28,3953.11,3964.16,3917.20,2161604,390450180000,0.68,3964.16,sh000300,沪深300
2024-10-25,3931.32,3992.89,3921.94,2106949,412231380000,0.67,3956.42,sh000300,沪深300
2024-10-24,3950.90,3957.98,3914.09,1747241,340486880000,0.55,3928.83,sh000300,沪深300
2024-10-23,3955.32,4012.18,3939.10,2458739,469120810000,0.78,3973.21,sh000300,沪深300
2024-10-22,3923.74,3965.91,3917.52,2234334,442881850000,0.71,3957.78,sh000300,沪深300
2024-10-21,3946.90,3979.26,3896.17,2911856,600109600000,0.92,3935.20,sh000300,沪深300
2024-10-18,3780.31,3998.21,3765.16,3129588,620673700000,0.99,3925.23,sh000300,沪深300
2024-10-17,3853.84,3882.07,3787.75,2123138,369170520000,0.67,3788.22,sh000300,沪深300
2024-10-16,3806.14,3877.75,3805.09,2188664,377301320000,0.69,3831.59,sh000300,沪深300
2024-10-15,3942.53,3967.87,3855.99,2424864,434410920000,0.77,3855.99,sh000300,沪深300
2024-10-14,3915.22,3979.54,3868.78,3075790,534076600000,0.97,3961.34,sh000300,沪深300
2024-10-11,3969.76,3978.24,3847.12,2740965,484998270000,0.87,3887.17,sh000300,沪深300
2024-10-10,3979.61,4098.50,3912.77,3950531,717952220000,1.25,3997.79,sh000300,沪深300
2024-10-09,4168.84,4197.60,3942.51,4822693,1029032060000,1.53,3955.98,sh000300,沪深300
2024-10-08,4450.37,4450.37,4094.35,5898679,1130387440000,1.87,4256.10,sh000300,沪深300
2024-09-30,3846.65,4038.70,3796.50,5102177,862528810000,1.62,4017.85,sh000300,沪深300
2024-09-27,3617.92,3708.50,3596.58,2654878,466692760000,0.85,3703.68,sh000300,沪深300
2024-09-26,3399.32,3545.32,3391.68,2431340,373983640000,0.77,3545.32,sh000300,沪深300
2024-09-25,3403.70,3465.49,3393.44,2415643,356862580000,0.77,3401.53,sh000300,沪深300
2024-09-24,3244.65,3351.97,3222.49,2040722,307879530000,0.65,3351.91,sh000300,沪深300
2024-09-23,3200.87,3230.16,3198.02,953449,143876170000,0.30,3212.76,sh000300,沪深300
2024-09-20,3192.43,3207.99,3173.22,1180641,163985050000,0.38,3201.05,sh000300,沪深300
2024-09-19,3178.40,3213.84,3149.79,1254393,181785110000,0.40,3196.04,sh000300,沪深300
2024-09-18,3158.82,3179.90,3145.79,847228,123452150000,0.27,3171.01,sh000300,沪深300
2024-09-13,3174.03,3188.91,3159.25,883367,137448910000,0.28,3159.25,sh000300,沪深300
2024-09-12,3189.43,3201.55,3171.88,928687,136387240000,0.30,3172.47,sh000300,沪深300
2024-09-11,3187.05,3197.34,3174.03,1024821,141513840000,0.33,3186.13,sh000300,沪深300
2024-09-10,3193.46,3205.10,3171.79,972901,133610480000,0.31,3195.76,sh000300,沪深300
2024-09-09,3214.80,3222.93,3180.93,1086731,146516050000,0.35,3192.95,sh000300,沪深300
2024-09-06,3261.15,3274.81,3231.07,884004,121541550000,0.28,3231.35,sh000300,沪深300
2024-09-05,3252.96,3266.88,3247.17,971095,134618200000,0.31,3257.76,sh000300,沪深300
2024-09-04,3253.90,3272.99,3249.98,1048325,140070060000,0.33,3252.16,sh000300,沪深300
2024-09-03,3261.74,3281.59,3261.19,1228973,155089490000,0.39,3273.43,sh000300,沪深300
2024-09-02,3307.54,3307.76,3264.76,1476124,194410000000,0.47,3265.01,sh000300,沪深300
2024-08-30,3273.75,3351.63,3273.65,1886954,268376040000,0.60,3321.43,sh000300,沪深300
2024-08-29,3273.54,3290.79,3269.53,1307023,174340110000,0.42,3277.68,sh000300,沪深300
2024-08-28,3298.91,3305.35,3274.59,926967,135982310000,0.30,3286.50,sh000300,沪深300
2024-08-27,3315.69,3320.57,3299.56,958082,129755960000,0.31,3305.33,sh000300,沪深300
2024-08-26,3330.72,3336.53,3311.57,939908,139070600000,0.30,3324.22,sh000300,沪深300
2024-08-23,3305.93,3336.24,3305.64,895258,132680890000,0.29,3327.19,sh000300,沪深300
2024-08-22,3322.87,3327.70,3305.25,1003665,147702790000,0.32,3313.14,sh000300,沪深300
2024-08-21,3322.91,3339.44,3307.99,899548,130005990000,0.29,3321.64,sh000300,沪深300
2024-08-20,3361.64,3362.33,3321.64,1016683,137910590000,0.32,3332.70,sh000300,沪深300
2024-08-19,3344.26,3375.96,3343.71,1055711,143421670000,0.34,3356.97,sh000300,沪深300
2024-08-16,3342.03,3356.91,3335.62,965191,135885320000,0.31,3345.63,sh000300,沪深300
2024-08-15,3301.45,3356.76,3297.97,1047664,149249340000,0.33,3341.95,sh000300,沪深300
2024-08-14,3332.79,3332.79,3309.10,787424,118181950000,0.25,3309.24,sh000300,沪深300
2024-08-13,3328.01,3335.01,3310.19,844897,125259160000,0.27,3334.39,sh000300,沪深300
2024-08-12,3327.56,3338.08,3319.89,799388,117544890000,0.25,3325.86,sh000300,沪深300
2024-08-09,3358.13,3366.67,3331.63,915116,142852170000,0.29,3331.63,sh000300,沪深300
2024-08-08,3332.43,3364.79,3320.84,924957,149482930000,0.29,3342.94,sh000300,沪深300
2024-08-07,3338.59,3362.38,3329.97,950844,145078980000,0.30,3341.49,sh000300,沪深300
2024-08-06,3367.35,3376.80,3318.63,1193403,181724690000,0.38,3342.98,sh000300,沪深300
2024-08-05,3362.11,3409.03,3343.32,1428125,223631270000,0.46,3343.32,sh000300,沪深300
2024-08-02,3393.92,3419.10,3380.96,1166153,179671190000,0.37,3384.39,sh000300,沪深300
2024-08-01,3443.14,3448.34,3419.19,1363235,206038000000,0.43,3419.27,sh000300,沪深300
2024-07-31,3364.03,3445,3364.03,1719592,258249150000,0.55,3442.08,sh000300,沪深300
2024-07-30,3380.69,3380.69,3352.80,1049522,165442820000,0.33,3369.38,sh000300,沪深300
2024-07-29,3404.37,3408.50,3388.84,1097878,166697100000,0.35,3390.74,sh000300,沪深300
2024-07-26,3403.71,3420.82,3388.66,1241956,187853330000,0.40,3409.29,sh000300,沪深300
2024-07-25,3404.61,3415.86,3383.80,1310222,190131460000,0.42,3399.27,sh000300,沪深300
2024-07-24,3432.35,3451.42,3408.41,1270363,184884500000,0.41,3418.17,sh000300,沪深300
2024-07-23,3509.79,3509.79,3439.88,1288977,202857560000,0.41,3439.88,sh000300,沪深300
2024-07-22,3538.40,3540.19,3494.01,1321263,217457320000,0.42,3514.92,sh000300,沪深300
2024-07-19,3500.81,3545.34,3493.07,1324480,228065100000,0.42,3539.02,sh000300,沪深300
2024-07-18,3483.30,3522.80,3475.72,1237682,215783800000,0.39,3520.93,sh000300,沪深300
2024-07-17,3494.21,3514.48,3486.22,1318021,222830800000,0.42,3501.58,sh000300,沪深300
2024-07-16,3466.85,3500.29,3464.37,1206590,200456290000,0.38,3498.28,sh000300,沪深300
2024-07-15,3462.61,3481.46,3460.79,1185171,171584920000,0.38,3476.25,sh000300,沪深300
2024-07-12,3459.96,3479.10,3457.36,1308746,205055550000,0.42,3472.40,sh000300,沪深300
2024-07-11,3451.04,3473.98,3438.12,1458925,237551300000,0.47,3468.17,sh000300,沪深300
2024-07-10,3425.88,3447.51,3423.65,1272035,198149480000,0.41,3428.97,sh000300,沪深300
2024-07-09,3396.80,3448.93,3384.81,1316294,215048840000,0.42,3439.81,sh000300,沪深300
2024-07-08,3420.80,3428.04,3395.91,1155282,177559770000,0.37,3401.76,sh000300,沪深300
2024-07-05,3443.36,3451.04,3399.67,1166097,181416570000,0.37,3431.06,sh000300,沪深300
2024-07-04,3468.30,3483.31,3444.93,1044299,159477150000,0.33,3445.81,sh000300,沪深300
2024-07-03,3471.56,3478.70,3454.99,1038571,163035360000,0.33,3463.41,sh000300,沪深300
2024-07-02,3472.45,3488.32,3464.52,1216501,186104750000,0.39,3471.79,sh000300,沪深300
2024-07-01,3458.26,3479.95,3443.81,1218298,188018230000,0.39,3478.18,sh000300,沪深300
2024-06-28,3443.67,3484.68,3443.67,1354092,205118810000,0.43,3461.66,sh000300,沪深300
2024-06-27,3467.29,3471.14,3452.58,1149181,174112510000,0.37,3454.12,sh000300,沪深300
2024-06-26,3451.54,3487.40,3442.30,1058989,171538110000,0.34,3480.26,sh000300,沪深300
2024-06-25,3475.16,3483.22,3440.65,1184481,190886340000,0.38,3457.90,sh000300,沪深300
2024-06-24,3473.64,3505.78,3471.22,1179902,195787550000,0.38,3476.81,sh000300,沪深300
2024-06-21,3496.34,3505.51,3473.83,1091866,182736740000,0.35,3495.62,sh000300,沪深300
2024-06-20,3525.17,3533.99,3500.13,1116174,186515780000,0.36,3503.28,sh000300,沪深300
2024-06-19,3543.36,3543.36,3524.84,1066428,184790300000,0.34,3528.75,sh000300,沪深300
2024-06-18,3533.49,3551.71,3532.78,1236718,208824120000,0.39,3545.59,sh000300,沪深300
2024-06-17,3521.44,3540.79,3520.74,1374334,232293850000,0.44,3536.20,sh000300,沪深300
2024-06-14,3514.80,3547.15,3503.52,1715169,283768820000,0.55,3541.53,sh000300,沪深300
2024-06-13,3548.22,3551.08,3520.18,1232455,214792340000,0.39,3526.13,sh000300,沪深300
2024-06-12,3539.09,3551.17,3531.57,1228137,200722600000,0.39,3544.12,sh000300,沪深300
2024-06-11,3555.82,3565.31,3525.89,1345223,219282340000,0.43,3542.88,sh000300,沪深300
2024-06-07,3594.63,3603.07,3552.09,1311030,213001530000,0.42,3574.11,sh000300,沪深300
2024-06-06,3602.16,3625.01,3584.17,1378935,226764070000,0.44,3592.25,sh000300,沪深300
2024-06-05,3610.36,3623.32,3594.11,1109068,182639600000,0.36,3594.79,sh000300,沪深300
2024-06-04,3583.81,3622.50,3580.28,1245451,195790970000,0.40,3615.67,sh000300,沪深300
2024-06-03,3577.38,3600.60,3567.87,1410546,222756930000,0.45,3588.75,sh000300,沪深300
2024-05-31,3599.82,3614.64,3579.92,1124620,180707600000,0.36,3579.92,sh000300,沪深300
2024-05-30,3607.05,3624.04,3586.75,1226030,193069650000,0.39,3594.31,sh000300,沪深300
2024-05-29,3609.07,3633.20,3602.82,1159063,179072810000,0.37,3613.52,sh000300,沪深300
2024-05-28,3633.25,3638.97,3605.92,1235322,184381270000,0.40,3609.17,sh000300,沪深300
2024-05-27,3606.65,3638.15,3603.71,1312726,206143740000,0.42,3635.71,sh000300,沪深300
2024-05-24,3630.83,3650.87,3599.67,1247912,195344740000,0.40,3601.48,sh000300,沪深300
2024-05-23,3672.84,3674.37,3633.51,1425730,214205040000,0.46,3641.79,sh000300,沪深300
2024-05-22,3675.65,3691.88,3667.09,1519146,230839370000,0.49,3684.45,sh000300,沪深300
2024-05-21,3682.29,3684.61,3665.15,1306783,196575350000,0.42,3676.16,sh000300,沪深300
2024-05-20,3682.06,3703.03,3677.44,1846094,279971340000,0.59,3690.96,sh000300,沪深300
2024-05-17,3638.56,3677.97,3627.45,1645704,247729530000,0.53,3677.97,sh000300,沪深300
2024-05-16,3636.60,3657.48,3626.33,1546305,240288950000,0.50,3640.36,sh000300,沪深300
2024-05-15,3651.05,3656.53,3624,1235228,191480970000,0.40,3626.06,sh000300,沪深300
2024-05-14,3668.23,3675.78,3646.71,1334065,214643550000,0.43,3657.05,sh000300,沪深300
2024-05-13,3646.35,3673.62,3634.60,1572675,249688470000,0.51,3664.69,sh000300,沪深300
2024-05-10,3669.09,3674.61,3641.76,1507205,233730560000,0.49,3666.28,sh000300,沪深300
2024-05-09,3630.41,3669.76,3630.41,1465590,232694930000,0.47,3664.56,sh000300,沪深300
2024-05-08,3650.75,3650.94,3628.70,1300353,199923460000,0.42,3630.22,sh000300,沪深300
2024-05-07,3657,3665.68,3648.38,1648343,247368350000,0.53,3659.01,sh000300,沪深300
2024-05-06,3654.05,3668.26,3645.74,2080180,333270470000,0.67,3657.88,sh000300,沪深300
2024-04-30,3619.26,3630.71,3604.39,1912969,286674160000,0.62,3604.39,sh000300,沪深300
2024-04-29,3584.54,3645.82,3578.76,2227214,358709710000,0.72,3623.91,sh000300,沪深300
2024-04-26,3531.96,3588.40,3531.96,1972161,308045060000,0.64,3584.27,sh000300,沪深300
2024-04-25,3510.64,3543.97,3505.20,1151877,184524620000,0.37,3530.28,sh000300,沪深300
2024-04-24,3514.01,3524.54,3495.65,1217399,195299920000,0.39,3521.62,sh000300,沪深300
2024-04-23,3525.67,3533.76,3499.98,1431135,213257230000,0.46,3506.22,sh000300,沪深300
2024-04-22,3536.18,3558.16,3528.02,1505790,229511180000,0.49,3530.90,sh000300,沪深300
2024-04-19,3550.61,3560.95,3529.32,1472815,226229520000,0.47,3541.66,sh000300,沪深300
2024-04-18,3550.56,3602.79,3547.60,1785741,261329930000,0.58,3569.80,sh000300,沪深300
2024-04-17,3509.13,3565.94,3498.03,1684664,244987810000,0.54,3565.40,sh000300,沪深300
2024-04-16,3533.36,3545.50,3503.62,1761531,253315970000,0.57,3511.11,sh000300,沪深300
2024-04-15,3473.50,3552.41,3473.50,1839413,267472480000,0.59,3549.08,sh000300,沪深300
2024-04-12,3505.75,3516.70,3470.06,1289211,208566200000,0.42,3475.84,sh000300,沪深300
2024-04-11,3485.03,3520.59,3484.93,1265344,200293480000,0.41,3504.24,sh000300,沪深300
2024-04-10,3528.97,3531.23,3490.05,1287903,199754770000,0.42,3504.71,sh000300,沪深300
2024-04-09,3533.38,3543.71,3518.86,1296709,195893530000,0.42,3533.49,sh000300,沪深300
2024-04-08,3553.56,3567.82,3535.77,1553043,243249250000,0.50,3536.41,sh000300,沪深300
2024-04-03,3578.68,3582.43,3558.87,1355923,214222900000,0.44,3567.80,sh000300,沪深300
2024-04-02,3593.22,3596.19,3568.75,1412730,220207520000,0.46,3580.68,sh000300,沪深300
2024-04-01,3551.58,3600.92,3551.58,1627766,251637270000,0.53,3595.65,sh000300,沪深300
2024-03-29,3516.88,3538.24,3516.88,1286433,201749380000,0.42,3537.48,sh000300,沪深300
2024-03-28,3498.48,3551.21,3489.39,1433347,232530810000,0.46,3520.96,sh000300,沪深300
2024-03-27,3538.72,3542.96,3502.79,1286268,216404730000,0.42,3502.79,sh000300,沪深300
2024-03-26,3526.68,3547.65,3518.60,1262095,226730730000,0.41,3543.75,sh000300,沪深300
2024-03-25,3536.71,3564.96,3525.76,1370157,233747260000,0.44,3525.76,sh000300,沪深300
2024-03-22,3571.27,3575.72,3522.84,1392274,248850930000,0.45,3545,sh000300,沪深300
2024-03-21,3593.07,3601.11,3575.03,1307434,233162490000,0.42,3581.09,sh000300,沪深300
2024-03-20,3568.72,3589.55,3568.43,1295290,223752100000,0.42,3585.38,sh000300,沪深300
2024-03-19,3593.34,3610.74,3577.19,1455718,259553450000,0.47,3577.63,sh000300,沪深300
2024-03-18,3577.06,3604.05,3573.40,1603794,295314840000,0.52,3603.53,sh000300,沪深300
2024-03-15,3554.91,3572.81,3533.68,1383160,243991560000,0.45,3569.99,sh000300,沪深300
2024-03-14,3571.79,3597.46,3545.61,1409627,263803610000,0.46,3562.22,sh000300,沪深300
2024-03-13,3594.42,3594.42,3563.37,1445906,266898760000,0.47,3572.36,sh000300,沪深300
2024-03-12,3592.58,3605.70,3574.21,1806856,339997040000,0.58,3597.49,sh000300,沪深300
2024-03-11,3545.94,3589.26,3542.28,1482028,286418580000,0.48,3589.26,sh000300,沪深300
2024-03-08,3529.55,3548.51,3511.58,1257927,225379100000,0.41,3544.91,sh000300,沪深300
2024-03-07,3548.10,3569.92,3522.90,1481105,251839530000,0.48,3529.72,sh000300,沪深300
2024-03-06,3556.53,3577.39,3545.10,1430766,248294170000,0.46,3551.05,sh000300,沪深300
2024-03-05,3524.96,3570.69,3519.08,1664224,299895930000,0.54,3565.51,sh000300,沪深300
2024-03-04,3538.37,3548.69,3519.76,1632446,297719930000,0.53,3540.87,sh000300,沪深300
2024-03-01,3515.06,3544.36,3503.46,1627096,288575620000,0.53,3537.80,sh000300,沪深300
2024-02-29,3437.90,3516.08,3437.90,1559445,281971900000,0.50,3516.08,sh000300,沪深300
2024-02-28,3499.83,3521.66,3450.26,1898375,328300590000,0.61,3450.26,sh000300,沪深300
2024-02-27,3440.05,3494.79,3437.44,1395282,244488720000,0.45,3494.79,sh000300,沪深300
2024-02-26,3485.54,3492.61,3445.39,1512483,238951640000,0.49,3453.36,sh000300,沪深300
2024-02-23,3491.34,3507.56,3472.97,1448213,232926060000,0.47,3489.74,sh000300,沪深300
2024-02-22,3450.35,3486.68,3448.41,1410208,225098130000,0.46,3486.67,sh000300,沪深300
2024-02-21,3390.36,3500.13,3383.69,1888794,291823540000,0.61,3456.87,sh000300,沪深300
2024-02-20,3395.19,3415.89,3380.10,1407346,218459280000,0.45,3410.85,sh000300,沪深300
2024-02-19,3393.19,3403.81,3364.14,1833198,267674150000,0.59,3403.81,sh000300,沪深300
2024-02-08,3351.41,3367.21,3336.98,1899776,270239770000,0.61,3364.93,sh000300,沪深300
2024-02-07,3314.03,3343.63,3289.67,2166479,297997660000,0.70,3343.63,sh000300,沪深300
2024-02-06,3185.25,3314.51,3182.82,2027131,285042020000,0.65,3311.69,sh000300,沪深300
2024-02-05,3164.25,3233.85,3111.52,2030430,279713140000,0.66,3200.42,sh000300,沪深300
2024-02-02,3219.87,3235.41,3108.35,1737581,234495150000,0.56,3179.63,sh000300,沪深300
2024-02-01,3202.26,3251.76,3191.90,1455168,203815060000,0.47,3217.71,sh000300,沪深300
2024-01-31,3231.54,3252.15,3201.93,1531435,215333350000,0.49,3215.35,sh000300,沪深300
2024-01-30,3283.90,3300.20,3244.97,1436494,199592930000,0.46,3245.04,sh000300,沪深300
2024-01-29,3335.39,3351.37,3303.96,1841648,244698010000,0.60,3303.96,sh000300,沪深300
2024-01-26,3326.65,3351.97,3315.13,1806640,238144900000,0.58,3333.82,sh000300,沪深300
2024-01-25,3274.34,3344.24,3269.79,1968336,265521110000,0.64,3342.92,sh000300,沪深300
2024-01-24,3245.96,3281.49,3190.47,1543720,219036340000,0.50,3277.11,sh000300,沪深300
2024-01-23,3208.43,3249.53,3188.13,1220120,193791170000,0.39,3231.93,sh000300,沪深300
2024-01-22,3262.47,3281.42,3193.18,1487056,225510030000,0.48,3218.90,sh000300,沪深300
2024-01-19,3261.24,3286.94,3251.81,1185014,191261810000,0.38,3269.78,sh000300,沪深300
2024-01-18,3214.28,3279.25,3171.63,1749092,256784540000,0.57,3274.73,sh000300,沪深300
2024-01-17,3291.14,3291.14,3229.08,1087697,173516390000,0.35,3229.08,sh000300,沪深300
2024-01-16,3272.57,3300.88,3260.44,1132767,175650590000,0.37,3300.88,sh000300,沪深300
2024-01-15,3270.10,3306.92,3261.27,888515,144331720000,0.29,3280.92,sh000300,沪深300
2024-01-12,3284.36,3310.47,3279.70,968536,156536020000,0.31,3284.17,sh000300,沪深300
2024-01-11,3275.31,3311.11,3266.79,1087897,180978530000,0.35,3295.67,sh000300,沪深300
2024-01-10,3281.67,3312.92,3268.25,941994,159777650000,0.30,3277.13,sh000300,沪深300
2024-01-09,3286.71,3304.60,3273.84,1093305,172276320000,0.35,3292.50,sh000300,沪深300
2024-01-08,3322.61,3333.52,3283.34,1174295,170761640000,0.38,3286.06,sh000300,沪深300
2024-01-05,3341.31,3372.54,3313.55,1264006,182251660000,0.41,3329.11,sh000300,沪深300
2024-01-04,3375.02,3375.02,3323.86,1067210,165512260000,0.35,3347.05,sh000300,沪深300
2024-01-03,3379.75,3392.85,3362.66,1056139,165099020000,0.34,3378.30,sh000300,沪深300
2024-01-02,3426.27,3426.27,3386.35,1161807,184096100000,0.38,3386.35,sh000300,沪深300
2023-12-29,3411.11,3432.54,3409.58,1149289,193573180000,0.37,3431.11,sh000300,沪深300
2023-12-28,3335.56,3423.40,3331.21,1480649,245855630000,0.48,3414.54,sh000300,沪深300
2023-12-27,3326.93,3341.27,3309.67,944039,140924920000,0.31,3336.36,sh000300,沪深300
2023-12-26,3345.40,3345.42,3315.94,747329,121690000000,0.24,3324.79,sh000300,沪深300
2023-12-25,3330.33,3348.88,3330.33,745427,121838330000,0.24,3347.45,sh000300,沪深300
2023-12-22,3329.47,3359.06,3315.90,1052201,167336340000,0.34,3337.23,sh000300,沪深300
2023-12-21,3285.60,3339.36,3283.99,1025462,171120780000,0.33,3330.87,sh000300,沪深300
2023-12-20,3334.33,3338.54,3297.37,924129,141290540000,0.30,3297.50,sh000300,沪深300
2023-12-19,3325.66,3345.78,3313.19,838081,135293660000,0.27,3334.04,sh000300,沪深300
2023-12-18,3329.19,3352.35,3314.91,905268,142303320000,0.29,3329.37,sh000300,沪深300
2023-12-15,3365.94,3388.50,3339.52,977878,164907020000,0.32,3341.55,sh000300,沪深300
2023-12-14,3387.38,3399.14,3350.76,836551,150245780000,0.27,3351.96,sh000300,沪深300
2023-12-13,3418.64,3418.64,3369.61,952854,165455930000,0.31,3369.61,sh000300,沪深300
2023-12-12,3410,3427.55,3406.10,1055900,166979960000,0.34,3426.80,sh000300,沪深300
2023-12-11,3378.05,3426.61,3346.89,1396262,219761180000,0.45,3419.45,sh000300,沪深300
2023-12-08,3391.86,3409.38,3383.45,1295221,203034220000,0.42,3399.46,sh000300,沪深300
2023-12-07,3394.31,3404.41,3369.77,977132,160949950000,0.32,3391.28,sh000300,沪深300
2023-12-06,3387.88,3420.28,3382.95,1058055,172142990000,0.35,3399.60,sh000300,沪深300
2023-12-05,3450.09,3450.09,3393.81,1004720,164840690000,0.33,3394.26,sh000300,沪深300
2023-12-04,3481.04,3488.13,3459.61,971568,164664400000,0.32,3460.14,sh000300,沪深300
2023-12-01,3494.22,3494.22,3452.17,1085309,176078320000,0.35,3482.88,sh000300,沪深300
2023-11-30,3485.52,3505.13,3481.45,1013508,153790180000,0.33,3496.20,sh000300,沪深300
2023-11-29,3518.88,3519.20,3482.24,988414,155948240000,0.32,3488.31,sh000300,沪深300
2023-11-28,3510.66,3521.05,3501.11,893358,147740540000,0.29,3518.52,sh000300,沪深300
2023-11-27,3534.44,3534.44,3492.86,991023,155975440000,0.32,3511.94,sh000300,沪深300
2023-11-24,3560.65,3560.65,3534,850184,140102000000,0.28,3538.01,sh000300,沪深300
2023-11-23,3541.44,3562.07,3529.94,848002,141499810000,0.28,3561.52,sh000300,沪深300
2023-11-22,3569.44,3574.38,3544.42,847844,136041200000,0.28,3544.42,sh000300,沪深300
2023-11-21,3587.88,3615.06,3575.68,1085943,175922110000,0.35,3581.07,sh000300,沪深300
2023-11-20,3569.73,3586.97,3545.10,910804,157449630000,0.30,3576.32,sh000300,沪深300
2023-11-17,3561.31,3573.68,3547.03,873192,139621900000,0.29,3568.07,sh000300,沪深300
2023-11-16,3600.98,3605.29,3572.36,874648,146629220000,0.29,3572.36,sh000300,沪深300
2023-11-15,3616.88,3620.60,3596.92,1049292,188932150000,0.34,3607.25,sh000300,沪深300
2023-11-14,3581.10,3600.15,3568.88,1008842,165935160000,0.33,3582.06,sh000300,沪深300
2023-11-13,3593.91,3599.39,3562.77,967076,164821250000,0.32,3579.41,sh000300,沪深300
2023-11-10,3596.07,3599.45,3576.10,1021070,166924680000,0.33,3586.49,sh000300,沪深300
2023-11-09,3603.11,3624.41,3601.37,1118721,189355230000,0.37,3612.83,sh000300,沪深300
2023-11-08,3610.64,3627.05,3591.82,1105942,192594370000,0.36,3611.07,sh000300,沪深300
2023-11-07,3623.78,3628.46,3606.30,1102886,190433610000,0.36,3619.76,sh000300,沪深300
2023-11-06,3608.32,3635.79,3600.63,1529825,254465950000,0.50,3632.61,sh000300,沪深300
2023-11-03,3558.53,3596.10,3558.53,975421,165865990000,0.32,3584.14,sh000300,沪深300
2023-11-02,3580.07,3597.17,3553.74,903596,149465060000,0.30,3554.19,sh000300,沪深300
2023-11-01,3605.76,3606.41,3564.64,976455,182943570000,0.32,3571.03,sh000300,沪深300
2023-10-31,3581.68,3581.68,3554.58,1125873,196317660000,0.37,3572.51,sh000300,沪深300
2023-10-30,3554.11,3592.72,3554.02,1440104,242973330000,0.47,3583.77,sh000300,沪深300
2023-10-27,3501.17,3576.59,3494.55,1202251,224301960000,0.39,3562.39,sh000300,沪深300
2023-10-26,3484.78,3515.57,3478.05,1051436,176088470000,0.34,3514.14,sh000300,沪深300
2023-10-25,3524.30,3531.83,3500.92,1280096,203691740000,0.42,3504.46,sh000300,沪深300
2023-10-24,3481.76,3495,3453.10,1155473,186529200000,0.38,3487.13,sh000300,沪深300
2023-10-23,3500.20,3505.35,3450.65,965617,152054890000,0.32,3474.24,sh000300,沪深300
2023-10-20,3518.35,3535.66,3501.73,985186,169591290000,0.32,3510.59,sh000300,沪深300
2023-10-19,3588.52,3588.52,3532.31,1117375,189194780000,0.37,3533.54,sh000300,沪深300
2023-10-18,3631.07,3632.06,3608.98,945459,158982360000,0.31,3610.58,sh000300,沪深300
2023-10-17,3635.30,3645.57,3619.13,907452,147056230000,0.30,3639.40,sh000300,沪深300
2023-10-16,3664.04,3664.04,3615.77,918531,159537970000,0.30,3626.60,sh000300,沪深300
2023-10-13,3677.96,3678.19,3652.31,982880,170152310000,0.32,3663.41,sh000300,沪深300
2023-10-12,3697.93,3711.50,3682.84,1143632,194598220000,0.37,3702.38,sh000300,沪深300
2023-10-11,3674.75,3689.53,3658.36,1020916,187667550000,0.33,3667.55,sh000300,沪深300
2023-10-10,3696.25,3701.26,3655.59,991637,161938960000,0.32,3657.13,sh000300,沪深300
2023-10-09,3678.93,3694.17,3642,1021481,178072370000,0.33,3684.73,sh000300,沪深300
2023-09-28,3711.21,3716.06,3685.30,852217,153500420000,0.28,3689.52,sh000300,沪深300
2023-09-27,3694.96,3731.14,3694.39,916292,164790440000,0.30,3700.50,sh000300,沪深300
2023-09-26,3711.71,3723.85,3692.62,780445,137808440000,0.26,3692.89,sh000300,沪深300
2023-09-25,3738.06,3738.06,3711.20,925965,155793830000,0.30,3714.60,sh000300,沪深300
2023-09-22,3672.64,3740.42,3664.77,1102312,192236470000,0.36,3738.93,sh000300,沪深300
2023-09-21,3698.31,3708.46,3672.44,830310,135011800000,0.27,3672.44,sh000300,沪深300
2023-09-20,3715.96,3718.52,3705.13,754482,117691810000,0.25,3705.69,sh000300,沪深300
2023-09-19,3723.42,3724.07,3702.69,831990,135216900000,0.27,3720.50,sh000300,沪深300
2023-09-18,3698.93,3737.53,3691.11,867277,156966970000,0.28,3727.71,sh000300,沪深300
2023-09-15,3740.79,3749.02,3699.38,1093957,180398970000,0.36,3708.78,sh000300,沪深300
2023-09-14,3736.94,3748.82,3717.31,1003861,151578100000,0.33,3733.51,sh000300,沪深300
2023-09-13,3759.61,3768.82,3719.11,815769,138238090000,0.27,3736.65,sh000300,沪深300
2023-09-12,3764.33,3775.09,3755.42,793854,140117510000,0.26,3760.60,sh000300,沪深300
2023-09-11,3740.58,3788.32,3734.72,1053580,186871760000,0.35,3767.54,sh000300,沪深300
2023-09-08,3747.65,3753.26,3724.99,716382,129197660000,0.23,3739.99,sh000300,沪深300
2023-09-07,3802.23,3802.23,3756.85,951039,164405750000,0.31,3758.47,sh000300,沪深300
2023-09-06,3808.10,3817.52,3790.89,934424,166081520000,0.31,3812.03,sh000300,沪深300
2023-09-05,3839.58,3839.58,3814.33,1040523,181377880000,0.34,3820.32,sh000300,沪深300
2023-09-04,3812.99,3854.26,3804.59,1423852,237934730000,0.47,3848.95,sh000300,沪深300
2023-09-01,3778.91,3808.53,3778.91,1053190,172219140000,0.34,3791.49,sh000300,沪深300
2023-08-31,3786.93,3794,3762,1189616,193577000000,0.39,3765.27,sh000300,沪深300
2023-08-30,3803.12,3813.70,3780.24,1296717,226727480000,0.42,3788.51,sh000300,沪深300
2023-08-29,3743.05,3810.38,3742.08,1524861,262134940000,0.50,3790.11,sh000300,沪深300
2023-08-28,3911.55,3911.55,3740.53,1979904,335047670000,0.65,3752.62,sh000300,沪深300
2023-08-25,3703.51,3734.22,3695.84,1051826,175601440000,0.34,3709.15,sh000300,沪深300
2023-08-24,3711.54,3748.86,3701.57,1196145,196257390000,0.39,3723.43,sh000300,沪深300
2023-08-23,3751.77,3756.17,3695.03,970816,160476230000,0.32,3696.63,sh000300,沪深300
2023-08-22,3748.07,3770.06,3704.68,1203183,203463880000,0.39,3758.23,sh000300,沪深300
2023-08-21,3773.23,3782.11,3729.56,987084,173379940000,0.32,3729.56,sh000300,沪深300
2023-08-18,3832.46,3844.20,3784,955496,168445690000,0.31,3784,sh000300,沪深300
2023-08-17,3801.20,3836.15,3782.50,984155,174093850000,0.32,3831.10,sh000300,沪深300
2023-08-16,3830.83,3852.42,3817.63,946169,169323870000,0.31,3818.33,sh000300,沪深300
2023-08-15,3858.37,3865.28,3811.68,1030971,177437070000,0.34,3846.54,sh000300,沪深300
2023-08-14,3840.89,3859.47,3814.07,1159663,197623770000,0.38,3855.91,sh000300,沪深300
2023-08-11,3977.98,3977.98,3884.25,1260829,203546310000,0.41,3884.25,sh000300,沪深300
2023-08-10,3962.86,3976.46,3945.39,971768,175646730000,0.32,3975.72,sh000300,沪深300
2023-08-09,3967.36,3982.11,3961.84,946403,174394240000,0.31,3967.57,sh000300,沪深300
2023-08-08,3980.04,4002.29,3963.46,1098717,202611340000,0.36,3979.73,sh000300,沪深300
2023-08-07,4002.97,4002.97,3977.02,1213107,227090570000,0.40,3990.15,sh000300,沪深300
2023-08-04,4033.72,4058.24,4011.62,1782672,316529730000,0.58,4020.58,sh000300,沪深300
2023-08-03,3962.13,4005,3962.13,1290066,224809820000,0.42,4004.98,sh000300,沪深300
2023-08-02,3985.70,4008.33,3958.51,1258557,204875690000,0.41,3969.90,sh000300,沪深300
2023-08-01,4009.18,4031.70,3983.03,1422869,255620770000,0.47,3998,sh000300,沪深300
2023-07-31,4018.89,4064.36,4002.08,1996068,366544120000,0.65,4014.63,sh000300,沪深300
2023-07-28,3889.79,4000.92,3886.55,1797355,310092470000,0.59,3992.74,sh000300,沪深300
2023-07-27,3914.23,3935.36,3894.69,1106671,196845430000,0.36,3902.35,sh000300,沪深300
2023-07-26,3908.17,3912.98,3893.40,1078817,192912600000,0.35,3907.01,sh000300,沪深300
2023-07-25,3866.64,3915.81,3866.64,1630663,299853560000,0.53,3915.12,sh000300,沪深300
2023-07-24,3803.35,3828.79,3798.80,754835,151448370000,0.25,3805.22,sh000300,沪深300
2023-07-21,3816.98,3849.51,3808.80,795076,157144210000,0.26,3821.91,sh000300,沪深300
2023-07-20,3857.77,3875.62,3818.71,920421,174320870000,0.30,3823.69,sh000300,沪深300
2023-07-19,3848.48,3860.01,3830.41,795857,151311480000,0.26,3850.87,sh000300,沪深300
2023-07-18,3871.04,3871.04,3844.51,914386,167104320000,0.30,3854.94,sh000300,沪深300
2023-07-17,3881.62,3881.62,3852.26,983401,174623550000,0.32,3867.17,sh000300,沪深300
2023-07-14,3904.60,3908.49,3893.79,1223648,220230470000,0.40,3899.10,sh000300,沪深300
2023-07-13,3855.66,3901.10,3855.66,1203002,235278710000,0.40,3898.42,sh000300,沪深300
2023-07-12,3864.60,3874.04,3838.56,1115220,214046520000,0.37,3843.44,sh000300,沪深300
2023-07-11,3853.80,3870.65,3844.52,865107,177585690000,0.28,3869.49,sh000300,沪深300
2023-07-10,3841.56,3865.46,3831.92,920334,185360810000,0.30,3844.33,sh000300,沪深300
2023-07-07,3831.60,3844.84,3819.08,1009069,173918560000,0.33,3825.70,sh000300,沪深300
2023-07-06,3857.03,3876.89,3836.46,1001218,184742420000,0.33,3842.75,sh000300,沪深300
2023-07-05,3895.19,3899.52,3864.13,976364,188400270000,0.32,3868.81,sh000300,沪深300
2023-07-04,3888.03,3899.98,3878.40,1094945,216335610000,0.36,3899.01,sh000300,沪深300
2023-07-03,3853.29,3897.33,3853.29,1331581,256876520000,0.44,3892.88,sh000300,沪深300
2023-06-30,3816.33,3860.03,3813.55,1012684,208146270000,0.34,3842.45,sh000300,沪深300
2023-06-29,3836.73,3840.71,3817.38,982893,204110030000,0.33,3821.84,sh000300,沪深300
2023-06-28,3836.61,3846.85,3808.16,1070215,206187960000,0.35,3840.80,sh000300,沪深300
2023-06-27,3811.69,3851.90,3806.32,1169927,210097710000,0.39,3845.43,sh000300,沪深300
2023-06-26,3833.44,3841.29,3801.05,1339904,247713850000,0.44,3809.70,sh000300,沪深300
2023-06-21,3909.10,3920.13,3864.03,1183466,243630710000,0.39,3864.03,sh000300,沪深300
2023-06-20,3926.09,3937.49,3918.47,1225203,266274080000,0.41,3924.24,sh000300,沪深300
2023-06-19,3957.03,3957.03,3922.47,1349058,268213070000,0.45,3930.91,sh000300,沪深300
2023-06-16,3932.21,3968.01,3928.54,1397601,280374760000,0.46,3963.35,sh000300,沪深300
2023-06-15,3871.77,3925.50,3871.77,1283699,282635910000,0.43,3925.50,sh000300,沪深300
2023-06-14,3872.72,3891.67,3862.06,1249558,243932580000,0.42,3864.02,sh000300,沪深300
2023-06-13,3838.13,3867.30,3833.46,1109249,225435220000,0.37,3864.91,sh000300,沪深300
2023-06-12,3827.33,3859.72,3813.86,1267585,240791270000,0.41,3844.43,sh000300,沪深300
2023-06-09,3822.41,3836.70,3811.22,1343199,247296090000,0.44,3836.70,sh000300,沪深300
2023-06-08,3791.08,3834.39,3777.78,1187009,199119300000,0.39,3820.19,sh000300,沪深300
2023-06-07,3815.48,3823.11,3780.10,988624,189879790000,0.33,3789.34,sh000300,沪深300
2023-06-06,3840.46,3867.85,3802.84,1257813,222091720000,0.42,3808.16,sh000300,沪深300
2023-06-05,3860.56,3860.56,3832.46,1161640,211144360000,0.39,3844.25,sh000300,沪深300
2023-06-02,3821.62,3865.28,3821.62,1250151,232696550000,0.41,3861.83,sh000300,沪深300
2023-06-01,3788.59,3832.21,3786.73,1345619,241829550000,0.45,3806.87,sh000300,沪深300
2023-05-31,3827.16,3827.16,3781.40,1263874,235606120000,0.42,3798.54,sh000300,沪深300
2023-05-30,3827.79,3844.01,3789.27,1376196,244566270000,0.46,3837.75,sh000300,沪深300
2023-05-29,3862.08,3866.72,3819.18,1318600,230095600000,0.44,3833.94,sh000300,沪深300
2023-05-26,3848.42,3859.63,3815.57,1003264,191537810000,0.34,3850.95,sh000300,沪深300
2023-05-25,3851.41,3861.38,3817.84,1241508,213313620000,0.42,3850.50,sh000300,沪深300
2023-05-24,3903.78,3903.78,3859.09,1372583,211768410000,0.47,3859.09,sh000300,沪深300
2023-05-23,3968.23,3971.94,3913.19,1186851,189955820000,0.41,3913.19,sh000300,沪深300
2023-05-22,3941,3985.40,3935.80,1091166,202185550000,0.37,3969.33,sh000300,沪深300
2023-05-19,3946.22,3967.28,3928.32,1202125,207094940000,0.41,3944.54,sh000300,沪深300
2023-05-18,3965.52,3982.72,3939.55,1365339,229134180000,0.47,3956.07,sh000300,沪深300
2023-05-17,3971.70,3982.60,3945.71,1184482,205195690000,0.40,3960.17,sh000300,沪深300
2023-05-16,4002.52,4005.02,3966.99,1368333,234840650000,0.47,3978.21,sh000300,沪深300
2023-05-15,3938.83,3998.89,3923.03,1762574,279531160000,0.60,3998.89,sh000300,沪深300
2023-05-12,3987.77,3999.38,3937.53,1444217,228992920000,0.49,3937.76,sh000300,沪深300
2023-05-11,4005.78,4018.06,3988.48,1448046,241052070000,0.49,3990.66,sh000300,沪深300
2023-05-10,4017.94,4019.06,3984.63,2075527,309484850000,0.71,3996.87,sh000300,沪深300
2023-05-09,4065.44,4092.85,4026.39,2793060,396422120000,0.95,4027.88,sh000300,沪深300
2023-05-08,4028.11,4070.77,4018.96,2555831,359539950000,0.87,4062.66,sh000300,沪深300
2023-05-05,4031.09,4047.60,3998.39,2066269,307694490000,0.71,4016.88,sh000300,沪深300
2023-05-04,4013.47,4035.78,4001.13,2275828,345492510000,0.78,4030.25,sh000300,沪深300
2023-04-28,3993.26,4030.45,3993.26,1795085,328936290000,0.61,4029.09,sh000300,沪深300
2023-04-27,3948.03,3999.13,3942.82,1538282,304804000000,0.53,3988.42,sh000300,沪深300
2023-04-26,3950.26,3975.66,3934.66,1627020,322062810000,0.56,3959.23,sh000300,沪深300
2023-04-25,3985.11,3991.69,3925.44,1725554,331110620000,0.59,3962.67,sh000300,沪深300
2023-04-24,4031.30,4033.64,3967.91,1700992,328375610000,0.58,3982.64,sh000300,沪深300
2023-04-21,4114.26,4114.26,4031.91,1808024,347852010000,0.62,4032.57,sh000300,沪深300
2023-04-20,4122.95,4125.82,4094,1627067,332172410000,0.56,4113.02,sh000300,沪深300
2023-04-19,4159.39,4159.39,4118.63,1625546,312219500000,0.56,4124.56,sh000300,沪深300
2023-04-18,4139.31,4169.67,4138.46,1701841,331545660000,0.58,4162.03,sh000300,沪深300
2023-04-17,4090.07,4149.38,4089.51,1887731,341831270000,0.65,4149.38,sh000300,沪深300
2023-04-14,4078.97,4098.22,4075.20,1506957,306201500000,0.52,4092,sh000300,沪深300
2023-04-13,4081.39,4088.88,4059.57,1564443,300291020000,0.54,4068.98,sh000300,沪深300
2023-04-12,4102.40,4108.25,4090.28,1659653,325425230000,0.57,4097.29,sh000300,沪深300
2023-04-11,4108.51,4116.12,4083.49,1539013,324192950000,0.53,4100.15,sh000300,沪深300
2023-04-10,4132.01,4132.30,4099.05,1524530,340822560000,0.52,4104.81,sh000300,沪深300
2023-04-07,4096.90,4131.31,4092.18,1286767,286567770000,0.44,4123.28,sh000300,沪深300
2023-04-06,4084.13,4098.83,4078.40,1507034,328981850000,0.52,4096.64,sh000300,沪深300
2023-04-04,4089.29,4103.16,4080.07,1971466,394443180000,0.68,4103.11,sh000300,沪深300
2023-04-03,4059.62,4094.94,4059.06,1821243,382895560000,0.63,4090.57,sh000300,沪深300
2023-03-31,4045.45,4063.57,4039.96,1388425,279863690000,0.48,4050.93,sh000300,沪深300
2023-03-30,4009.56,4040.50,3983.90,1499010,280004720000,0.52,4038.53,sh000300,沪深300
2023-03-29,4013.59,4017.76,3992.67,1337435,263866920000,0.46,4006.14,sh000300,沪深300
2023-03-28,4015.70,4023.78,3994.60,1318951,248736920000,0.45,3999.51,sh000300,沪深300
2023-03-27,4023.30,4023.30,3987.03,1684823,315474700000,0.58,4012.48,sh000300,沪深300
2023-03-24,4035.16,4037.84,4017,1594423,295785590000,0.55,4027.05,sh000300,沪深300
2023-03-23,3985.99,4039.09,3984,1588874,296479530000,0.55,4039.09,sh000300,沪深300
2023-03-22,3993.78,4016.45,3986.71,1492290,265180990000,0.51,3999.44,sh000300,沪深300
2023-03-21,3948.16,3982.70,3948.16,1450907,251631990000,0.50,3982.38,sh000300,沪深300
2023-03-20,3962.66,3979.55,3935.02,2052650,319760030000,0.71,3939.08,sh000300,沪深300
2023-03-17,3971.16,4004.22,3945.25,1774338,305541020000,0.61,3958.82,sh000300,沪深300
2023-03-16,3958.20,3981.32,3936.48,1525156,246264290000,0.53,3939.15,sh000300,沪深300
2023-03-15,4011.84,4018.75,3986.90,1420260,232101090000,0.49,3986.90,sh000300,沪深300
2023-03-14,3999.88,4001.94,3946.94,1505442,267224850000,0.52,3984.70,sh000300,沪深300
2023-03-13,3962.64,4008.69,3962.64,1435614,242865520000,0.50,4008.69,sh000300,沪深300
2023-03-10,3991.80,4004.36,3966.43,1238554,218286960000,0.43,3967.14,sh000300,沪深300
2023-03-09,4035.84,4043.85,4000.89,1165396,201737990000,0.40,4019.85,sh000300,沪深300
2023-03-08,4030.74,4037.29,4011.52,1179365,191659660000,0.41,4034.11,sh000300,沪深300
2023-03-07,4103.64,4124.96,4046.57,1959121,272491990000,0.68,4048.85,sh000300,沪深300
2023-03-06,4131.15,4132.84,4088.45,1629718,283079860000,0.56,4109.01,sh000300,沪深300
2023-03-03,4126.02,4135.21,4100.38,1603317,226914550000,0.55,4130.55,sh000300,沪深300
2023-03-02,4119.99,4137.25,4113.83,1482176,235953760000,0.51,4117.74,sh000300,沪深300
2023-03-01,4068.73,4135.48,4061.22,1560158,255374790000,0.54,4126.94,sh000300,沪深300
2023-02-28,4058.13,4074.26,4026.45,1103236,198799710000,0.38,4069.46,sh000300,沪深300
2023-02-27,4040.46,4067.03,4034.52,937876,187959490000,0.32,4043.84,sh000300,沪深300
2023-02-24,4100.99,4102.61,4048.24,1009894,191210470000,0.35,4061.05,sh000300,沪深300
2023-02-23,4106.21,4132.39,4088.21,1035649,197193580000,0.36,4103.65,sh000300,沪深300
2023-02-22,4118.97,4134.88,4101.86,1042903,191586160000,0.36,4106.95,sh000300,沪深300
2023-02-21,4130.06,4151.80,4116.27,1457762,249674200000,0.50,4144.35,sh000300,沪深300
2023-02-20,4039.96,4134.86,4035.48,1617945,280122960000,0.56,4133.49,sh000300,沪深300
2023-02-17,4086.22,4104.64,4032.93,1161426,225737750000,0.40,4034.51,sh000300,沪深300
2023-02-16,4125.41,4167.90,4068.86,1593106,281315630000,0.55,4093.49,sh000300,沪深300
2023-02-15,4146.85,4153.72,4115.97,1216645,219855530000,0.42,4123.69,sh000300,沪深300
2023-02-14,4151.25,4152.05,4125.26,1024999,204915440000,0.35,4145.29,sh000300,沪深300
2023-02-13,4098.88,4146.45,4092.27,1288926,251990180000,0.45,4143.57,sh000300,沪深300
2023-02-10,4124.10,4125.29,4092.35,967167,195348320000,0.33,4106.31,sh000300,沪深300
2023-02-09,4067.56,4130.86,4064.75,1022900,211722600000,0.35,4130.86,sh000300,沪深300
2023-02-08,4099.86,4111.47,4072.65,847861,170591750000,0.29,4076.14,sh000300,沪深300
2023-02-07,4098.31,4107.34,4077.96,913601,183537350000,0.32,4094.23,sh000300,沪深300
2023-02-06,4103.83,4105.94,4065.22,1101927,226345110000,0.38,4086.88,sh000300,沪深300
2023-02-03,4162.03,4162.03,4103.17,1170412,226914770000,0.40,4141.63,sh000300,沪深300
2023-02-02,4207.41,4207.41,4170.56,1338237,262497430000,0.46,4181.15,sh000300,沪深300
2023-02-01,4170.13,4195.93,4137.77,1410090,265553940000,0.49,4195.93,sh000300,沪深300
2023-01-31,4200.58,4212.73,4153.05,1245508,249365320000,0.43,4156.86,sh000300,沪深300
2023-01-30,4267.62,4268.15,4197.86,1646071,330193320000,0.57,4201.35,sh000300,沪深300
2023-01-20,4166.84,4189.83,4161.67,1235538,222342460000,0.43,4181.53,sh000300,沪深300
2023-01-19,4125.58,4156.01,4105.98,946084,192699590000,0.33,4156.01,sh000300,沪深300
2023-01-18,4140.10,4151.46,4125.77,842006,172126170000,0.29,4130.31,sh000300,沪深300
2023-01-17,4138.84,4148.58,4118.16,954790,204381580000,0.33,4137.24,sh000300,沪深300
2023-01-16,4077.88,4177.10,4076.64,1513955,319007750000,0.52,4137.96,sh000300,沪深300
2023-01-13,4032.29,4074.38,4027.89,958719,212174000000,0.33,4074.38,sh000300,沪深300
2023-01-12,4021.75,4030.29,4003.51,905526,183686270000,0.32,4017.87,sh000300,沪深300
2023-01-11,4019.88,4043.40,4008.02,999979,203000260000,0.35,4010.03,sh000300,沪深300
2023-01-10,4014.71,4030.46,4002.23,1017511,214871170000,0.36,4017.47,sh000300,沪深300
2023-01-09,3998.53,4023.09,3990.71,1170544,233212430000,0.41,4013.12,sh000300,沪深300
2023-01-06,3969.55,4000.41,3966.47,1109530,235744310000,0.39,3980.89,sh000300,沪深300
2023-01-05,3913.49,3974.88,3912.26,1165024,256312610000,0.41,3968.58,sh000300,沪深300
2023-01-04,3886.25,3905.90,3873.65,1106607,198997710000,0.39,3892.95,sh000300,沪深300
2023-01-03,3864.84,3893.99,3831.25,1150519,207540170000,0.40,3887.90,sh000300,沪深300
2022-12-30,3873.94,3887.55,3868.76,787733,148295050000,0.27,3871.63,sh000300,沪深300
2022-12-29,3854.24,3868.29,3838.48,793948,149011370000,0.28,3856.70,sh000300,沪深300
2022-12-28,3874.91,3884.72,3854.94,844247,160671120000,0.29,3871.26,sh000300,沪深300
2022-12-27,3860.91,3891.85,3856.58,775154,152032210000,0.27,3887.85,sh000300,沪深300
2022-12-26,3830.57,3856.81,3827.52,730057,148692830000,0.25,3843.49,sh000300,沪深300
2022-12-23,3811.62,3848.34,3805.95,652781,130559420000,0.23,3828.22,sh000300,沪深300
2022-12-22,3859.20,3882.13,3821.34,837052,163970310000,0.29,3836.03,sh000300,沪深300
2022-12-21,3839,3853.73,3821.40,648392,123450040000,0.23,3830.54,sh000300,沪深300
2022-12-20,3881.23,3881.27,3811.48,830968,164046440000,0.29,3829.02,sh000300,沪深300
2022-12-19,3952.77,3966.57,3878.44,1069191,180801390000,0.37,3893.22,sh000300,沪深300
2022-12-16,3931.23,3960.47,3929.49,931786,167488440000,0.33,3954.23,sh000300,沪深300
2022-12-15,3954.67,3963.50,3926.50,888647,181994890000,0.31,3951.99,sh000300,沪深300
2022-12-14,3952.79,3972.74,3935.77,985280,196175110000,0.34,3954.89,sh000300,沪深300
2022-12-13,3953.55,3964.40,3939.98,1009941,184020700000,0.35,3945.68,sh000300,沪深300
2022-12-12,3976.17,3983.43,3950.32,1259354,227606300000,0.43,3953.44,sh000300,沪深300
2022-12-09,3961.99,4003.32,3944.44,1537750,268166790000,0.51,3998.24,sh000300,沪深300
2022-12-08,3953.20,3971.49,3941.30,1152000,198037690000,0.38,3959.18,sh000300,沪深300
2022-12-07,3956.67,3999.59,3944.18,1430014,255490830000,0.49,3958.44,sh000300,沪深300
2022-12-06,3929.01,3988.90,3923,1551083,275583430000,0.53,3968.20,sh000300,沪深300
2022-12-05,3907.64,3947.48,3900.67,2017472,296615510000,0.70,3946.88,sh000300,沪深300
2022-12-02,3886.40,3898.11,3865.88,1167864,201253170000,0.40,3870.95,sh000300,沪深300
2022-12-01,3921.30,3944.56,3893.87,1699646,306678200000,0.58,3894.77,sh000300,沪深300
2022-11-30,3836.56,3867.66,3833.83,1575114,250051470000,0.54,3853.04,sh000300,沪深300
2022-11-29,3766.57,3854.77,3766.57,1787014,289062340000,0.61,3848.42,sh000300,沪深300
2022-11-28,3701.90,3736.08,3672.13,1278257,196305560000,0.43,3733.24,sh000300,沪深300
2022-11-25,3751.28,3790.57,3743.41,1429297,191711040000,0.50,3775.78,sh000300,沪深300
2022-11-24,3791.54,3804.90,3751.38,1010734,160698920000,0.35,3756.81,sh000300,沪深300
2022-11-23,3760.22,3791.18,3753.21,1445279,201070600000,0.50,3773.53,sh000300,沪深300
2022-11-22,3766.08,3809.86,3751.04,1444863,203490830000,0.50,3769.57,sh000300,沪深300
2022-11-21,3769.63,3769.87,3734,958670,188230370000,0.33,3769.13,sh000300,沪深300
2022-11-18,3823.82,3840.30,3801.57,1150788,224276130000,0.40,3801.57,sh000300,沪深300
2022-11-17,3821.27,3821.74,3776.57,1059406,219540810000,0.37,3818.66,sh000300,沪深300
2022-11-16,3860.81,3877.68,3829.31,1206110,235844590000,0.42,3834.39,sh000300,沪深300
2022-11-15,3788.93,3871.64,3775.50,1515157,296268140000,0.53,3865.97,sh000300,沪深300
2022-11-14,3818.14,3848.41,3781.78,1696650,315536860000,0.59,3794.02,sh000300,沪深300
2022-11-11,3787.76,3828.90,3747.09,1896856,344471330000,0.66,3788.44,sh000300,沪深300
2022-11-10,3685.83,3701.53,3665.06,1035093,183155310000,0.36,3685.69,sh000300,沪深300
2022-11-09,3750.78,3760.41,3711.27,894345,172029530000,0.31,3714.27,sh000300,沪深300
2022-11-08,3773.66,3779.12,3723.34,990165,193351320000,0.34,3749.33,sh000300,沪深300
2022-11-07,3754.52,3792.79,3746.37,1298264,251195700000,0.45,3775.30,sh000300,沪深300
2022-11-04,3646.77,3782.88,3646.77,1497349,311145480000,0.52,3767.17,sh000300,沪深300
2022-11-03,3645.06,3670.16,3628.50,1105660,215379300000,0.38,3647.90,sh000300,沪深300
2022-11-02,3620.37,3703.47,3610.80,1415929,291648250000,0.49,3677.81,sh000300,沪深300
2022-11-01,3519.82,3634.17,3517.62,1492867,295089930000,0.52,3634.17,sh000300,沪深300
2022-10-31,3504.51,3553.39,3495.95,1384657,256574820000,0.48,3508.70,sh000300,沪深300
2022-10-28,3605.16,3618.86,3533.50,1187722,245816450000,0.41,3541.33,sh000300,沪深300
2022-10-27,3667.66,3685.08,3631.06,1179987,257473320000,0.41,3631.14,sh000300,沪深300
2022-10-26,3633.31,3700.88,3633.31,1213015,242453810000,0.42,3656.90,sh000300,沪深300
2022-10-25,3621.94,3670.73,3594.70,1109539,219302760000,0.39,3627.45,sh000300,沪深300
2022-10-24,3727.92,3762.16,3619.99,1300569,259450740000,0.45,3633.37,sh000300,沪深300
2022-10-21,3753.89,3768.69,3724.69,987500,180686360000,0.34,3742.89,sh000300,沪深300
2022-10-20,3746.58,3804.25,3726.79,902909,203781620000,0.31,3754.93,sh000300,沪深300
2022-10-19,3827.47,3840.49,3776.53,815748,186736410000,0.28,3776.53,sh000300,沪深300
2022-10-18,3865.83,3870.22,3831.17,883469,186556300000,0.31,3838.27,sh000300,沪深300
2022-10-17,3822.24,3849.62,3809.12,1041920,220488870000,0.36,3846.41,sh000300,沪深300
2022-10-14,3783.32,3863.23,3780.84,1162423,256551270000,0.41,3842.47,sh000300,沪深300
2022-10-13,3756.42,3783.60,3749.64,990189,198368890000,0.35,3752.67,sh000300,沪深300
2022-10-12,3722.87,3784.31,3661.53,1080893,210931360000,0.38,3784.31,sh000300,沪深300
2022-10-11,3732.02,3739.81,3706.06,839446,166800390000,0.29,3727.69,sh000300,沪深300
2022-10-10,3806.56,3807.46,3715.71,1026476,194635900000,0.36,3720.94,sh000300,沪深300
2022-09-30,3833.35,3848.60,3801.28,785600,158692750000,0.27,3804.89,sh000300,沪深300
2022-09-29,3864.32,3873.18,3808.65,856541,171635940000,0.30,3827.14,sh000300,沪深300
2022-09-28,3879.44,3879.44,3828.05,865922,172438040000,0.30,3828.71,sh000300,沪深300
2022-09-27,3844.07,3893.03,3827.93,888602,185955250000,0.31,3892.30,sh000300,沪深300
2022-09-26,3829.60,3893.32,3827.95,1045260,192906200000,0.37,3836.68,sh000300,沪深300
2022-09-23,3865.10,3888.40,3829.69,943425,172904810000,0.33,3856.02,sh000300,沪深300
2022-09-22,3875.18,3900.27,3860.23,809469,161134100000,0.28,3869.34,sh000300,沪深300
2022-09-21,3921.32,3924.39,3884.23,864584,168939070000,0.30,3903.73,sh000300,沪深300
2022-09-20,3945.65,3957.55,3921.69,848241,179248150000,0.30,3932.84,sh000300,沪深300
2022-09-19,3928.42,3953.65,3910.31,977196,183574440000,0.34,3928,sh000300,沪深300
2022-09-16,4013.58,4019.41,3932.68,1371937,241251840000,0.48,3932.68,sh000300,沪深300
2022-09-15,4078.65,4088.81,3998.86,1239512,254367490000,0.43,4027.12,sh000300,沪深300
2022-09-14,4058.04,4089.06,4047.92,907937,185484970000,0.32,4065.36,sh000300,沪深300
2022-09-13,4112.01,4128.11,4097.14,1117897,218521060000,0.39,4111.11,sh000300,沪深300
2022-09-09,4050.59,4099.01,4042.25,1184271,221442550000,0.41,4093.79,sh000300,沪深300
2022-09-08,4059.17,4067.76,4036.02,1008860,186889050000,0.35,4037.68,sh000300,沪深300
2022-09-07,4032.72,4067.54,4028.37,1076781,215147150000,0.38,4054.98,sh000300,沪深300
2022-09-06,4024.47,4054,4009.58,1135063,235921840000,0.40,4052.28,sh000300,沪深300
2022-09-05,4010.41,4017,3982.74,937671,201118700000,0.33,4015.43,sh000300,沪深300
2022-09-02,4054.84,4056.18,4004.91,867893,184468330000,0.30,4023.61,sh000300,沪深300
2022-09-01,4066.19,4090.89,4041.13,973871,210898500000,0.34,4043.74,sh000300,沪深300
2022-08-31,4057.14,4112.85,4046.62,1324498,292974670000,0.46,4078.84,sh000300,沪深300
2022-08-30,4088.53,4093.14,4048.52,933017,192649000000,0.33,4075.79,sh000300,沪深300
2022-08-29,4063.88,4092.95,4059.60,943544,203086110000,0.33,4089.52,sh000300,沪深300
2022-08-26,4127.81,4139.79,4102.68,990005,225519200000,0.35,4107.55,sh000300,沪深300
2022-08-25,4093.29,4119.62,4058.75,1113207,242149580000,0.39,4116.24,sh000300,沪深300
2022-08-24,4168.58,4174.16,4079.09,1190697,262844310000,0.42,4082.42,sh000300,沪深300
2022-08-23,4175.53,4187.39,4147.41,1031535,239101330000,0.37,4161.08,sh000300,沪深300
2022-08-22,4135.16,4183.65,4134.20,1124427,259747160000,0.40,4181.40,sh000300,沪深300
2022-08-19,4174.55,4185.66,4151.07,1174030,262494130000,0.42,4151.07,sh000300,沪深300
2022-08-18,4205.79,4211.91,4173.54,1010527,233115490000,0.36,4180.10,sh000300,沪深300
2022-08-17,4182.57,4222.79,4155.17,1128647,252044330000,0.40,4216.96,sh000300,沪深300
2022-08-16,4190.53,4208.80,4170.52,939061,233818580000,0.33,4177.84,sh000300,沪深300
2022-08-15,4180,4219.92,4174.30,1058985,245539800000,0.38,4185.68,sh000300,沪深300
2022-08-12,4185.42,4202.47,4175.05,1068083,219208060000,0.38,4191.15,sh000300,沪深300
2022-08-11,4130.74,4193.81,4116.06,1213851,269631000000,0.43,4193.54,sh000300,沪深300
2022-08-10,4149.21,4160.79,4092.55,855658,217447370000,0.30,4109.74,sh000300,沪深300
2022-08-09,4143.67,4161.81,4131.43,841370,214223690000,0.30,4156.29,sh000300,沪深300
2022-08-08,4142.11,4155.73,4135.08,902081,224080810000,0.32,4148.07,sh000300,沪深300
2022-08-05,4109.63,4159.49,4097.86,1025710,247325900000,0.37,4156.91,sh000300,沪深300
2022-08-04,4089.44,4108.16,4064.66,895326,216898670000,0.32,4101.54,sh000300,沪深300
2022-08-03,4114.83,4150.98,4058.18,1166661,268695830000,0.42,4066.98,sh000300,沪深300
2022-08-02,4144.38,4144.38,4071.43,1422244,281013560000,0.51,4107.02,sh000300,沪深300
2022-08-01,4160.65,4196.57,4129.45,1077490,251125310000,0.38,4188.68,sh000300,沪深300
2022-07-29,4226.42,4243.51,4160.87,1141793,253198570000,0.41,4170.10,sh000300,沪深300
2022-07-28,4242.27,4267.92,4223.03,1075319,243871490000,0.38,4225.67,sh000300,沪深300
2022-07-27,4236.15,4242.10,4217.28,789049,194245300000,0.28,4225.04,sh000300,沪深300
2022-07-26,4220.09,4259.99,4214.53,858233,197601410000,0.31,4245.98,sh000300,沪深300
2022-07-25,4233.93,4234.84,4201.92,836367,188136430000,0.30,4212.64,sh000300,沪深300
2022-07-22,4251.79,4275.47,4207.31,1038406,224295330000,0.37,4238.23,sh000300,沪深300
2022-07-21,4270.36,4283.15,4236.05,1171563,239228150000,0.42,4236.06,sh000300,沪深300
2022-07-20,4291.28,4303.37,4269.97,944901,212301880000,0.34,4283.80,sh000300,沪深300
2022-07-19,4288.44,4288.44,4238.82,1038057,231117730000,0.37,4269.34,sh000300,沪深300
2022-07-18,4262.15,4300.78,4217.51,1226012,281055130000,0.44,4292.59,sh000300,沪深300
2022-07-15,4299.47,4344.86,4248.53,1502145,316793190000,0.54,4248.53,sh000300,沪深300
2022-07-14,4308.82,4352.10,4292.76,1452509,301569860000,0.52,4322.07,sh000300,沪深300
2022-07-13,4313.36,4341.47,4284.94,1311132,286075550000,0.47,4321.46,sh000300,沪深300
2022-07-12,4352.65,4370.34,4296.62,1301878,291072310000,0.46,4313.62,sh000300,沪深300
2022-07-11,4406.15,4406.15,4330.58,1344486,299195230000,0.48,4354.62,sh000300,沪深300
2022-07-08,4468.06,4479.49,4426.89,1231957,304031110000,0.44,4428.78,sh000300,沪深300
2022-07-07,4425.28,4457.34,4391.19,1326609,328133130000,0.47,4443.47,sh000300,沪深300
2022-07-06,4475.48,4484.36,4393.42,1498002,344672710000,0.53,4423.97,sh000300,沪深300
2022-07-05,4505.46,4530.32,4439.45,1549624,361891850000,0.55,4489.54,sh000300,沪深300
2022-07-04,4447.22,4496.03,4427.82,1463457,356968520000,0.52,4496.03,sh000300,沪深300
2022-07-01,4489.52,4500.99,4449.29,1447796,318492130000,0.52,4466.72,sh000300,沪深300
2022-06-30,4418.07,4515,4418.07,1566663,354343890000,0.56,4485.01,sh000300,沪深300
2022-06-29,4472.73,4503.13,4414,1872767,395926110000,0.67,4421.36,sh000300,沪深300
2022-06-28,4442.58,4497.89,4407.35,1747565,361685970000,0.62,4490.52,sh000300,沪深300
2022-06-27,4414.33,4472.69,4414.33,1773857,381432970000,0.64,4444.26,sh000300,沪深300
2022-06-24,4354.55,4400.69,4346.12,1689722,356054750000,0.61,4394.77,sh000300,沪深300
2022-06-23,4277.96,4343.88,4260.90,1708824,327144780000,0.61,4343.88,sh000300,沪深300
2022-06-22,4331.90,4333.18,4269.25,1585659,298656260000,0.57,4270.62,sh000300,沪深300
2022-06-21,4327.92,4357.34,4287.14,1646676,317163320000,0.59,4325.57,sh000300,沪深300
2022-06-20,4322.83,4368.36,4297.89,1656664,359569300000,0.59,4330.43,sh000300,沪深300
2022-06-17,4219.23,4318.77,4218.68,1586491,346675730000,0.57,4309.04,sh000300,沪深300
2022-06-16,4282.08,4302.92,4241.08,1840744,337235910000,0.66,4250.06,sh000300,沪深300
2022-06-15,4228.29,4348.42,4228.29,2570466,459766820000,0.92,4278.22,sh000300,沪深300
2022-06-14,4143.22,4224.09,4102.93,1713859,335418560000,0.61,4222.31,sh000300,沪深300
2022-06-13,4194.46,4218.23,4156.71,1684756,336585670000,0.60,4189.35,sh000300,沪深300
2022-06-10,4145.65,4241.35,4140.22,1847962,324091440000,0.66,4238.99,sh000300,沪深300
2022-06-09,4211.72,4227.45,4160.88,1684492,285172800000,0.60,4175.67,sh000300,沪深300
2022-06-08,4187.15,4224.81,4158.03,1573741,319480250000,0.56,4219.81,sh000300,沪深300
2022-06-07,4165.69,4198.09,4155.17,1429929,285733720000,0.51,4179.13,sh000300,沪深300
2022-06-06,4090.53,4166.62,4063.91,1678710,324075630000,0.60,4166.09,sh000300,沪深300
2022-06-02,4064,4091.15,4057.91,1138936,222657540000,0.40,4089.57,sh000300,沪深300
2022-06-01,4086.62,4094.90,4058.85,1148509,225416240000,0.41,4083.18,sh000300,沪深300
2022-05-31,4031.76,4096.20,4020.38,1354155,267770090000,0.48,4091.52,sh000300,沪深300
2022-05-30,4020.86,4040.82,4003.38,1111522,211144720000,0.40,4029.02,sh000300,沪深300
2022-05-27,4022.71,4051.14,3983.38,1127693,206944430000,0.40,4001.30,sh000300,沪深300
2022-05-26,3987.68,4015.75,3938.24,1262637,216987030000,0.45,3993.04,sh000300,沪深300
2022-05-25,3959.77,3983.62,3946.81,1077340,188700540000,0.38,3983.18,sh000300,沪深300
2022-05-24,4052.87,4055.78,3959.15,1455543,247713040000,0.52,3959.15,sh000300,沪深300
2022-05-23,4080.97,4080.97,4029.08,1304778,225981540000,0.46,4053.98,sh000300,沪深300
2022-05-20,4020.82,4077.60,4020.82,1470692,265609090000,0.52,4077.60,sh000300,沪深300
2022-05-19,3938.30,3999.60,3933.75,1162934,210206680000,0.41,3999.60,sh000300,沪深300
2022-05-18,4015.01,4017.34,3964.75,1080742,201800670000,0.38,3991.91,sh000300,沪深300
2022-05-17,3961.76,4005.89,3955.10,1096615,210117540000,0.39,4005.89,sh000300,沪深300
2022-05-16,4015,4018.03,3947.75,1124253,199717910000,0.40,3956.54,sh000300,沪深300
2022-05-13,3983.82,4003.85,3957.14,1099684,195727040000,0.39,3988.60,sh000300,沪深300
2022-05-12,3949.95,3985.93,3935.59,1133761,202029160000,0.40,3958.74,sh000300,沪深300
2022-05-11,3917.93,4033.30,3916.52,1656323,309294910000,0.59,3976.42,sh000300,沪深300
2022-05-10,3820.63,3932.68,3808.57,1364169,239060210000,0.49,3919.87,sh000300,沪深300
2022-05-09,3883.95,3914.11,3854.94,929367,171756500000,0.33,3877.44,sh000300,沪深300
2022-05-06,3928.85,3947.24,3902.05,1230056,214825170000,0.44,3908.82,sh000300,沪深300
2022-05-05,3995.35,4039.70,3988.93,1541707,290538230000,0.55,4010.21,sh000300,沪深300
2022-04-29,3939.62,4017.43,3898.57,1794584,321414880000,0.64,4016.24,sh000300,沪深300
2022-04-28,3883.42,3943.43,3873.58,1530566,268502240000,0.55,3921.11,sh000300,沪深300
2022-04-27,3758.08,3895.73,3757.09,1727340,296924100000,0.62,3895.54,sh000300,沪深300
2022-04-26,3822.49,3871.85,3773.90,1575776,259626350000,0.56,3784.12,sh000300,沪深300
2022-04-25,3933.45,3958.21,3814.91,1683645,272889270000,0.60,3814.91,sh000300,沪深300
2022-04-22,3967.20,4037.08,3953.72,1221018,206371770000,0.44,4013.25,sh000300,沪深300
2022-04-21,4048.73,4086.44,3978.37,1327838,227026680000,0.47,3995.83,sh000300,沪深300
2022-04-20,4130.54,4136.17,4060.50,1173317,216536640000,0.42,4070.79,sh000300,沪深300
2022-04-19,4161.93,4186.94,4115.42,1102175,208570580000,0.39,4134.90,sh000300,沪深300
2022-04-18,4152.93,4171.74,4119.99,1175046,212855330000,0.42,4166.38,sh000300,沪深300
2022-04-15,4162.37,4211.32,4152.97,1247623,226229740000,0.45,4188.75,sh000300,沪深300
2022-04-14,4172.64,4217.06,4155.55,1247913,245993820000,0.45,4191.57,sh000300,沪深300
2022-04-13,4154.41,4194.04,4139.74,1250975,221281030000,0.45,4139.74,sh000300,沪深300
2022-04-12,4102.97,4179.97,4075.80,1442857,252830410000,0.52,4179.97,sh000300,沪深300
2022-04-11,4203.79,4203.79,4089.09,1481971,265224930000,0.53,4100.07,sh000300,沪深300
2022-04-08,4213.21,4237.81,4175.53,1428438,229081760000,0.51,4230.77,sh000300,沪深300
2022-04-07,4240.02,4278.11,4205.74,1348804,216996190000,0.48,4209.10,sh000300,沪深300
2022-04-06,4258.83,4277.52,4236.73,1590622,253690930000,0.57,4263.84,sh000300,沪深300
2022-04-01,4198.82,4290.67,4190.08,1338031,244758870000,0.48,4276.16,sh000300,沪深300
2022-03-31,4234.72,4247.36,4214.54,1340292,238877220000,0.48,4222.60,sh000300,沪深300
2022-03-30,4162.17,4254.10,4160.74,1383460,268869180000,0.49,4254.10,sh000300,沪深300
2022-03-29,4155.42,4177.21,4124.72,1002670,199463850000,0.36,4134.14,sh000300,沪深300
2022-03-28,4128.84,4174.12,4091.30,1184490,213468970000,0.42,4148.47,sh000300,沪深300
2022-03-25,4249.07,4254.84,4173.93,1088080,217013190000,0.39,4174.57,sh000300,沪深300
2022-03-24,4249.53,4273.96,4216.85,1089183,219594430000,0.39,4251.31,sh000300,沪深300
2022-03-23,4269.61,4287.58,4241.96,1170891,226390780000,0.42,4276.52,sh000300,沪深300
2022-03-22,4252.57,4283.33,4236.69,1263825,226213530000,0.45,4255.30,sh000300,沪深300
2022-03-21,4280.14,4287.82,4223.02,1270364,251214540000,0.45,4258.75,sh000300,沪深300
2022-03-18,4218.47,4283.37,4194.94,1494583,275791290000,0.53,4265.90,sh000300,沪深300
2022-03-17,4237.67,4302.74,4217.80,1794073,385039200000,0.64,4237.70,sh000300,沪深300
2022-03-16,4053.10,4168.59,3942.86,1960220,378883590000,0.70,4156.08,sh000300,沪深300
2022-03-15,4125.49,4163.42,3983.81,2025247,346988950000,0.72,3983.81,sh000300,沪深300
2022-03-14,4248.15,4280.36,4174.76,1301872,260691660000,0.47,4174.76,sh000300,沪深300
2022-03-11,4231.20,4316.04,4176.45,1523999,295008830000,0.54,4306.52,sh000300,沪深300
2022-03-10,4326.20,4335.67,4288.51,1452664,301636180000,0.52,4292.84,sh000300,沪深300
2022-03-09,4280.98,4304.48,4068.19,1942329,341009390000,0.69,4226.35,sh000300,沪深300
2022-03-08,4361.64,4383.65,4252.54,1678633,315176700000,0.60,4265.39,sh000300,沪深300
2022-03-07,4462.52,4462.52,4338.30,1621977,306898530000,0.58,4352.78,sh000300,沪深300
2022-03-04,4513.36,4539.39,4481.49,1272668,249970280000,0.46,4496.43,sh000300,沪深300
2022-03-03,4595.02,4599.40,4544.43,1382859,242701770000,0.49,4551.63,sh000300,沪深300
2022-03-02,4594.02,4594.02,4558.44,1132983,215299660000,0.41,4578.60,sh000300,沪深300
2022-03-01,4597.86,4623.43,4583.92,1231392,260431190000,0.44,4619.69,sh000300,沪深300
2022-02-28,4563.74,4581.65,4530.68,1354070,248363730000,0.48,4581.65,sh000300,沪深300
2022-02-25,4564.63,4611.86,4561.90,1497226,271727600000,0.54,4573.42,sh000300,沪深300
2022-02-24,4592.07,4610.88,4488.48,1844031,342346670000,0.66,4529.32,sh000300,沪深300
2022-02-23,4582.01,4625.30,4579.29,1229529,259050150000,0.44,4623.05,sh000300,沪深300
2022-02-22,4601.92,4602.07,4550.80,1233172,246872960000,0.44,4574.15,sh000300,沪深300
2022-02-21,4646.05,4646.67,4613.30,1125165,215039180000,0.40,4634.31,sh000300,沪深300
2022-02-18,4604.57,4651.34,4598.10,1045502,195825700000,0.37,4651.24,sh000300,沪深300
2022-02-17,4616.90,4650.16,4606.95,1100146,227946250000,0.39,4629.16,sh000300,沪深300
2022-02-16,4619.85,4643.10,4607.22,1072590,210190930000,0.38,4617.99,sh000300,沪深300
2022-02-15,4553.81,4601.45,4550.54,1150256,249977010000,0.41,4600.10,sh000300,沪深300
2022-02-14,4579.42,4593.63,4530.06,1436739,275737550000,0.52,4551.69,sh000300,沪深300
2022-02-11,4617.87,4662.60,4595.88,1559746,307938020000,0.56,4601.40,sh000300,沪深300
2022-02-10,4657.21,4657.21,4608.09,1515767,287224390000,0.54,4639.86,sh000300,沪深300
2022-02-09,4608.15,4659.46,4595.28,1483355,273771960000,0.53,4652.06,sh000300,沪深300
2022-02-08,4626.44,4626.44,4522.47,1558307,281364870000,0.56,4608.77,sh000300,沪深300
2022-02-07,4638.58,4672.65,4615.01,1448497,266031790000,0.52,4634.09,sh000300,沪深300
2022-01-28,4641.81,4660.52,4559.83,1264801,263967890000,0.45,4563.77,sh000300,沪深300
2022-01-27,4708.10,4708.44,4616.03,1212638,250535650000,0.44,4619.88,sh000300,沪深300
2022-01-26,4697.10,4718.99,4648.13,1070708,226553450000,0.38,4712.31,sh000300,沪深300
2022-01-25,4761.95,4781.39,4678.25,1336676,250555770000,0.48,4678.45,sh000300,沪深300
2022-01-24,4753.94,4801.10,4746.45,1144639,246261590000,0.41,4786.74,sh000300,沪深300
2022-01-21,4808.77,4818.31,4762.56,1389526,274699160000,0.50,4779.31,sh000300,沪深300
2022-01-20,4778.26,4845,4777.57,1649713,304344270000,0.59,4823.51,sh000300,沪深300
2022-01-19,4815.81,4828.75,4755.93,1339274,275534560000,0.48,4780.38,sh000300,沪深300
2022-01-18,4766.78,4826.30,4747.92,1508708,282749390000,0.54,4813.35,sh000300,沪深300
2022-01-17,4728.76,4775.24,4726.71,1152957,263788240000,0.41,4767.28,sh000300,沪深300
2022-01-14,4743.91,4764.05,4723.94,1468631,281828450000,0.53,4726.73,sh000300,沪深300
2022-01-13,4853.03,4853.06,4765.24,1425197,288799120000,0.51,4765.92,sh000300,沪深300
2022-01-12,4818.89,4852.73,4810.92,1432002,293153040000,0.51,4845.58,sh000300,沪深300
2022-01-11,4840.01,4850.88,4791.89,1469280,286445760000,0.53,4797.77,sh000300,沪深300
2022-01-10,4812.23,4844.39,4780.82,1562117,305033820000,0.56,4844.05,sh000300,沪深300
2022-01-07,4824.32,4856.65,4818.19,1871394,332218950000,0.67,4822.37,sh000300,沪深300
2022-01-06,4842.16,4857.56,4786.43,1576658,321750080000,0.57,4818.23,sh000300,沪深300
2022-01-05,4907.93,4916.28,4851.98,1788161,363944530000,0.64,4868.12,sh000300,沪深300
2022-01-04,4957.98,4961.45,4874.53,1515348,336516960000,0.54,4917.77,sh000300,沪深300
2021-12-31,4937.46,4950.36,4923.14,1213137,266975390000,0.44,4940.37,sh000300,沪深300
2021-12-30,4882.16,4940.18,4878.65,1216172,268022480000,0.44,4921.51,sh000300,沪深300
2021-12-29,4958.65,4958.65,4883.48,1135870,273225470000,0.41,4883.48,sh000300,沪深300
2021-12-28,4923.69,4959.14,4913.60,1304578,276316730000,0.47,4955.96,sh000300,沪深300
2021-12-27,4918.15,4939.69,4894.16,1241010,254421530000,0.45,4919.32,sh000300,沪深300
2021-12-24,4953.06,4964.91,4905.98,1426733,290483660000,0.51,4921.34,sh000300,沪深300
2021-12-23,4924.29,4948.74,4906.75,1395554,263359750000,0.50,4948.74,sh000300,沪深300
2021-12-22,4924.58,4936.67,4903.17,1332567,244642450000,0.48,4914.45,sh000300,沪深300
2021-12-21,4876.51,4917.80,4872.95,1433399,259023180000,0.52,4913.49,sh000300,沪深300
2021-12-20,4934.97,4971.67,4872.68,1696757,317536920000,0.61,4880.42,sh000300,沪深300
2021-12-17,5021.34,5022.11,4954.76,1490054,297943310000,0.54,4954.76,sh000300,沪深300
2021-12-16,5006.61,5034.73,4987.22,1440539,291474770000,0.52,5034.73,sh000300,沪深300
2021-12-15,5036.28,5060.37,5003.78,1505298,291072570000,0.54,5005.90,sh000300,沪深300
2021-12-14,5066.35,5075.21,5038.86,1591078,318685540000,0.57,5049.70,sh000300,沪深300
2021-12-13,5090.02,5143.84,5079.73,2118016,426376530000,0.76,5083.80,sh000300,沪深300
2021-12-10,5046.27,5060.06,5035.81,1936952,356917630000,0.69,5055.12,sh000300,沪深300
2021-12-09,5000.69,5114.50,4999.41,2205688,425680960000,0.78,5078.69,sh000300,沪深300
2021-12-08,4934.41,4995.93,4915.79,1574906,329064830000,0.56,4995.93,sh000300,沪深300
2021-12-07,4930.83,4934.10,4895.22,1790535,340617770000,0.64,4922.10,sh000300,沪深300
2021-12-06,4909.43,4943.90,4888.69,1736157,333405790000,0.62,4892.62,sh000300,沪深300
2021-12-03,4856.98,4901.02,4853.35,1440596,300052700000,0.51,4901.02,sh000300,沪深300
2021-12-02,4839.91,4866.85,4830.32,1480885,278051730000,0.53,4856.16,sh000300,沪深300
2021-12-01,4831.89,4844.52,4823.93,1230868,255968910000,0.44,4843.85,sh000300,沪深300
2021-11-30,4857.18,4871.25,4810.22,1296306,279268230000,0.46,4832.03,sh000300,沪深300
2021-11-29,4820.01,4858.53,4818.71,1336269,285995220000,0.48,4851.42,sh000300,沪深300
2021-11-26,4886.95,4886.95,4850.81,1203690,243041340000,0.43,4860.13,sh000300,沪深300
2021-11-25,4917.61,4921.33,4891.73,1159840,255450990000,0.41,4896.44,sh000300,沪深300
2021-11-24,4914.03,4935.49,4899.61,1371507,289707340000,0.49,4916.66,sh000300,沪深300
2021-11-23,4905.76,4927.52,4896.88,1543044,301022150000,0.55,4913.35,sh000300,沪深300
2021-11-22,4895.39,4919,4893.27,1380928,316148810000,0.49,4912.40,sh000300,沪深300
2021-11-19,4832.06,4892.81,4829.57,1271983,266280680000,0.45,4890.06,sh000300,沪深300
2021-11-18,4871.42,4871.42,4830.41,1144806,244484710000,0.41,4837.62,sh000300,沪深300
2021-11-17,4883.25,4891.52,4864.52,1084592,246177920000,0.39,4885.75,sh000300,沪深300
2021-11-16,4880.90,4915.37,4876.50,1272544,284094590000,0.46,4883.32,sh000300,沪深300
2021-11-15,4894.41,4906.33,4863.40,1218231,272997750000,0.44,4882.38,sh000300,沪深300
2021-11-12,4902.93,4909.08,4875.35,1326630,271773240000,0.48,4888.37,sh000300,沪深300
2021-11-11,4814.77,4898.65,4809.11,1604849,323624630000,0.58,4898.65,sh000300,沪深300
2021-11-10,4832.80,4832.80,4754,1351182,301058970000,0.49,4821.19,sh000300,沪深300
2021-11-09,4858.25,4870.79,4818.54,1183755,261645070000,0.43,4846.74,sh000300,沪深300
2021-11-08,4841.15,4866.08,4827.69,1373983,295893820000,0.50,4848.18,sh000300,沪深300
2021-11-05,4858.90,4889.68,4841.74,1477894,312070840000,0.53,4842.35,sh000300,沪深300
2021-11-04,4841.09,4873.94,4834.74,1325930,308688050000,0.48,4868.74,sh000300,沪深300
2021-11-03,4835.81,4858.71,4804.37,1427638,302269930000,0.52,4821.11,sh000300,沪深300
2021-11-02,4886.18,4911.23,4797.90,1854377,385731880000,0.67,4839.85,sh000300,沪深300
2021-11-01,4878.13,4908.21,4858.25,1715840,379730770000,0.62,4890.69,sh000300,沪深300
2021-10-29,4861.27,4908.77,4855.76,1598874,368731990000,0.58,4908.77,sh000300,沪深300
2021-10-28,4882.59,4898.66,4846.28,1566495,316631710000,0.57,4864.14,sh000300,沪深300
2021-10-27,4949.23,4949.23,4884.94,1471116,299460470000,0.53,4898.16,sh000300,沪深300
2021-10-26,4983.24,5002.57,4953.48,1408889,301786230000,0.51,4963.10,sh000300,沪深300
2021-10-25,4940.90,4981.65,4930.11,1418615,299408230000,0.51,4979.52,sh000300,沪深300
2021-10-22,4934.87,4989.89,4934.87,1439262,289252610000,0.52,4959.73,sh000300,沪深300
2021-10-21,4914.74,4946.18,4893.85,1488982,274802960000,0.54,4928.02,sh000300,沪深300
2021-10-20,4926.77,4944.02,4898.37,1415332,279747730000,0.51,4910.18,sh000300,沪深300
2021-10-19,4869.39,4928.14,4868.81,1352665,282928240000,0.49,4922.72,sh000300,沪深300
2021-10-18,4922.51,4922.51,4844.94,1412452,302539440000,0.51,4874.78,sh000300,沪深300
2021-10-15,4896.56,4939.82,4881.01,1428220,300728490000,0.52,4932.11,sh000300,沪深300
2021-10-14,4934.26,4953.92,4903.25,1195570,249151670000,0.43,4913.61,sh000300,沪深300
2021-10-13,4880.14,4953.37,4869.83,1311428,280044670000,0.47,4940.11,sh000300,沪深300
2021-10-12,4920.66,4925.49,4840.77,1680793,299424240000,0.61,4883.84,sh000300,沪深300
2021-10-11,4941.29,4983.73,4930.71,1635116,315186320000,0.59,4936.19,sh000300,沪深300
2021-10-08,4915.73,4937.09,4891.62,1689681,343635840000,0.61,4929.94,sh000300,沪深300
2021-09-30,4843.95,4876.07,4843.95,1461139,283254690000,0.53,4866.38,sh000300,沪深300
2021-09-29,4846.02,4868.07,4799.88,1881714,331841770000,0.68,4833.93,sh000300,沪深300
2021-09-28,4869.08,4901.31,4846.63,1768909,321272190000,0.64,4883.83,sh000300,沪深300
2021-09-27,4870.85,4922.56,4852.20,2159670,426083030000,0.78,4877.37,sh000300,沪深300
2021-09-24,4845.64,4897.06,4838.54,2076933,361849450000,0.75,4849.43,sh000300,沪深300
2021-09-23,4848.22,4877.34,4837.56,2281511,362140920000,0.83,4853.20,sh000300,沪深300
2021-09-22,4770.73,4830.85,4765.23,1912204,311952990000,0.69,4821.77,sh000300,沪深300
2021-09-17,4797.11,4857.96,4786.09,2019581,360397420000,0.73,4855.94,sh000300,沪深300
2021-09-16,4866.79,4879.53,4806.14,2167521,393517270000,0.79,4807.70,sh000300,沪深300
2021-09-15,4903.85,4903.85,4843.12,1879847,363256650000,0.68,4867.32,sh000300,沪深300
2021-09-14,4989.83,5000.98,4907.32,2455904,417245830000,0.89,4917.16,sh000300,沪深300
2021-09-13,5006.77,5029.72,4964.96,2499153,433329630000,0.91,4991.66,sh000300,沪深300
2021-09-10,4967.98,5042.80,4962.37,2883044,472762530000,1.04,5013.52,sh000300,沪深300
2021-09-09,4952.49,4970.15,4929.95,2565302,401675690000,0.93,4970.01,sh000300,沪深300
2021-09-08,4986.80,5013.98,4955.89,2646153,428591080000,0.96,4972.13,sh000300,沪深300
2021-09-07,4932.98,5005.96,4915.61,2441785,417759640000,0.88,4992.83,sh000300,沪深300
2021-09-06,4841.06,4944.45,4837.79,2405072,452756280000,0.87,4933.73,sh000300,沪深300
2021-09-03,4875.07,4886.55,4828.70,2680919,466430120000,0.97,4843.06,sh000300,沪深300
2021-09-02,4865.82,4892.70,4845.62,2678580,465954130000,0.97,4869.41,sh000300,沪深300
2021-09-01,4804.69,4906.40,4763.30,3267211,568819750000,1.19,4869.46,sh000300,沪深300
2021-08-31,4803.09,4821.76,4740.75,2351187,460805650000,0.85,4805.61,sh000300,沪深300
2021-08-30,4847.03,4849.16,4787.20,2196358,477182070000,0.80,4813.27,sh000300,沪深300
2021-08-27,4794.97,4863.47,4793.59,1833102,368421410000,0.67,4827.04,sh000300,沪深300
2021-08-26,4892.20,4892.20,4798.70,1976174,368987720000,0.72,4801.61,sh000300,沪深300
2021-08-25,4890.52,4899.77,4865.76,1894480,371868200000,0.69,4898.16,sh000300,沪深300
2021-08-24,4844.59,4906.20,4842.75,1978832,417481430000,0.72,4888.39,sh000300,沪深300
2021-08-23,4777.73,4843.82,4764.01,1675791,389599130000,0.61,4835.88,sh000300,沪深300
2021-08-20,4817.49,4835.15,4720.83,1776358,404938040000,0.65,4769.27,sh000300,沪深300
2021-08-19,4886.56,4893.47,4839.57,2017117,397424960000,0.73,4862.14,sh000300,沪深300
2021-08-18,4838.47,4909.54,4818.90,1974744,395792170000,0.72,4894.24,sh000300,沪深300
2021-08-17,4935,4967.56,4823.39,1875735,388457130000,0.68,4837.40,sh000300,沪深300
2021-08-16,4935.92,4973.38,4931.37,1619534,340735120000,0.59,4941.07,sh000300,沪深300
2021-08-13,4958.76,4993.74,4921.28,1583143,352459070000,0.58,4945.98,sh000300,沪深300
2021-08-12,4998.07,5016.26,4962.99,1682237,361828380000,0.61,4973.35,sh000300,沪深300
2021-08-11,5037.08,5059.79,5009.98,1822661,373386350000,0.66,5015.34,sh000300,沪深300
2021-08-10,4977.82,5043.76,4941.24,1670519,410098760000,0.61,5043.15,sh000300,沪深300
2021-08-09,4890.26,5002.89,4884.04,1824369,408897060000,0.66,4985.56,sh000300,沪深300
2021-08-06,4943.04,4944.35,4891.80,1541797,371773600000,0.56,4921.56,sh000300,沪深300
2021-08-05,4946.17,4997.14,4921.94,1673818,398772210000,0.64,4948.67,sh000300,沪深300
2021-08-04,4927.74,4979.29,4919.66,1754665,425801410000,0.64,4978.85,sh000300,沪深300
2021-08-03,4909.23,4957.03,4890.85,2035334,471194130000,0.74,4934.46,sh000300,沪深300
2021-08-02,4794.82,4938.82,4761.46,2271949,524659450000,0.83,4933.74,sh000300,沪深300
2021-07-30,4825.70,4825.70,4761.04,1823498,420943940000,0.66,4811.17,sh000300,沪深300
2021-07-29,4845.76,4857.97,4800.01,1733221,415676120000,0.63,4850.27,sh000300,沪深300
2021-07-28,4714.29,4785.66,4663.90,1926344,419706160000,0.70,4760.48,sh000300,沪深300
2021-07-27,4924.28,4940.86,4749.03,2366312,521146120000,0.86,4751.31,sh000300,沪深300
2021-07-26,5067.31,5067.31,4859.60,2281117,495153660000,0.83,4925.30,sh000300,沪深300
2021-07-23,5145.43,5145.43,5080,2165368,435521170000,0.79,5089.23,sh000300,沪深300
2021-07-22,5150.39,5171.21,5137.88,1855569,418221650000,0.68,5151.75,sh000300,沪深300
2021-07-21,5122.78,5160.54,5122.30,1679765,390275520000,0.61,5144.04,sh000300,沪深300
2021-07-20,5080.22,5114,5067.86,1293000,283543130000,0.47,5108.99,sh000300,沪深300
2021-07-19,5083.73,5120.82,5047.62,1531996,340322620000,0.56,5113.49,sh000300,沪深300
2021-07-16,5140.90,5140.90,5090.63,1699560,362594260000,0.62,5094.77,sh000300,沪深300
2021-07-15,5073.26,5153.81,5067.68,1810771,372484080000,0.66,5151.46,sh000300,沪深300
2021-07-14,5130.75,5130.75,5075.13,1883527,372568110000,0.69,5083.08,sh000300,沪深300
2021-07-13,5128.61,5154.05,5114.94,1664822,361328490000,0.61,5142.10,sh000300,沪深300
2021-07-12,5108.38,5159.41,5070.32,2062120,437203150000,0.75,5132.71,sh000300,沪深300
2021-07-09,5063.15,5081.41,5006.41,1606532,352845580000,0.59,5069.44,sh000300,沪深300
2021-07-08,5149.31,5151.22,5078.93,1739010,397879870000,0.63,5088.26,sh000300,沪深300
2021-07-07,5052.42,5152.77,5045.41,1485491,336731400000,0.54,5140.49,sh000300,沪深300
2021-07-06,5089.78,5092.21,5028.51,1406552,362828900000,0,5083.10,sh000300,沪深300
2021-07-05,5073.78,5098.23,5048,1312116,335197790000,0,5085.79,sh000300,沪深300
2021-07-02,5186.66,5186.66,5074.36,1304264,342578960000,0,5081.12,sh000300,沪深300
2021-07-01,5241.20,5252.26,5190.88,1272406,324097400000,0,5229.66,sh000300,沪深300
2021-06-30,5189.38,5231.43,5186.63,1037527,281015500000,0,5224.04,sh000300,沪深300
2021-06-29,5248.52,5248.52,5182.68,1251630,314896840000,0,5190.54,sh000300,沪深300
2021-06-28,5253.61,5260.64,5226.22,1331938,337452770000,0,5251.76,sh000300,沪深300
2021-06-25,5159.80,5251.61,5157.48,1549311,368265640000,0,5239.97,sh000300,沪深300
2021-06-24,5156.56,5160.43,5120.58,1266856,312607420000,0,5155.97,sh000300,沪深300
2021-06-23,5127.19,5171.03,5109.76,1363561,358765670000,0,5147.39,sh000300,沪深300
2021-06-22,5106.07,5125.82,5086.28,1304168,313690370000,0,5122.16,sh000300,沪深300
2021-06-21,5088.09,5123.78,5058.57,1321845,331527110000,0,5090.39,sh000300,沪深300
2021-06-18,5104.93,5128.03,5064.92,1485858,356697100000,0,5102.47,sh000300,沪深300
2021-06-17,5074.38,5123.37,5073.82,1204525,281927280000,0,5101.89,sh000300,沪深300
2021-06-16,5163.25,5164.52,5076.02,1251480,298286770000,0,5080.49,sh000300,沪深300
2021-06-15,5218.56,5225.50,5137.41,1428801,330616620000,0,5166.56,sh000300,沪深300
2021-06-11,5275.75,5276.10,5213.60,1808072,365363490000,0,5224.70,sh000300,沪深300
2021-06-10,5236.47,5299.53,5229.52,1389920,301454330000,0,5271.47,sh000300,沪深300
2021-06-09,5224.95,5253.36,5215.35,1218203,255075450000,0,5236.45,sh000300,沪深300
2021-06-08,5276.97,5319.04,5201.14,1305595,304042220000,0,5232.12,sh000300,沪深300
2021-06-07,5284.89,5286.84,5242.95,1277050,280463260000,0,5277.63,sh000300,沪深300
2021-06-04,5228.28,5334.49,5221.23,1447321,292326050000,0,5282.28,sh000300,沪深300
2021-06-03,5285.71,5314.37,5255.07,1419689,285448630000,0,5255.29,sh000300,沪深300
2021-06-02,5348.34,5352.64,5266.79,1377543,296176180000,0,5289.97,sh000300,沪深300
2021-06-01,5320.47,5343.75,5269.26,1438315,321845840000,0,5341.68,sh000300,沪深300
2021-05-31,5318.08,5331.63,5281.69,1446033,321450800000,0,5331.57,sh000300,沪深300
2021-05-28,5338.73,5360.28,5288.65,1646058,330711900000,0,5321.09,sh000300,沪深300
2021-05-27,5311.37,5378.48,5286.05,1484629,311893710000,0,5338.23,sh000300,沪深300
2021-05-26,5326.12,5344.28,5308.74,1696071,346444640000,0,5320.59,sh000300,沪深300
2021-05-25,5165.04,5324.36,5161.52,1829968,404683310000,0,5318.48,sh000300,沪深300
2021-05-24,5138.81,5155.59,5092.39,1267423,278513130000,0,5155.59,sh000300,沪深300
2021-05-21,5199.13,5216.16,5123.12,1247685,268053630000,0,5134.15,sh000300,沪深300
2021-05-20,5167.05,5201.59,5152.04,1384548,277088460000,0,5186.41,sh000300,沪深300
2021-05-19,5173.17,5193.56,5151.64,1187300,250736280000,0,5172.27,sh000300,沪深300
2021-05-18,5190.93,5201.67,5156.79,1184043,238182270000,0,5187.60,sh000300,沪深300
2021-05-17,5115.31,5206.69,5115.31,1538896,335439910000,0,5184.99,sh000300,沪深300
2021-05-14,5007.63,5112.98,4981.29,1594262,318802790000,0,5110.59,sh000300,沪深300
2021-05-13,4992.35,5022.08,4975.45,1322794,237821400000,0,4992.97,sh000300,沪深300
2021-05-12,5003.82,5051.17,4995.40,1266191,228344010000,0,5044.55,sh000300,沪深300
2021-05-11,4956.08,5033.49,4925.92,1515265,270931620000,0,5023.06,sh000300,沪深300
2021-05-10,5001.44,5019.39,4953.70,1708206,282656810000,0,4992.42,sh000300,沪深300
2021-05-07,5073.46,5093.75,4996.04,1722583,304638400000,0,4996.05,sh000300,沪深300
2021-05-06,5098.80,5132.90,5037.41,1588226,323258260000,0,5061.12,sh000300,沪深300
2021-04-30,5156.36,5163.25,5094.93,1601216,315075100000,0,5123.49,sh000300,沪深300
2021-04-29,5128.28,5170.59,5113.65,1400925,294112450000,0,5164.17,sh000300,沪深300
2021-04-28,5073.97,5119.45,5059.26,1206203,272182520000,0,5119.24,sh000300,沪深300
2021-04-27,5076.64,5095.98,5042.61,1239618,254738010000,0,5090.52,sh000300,沪深300
2021-04-26,5156.59,5181.11,5072.96,1513820,325760380000,0,5077.24,sh000300,沪深300
2021-04-23,5088.83,5149.98,5086.49,1220570,264345180000,0,5135.45,sh000300,沪深300
2021-04-22,5114.28,5119.22,5067.14,1211676,241488850000,0,5089.24,sh000300,沪深300
2021-04-21,5055.24,5110.56,5047.99,1246373,242575000000,0,5098.74,sh000300,沪深300
2021-04-20,5065.78,5119.86,5058.92,1365417,276640590000,0,5083.37,sh000300,沪深300
2021-04-19,4966.41,5088.21,4940.75,1547698,307899780000,0,5087.02,sh000300,沪深300
2021-04-16,4966.90,4979.17,4917.96,1112399,213389170000,0,4966.18,sh000300,沪深300
2021-04-15,4969.91,4969.91,4900.30,1088294,213820880000,0,4948.97,sh000300,沪深300
2021-04-14,4945.69,4987.12,4940.27,1208608,221036280000,0,4980.63,sh000300,沪深300
2021-04-13,4949.81,4994.54,4924.20,1329194,225753230000,0,4939.64,sh000300,沪深300
2021-04-12,5026.98,5045.60,4933.01,1526443,267218200000,0,4947.75,sh000300,沪深300
2021-04-09,5100.04,5100.04,5022.09,1284165,221519790000,0,5035.34,sh000300,沪深300
2021-04-08,5078.26,5129.13,5062.07,1417710,228422000000,0,5112.21,sh000300,沪深300
2021-04-07,5141.66,5141.66,5065.19,1457637,246271190000,0,5103.74,sh000300,沪深300
2021-04-06,5178.64,5181.15,5125.33,1098342,213852440000,0,5140.34,sh000300,沪深300
2021-04-02,5129.85,5169.83,5116.35,1270023,248060380000,0,5161.56,sh000300,沪深300
2021-04-01,5059.94,5115.43,5056.87,1203249,211493320000,0,5110.78,sh000300,沪深300
2021-03-31,5085.95,5085.95,5015.61,1413357,241058490000,0,5048.36,sh000300,沪深300
2021-03-30,5043.10,5106.04,5032.80,1386186,254928010000,0,5094.73,sh000300,沪深300
2021-03-29,5052.26,5086.65,5010.39,1433882,266176600000,0,5046.88,sh000300,沪深300
2021-03-26,4953.95,5050.83,4953.95,1459267,273901920000,0,5037.99,sh000300,沪深300
2021-03-25,4904.07,4950.76,4883.66,1329452,219782050000,0,4926.35,sh000300,沪深300
2021-03-24,4985.40,5024.33,4919.89,1593860,265970020000,0,4928.69,sh000300,沪深300
2021-03-23,5057.06,5064.02,4966.53,1580140,255755380000,0,5009.25,sh000300,沪深300
2021-03-22,5008.40,5071.34,4996.54,1674026,264209100000,0,5057.15,sh000300,沪深300
2021-03-19,5068.53,5089.92,4980.76,1641748,282974490000,0,5007.09,sh000300,沪深300
2021-03-18,5114.59,5160.46,5111.13,1429015,260930050000,0,5141.77,sh000300,沪深300
2021-03-17,5062.77,5123.55,5020.13,1491624,263492420000,0,5100.86,sh000300,沪深300
2021-03-16,5054.41,5084.31,5009.95,1613901,271755050000,0,5079.36,sh000300,沪深300
2021-03-15,5116.12,5120.88,4992.40,2041531,330740510000,0,5035.54,sh000300,沪深300
2021-03-12,5153.67,5153.67,5086.82,2010206,323237750000,0,5146.38,sh000300,沪深300
2021-03-11,5024.56,5138.41,5020.58,1896008,333859200000,0,5128.22,sh000300,沪深300
2021-03-10,5047.06,5055.28,4981.62,1699285,309577410000,0,5003.61,sh000300,沪深300
2021-03-09,5066.15,5094.31,4917.91,2307110,414415210000,0,4971,sh000300,沪深300
2021-03-08,5299.79,5326.26,5079.80,2302316,407133800000,0,5080.02,sh000300,沪深300
2021-03-05,5191.97,5307.82,5174.25,2026280,352539770000,0,5262.80,sh000300,沪深300
2021-03-04,5388.48,5392.37,5254.78,2127752,384382460000,0,5280.71,sh000300,沪深300
2021-03-03,5327.35,5452.40,5316.48,1947091,337610310000,0,5452.21,sh000300,沪深300
2021-03-02,5453.28,5454.97,5305.05,1965111,376444600000,0,5349.63,sh000300,沪深300
2021-03-01,5389.25,5421.56,5345.94,1774635,358146550000,0,5418.78,sh000300,沪深300
2021-02-26,5343.90,5416.32,5318.86,2122645,405717700000,0,5336.76,sh000300,沪深300
2021-02-25,5494.47,5527.63,5444.16,2307360,412206160000,0,5469.56,sh000300,沪深300
2021-02-24,5591.48,5598.83,5379.73,2254286,472369210000,0,5437.57,sh000300,沪深300
2021-02-23,5542.68,5644.76,5541.11,2338077,424904470000,0,5579.67,sh000300,沪深300
2021-02-22,5785.51,5785.51,5597.33,2821244,543633150000,0,5597.33,sh000300,沪深300
2021-02-19,5734.02,5787.89,5667.32,2144758,456433790000,0,5778.84,sh000300,沪深300
2021-02-18,5922.07,5930.91,5747.66,2188487,507481240000,0,5768.38,sh000300,沪深300
2021-02-10,5709.68,5823.42,5707.33,1701698,417056460000,0,5807.72,sh000300,沪深300
2021-02-09,5584.17,5686.25,5555.05,1648873,378769120000,0,5686.25,sh000300,沪深300
2021-02-08,5506.14,5576.49,5479.85,1640338,367582770000,0,5564.56,sh000300,沪深300
2021-02-05,5494.70,5550.77,5477.65,1896996,395400130000,0,5483.41,sh000300,沪深300
2021-02-04,5453.98,5510.05,5411.57,1805757,397995210000,0,5473.95,sh000300,沪深300
2021-02-03,5499.30,5532.89,5473.12,1880543,404343600000,0,5485.20,sh000300,沪深300
2021-02-02,5429.70,5503.21,5411.52,1652106,380016720000,0,5501.09,sh000300,沪深300
2021-02-01,5356.85,5422.30,5342.05,1663137,346859080000,0,5417.65,sh000300,沪深300
2021-01-29,5413.97,5430.20,5288.10,1821788,390287690000,0,5351.96,sh000300,沪深300
2021-01-28,5450.37,5462.24,5360.38,1704856,376166520000,0,5377.14,sh000300,沪深300
2021-01-27,5505.77,5534.99,5449.64,1601908,376892610000,0,5528,sh000300,沪深300
2021-01-26,5600.90,5600.90,5506,1719046,415008070000,0,5512.97,sh000300,沪深300
2021-01-25,5564.12,5655.48,5543.27,1970470,508166980000,0,5625.92,sh000300,沪深300
2021-01-22,5562.38,5573.66,5513.88,1993000,456622190000,0,5569.78,sh000300,沪深300
2021-01-21,5492.96,5593.11,5490.56,2099502,453183680000,0,5564.97,sh000300,沪深300
2021-01-20,5439.91,5496.05,5426.54,1709133,373770380000,0,5476.43,sh000300,沪深300
2021-01-19,5525.97,5532.48,5415.72,2110434,433205180000,0,5437.52,sh000300,沪深300
2021-01-18,5438.16,5541.46,5410.78,2070519,422717210000,0,5518.52,sh000300,沪深300
2021-01-15,5471.39,5500.63,5390.27,2386374,475709920000,0,5458.08,sh000300,沪深300
2021-01-14,5556.21,5568.02,5458.68,2436834,501890110000,0,5470.46,sh000300,沪深300
2021-01-13,5609.26,5644.72,5535.14,2615699,546959740000,0,5577.97,sh000300,沪深300
2021-01-12,5419.50,5596.35,5417.63,2242202,486233760000,0,5596.35,sh000300,沪深300
2021-01-11,5504.24,5555.69,5412.50,2318360,522298480000,0,5441.16,sh000300,沪深300
2021-01-08,5526.29,5547.47,5442.69,2043250,473567650000,0,5495.43,sh000300,沪深300
2021-01-07,5428.39,5513.66,5413.35,2198721,473385350000,0,5513.66,sh000300,沪深300
2021-01-06,5386.51,5433.47,5341.43,1937734,444434380000,0,5417.67,sh000300,沪深300
2021-01-05,5245.84,5368.50,5234.38,2249312,498041940000,0,5368.50,sh000300,沪深300
2021-01-04,5212.93,5284.43,5190.94,2117114,452796180000,0,5267.72,sh000300,沪深300
2020-12-31,5122.48,5215.62,5122.48,1716025,358731370000,0,5211.29,sh000300,沪深300
2020-12-30,5037.98,5113.71,5036.63,1486264,296577810000,0,5113.71,sh000300,沪深300
2020-12-29,5071.45,5077.42,5034.31,1411987,279035230000,0,5042.94,sh000300,沪深300
2020-12-28,5042.94,5089.34,5037.86,1369144,281019250000,0,5064.41,sh000300,沪深300
2020-12-25,4985.77,5042.10,4973.68,1210070,243992270000,0,5042.01,sh000300,沪深300
2020-12-24,5006.01,5033.04,4979.24,1144187,246674480000,0,5000.02,sh000300,沪深300
2020-12-23,4977.30,5028.45,4968.15,1402928,308729040000,0,5007.12,sh000300,沪深300
2020-12-22,5034.98,5055.13,4960.95,1623450,326758820000,0,4964.77,sh000300,沪深300
2020-12-21,4995.76,5048.51,4970,1408118,298204300000,0,5046.84,sh000300,沪深300
2020-12-18,5014.32,5027.44,4979.01,1280496,258938550000,0,4999.97,sh000300,沪深300
2020-12-17,4960.73,5021.62,4950.37,1333855,270180360000,0,5017.48,sh000300,沪深300
2020-12-16,4957.30,4968.86,4938.19,1067790,229696040000,0,4953.87,sh000300,沪深300
2020-12-15,4931.60,4954.19,4904.79,1183426,248093390000,0,4945.10,sh000300,沪深300
2020-12-14,4903.63,4937.26,4887.66,1208016,247878280000,0,4934.84,sh000300,沪深300
2020-12-11,4957.82,4957.82,4849.35,1593577,275212730000,0,4889.63,sh000300,沪深300
2020-12-10,4931.29,4962.74,4919.77,1259143,229651280000,0,4940.52,sh000300,沪深300
2020-12-09,5022.38,5033.64,4942.52,1389170,260772770000,0,4942.70,sh000300,沪深300
2020-12-08,5029.11,5043.06,4998.92,1230730,234880650000,0,5009.88,sh000300,沪深300
2020-12-07,5065.73,5067.87,5014.61,1398962,264657770000,0,5022.24,sh000300,沪深300
2020-12-04,5049.52,5072.39,5017.85,1443472,257798820000,0,5065.92,sh000300,沪深300
2020-12-03,5065.45,5072.30,5033.79,1778657,275335210000,0,5057.06,sh000300,沪深300
2020-12-02,5072.98,5090.61,5043.31,1954355,310609730000,0,5067.14,sh000300,沪深300
2020-12-01,4963.13,5072.55,4963.13,2040656,328451010000,0,5067.10,sh000300,沪深300
2020-11-30,4994.11,5055.19,4960.25,2626390,396495830000,0,4960.25,sh000300,沪深300
2020-11-27,4930.59,4980.77,4917.35,1629529,253178970000,0,4980.77,sh000300,沪深300
2020-11-26,4908.32,4925.29,4867.82,1372023,239748150000,0,4919.59,sh000300,沪深300
2020-11-25,4992.75,5004.77,4910.70,1703405,277070640000,0,4910.70,sh000300,沪深300
2020-11-24,4997.05,5001.06,4960.98,1566379,264804440000,0,4974.29,sh000300,沪深300
2020-11-23,4954.60,5029.65,4940.45,2059152,333633830000,0,5005.03,sh000300,沪深300
2020-11-20,4928.22,4947.43,4922.59,1294003,229053680000,0,4943.29,sh000300,沪深300
2020-11-19,4880.92,4939.79,4870.20,1336814,247727140000,0,4927.99,sh000300,沪深300
2020-11-18,4889.67,4911.09,4870.72,1642166,290727220000,0,4891.67,sh000300,沪深300
2020-11-17,4903.12,4909.29,4865.39,1514875,288911410000,0,4894.79,sh000300,沪深300
2020-11-16,4880.96,4904.17,4848.62,1487710,266705030000,0,4904.17,sh000300,沪深300
2020-11-13,4886.98,4886.98,4825.76,1336931,255353110000,0,4856.85,sh000300,沪深300
2020-11-12,4916.77,4926.34,4891.51,1181146,227645910000,0,4908.46,sh000300,沪深300
2020-11-11,4937.76,4957.58,4901.71,1644705,303858560000,0,4904.90,sh000300,沪深300
2020-11-10,4995.41,4995.41,4928.93,1762672,334271460000,0,4953.88,sh000300,沪深300
2020-11-09,4918.86,4997.80,4918.86,1971320,371923280000,0,4981.35,sh000300,沪深300
2020-11-06,4897.63,4897.63,4845.43,1536390,305365100000,0,4885.72,sh000300,沪深300
2020-11-05,4861.34,4885.11,4838,1392446,281951930000,0,4885.11,sh000300,沪深300
2020-11-04,4781.45,4825.46,4770.56,1146618,230513770000,0,4813.66,sh000300,沪深300
2020-11-03,4743.17,4793.40,4734.17,1360554,252390560000,0,4777.56,sh000300,沪深300
2020-11-02,4702.75,4738.02,4695.44,1428677,279027690000,0,4720.83,sh000300,沪深300
2020-10-30,4776.47,4778.51,4683.47,1398023,280783320000,0,4695.33,sh000300,沪深300
2020-10-29,4683.61,4803.03,4679.25,1171173,252303500000,0,4772.92,sh000300,沪深300
2020-10-28,4703,4753.31,4685.60,1084634,226754260000,0,4737.27,sh000300,沪深300
2020-10-27,4680.14,4708.46,4671.85,926563,186675550000,0,4699.28,sh000300,沪深300
2020-10-26,4684.05,4713.39,4639.30,1083433,205518990000,0,4691.24,sh000300,沪深300
2020-10-23,4775.47,4802.46,4717.10,1068252,200985820000,0,4718.49,sh000300,沪深300
2020-10-22,4780.60,4791.81,4725.50,1013509,194614970000,0,4777.98,sh000300,沪深300
2020-10-21,4801.63,4801.63,4758.86,1038057,189978700000,0,4792.83,sh000300,沪深300
2020-10-20,4751.37,4793.47,4739.46,980482,185849200000,0,4793.47,sh000300,沪深300
2020-10-19,4823.49,4849.61,4747.34,1292464,225392200000,0,4755.49,sh000300,沪深300
2020-10-16,4798.92,4825.55,4765.97,1167161,204175130000,0,4791.68,sh000300,沪深300
2020-10-15,4810.78,4833.89,4796.26,1099650,213878290000,0,4798.74,sh000300,沪深300
2020-10-14,4830.46,4830.46,4795.91,1119069,229836210000,0,4807.10,sh000300,沪深300
2020-10-13,4812.90,4845.92,4795.37,1165163,242172570000,0,4839.20,sh000300,沪深300
2020-10-12,4705.19,4823.27,4704.16,1557846,307848560000,0,4823.16,sh000300,沪深300
2020-10-09,4663.61,4695.40,4655.09,1113375,229926730000,0,4681.14,sh000300,沪深300
2020-09-30,4607.58,4634.72,4563.41,890812,165532220000,0,4587.40,sh000300,沪深300
2020-09-29,4608.29,4616.68,4586.35,859939,159937890000,0,4591.80,sh000300,沪深300
2020-09-28,4582.65,4613.63,4571.15,850484,159314680000,0,4581.91,sh000300,沪深300
2020-09-25,4582.48,4599.54,4554.72,930152,167457380000,0,4570.02,sh000300,沪深300
2020-09-24,4623.95,4631.95,4562.21,1125937,193515870000,0,4563.07,sh000300,沪深300
2020-09-23,4639.66,4665.96,4623.55,958265,190393470000,0,4652.33,sh000300,沪深300
2020-09-22,4654.22,4706.21,4622.11,1196729,202909220000,0,4635.76,sh000300,沪深300
2020-09-21,4750.75,4752.98,4688.72,1245358,224137910000,0,4691.43,sh000300,沪深300
2020-09-18,4636.64,4737.80,4631.70,1604265,281885940000,0,4737.09,sh000300,沪深300
2020-09-17,4642.05,4664.95,4601.64,1059836,214146650000,0,4632.71,sh000300,沪深300
2020-09-16,4683.01,4690.68,4638.46,1087536,196120180000,0,4657.36,sh000300,沪深300
2020-09-15,4649.45,4691.50,4630.54,1019159,194573680000,0,4688.48,sh000300,沪深300
2020-09-14,4652.05,4666.99,4625.99,1072352,211653410000,0,4651.05,sh000300,沪深300
2020-09-11,4572.26,4630.88,4563.11,1153024,198240930000,0,4627.28,sh000300,沪深300
2020-09-10,4632.10,4647.75,4572.21,1506529,226146350000,0,4581.98,sh000300,沪深300
2020-09-09,4634.25,4645.20,4558.03,1622771,244905190000,0,4584.59,sh000300,沪深300
2020-09-08,4683.83,4707.90,4639.05,1391992,249198140000,0,4694.39,sh000300,沪深300
2020-09-07,4759.52,4789.30,4655.56,1486078,282316390000,0,4669.37,sh000300,沪深300
2020-09-04,4737.24,4778.20,4726.56,1200328,238463340000,0,4770.22,sh000300,沪深300
2020-09-03,4841.50,4877.01,4800.06,1456712,279411990000,0,4817.10,sh000300,沪深300
2020-09-02,4859.08,4863.55,4797.52,1579895,280778610000,0,4843.89,sh000300,沪深300
2020-09-01,4803.39,4842.14,4791.78,1383954,262018070000,0,4842.12,sh000300,沪深300
2020-08-31,4870.93,4901.21,4816.21,2025670,357005060000,0,4816.22,sh000300,沪深300
2020-08-28,4727.29,4850.49,4719.35,1593998,305047880000,0,4844.27,sh000300,沪深300
2020-08-27,4718.06,4731.94,4679.36,1190429,223631510000,0,4731.35,sh000300,沪深300
2020-08-26,4761.72,4786.42,4689.88,1513052,277456360000,0,4706.13,sh000300,沪深300
2020-08-25,4769.21,4802.41,4746.31,1417014,262308790000,0,4761.95,sh000300,沪深300
2020-08-24,4746.40,4769.47,4716.61,1511435,272428690000,0,4755.85,sh000300,沪深300
2020-08-21,4717.79,4739.48,4684.81,1426579,251775160000,0,4718.84,sh000300,沪深300
2020-08-20,4708.13,4721.44,4662.80,1583686,260486560000,0,4679.15,sh000300,沪深300
2020-08-19,4804.67,4809.05,4738.01,1924429,319403280000,0,4740.68,sh000300,沪深300
2020-08-18,4816.57,4825.39,4788.83,1891399,314395900000,0,4812.76,sh000300,沪深300
2020-08-17,4727.12,4838.09,4721.36,2680016,416469150000,0,4815.23,sh000300,沪深300
2020-08-14,4627.61,4708.07,4617.63,1472929,254343930000,0,4704.63,sh000300,沪深300
2020-08-13,4666.49,4671.77,4626.10,1525501,250945870000,0,4635.71,sh000300,沪深300
2020-08-12,4668.89,4681.62,4566.27,2028872,347298670000,0,4647.64,sh000300,沪深300
2020-08-11,4730.37,4791.53,4674.86,2055465,350828590000,0,4681.78,sh000300,沪深300
2020-08-10,4681.76,4757.66,4646.29,2037888,371297560000,0,4724.87,sh000300,沪深300
2020-08-07,4742.29,4749.02,4637.84,2135182,397041210000,0,4707.93,sh000300,沪深300
2020-08-06,4779.24,4791.86,4691.16,2278544,404323400000,0,4762.76,sh000300,沪深300
2020-08-05,4761.76,4786.70,4711.27,1967005,347407840000,0,4777.11,sh000300,沪深300
2020-08-04,4778.49,4807.08,4747.77,2399750,426411350000,0,4775.80,sh000300,沪深300
2020-08-03,4735.90,4771.37,4720.03,2147762,401914820000,0,4771.31,sh000300,沪深300
2020-07-31,4652.18,4741.81,4621.96,1848390,351119310000,0,4695.05,sh000300,沪深300
2020-07-30,4689.76,4704.63,4649.77,1669676,324009240000,0,4656.15,sh000300,沪深300
2020-07-29,4559.16,4680.56,4548.85,1866953,350432650000,0,4679.01,sh000300,沪深300
2020-07-28,4567.67,4590.25,4537.68,1627685,292835790000,0,4568.26,sh000300,沪深300
2020-07-27,4535.01,4558.12,4482.44,1714206,301893370000,0,4528.45,sh000300,沪深300
2020-07-24,4679.03,4691.70,4479.39,2439052,437726710000,0,4505.59,sh000300,沪深300
2020-07-23,4668.74,4731.40,4607.66,2343146,405175270000,0,4712.44,sh000300,沪深300
2020-07-22,4682.66,4790.45,4675.35,2241992,386470860000,0,4714.45,sh000300,沪深300
2020-07-21,4697.50,4714.29,4661.44,2004157,356069810000,0,4691.04,sh000300,沪深300
2020-07-20,4597.20,4681.94,4534.23,2460689,416714220000,0,4680.30,sh000300,沪深300
2020-07-17,4524.77,4601.37,4485.82,2073756,372973890000,0,4544.70,sh000300,沪深300
2020-07-16,4741.53,4772.56,4513.65,2846571,511237960000,0,4516.25,sh000300,沪深300
2020-07-15,4821.52,4837.48,4723.36,2723890,486748350000,0,4744.47,sh000300,沪深300
2020-07-14,4836.17,4860.44,4729.93,2972420,511211050000,0,4806.69,sh000300,沪深300
2020-07-13,4742.37,4878.08,4741.87,3216454,541105100000,0,4852.96,sh000300,沪深300
2020-07-10,4796.09,4821.37,4734.47,3169497,510472060000,0,4753.13,sh000300,沪深300
2020-07-09,4770.08,4854.12,4757.29,3510469,556718730000,0,4840.77,sh000300,沪深300
2020-07-08,4692.86,4803.36,4670.65,3480748,532849830000,0,4774,sh000300,沪深300
2020-07-07,4739.61,4796.32,4688.06,4060086,635254740000,0,4698.13,sh000300,沪深300
2020-07-06,4465.81,4678.11,4465.81,4058210,597438220000,0,4670.09,sh000300,沪深300
2020-07-03,4353.19,4419.60,4348.45,2904855,442335020000,0,4419.60,sh000300,沪深300
2020-07-02,4239.41,4340.10,4238.12,2529394,399571530000,0,4335.84,sh000300,沪深300
2020-07-01,4172.64,4247.78,4163.50,1699905,305711800000,0,4247.78,sh000300,沪深300
2020-06-30,4130,4174.42,4129.78,1259335,227935700000,0,4163.96,sh000300,沪深300
2020-06-29,4127.93,4137.37,4092.54,1308659,226522060000,0,4109.72,sh000300,沪深300
2020-06-24,4128.10,4144.68,4123.36,1217125,224551430000,0,4138.99,sh000300,沪深300
2020-06-23,4098.04,4124.73,4080.75,1292295,234806510000,0,4121.79,sh000300,沪深300
2020-06-22,4097.51,4126.94,4088.78,1558295,259200520000,0,4102.05,sh000300,沪深300
2020-06-19,4047.05,4109.36,4043.49,1529470,255549800000,0,4098.71,sh000300,沪深300
2020-06-18,4009.78,4047.56,4000.90,1381488,210192920000,0,4044.38,sh000300,沪深300
2020-06-17,4018.61,4018.61,3992.13,1056058,176977500000,0,4017.59,sh000300,沪深300
2020-06-16,3995.58,4014.57,3987.86,1110515,185104030000,0,4014.57,sh000300,沪深300
2020-06-15,3982.97,4007.14,3954.99,1312979,211125340000,0,3954.99,sh000300,沪深300
2020-06-12,3931.62,4011.06,3927.25,1341666,193504050000,0,4003.08,sh000300,沪深300
2020-06-11,4031.74,4043.01,3979.75,1273089,197079440000,0,3995.88,sh000300,沪深300
2020-06-10,4046.23,4046.23,4024.42,1122657,166778640000,0,4039.71,sh000300,沪深300
2020-06-09,4027.56,4052.16,4016.34,1153045,166533970000,0,4047.03,sh000300,沪深300
2020-06-08,4023.61,4050.22,4016.10,1379258,193047520000,0,4021.95,sh000300,沪深300
2020-06-05,3988.22,4001.25,3967.93,1024439,154311340000,0,4001.25,sh000300,沪深300
2020-06-04,3998.16,3999.81,3968.57,1042777,149057860000,0,3982.19,sh000300,沪深300
2020-06-03,4001.17,4018.68,3982.93,1365975,200882770000,0,3983.65,sh000300,沪深300
2020-06-02,3969.95,3991.78,3958.98,1443031,195563300000,0,3983.57,sh000300,沪深300
2020-06-01,3901.73,3976.32,3901.73,1364567,208436510000,0,3971.34,sh000300,沪深300
2020-05-29,3838.38,3872.30,3830.42,938138,135658140000,0,3867.02,sh000300,沪深300
2020-05-28,3848.49,3885.42,3818.43,930641,139108410000,0,3856.63,sh000300,沪深300
2020-05-27,3873.70,3873.70,3838.42,837118,123737500000,0,3845.61,sh000300,沪深300
2020-05-26,3850,3874.75,3844.48,774481,125445620000,0,3872.77,sh000300,沪深300
2020-05-25,3828.32,3835.63,3800.18,790333,127011920000,0,3829.32,sh000300,沪深300
2020-05-22,3907.58,3907.58,3818.15,1033784,157286500000,0,3824.06,sh000300,沪深300
2020-05-21,3950.60,3951.74,3907.58,948610,149154140000,0,3913.79,sh000300,沪深300
2020-05-20,3955.71,3955.71,3923.92,1007912,157102530000,0,3935.22,sh000300,沪深300
2020-05-19,3963.78,3966.85,3944.07,940153,159886220000,0,3956.25,sh000300,沪深300
2020-05-18,3914.66,3946.43,3898.40,1128018,188528120000,0,3922.91,sh000300,沪深300
2020-05-15,3941.13,3945.20,3907.40,926184,153301510000,0,3912.82,sh000300,沪深300
2020-05-14,3952.20,3952.20,3924.05,885300,143499180000,0,3925.22,sh000300,沪深300
2020-05-13,3946.64,3972.53,3932.57,881907,145563380000,0,3968.25,sh000300,沪深300
2020-05-12,3961.34,3970.11,3930.21,982506,157465780000,0,3960.24,sh000300,沪深300
2020-05-11,3974.76,3998.10,3944.50,1226738,193758090000,0,3960.18,sh000300,沪深300
2020-05-08,3943,3979.66,3935.98,1169433,190299580000,0,3963.62,sh000300,沪深300
2020-05-07,3937.59,3941.48,3915.90,1055146,167207800000,0,3924.89,sh000300,沪深300
2020-05-06,3867.26,3937.69,3865.99,1398557,214935960000,0,3936.25,sh000300,沪深300
2020-04-30,3880.41,3921.70,3880.41,1329171,202268290000,0,3912.58,sh000300,沪深300
2020-04-29,3837.51,3880.74,3833.72,958546,151282100000,0,3867.03,sh000300,沪深300
2020-04-28,3835.35,3859.68,3768.20,1220935,184179760000,0,3849.15,sh000300,沪深300
2020-04-27,3808.02,3842.87,3793.77,954627,145301150000,0,3822.77,sh000300,沪深300
2020-04-24,3826.31,3827.21,3787.07,948441,138961200000,0,3796.97,sh000300,沪深300
2020-04-23,3851.91,3857.47,3826.56,955085,142122550000,0,3829.75,sh000300,沪深300
2020-04-22,3789.13,3839.38,3782.21,858995,135547280000,0,3839.38,sh000300,沪深300
2020-04-21,3838.23,3838.23,3780,1029219,155077450000,0,3808.05,sh000300,沪深300
2020-04-20,3845.46,3853.80,3831.55,1000131,151924090000,0,3853.46,sh000300,沪深300
2020-04-17,3831.92,3863.45,3821.42,1320043,203595270000,0,3839.49,sh000300,沪深300
2020-04-16,3777.80,3807.36,3774.56,959480,147164300000,0,3802.38,sh000300,沪深300
2020-04-15,3820.85,3829.80,3793.44,1084620,169700220000,0,3797.36,sh000300,沪深300
2026-06-24,8638.66,8756.15,8613.08,95977679,251301501645.00,0.87,8724.60,sh000905,中证500
2026-06-23,8831.59,8895.34,8629.01,2724031,713885740000,2.48,8688.59,sh000905,中证500
2026-06-22,8709.66,8870.49,8605.22,2800231,759846040000,2.54,8868.78,sh000905,中证500
2026-06-18,8590.50,8716.34,8587.98,2394676,667474010000,2.18,8673.09,sh000905,中证500
2026-06-17,8451.63,8630.52,8451.63,2246460,655611280000,2.04,8627.09,sh000905,中证500
2026-06-16,8430.92,8538.19,8413.51,2314951,637593610000,2.11,8507.98,sh000905,中证500
2026-06-15,8175.05,8406.78,8174.59,2555626,624419630000,2.33,8406.75,sh000905,中证500
2026-06-12,8189.21,8258.91,8098.78,2662441,668679920000,2.35,8106.20,sh000905,中证500
2026-06-11,8025.61,8091.68,7965.02,1968578,512698920000,1.74,8035.78,sh000905,中证500
2026-06-10,8094.14,8148.26,7973.55,2109101,509158410000,1.87,8063.86,sh000905,中证500
2026-06-09,8059.34,8181.13,7965.49,2092930,506484790000,1.85,8176.18,sh000905,中证500
2026-06-08,7978.66,8142.34,7889.40,2447932,562548950000,2.17,7963.45,sh000905,中证500
2026-06-05,8317.64,8399.41,8218.14,2470893,612246480000,2.19,8251.14,sh000905,中证500
2026-06-04,8279.86,8391.05,8279.86,2308220,570131400000,2.04,8356.74,sh000905,中证500
2026-06-03,8317,8462.67,8294.29,2535765,608167870000,2.25,8362.16,sh000905,中证500
2026-06-02,8290.83,8378.43,8142.51,2395897,548050910000,2.12,8321.43,sh000905,中证500
2026-06-01,8358.49,8442.53,8259.60,2581750,584223620000,2.29,8274.21,sh000905,中证500
2026-05-29,8589.82,8597.98,8296.24,2811906,661406700000,2.49,8359.56,sh000905,中证500
2026-05-28,8503.67,8596.45,8424.45,2422400,596276740000,2.15,8563.22,sh000905,中证500
2026-05-27,8659.22,8722.58,8491.32,2591167,676927950000,2.30,8530.98,sh000905,中证500
2026-05-26,8665.44,8673.21,8529.67,2471078,647239450000,2.19,8658.62,sh000905,中证500
2026-05-25,8631.21,8705.20,8543.89,2350529,629332990000,2.08,8703.89,sh000905,中证500
2026-05-22,8473.61,8591.15,8414.94,2216104,556432680000,1.96,8576.94,sh000905,中证500
2026-05-21,8703.17,8790.38,8406.29,2794892,687607690000,2.48,8419.84,sh000905,中证500
2026-05-20,8581.39,8681.72,8552.43,2304187,574479530000,2.04,8656.31,sh000905,中证500
2026-05-19,8524.15,8633.06,8416.52,2438688,571306970000,2.16,8627.95,sh000905,中证500
2026-05-18,8493.02,8606.41,8472.42,2310934,559260920000,2.05,8554.24,sh000905,中证500
2026-05-15,8676.62,8717.09,8473.04,2709618,643023960000,2.40,8536.34,sh000905,中证500
2026-05-14,8952.95,8956.66,8670.16,2895026,658225130000,2.57,8670.16,sh000905,中证500
2026-05-13,8730.91,8925.88,8730.91,2540969,637052790000,2.25,8918.24,sh000905,中证500
2026-05-12,8856.18,8856.18,8736.42,2698710,633557980000,2.39,8785.98,sh000905,中证500
2026-05-11,8771.18,8863.77,8716.45,2883302,709124530000,2.56,8839.74,sh000905,中证500
2026-05-08,8638.84,8706.33,8616.22,2711435,609002650000,2.41,8694.17,sh000905,中证500
2026-05-07,8637.84,8700.34,8598.71,2709942,620440650000,2.41,8696.80,sh000905,中证500
2026-05-06,8441.34,8621.35,8441.34,2746475,635607540000,2.44,8588.44,sh000905,中证500
2026-04-30,8331.44,8375.19,8300.50,2475547,535036480000,2.20,8349.51,sh000905,中证500
2026-04-29,8157.35,8356.72,8157.35,2308720,489715090000,2.05,8342.42,sh000905,中证500
2026-04-28,8274.63,8275.33,8173.44,2201091,494514570000,1.96,8203.96,sh000905,中证500
2026-04-27,8236.43,8326.15,8219.94,2245958,524219030000,2,8299.05,sh000905,中证500
2026-04-24,8244.78,8299.88,8165.80,2223119,518618100000,1.98,8247.88,sh000905,中证500
2026-04-23,8387.76,8401.50,8220.95,2494870,565097210000,2.22,8295.21,sh000905,中证500
2026-04-22,8226.85,8377.34,8226.85,2133372,501951550000,1.90,8376.18,sh000905,中证500
2026-04-21,8263.38,8281.32,8189.76,2018363,441523130000,1.80,8270.33,sh000905,中证500
2026-04-20,8223.58,8310.94,8214.26,2137640,507388180000,1.90,8290.02,sh000905,中证500
2026-04-17,8155.40,8230.11,8149.94,1915788,453410860000,1.70,8214.19,sh000905,中证500
2026-04-16,8068.15,8189.18,8056.78,1884557,429996220000,1.68,8180.08,sh000905,中证500
2026-04-15,8144.81,8150.62,8020.87,2036561,456985400000,1.81,8044.08,sh000905,中证500
2026-04-14,8039.07,8088.57,8002.65,2142957,460131210000,1.91,8088.57,sh000905,中证500
2026-04-13,7917.92,7990.98,7917.92,1949487,409703670000,1.74,7967.70,sh000905,中证500
2026-04-10,7958.81,8070.65,7953.50,2034044,433921800000,1.81,7969.36,sh000905,中证500
2026-04-09,7865.21,7947.68,7845.96,1905557,398032240000,1.70,7898.63,sh000905,中证500
2026-04-08,7741.63,7945.15,7741.63,2319366,460383860000,2.07,7945.15,sh000905,中证500
2026-04-07,7562.14,7630.14,7529.40,1469614,279371110000,1.31,7571.11,sh000905,中证500
2026-04-03,7636.66,7640.84,7518.35,1516374,283332450000,1.36,7534.94,sh000905,中证500
2026-04-02,7726.45,7740.10,7562.21,1720849,325589870000,1.54,7605.29,sh000905,中证500
2026-04-01,7764.34,7778.99,7689.59,1759607,354799490000,1.57,7750.09,sh000905,中证500
2026-03-31,7740.58,7788.89,7617.33,1990860,376502130000,1.78,7617.33,sh000905,中证500
2026-03-30,7655.15,7766.11,7610.55,1978386,361442210000,1.77,7753.72,sh000905,中证500
2026-03-27,7539.20,7785.38,7539.20,1882051,344204680000,1.68,7737.61,sh000905,中证500
2026-03-26,7757.02,7777.29,7620.78,2062161,355916680000,1.84,7642.13,sh000905,中证500
2026-03-25,7660.40,7806.91,7660.40,2407116,423378160000,2.15,7767.67,sh000905,中证500
2026-03-24,7555.08,7597.37,7379.86,2289664,388538160000,2.05,7597.37,sh000905,中证500
2026-03-23,7623.24,7708.43,7399.04,2715610,451938510000,2.43,7440.75,sh000905,中证500
2026-03-20,7913.49,7941.59,7757.83,2194488,417113690000,1.96,7760.04,sh000905,中证500
2026-03-19,7975.85,8000.43,7844.15,2197449,394855040000,1.96,7877.09,sh000905,中证500
2026-03-18,8044.92,8105.96,7958.45,2064939,391242650000,1.85,8096.43,sh000905,中证500
2026-03-17,8199.99,8207.46,8016,2301328,406247340000,2.06,8016.03,sh000905,中证500
2026-03-16,8227.69,8233.66,8060.78,2562060,460796900000,2.29,8185.15,sh000905,中证500
2026-03-13,8317.78,8371.72,8217.97,2881310,482367290000,2.58,8239.80,sh000905,中证500
2026-03-12,8396.72,8433.04,8290.59,2824365,478413660000,2.52,8359.47,sh000905,中证500
2026-03-11,8419.31,8439.62,8379.03,2644874,495752480000,2.36,8403.33,sh000905,中证500
2026-03-10,8341.14,8412.93,8330.93,2399414,465082280000,2.15,8410.30,sh000905,中证500
2026-03-09,8234.19,8305.92,8066.14,2865185,523828530000,2.56,8279.48,sh000905,中证500
2026-03-06,8273.18,8394.33,8258.64,2345150,427695130000,2.10,8360.33,sh000905,中证500
2026-03-05,8383.55,8391.04,8251.11,2563435,472940760000,2.29,8309.17,sh000905,中证500
2026-03-04,8167.98,8377.17,8167.98,2721077,471470150000,2.43,8248.95,sh000905,中证500
2026-03-03,8651.06,8654.57,8267.11,3461539,634660480000,3.09,8281.61,sh000905,中证500
2026-03-02,8585.85,8683.98,8551.46,3390323,619505360000,3.03,8658.33,sh000905,中证500
2026-02-27,8499.80,8658.45,8499.80,2803612,512821940000,2.51,8658.45,sh000905,中证500
2026-02-26,8542.83,8582.76,8490.92,2541118,513984660000,2.27,8557.22,sh000905,中证500
2026-02-25,8412.08,8551.53,8401.60,2778934,506848670000,2.49,8527.56,sh000905,中证500
2026-02-24,8403.31,8444.13,8328.57,2246293,449713840000,2.01,8392.91,sh000905,中证500
2026-02-13,8366.33,8419.76,8290.84,2027857,406320460000,1.81,8299.58,sh000905,中证500
2026-02-12,8342.37,8437.42,8341.77,2121383,438320450000,1.90,8423.57,sh000905,中证500
2026-02-11,8295.33,8373.50,8295.12,2040197,388612430000,1.83,8325.81,sh000905,中证500
2026-02-10,8318.53,8331.99,8258.15,1958062,394283310000,1.75,8306.44,sh000905,中证500
2026-02-09,8280.11,8313.47,8229,2116676,427982320000,1.89,8311.28,sh000905,中证500
2026-02-06,8054.22,8247.30,8014.66,2186421,418373430000,1.96,8146.41,sh000905,中证500
2026-02-05,8203.06,8224.78,8081.43,2318405,435277700000,2.07,8146.11,sh000905,中证500
2026-02-04,8270.84,8309.86,8179.35,2688603,501886750000,2.41,8299.06,sh000905,中证500
2026-02-03,8135.87,8286.70,8075.37,2722271,543264490000,2.44,8286.70,sh000905,中证500
2026-02-02,8279.72,8324.43,8032.35,2996460,546055660000,2.68,8037.05,sh000905,中证500
2026-01-30,8439.65,8496.34,8194.58,3289472,600497370000,2.94,8370.52,sh000905,中证500
2026-01-29,8584.68,8658.94,8503.09,3541984,666256870000,3.17,8517.84,sh000905,中证500
2026-01-28,8565.34,8633.15,8526.53,3117743,612731520000,2.79,8601.16,sh000905,中证500
2026-01-27,8464.65,8581.10,8368.18,3028526,610885920000,2.71,8548.93,sh000905,中证500
2026-01-26,8624.89,8671.35,8453.48,3492856,692104520000,3.13,8506.69,sh000905,中证500
2026-01-23,8422.36,8590.17,8417.75,3196901,639421450000,2.86,8590.17,sh000905,中证500
2026-01-22,8355.68,8396.13,8337.20,2688052,546138130000,2.41,8387.59,sh000905,中证500
2026-01-21,8196.56,8351.45,8196.56,2433044,517592180000,2.18,8340.11,sh000905,中证500
2026-01-20,8307.64,8342.87,8142.14,2898645,588171480000,2.59,8247.80,sh000905,中证500
2026-01-19,8199.50,8318.37,8195.09,2614974,560926080000,2.34,8287.95,sh000905,中证500
2026-01-16,8241.69,8292.74,8204.53,2819790,616185540000,2.53,8232.67,sh000905,中证500
2026-01-15,8170.35,8249.03,8148.79,3135958,600802130000,2.81,8223.27,sh000905,中证500
2026-01-14,8165.35,8368.22,8123.40,4227660,815959270000,3.79,8227.70,sh000905,中证500
2026-01-13,8270.42,8270.42,8106.61,3641310,735218800000,3.26,8143.28,sh000905,中证500
2026-01-12,8141.63,8261.35,8103.24,3352363,685824120000,3,8249.13,sh000905,中证500
2026-01-09,7907.85,8064.76,7907.85,3146247,631145880000,2.81,8056.69,sh000905,中证500
2026-01-08,7853.21,7938.59,7849.07,2935617,564453370000,2.63,7894.54,sh000905,中证500
2026-01-07,7838.91,7909.66,7828.39,2939034,582740690000,2.63,7875.08,sh000905,中证500
2026-01-06,7663.94,7814.65,7663.66,3131251,571675100000,2.80,7814.14,sh000905,中证500
2026-01-05,7523.88,7651.24,7523.25,2518539,504690490000,2.25,7651.20,sh000905,中证500
2025-12-31,7473.75,7488.07,7435.07,1944277,380369640000,1.74,7465.57,sh000905,中证500
2025-12-30,7390.14,7495.06,7389.87,1962036,407623520000,1.76,7458.94,sh000905,中证500
2025-12-29,7467.50,7491.69,7411.45,1988443,390446090000,1.78,7430.61,sh000905,中证500
2025-12-26,7422.60,7484.92,7397.43,1992769,386914290000,1.78,7458.84,sh000905,中证500
2025-12-25,7341.92,7426.14,7334.34,1684142,336366990000,1.51,7410.71,sh000905,中证500
2025-12-24,7257.62,7362.57,7247.41,1688377,331930930000,1.51,7352.04,sh000905,中证500
2025-12-23,7257.91,7297.70,7228.72,1734760,328559030000,1.55,7256.79,sh000905,中证500
2025-12-22,7205.49,7277.39,7205.49,1782429,327207670000,1.60,7255.66,sh000905,中证500
2025-12-19,7124.40,7197.07,7117.16,1788431,292738020000,1.60,7169.55,sh000905,中证500
2025-12-18,7096.98,7172.96,7094.54,1548961,275510780000,1.39,7100.84,sh000905,中证500
2025-12-17,7002.51,7160.78,6988.87,1744131,302410120000,1.56,7137.83,sh000905,中证500
2025-12-16,7101.67,7102.77,6962.65,1720659,284968700000,1.54,7001.32,sh000905,中证500
2025-12-15,7121.38,7177.15,7110.68,1721741,301023640000,1.54,7113.96,sh000905,中证500
2025-12-12,7088.10,7187.10,7063.84,1984025,373144940000,1.74,7169.79,sh000905,中证500
2025-12-11,7171.21,7179.42,7082.89,1818486,300744580000,1.60,7082.89,sh000905,中证500
2025-12-10,7111.57,7171.97,7070.48,1539678,280495260000,1.35,7155.99,sh000905,中证500
2025-12-09,7150.97,7185.11,7103.83,1669011,305522300000,1.47,7121.33,sh000905,中证500
2025-12-08,7119.05,7193.72,7114.32,1926118,347244590000,1.69,7172.37,sh000905,中证500
2025-12-05,7008.65,7104.02,6965.81,1687383,275108400000,1.48,7097.84,sh000905,中证500
2025-12-04,7001.64,7039.72,6958.63,1410383,239912560000,1.24,7012.81,sh000905,中证500
2025-12-03,7044.86,7064.16,6975.09,1578389,251308650000,1.39,6996.36,sh000905,中证500
2025-12-02,7084.80,7085.30,7022.61,1495182,247360270000,1.31,7040.30,sh000905,中证500
2025-12-01,7053.85,7101.83,7040.80,1789734,308533690000,1.57,7101.83,sh000905,中证500
2025-11-28,6947.24,7031.71,6941.48,1402112,243255190000,1.23,7031.55,sh000905,中证500
2025-11-27,6970.73,7045.84,6943.44,1378411,253013150000,1.21,6951.28,sh000905,中证500
2025-11-26,6946.08,7024.88,6936.88,1489435,274858340000,1.31,6965.05,sh000905,中证500
2025-11-25,6915.12,7018.47,6912.32,1627125,289204910000,1.43,6954.60,sh000905,中证500
2025-11-24,6856.75,6905.92,6797.50,1663639,270213250000,1.46,6868.97,sh000905,中证500
2025-11-21,6955.75,6986.78,6817.41,2089334,310968720000,1.84,6817.41,sh000905,中证500
2025-11-20,7174.10,7180.73,7056.90,1596187,254158170000,1.40,7061.95,sh000905,中证500
2025-11-19,7141.26,7178.15,7086.12,1627866,256755090000,1.43,7122.75,sh000905,中证500
2025-11-18,7215.03,7230.54,7118.41,2022141,306540020000,1.78,7151.02,sh000905,中证500
2025-11-17,7248.92,7262.33,7202.59,2030506,310823160000,1.79,7235.35,sh000905,中证500
2025-11-14,7283.70,7329.60,7235.46,2058649,310485060000,1.82,7235.46,sh000905,中证500
2025-11-13,7243.64,7366.41,7243.64,1998902,339596060000,1.76,7355.29,sh000905,中证500
2025-11-12,7264.79,7305.86,7187.87,1855070,313840340000,1.64,7243.25,sh000905,中证500
2025-11-11,7364.93,7379.81,7281.97,1916603,338597660000,1.69,7291.61,sh000905,中证500
2025-11-10,7357.34,7384.79,7289.77,2045013,371310640000,1.80,7343.80,sh000905,中证500
2025-11-07,7307.30,7371.44,7285.82,1929206,336398940000,1.70,7327.91,sh000905,中证500
2025-11-06,7243.20,7352.18,7243.20,2017230,352809570000,1.78,7345.72,sh000905,中证500
2025-11-05,7098.96,7257.84,7098.96,1955802,311844650000,1.73,7229.34,sh000905,中证500
2025-11-04,7315.19,7323.70,7167.35,1933258,326392390000,1.71,7210.83,sh000905,中证500
2025-11-03,7327.12,7336.51,7214.83,2216871,390397100000,1.96,7333.60,sh000905,中证500
2025-10-31,7385.74,7430.86,7331,2320417,434918180000,2.05,7331,sh000905,中证500
2025-10-30,7462.43,7463.65,7375.24,2434120,473832270000,2.15,7385.71,sh000905,中证500
2025-10-29,7350.76,7480.97,7350.76,2238441,443141380000,1.98,7480.97,sh000905,中证500
2025-10-28,7344.45,7404.76,7308.27,2021185,422068630000,1.78,7341.03,sh000905,中证500
2025-10-27,7336.20,7391.21,7302.02,2320518,471762070000,2.05,7379.39,sh000905,中证500
2025-10-24,7175.92,7258.53,7174.35,1953239,366061820000,1.72,7258.53,sh000905,中证500
2025-10-23,7108.85,7153.66,7022.29,1889337,286304410000,1.67,7142.95,sh000905,中证500
2025-10-22,7135.21,7166.56,7101.83,1697433,286200270000,1.50,7128.48,sh000905,中证500
2025-10-21,7095.62,7193.73,7082.30,2059738,344991290000,1.82,7185.62,sh000905,中证500
2025-10-20,7092.88,7129.99,7033.38,1768342,314675080000,1.56,7069.64,sh000905,中证500
2025-10-17,7226.42,7254.58,7009.89,2000441,348113890000,1.77,7016.07,sh000905,中证500
2025-10-16,7269.26,7305.95,7206.44,1949364,359837530000,1.72,7231.53,sh000905,中证500
2025-10-15,7205.74,7294,7153.42,2175598,397458970000,1.92,7294,sh000905,中证500
2025-10-14,7434.11,7459.02,7166.08,2773589,505838520000,2.45,7194.85,sh000905,中证500
2025-10-13,7135.10,7391.82,7135.10,2580278,473285530000,2.28,7376.56,sh000905,中证500
2025-10-10,7499.39,7509.12,7373.98,2622566,502127440000,2.32,7398.22,sh000905,中证500
2025-10-09,7470.05,7559.09,7437.32,2831308,535756810000,2.50,7548.92,sh000905,中证500
2025-09-30,7372.52,7428.03,7372.06,2207075,444956370000,1.95,7412.37,sh000905,中证500
2025-09-29,7251.52,7377.22,7216.74,2335394,433864490000,2.07,7350.56,sh000905,中证500
2025-09-26,7311.84,7351.79,7237.05,2114441,430197600000,1.87,7240.91,sh000905,中证500
2025-09-25,7325.66,7379.61,7312.35,2361750,493046790000,2.09,7341.32,sh000905,中证500
2025-09-24,7140.31,7327.02,7133.43,2400649,477262270000,2.12,7323.71,sh000905,中证500
2025-09-23,7240.85,7250.82,7045.56,2812836,495068970000,2.49,7180.71,sh000905,中证500
2025-09-22,7182.89,7225.86,7143.08,2318581,421916000000,2.05,7225.13,sh000905,中证500
2025-09-19,7200.69,7232,7142.06,2715072,450654120000,2.40,7170.35,sh000905,中证500
2025-09-18,7248.28,7350.98,7115.63,3485895,604238740000,3.09,7199.88,sh000905,中证500
2025-09-17,7184.26,7265.39,7159.67,2582644,445549240000,2.29,7260.04,sh000905,中证500
2025-09-16,7152.19,7195.42,7080.43,2423492,435210190000,2.15,7190.99,sh000905,中证500
2025-09-15,7170.41,7174.89,7126.83,2382657,441828730000,2.11,7137.36,sh000905,中证500
2025-09-12,7115.61,7200.16,7112.42,2665675,499359870000,2.36,7147.75,sh000905,中证500
2025-09-11,6924.30,7123.05,6889.59,2439511,469498300000,2.16,7122.71,sh000905,中证500
2025-09-10,6911.11,6977.77,6870.40,1899229,359667340000,1.68,6932.11,sh000905,中证500
2025-09-09,6959.94,6999.73,6895.51,2258436,394761610000,2,6928.97,sh000905,中证500
2025-09-08,6927.41,6995.72,6896.66,2441743,455360580000,2.16,6992.12,sh000905,中证500
2025-09-05,6709.15,6919.34,6678.60,2408575,431958520000,2.14,6913.95,sh000905,中证500
2025-09-04,6884.36,6906.69,6607.98,2703419,471991420000,2.40,6698.45,sh000905,中证500
2025-09-03,6988.02,7003.27,6846.18,2590833,449579910000,2.30,6868.46,sh000905,中证500
2025-09-02,7108.94,7108.94,6909.72,2940365,541493730000,2.61,6961.69,sh000905,中证500
2025-09-01,7087.73,7110.69,7038.34,2859083,536161180000,2.54,7110.29,sh000905,中证500
2025-08-29,7030.27,7078.92,6990.75,2809158,523041430000,2.50,7043.94,sh000905,中证500
2025-08-28,6858.50,7011.16,6798.93,3080618,563651750000,2.74,7011.16,sh000905,中证500
2025-08-27,6964.77,7074.63,6862.56,3280602,583863940000,2.92,6862.56,sh000905,中证500
2025-08-26,6928.29,7008.96,6910.41,2815324,490812220000,2.50,6964.07,sh000905,中证500
2025-08-25,6886.27,6967.80,6863.93,3338289,574922700000,2.97,6951.90,sh000905,中证500
2025-08-22,6704.03,6823.36,6704.03,2567838,446681190000,2.28,6822.85,sh000905,中证500
2025-08-21,6739.69,6767.32,6673.06,2425402,404122610000,2.16,6704.17,sh000905,中证500
2025-08-20,6623.61,6728.07,6598.55,2442339,409671380000,2.17,6728.07,sh000905,中证500
2025-08-19,6663.16,6707.11,6631.12,2528393,444629210000,2.25,6655.31,sh000905,中证500
2025-08-18,6612.99,6709.78,6580.44,3024482,491491240000,2.69,6668.17,sh000905,中证500
2025-08-15,6417.39,6570.50,6417.39,2452172,381378600000,2.18,6568.57,sh000905,中证500
2025-08-14,6509.21,6519.79,6411.92,2289532,367959840000,2.04,6429.85,sh000905,中证500
2025-08-13,6422.79,6514.46,6422.21,2160224,353506820000,1.92,6508.10,sh000905,中证500
2025-08-12,6392.40,6418.16,6360.11,1683519,290495350000,1.50,6418.16,sh000905,中证500
2025-08-11,6335.43,6404.83,6335.43,1749092,277034090000,1.56,6391.76,sh000905,中证500
2025-08-08,6324.17,6351.33,6308.15,1725075,259175300000,1.54,6323.50,sh000905,中证500
2025-08-07,6356.33,6366.21,6299.49,1704464,274900590000,1.52,6337.54,sh000905,中证500
2025-08-06,6298.93,6357.59,6293.22,1660276,263770940000,1.48,6357.38,sh000905,中证500
2025-08-05,6277.01,6303.24,6272.51,1542067,235654710000,1.37,6303.24,sh000905,中证500
2025-08-04,6190.34,6261.96,6187.62,1485915,236649250000,1.32,6261.73,sh000905,中证500
2025-08-01,6221.05,6253.66,6177.48,1659072,254479550000,1.48,6213.20,sh000905,中证500
2025-07-31,6297.91,6322.07,6206.19,2242142,322273640000,2,6226.34,sh000905,中证500
2025-07-30,6345.37,6368.27,6269.51,2121284,304778470000,1.89,6314.69,sh000905,中证500
2025-07-29,6308.12,6356.15,6272.31,2017576,292526920000,1.80,6356.13,sh000905,中证500
2025-07-28,6305.22,6329.03,6271.93,2144483,305210100000,1.91,6323.42,sh000905,中证500
2025-07-25,6297.63,6311.17,6276.42,2370553,304368070000,2.11,6299.59,sh000905,中证500
2025-07-24,6197.85,6293.60,6197.85,2683556,320187940000,2.39,6293.60,sh000905,中证500
2025-07-23,6218.21,6256.15,6187.01,2583779,311060240000,2.30,6196.76,sh000905,中证500
2025-07-22,6166.62,6215.41,6152.81,2462116,313661670000,2.19,6213.41,sh000905,中证500
2025-07-21,6115.03,6162.44,6110.99,2073505,272008060000,1.85,6161.31,sh000905,中证500
2025-07-18,6092.23,6112.11,6073.64,1531522,236482710000,1.37,6099.61,sh000905,中证500
2025-07-17,6013.71,6082.46,6013.04,1496927,235042940000,1.33,6082.46,sh000905,中证500
2025-07-16,6019.58,6061.20,5997.16,1486101,213065130000,1.33,6017.19,sh000905,中证500
2025-07-15,6018.63,6049.79,5973.80,1897362,246076760000,1.69,6018.76,sh000905,中证500
2025-07-14,6033.18,6042.89,6011.69,1892774,226290850000,1.69,6020.86,sh000905,中证500
2025-07-11,5985.82,6057.62,5963.26,2223631,263484520000,1.98,6027.08,sh000905,中证500
2025-07-10,5950.97,6000.69,5942.29,1762426,207636640000,1.57,5983.05,sh000905,中证500
2025-07-09,5980.65,5992.13,5940.18,1649144,207864440000,1.47,5953.49,sh000905,中证500
2025-07-08,5903.10,5979.63,5903.10,1686811,216966440000,1.50,5977.74,sh000905,中证500
2025-07-07,5901.40,5910.80,5889.60,1372074,165759100000,1.22,5900.41,sh000905,中证500
2025-07-04,5917.75,5969.30,5889.73,1649411,211373140000,1.47,5911.44,sh000905,中证500
2025-07-03,5896.24,5929.73,5885.94,1300700,174689070000,1.16,5922.66,sh000905,中证500
2025-07-02,5922.54,5922.54,5873.89,1625005,194981070000,1.45,5892.95,sh000905,中证500
2025-07-01,5915.80,5936.92,5890.11,1541924,213595660000,1.37,5934.67,sh000905,中证500
2025-06-30,5877.67,5918.31,5872.23,1662751,226516690000,1.48,5915.39,sh000905,中证500
2025-06-27,5850.43,5905.70,5839.58,1993897,243302990000,1.78,5863.73,sh000905,中证500
2025-06-26,5868.29,5885.25,5835.34,1801642,235223720000,1.61,5838.25,sh000905,中证500
2025-06-25,5777.74,5866.52,5776.12,1846323,239260450000,1.65,5862.55,sh000905,中证500
2025-06-24,5683.46,5766.02,5683.46,1420823,191935450000,1.27,5765.84,sh000905,中证500
2025-06-23,5613.28,5684.40,5613.28,1116018,146034990000,1,5674.17,sh000905,中证500
2025-06-20,5669.09,5688.74,5636.78,1017948,135042600000,0.91,5639.51,sh000905,中证500
2025-06-19,5733.81,5750.46,5660.05,1255311,162657970000,1.12,5676.83,sh000905,中证500
2025-06-18,5740.16,5753.71,5709.80,1127038,154540140000,1.01,5745.87,sh000905,中证500
2025-06-17,5772.30,5776.63,5734.83,1215266,160121670000,1.09,5750.91,sh000905,中证500
2025-06-16,5725,5775.95,5725,1282427,170989180000,1.15,5767.81,sh000905,中证500
2025-06-13,5783.16,5794.67,5728.21,1676134,216010350000,1.49,5740.24,sh000905,中证500
2025-06-12,5780.97,5808.80,5766.52,1256158,165393540000,1.12,5799.93,sh000905,中证500
2025-06-11,5758.53,5818.57,5758.53,1237167,161353670000,1.10,5792.95,sh000905,中证500
2025-06-10,5809.83,5810.92,5715.97,1382692,182980300000,1.23,5757.99,sh000905,中证500
2025-06-09,5772.78,5823.90,5765.35,1281886,171482410000,1.14,5805.65,sh000905,中证500
2025-06-06,5768.40,5771.76,5750.66,1082177,148022370000,0.96,5762.08,sh000905,中证500
2025-06-05,5741.03,5778.10,5719.55,1252236,174970100000,1.11,5769.97,sh000905,中证500
2025-06-04,5696.57,5744.45,5696.57,1161961,150314940000,1.03,5739.01,sh000905,中证500
2025-06-03,5653.67,5710.42,5653.30,1228539,159996840000,1.09,5694.84,sh000905,中证500
2025-05-30,5704.77,5704.77,5665.52,1099007,137670580000,0.98,5671.07,sh000905,中证500
2025-05-29,5637.06,5724.52,5637.06,1146825,148095090000,1.02,5719.91,sh000905,中证500
2025-05-28,5651.88,5660.47,5628.42,949089,119959830000,0.84,5637.24,sh000905,中证500
2025-05-27,5666.30,5667.87,5629.13,951494,125275690000,0.85,5652.15,sh000905,中证500
2025-05-26,5653.21,5693.63,5644.58,971710,127343600000,0.86,5669.46,sh000905,中证500
2025-05-23,5697.14,5738.08,5653.04,1143612,148123600000,1.02,5653.04,sh000905,中证500
2025-05-22,5739.19,5757.79,5701.16,1090577,141620880000,0.97,5703.28,sh000905,中证500
2025-05-21,5741.69,5763.08,5733.83,1158045,155147380000,1.03,5757.92,sh000905,中证500
2025-05-20,5723.51,5759.46,5707.81,1168966,151751190000,1.04,5747.37,sh000905,中证500
2025-05-19,5719.44,5729.07,5669.72,1153849,141098690000,1.03,5720.79,sh000905,中证500
2025-05-16,5703.74,5735.01,5703.74,1167091,141882120000,1.04,5715.85,sh000905,中证500
2025-05-15,5786.78,5786.78,5715.29,1351608,165136690000,1.20,5715.30,sh000905,中证500
2025-05-14,5778.08,5835.49,5750.54,1562800,188145130000,1.39,5799.12,sh000905,中证500
2025-05-13,5838.03,5838.03,5772.07,1382711,194252270000,1.23,5781.67,sh000905,中证500
2025-05-12,5751.44,5794.52,5737.46,1358244,199426830000,1.21,5793.67,sh000905,中证500
2025-05-09,5770.44,5770.44,5705.17,1239390,178162280000,1.10,5721.72,sh000905,中证500
2025-05-08,5731.72,5783.79,5724.95,1361403,187032630000,1.21,5773.81,sh000905,中证500
2025-05-07,5805.66,5819.24,5713.27,1710118,227566200000,1.52,5750.29,sh000905,中证500
2025-05-06,5668.88,5740.33,5666.47,1627736,217059980000,1.45,5740.33,sh000905,中证500
2025-04-30,5604.65,5647.78,5603.17,1383866,181616580000,1.23,5631.82,sh000905,中证500
2025-04-29,5583.72,5622.02,5571.24,1267429,158033000000,1.13,5604.91,sh000905,中证500
2025-04-28,5624.42,5628.08,5587.79,1362181,167616290000,1.21,5598.30,sh000905,中证500
2025-04-25,5613.14,5661.59,5596.53,1400008,171933820000,1.25,5627.18,sh000905,中证500
2025-04-24,5633.02,5651.53,5583.43,1226967,157899190000,1.09,5605.88,sh000905,中证500
2025-04-23,5647.91,5670.26,5614.77,1270078,177991290000,1.13,5634.95,sh000905,中证500
2025-04-22,5634.89,5651.55,5617.88,1246667,164464320000,1.11,5624.21,sh000905,中证500
2025-04-21,5556.51,5646.22,5535.70,1231119,160264810000,1.10,5642.38,sh000905,中证500
2025-04-18,5546.97,5579.48,5525.40,1116443,139804150000,0.99,5560.72,sh000905,中证500
2025-04-17,5527.59,5604.62,5526.89,1136524,148283240000,1.01,5557.01,sh000905,中证500
2025-04-16,5589.78,5592.67,5492.65,1325372,163751040000,1.18,5556.86,sh000905,中证500
2025-04-15,5625,5626.68,5567.03,1232737,161900880000,1.10,5602.53,sh000905,中证500
2025-04-14,5633.78,5661.80,5608.73,1554871,207470470000,1.39,5627.14,sh000905,中证500
2025-04-11,5514.19,5631.60,5510.89,1644117,227659790000,1.47,5581.32,sh000905,中证500
2025-04-10,5534.56,5610.19,5513.95,2119630,268666430000,1.89,5544.06,sh000905,中证500
2025-04-09,5249.68,5465.14,5135.97,2451180,288257440000,2.19,5439.77,sh000905,中证500
2025-04-08,5279.76,5371.18,5249.23,2238407,261875350000,2,5326.91,sh000905,中证500
2025-04-07,5523.96,5587.85,5212.68,2365227,267397400000,2.11,5287.03,sh000905,中证500
2025-04-03,5842.62,5906.71,5817.97,1349386,173662140000,1.20,5845.50,sh000905,中证500
2025-04-02,5884.89,5936.65,5884.11,1121600,140642080000,1,5899.09,sh000905,中证500
2025-04-01,5870.94,5931.50,5867.85,1364486,179327950000,1.22,5892.85,sh000905,中证500
2025-03-31,5886.96,5908.30,5802.42,1542561,189563390000,1.38,5857.77,sh000905,中证500
2025-03-28,5954.73,5973.80,5904.92,1342619,168899480000,1.20,5916.03,sh000905,中证500
2025-03-27,5932.52,6000.66,5891.77,1347089,176590480000,1.20,5957.60,sh000905,中证500
2025-03-26,5935.85,5983.47,5935.85,1367021,171695840000,1.22,5948.50,sh000905,中证500
2025-03-25,5969.42,5993.93,5929.67,1474839,192227010000,1.32,5946.95,sh000905,中证500
2025-03-24,5973.05,5987.06,5882.88,1691924,220094330000,1.51,5969.08,sh000905,中证500
2025-03-21,6038.99,6071.08,5951.80,1741038,225801000000,1.56,5971.93,sh000905,中证500
2025-03-20,6094.84,6109.18,6055.38,1471879,203849590000,1.32,6059.49,sh000905,中证500
2025-03-19,6117.42,6128.23,6076.56,1538938,218871990000,1.38,6101.44,sh000905,中证500
2025-03-18,6126.04,6161.23,6114.21,1660230,236342190000,1.48,6133.30,sh000905,中证500
2025-03-17,6119.61,6129.85,6098.51,1843173,250160670000,1.65,6108.02,sh000905,中证500
2025-03-14,5993.97,6099.98,5978.53,2192458,289038080000,1.96,6099.98,sh000905,中证500
2025-03-13,6032.85,6050.18,5947.78,1937107,253622430000,1.73,5993.97,sh000905,中证500
2025-03-12,6068.38,6098.24,6038.82,1847635,267906300000,1.65,6040.50,sh000905,中证500
2025-03-11,5944.42,6044.97,5942.91,1738556,245205110000,1.55,6044.97,sh000905,中证500
2025-03-10,6022.68,6041.52,5971.81,1730443,248513460000,1.55,6013.62,sh000905,中证500
2025-03-07,6029.38,6067.35,5989.32,2074371,301122130000,1.85,6013.77,sh000905,中证500
2025-03-06,5980.38,6062.54,5972.60,2130429,320542700000,1.90,6047.77,sh000905,中证500
2025-03-05,5937.11,5955.90,5892.53,1630715,241738030000,1.46,5950.70,sh000905,中证500
2025-03-04,5845.47,5943.08,5843.46,1539222,231145310000,1.38,5937.63,sh000905,中证500
2025-03-03,5875.95,5964.27,5851.56,1850246,266955660000,1.65,5885.77,sh000905,中证500
2025-02-28,5997.92,6007.47,5847.15,2052238,298290640000,1.84,5859.87,sh000905,中证500
2025-02-27,6050.19,6064.49,5940.34,2166529,328254760000,1.94,6028.99,sh000905,中证500
2025-02-26,5990.29,6055.87,5973.86,2108609,327265340000,1.89,6051.74,sh000905,中证500
2025-02-25,5967.04,6044.76,5956.18,2068340,340316450000,1.85,5979.97,sh000905,中证500
2025-02-24,6057.38,6079.02,6007.18,2438138,382362650000,2.18,6044.97,sh000905,中证500
2025-02-21,5969.65,6061.82,5943.19,2523171,396960770000,2.26,6057.06,sh000905,中证500
2025-02-20,5941.60,5977.73,5920.57,1982074,305885400000,1.77,5957.55,sh000905,中证500
2025-02-19,5834.95,5945.35,5831.48,2052983,313960330000,1.84,5943.88,sh000905,中证500
2025-02-18,5935.50,5947.93,5816.05,2149415,306905660000,1.92,5840.71,sh000905,中证500
2025-02-17,5979.84,5985.36,5906.27,2339017,356940290000,2.09,5948.72,sh000905,中证500
2025-02-14,5893.93,5954.48,5886.95,2119143,306627490000,1.90,5947.80,sh000905,中证500
2025-02-13,5938.20,5957.58,5889.70,2282818,313080160000,2.04,5898.26,sh000905,中证500
2025-02-12,5841.36,5940.54,5841.32,1954462,285438870000,1.75,5940.53,sh000905,中证500
2025-02-11,5890.37,5890.37,5827.38,1819205,260281070000,1.63,5858.28,sh000905,中证500
2025-02-10,5858.24,5895.41,5836.17,2093009,286253280000,1.87,5888.55,sh000905,中证500
2025-02-07,5750.29,5889.43,5741.73,2327189,327949180000,2.08,5833.99,sh000905,中证500
2025-02-06,5606.87,5749.02,5597.32,1814282,257122090000,1.62,5747.90,sh000905,中证500
2025-02-05,5643.17,5646.04,5588.56,1556741,214999510000,1.39,5614.39,sh000905,中证500
2025-01-27,5660.48,5676.03,5589.34,1365461,163085840000,1.22,5589.34,sh000905,中证500
2025-01-24,5570.48,5660.43,5570.48,1394381,180858850000,1.25,5649.95,sh000905,中证500
2025-01-23,5659.37,5717.69,5584.25,1634200,203633760000,1.46,5584.25,sh000905,中证500
2025-01-22,5606.85,5618.58,5567.78,1153750,158106590000,1.03,5607.06,sh000905,中证500
2025-01-21,5639.60,5642.92,5573.50,1264913,170909140000,1.13,5633.92,sh000905,中证500
2025-01-20,5621.92,5665.18,5598.16,1357125,173426110000,1.21,5614.33,sh000905,中证500
2025-01-17,5524.21,5621.94,5519.41,1266912,164437440000,1.13,5587.29,sh000905,中证500
2025-01-16,5546.70,5633.85,5508.91,1493181,182995870000,1.34,5545.63,sh000905,中证500
2025-01-15,5559.58,5569.19,5509.58,1383932,169060450000,1.24,5522.46,sh000905,中证500
2025-01-14,5393.76,5582.84,5378.59,1721429,208083730000,1.54,5572.27,sh000905,中证500
2025-01-13,5319.70,5422.01,5319.27,1196829,139406540000,1.07,5381.70,sh000905,中证500
2025-01-10,5449,5496.38,5369.28,1301796,159984100000,1.17,5369.28,sh000905,中证500
2025-01-09,5437.81,5493.68,5436.70,1298326,156798870000,1.16,5456.59,sh000905,中证500
2025-01-08,5462.32,5501.66,5326.93,1638499,181141240000,1.47,5461.59,sh000905,中证500
2025-01-07,5429.17,5485.58,5405.13,1450653,159836330000,1.30,5484.68,sh000905,中证500
2025-01-06,5421.07,5482.63,5384.33,1462657,156743670000,1.31,5427.10,sh000905,中证500
2025-01-03,5552.75,5581.40,5419.74,1740773,187233080000,1.56,5427.80,sh000905,中证500
2025-01-02,5717.92,5722.11,5498.82,1937632,220079000000,1.74,5545.82,sh000905,中证500
2024-12-31,5902.03,5905.46,5725.73,1821589,217194010000,1.63,5725.73,sh000905,中证500
2024-12-30,5890.46,5928.57,5867.85,1555656,196182580000,1.40,5898.88,sh000905,中证500
2024-12-27,5892.69,5975.79,5881.72,1790855,236680630000,1.61,5899.17,sh000905,中证500
2024-12-26,5830.72,5897.48,5830.72,1453194,201723280000,1.30,5887.06,sh000905,中证500
2024-12-25,5896.43,5897.51,5796.65,1572791,191269450000,1.41,5840.29,sh000905,中证500
2024-12-24,5827.16,5897.19,5827.16,1673658,196112530000,1.50,5895.26,sh000905,中证500
2024-12-23,5917.69,5935.15,5815.34,1773155,217347050000,1.59,5818.55,sh000905,中证500
2024-12-20,5889.95,5962.42,5889.95,1780904,221132520000,1.60,5917.18,sh000905,中证500
2024-12-19,5829.26,5918.49,5816.47,1965312,211287490000,1.76,5901.92,sh000905,中证500
2024-12-18,5861.26,5921.98,5853.16,1879963,193282040000,1.69,5888.62,sh000905,中证500
2024-12-17,5896.97,5924.62,5837.25,1931085,204630240000,1.73,5848.16,sh000905,中证500
2024-12-16,5983.16,5991.58,5888.04,2146474,241790860000,1.93,5912.60,sh000905,中证500
2024-12-13,6065.95,6065.95,5988.29,2863282,307316220000,2.50,5988.29,sh000905,中证500
2024-12-12,6048.78,6107.71,6023.23,2436537,258380800000,2.12,6100.39,sh000905,中证500
2024-12-11,5973.33,6051.47,5972.27,2538839,250011470000,2.21,6047.11,sh000905,中证500
2024-12-10,6132.29,6141.07,5982.58,3205278,324711290000,2.79,5992.09,sh000905,中证500
2024-12-09,5983.33,6004.23,5911.36,2844622,237294660000,2.48,5947.11,sh000905,中证500
2024-12-06,5903.50,6011.77,5877.04,2653295,255600550000,2.31,5979.20,sh000905,中证500
2024-12-05,5855.74,5923.62,5853.53,1985422,212251880000,1.73,5901.99,sh000905,中证500
2024-12-04,5929.48,5940.85,5850.91,2159916,234212940000,1.88,5879.27,sh000905,中证500
2024-12-03,5946.74,5954.66,5877.80,2098705,229346950000,1.83,5932.12,sh000905,中证500
2024-12-02,5853.71,5956.60,5848.42,2361813,257212820000,2.06,5943.62,sh000905,中证500
2024-11-29,5748.17,5899.87,5736.41,2042555,243571200000,1.78,5851.94,sh000905,中证500
2024-11-28,5802.80,5826.49,5749.29,1721835,204358290000,1.50,5757.60,sh000905,中证500
2024-11-27,5669.55,5805.64,5604,1753133,204528720000,1.53,5804.94,sh000905,中证500
2024-11-26,5727.37,5773.36,5688.58,1475629,170186750000,1.29,5690.48,sh000905,中证500
2024-11-25,5754.55,5774.82,5662.09,1860051,215261570000,1.62,5735.65,sh000905,中证500
2024-11-22,5969.08,5983.34,5750.25,2250667,267675730000,1.97,5750.25,sh000905,中证500
2024-11-21,5973.15,6009.63,5937.81,2061989,252722310000,1.80,5985.31,sh000905,中证500
2024-11-20,5920.32,6015.23,5909.11,2173452,261005440000,1.90,5992.39,sh000905,中证500
2024-11-19,5836.61,5936.93,5776.20,2414042,262477730000,2.11,5936.60,sh000905,中证500
2024-11-18,5940.49,5977.49,5799.91,2825272,296423260000,2.47,5833.04,sh000905,中证500
2024-11-15,6055.54,6093.42,5924.35,2362260,309679800000,2.06,5924.48,sh000905,中证500
2024-11-14,6240.61,6240.61,6068.66,2397431,317335890000,2.10,6078.31,sh000905,中证500
2024-11-13,6234.16,6282.28,6162.90,2604007,347812980000,2.28,6259.84,sh000905,中证500
2024-11-12,6349.23,6382.98,6205.10,3328569,452685440000,2.91,6263.88,sh000905,中证500
2024-11-11,6211.03,6330.80,6199.06,3340969,453328340000,2.92,6330.62,sh000905,中证500
2024-11-08,6306.80,6333.68,6206.29,3856483,470080200000,3.37,6222.45,sh000905,中证500
2024-11-07,6061.73,6240.76,6049.59,4184133,465814960000,3.66,6239.56,sh000905,中证500
2024-11-06,6134.92,6204.53,6081.81,4151877,502324100000,3.63,6125.79,sh000905,中证500
2024-11-05,5925.87,6119.25,5910.89,3663445,441462860000,3.20,6111.97,sh000905,中证500
2024-11-04,5835.39,5928.91,5835.39,2865523,342776870000,2.50,5928.91,sh000905,中证500
2024-11-01,5893.32,5934.20,5795.08,3698406,429257470000,3.23,5831.82,sh000905,中证500
2024-10-31,5839.98,5935.18,5812.03,3135492,377454100000,2.74,5901.29,sh000905,中证500
2024-10-30,5793.83,5869.11,5777.43,2520213,315956550000,2.20,5837.93,sh000905,中证500
2024-10-29,5903.31,5917.21,5807.29,2753711,332481500000,2.41,5812.53,sh000905,中证500
2024-10-28,5816.33,5883.72,5787.48,2706538,312663680000,2.37,5883.72,sh000905,中证500
2024-10-25,5735.29,5855.26,5729.44,2367257,299590180000,2.07,5809.69,sh000905,中证500
2024-10-24,5747.56,5759.87,5694.78,2076900,257232250000,1.82,5726.70,sh000905,中证500
2024-10-23,5745.11,5853.46,5727.77,2734126,336167750000,2.39,5776.38,sh000905,中证500
2024-10-22,5703.32,5779.30,5673.79,2370236,312584330000,2.07,5753.85,sh000905,中证500
2024-10-21,5680.56,5797.88,5631.23,2668852,359965730000,2.33,5704.23,sh000905,中证500
2024-10-18,5416.03,5774.14,5404.20,2871142,352062140000,2.51,5640.02,sh000905,中证500
2024-10-17,5499.77,5541.03,5417.88,2027687,234458930000,1.77,5418.99,sh000905,中证500
2024-10-16,5393.67,5546.18,5393.67,2054509,222425750000,1.80,5461.09,sh000905,中证500
2024-10-15,5578.26,5661.07,5471.88,2389970,276816610000,2.09,5472.56,sh000905,中证500
2024-10-14,5503.65,5623.97,5408.39,2506085,279231290000,2.19,5608.15,sh000905,中证500
2024-10-11,5650.05,5652.85,5408.87,2443834,266749260000,2.14,5470.81,sh000905,中证500
2024-10-10,5768.61,5875.94,5597.48,3534802,390814220000,3.09,5690.88,sh000905,中证500
2024-10-09,6013.70,6088.08,5704.48,4311564,529447530000,3.77,5735.64,sh000905,中证500
2024-10-08,6417.81,6417.81,5868.85,4935464,579263320000,4.32,6155.58,sh000905,中证500
2024-09-30,5449.79,5757.92,5387.34,3887032,418784670000,3.40,5743.22,sh000905,中证500
2024-09-27,5027.26,5227.96,5021.51,2301775,232646660000,2.01,5201.67,sh000905,中证500
2024-09-26,4726,4938.18,4719.35,2299303,196122560000,2.01,4938.18,sh000905,中证500
2024-09-25,4743.63,4847.20,4724.43,2045935,182209570000,1.79,4731.48,sh000905,中证500
2024-09-24,4524.22,4690.57,4503.12,1771447,159947070000,1.55,4689.60,sh000905,中证500
2024-09-23,4495.78,4545.54,4483.13,899352,85104840000,0.79,4494.69,sh000905,中证500
2024-09-20,4514.96,4515.81,4471.94,943120,89084440000,0.83,4498.39,sh000905,中证500
2024-09-19,4481.46,4565.39,4437.54,1156119,105405900000,1.01,4520.39,sh000905,中证500
2024-09-18,4450.09,4474.72,4397.16,909897,79102520000,0.80,4462.87,sh000905,中证500
2024-09-13,4500.39,4509.07,4450.96,925338,85710610000,0.81,4450.96,sh000905,中证500
2024-09-12,4518.99,4568.75,4496.59,866543,80916510000,0.76,4496.59,sh000905,中证500
2024-09-11,4490.19,4529.35,4479.03,852068,81707870000,0.75,4514.92,sh000905,中证500
2024-09-10,4509.32,4528.67,4432.91,985295,87011760000,0.86,4507.71,sh000905,中证500
2024-09-09,4517.57,4541.79,4487.84,919446,81907580000,0.81,4507.19,sh000905,中证500
2024-09-06,4609.34,4613.31,4535.35,901476,80215750000,0.79,4537.45,sh000905,中证500
2024-09-05,4585.17,4630.64,4582.05,805837,80148630000,0.71,4601.09,sh000905,中证500
2024-09-04,4567.69,4623.38,4552.30,924357,88646020000,0.81,4582.08,sh000905,中证500
2024-09-03,4543.22,4612.28,4543.22,985897,92749160000,0.86,4596.48,sh000905,中证500
2024-09-02,4631.90,4632.31,4546.84,1263685,115893030000,1.11,4546.88,sh000905,中证500
2024-08-30,4557.50,4704.34,4548.38,1515934,144749170000,1.33,4639.11,sh000905,中证500
2024-08-29,4483.55,4577.79,4475.22,1031156,96829970000,0.90,4557.90,sh000905,中证500
2024-08-28,4486.43,4527.77,4482.03,826812,74244550000,0.72,4500.01,sh000905,中证500
2024-08-27,4532.49,4532.49,4487.09,825292,78742870000,0.72,4495.29,sh000905,中证500
2024-08-26,4542.86,4558.59,4523.73,871183,84365250000,0.76,4544.36,sh000905,中证500
2024-08-23,4523.99,4549.30,4513.20,757784,71369990000,0.66,4537.09,sh000905,中证500
2024-08-22,4589.50,4595.05,4526.25,858569,78202480000,0.75,4533.37,sh000905,中证500
2024-08-21,4589.09,4610.87,4582.27,835269,74809960000,0.73,4587.12,sh000905,中证500
2024-08-20,4684.29,4686.36,4590.39,918461,81351690000,0.81,4602.01,sh000905,中证500
2024-08-19,4666.33,4729.87,4666.26,871369,80742360000,0.76,4682.96,sh000905,中证500
2024-08-16,4703.60,4708.02,4662.11,873796,81927270000,0.77,4670.38,sh000905,中证500
2024-08-15,4656.70,4746.41,4647.79,909733,83712900000,0.80,4698.38,sh000905,中证500
2024-08-14,4729.81,4730.24,4667.07,745880,68308160000,0.65,4667.07,sh000905,中证500
2024-08-13,4713.96,4731.84,4680.59,813652,71101410000,0.71,4731.84,sh000905,中证500
2024-08-12,4716.96,4737.19,4696.05,891008,76375860000,0.78,4714.16,sh000905,中证500
2024-08-09,4778.26,4805.10,4720.31,1088196,88057500000,0.95,4720.31,sh000905,中证500
2024-08-08,4737.09,4791.66,4701.79,1043093,95364150000,0.92,4755.81,sh000905,中证500
2024-08-07,4747.98,4783.42,4719.94,969895,96834770000,0.85,4751.94,sh000905,中证500
2024-08-06,4740.45,4774.93,4699.18,1077748,105286320000,0.95,4750.78,sh000905,中证500
2024-08-05,4756.08,4846.54,4693.82,1133381,123487460000,0.99,4693.85,sh000905,中证500
2024-08-02,4816.94,4874.71,4783.12,985298,105654740000,0.87,4788.62,sh000905,中证500
2024-08-01,4893.87,4928.24,4834.65,1132134,119765530000,0.99,4852.97,sh000905,中证500
2024-07-31,4694.73,4887.92,4687.05,1431809,146601670000,1.26,4886.41,sh000905,中证500
2024-07-30,4694.52,4712.04,4650.56,833534,86181030000,0.73,4699.28,sh000905,中证500
2024-07-29,4740.50,4742.15,4702.98,811020,90979230000,0.71,4708.84,sh000905,中证500
2024-07-26,4670.45,4744.45,4670.45,864720,94118610000,0.76,4736.38,sh000905,中证500
2024-07-25,4644.42,4710.46,4635.24,886001,95885150000,0.78,4665.45,sh000905,中证500
2024-07-24,4712.29,4738.76,4661.83,1126746,103026730000,0.99,4668.06,sh000905,中证500
2024-07-23,4862.97,4862.97,4722.80,1024037,110578300000,0.90,4722.80,sh000905,中证500
2024-07-22,4872.64,4885.36,4839.11,927105,110307680000,0.81,4865.98,sh000905,中证500
2024-07-19,4853.04,4900.38,4842.93,932907,111989380000,0.82,4872.05,sh000905,中证500
2024-07-18,4822.13,4879.69,4793.43,966548,115283850000,0.85,4877.69,sh000905,中证500
2024-07-17,4893.41,4900.36,4853.60,969095,117932900000,0.85,4856.58,sh000905,中证500
2024-07-16,4877.60,4907.83,4850.43,872680,113648280000,0.77,4898.36,sh000905,中证500
2024-07-15,4903.52,4903.52,4868.74,868243,102734710000,0.76,4883.90,sh000905,中证500
2024-07-12,4926.98,4937.35,4905.80,971751,115594260000,0.85,4919.36,sh000905,中证500
2024-07-11,4902.81,4941.70,4871.17,1152755,133127530000,1.01,4939.73,sh000905,中证500
2024-07-10,4857.48,4891.37,4836.17,1009532,117244920000,0.89,4844.16,sh000905,中证500
2024-07-09,4775.31,4888.48,4745.32,1114020,126704550000,0.98,4876.90,sh000905,中证500
2024-07-08,4857.02,4857.27,4768.56,902545,96789200000,0.79,4783.62,sh000905,中证500
2024-07-05,4828.86,4877.93,4794.13,831333,93724630000,0.73,4866.26,sh000905,中证500
2024-07-04,4917.44,4935.61,4827.34,910085,98771610000,0.80,4834.50,sh000905,中证500
2024-07-03,4945.40,4950.51,4905.39,845283,96121130000,0.74,4910.92,sh000905,中证500
2024-07-02,5000.58,5002.74,4934.12,962093,105902910000,0.85,4949.48,sh000905,中证500
2024-07-01,4943.79,5017.61,4929.09,973128,110821070000,0.86,5003.16,sh000905,中证500
2024-06-28,4914.67,5003.41,4914.55,1063083,114743250000,0.93,4942.78,sh000905,中证500
2024-06-27,4998.99,5000.18,4925.16,885372,97364980000,0.78,4928.05,sh000905,中证500
2024-06-26,4942.17,5024.77,4915.66,933946,102152260000,0.82,5020.43,sh000905,中证500
2024-06-25,4989.07,5007.34,4918.04,916368,104683750000,0.81,4948.63,sh000905,中证500
2024-06-24,5072.80,5078.96,4986.77,1001866,113108460000,0.88,4992.91,sh000905,中证500
2024-06-21,5079.92,5128.14,5071.65,838389,98090350000,0.74,5102.33,sh000905,中证500
2024-06-20,5162.16,5184.75,5092.29,956090,113062780000,0.84,5094.57,sh000905,中证500
2024-06-19,5235.48,5236.30,5168.82,878496,111740530000,0.77,5168.82,sh000905,中证500
2024-06-18,5207.98,5243.59,5204.97,940909,120391270000,0.83,5230.89,sh000905,中证500
2024-06-17,5189.28,5223.59,5184.60,1079707,135704410000,0.95,5207.13,sh000905,中证500
2024-06-14,5180.29,5235.88,5163.38,1339986,146009260000,1.16,5213.09,sh000905,中证500
2024-06-13,5231.91,5233.80,5182.74,1182328,123194240000,1.03,5194.59,sh000905,中证500
2024-06-12,5209.13,5245.99,5205.57,1030656,111341270000,0.90,5232.95,sh000905,中证500
2024-06-11,5182.41,5232.85,5159.33,1164371,119660630000,1.01,5217.47,sh000905,中证500
2024-06-07,5247.15,5258.82,5172.05,1135275,118553770000,0.99,5208.98,sh000905,中证500
2024-06-06,5291.52,5305.88,5213.66,1333682,135739980000,1.16,5228.80,sh000905,中证500
2024-06-05,5328.87,5347.43,5277.94,1057928,111608400000,0.92,5277.94,sh000905,中证500
2024-06-04,5263.23,5352.28,5247.58,1080831,117835610000,0.94,5341.95,sh000905,中证500
2024-06-03,5300.79,5316.34,5232.69,1269685,129543760000,1.11,5274.07,sh000905,中证500
2024-05-31,5310.72,5357.02,5308.54,1041511,113019700000,0.91,5308.54,sh000905,中证500
2024-05-30,5316.40,5349.69,5296.49,1073502,114757610000,0.93,5308.66,sh000905,中证500
2024-05-29,5308.59,5361.74,5305.96,1043613,112762600000,0.91,5328.31,sh000905,中证500
2024-05-28,5363.33,5365.47,5310.32,1109654,120979080000,0.97,5316.13,sh000905,中证500
2024-05-27,5325.85,5373.11,5284.51,1156432,124785630000,1.01,5371.37,sh000905,中证500
2024-05-24,5348.51,5400.16,5311.49,1065642,117396140000,0.93,5313.45,sh000905,中证500
2024-05-23,5448.94,5448.94,5352.39,1266576,135749200000,1.11,5362.31,sh000905,中证500
2024-05-22,5472.01,5486.30,5455.08,1130578,126572720000,0.99,5468.61,sh000905,中证500
2024-05-21,5511.48,5513.42,5460.98,1086912,123832370000,0.95,5478.91,sh000905,中证500
2024-05-20,5496.79,5536.66,5484.36,1449714,163572080000,1.27,5523.50,sh000905,中证500
2024-05-17,5418.66,5493.20,5409.70,1269162,139244610000,1.11,5491.89,sh000905,中证500
2024-05-16,5461.11,5475.37,5408.13,1221081,133148760000,1.07,5424.67,sh000905,中证500
2024-05-15,5495.56,5497.08,5441.35,1101250,121525790000,0.96,5446.66,sh000905,中证500
2024-05-14,5508.47,5538.74,5484.96,1189944,132592060000,1.04,5500.74,sh000905,中证500
2024-05-13,5503.13,5527.20,5462.51,1316276,146159920000,1.15,5505.26,sh000905,中证500
2024-05-10,5562.19,5570.57,5497.50,1286880,144026970000,1.12,5535.40,sh000905,中证500
2024-05-09,5461.36,5568.73,5461.36,1311212,153999870000,1.15,5556.77,sh000905,中证500
2024-05-08,5516.45,5516.45,5454.87,1239556,139473000000,1.08,5458.76,sh000905,中证500
2024-05-07,5532.32,5543.13,5507.50,1365354,162155740000,1.19,5527.08,sh000905,中证500
2024-05-06,5498.44,5535.95,5496.91,1657916,187906840000,1.45,5528.60,sh000905,中证500
2024-04-30,5471.17,5478.04,5436.58,1627973,175143690000,1.43,5441.14,sh000905,中证500
2024-04-29,5371.21,5488.28,5371.21,1909361,212148850000,1.67,5478.49,sh000905,中证500
2024-04-26,5258.38,5379.67,5258.38,1737777,193788860000,1.52,5372.12,sh000905,中证500
2024-04-25,5240.48,5297.16,5229.82,1108339,127544600000,0.97,5259.34,sh000905,中证500
2024-04-24,5210.18,5263.04,5183.70,1172972,139471090000,1.03,5263.04,sh000905,中证500
2024-04-23,5257.77,5280.06,5196.96,1258011,139018870000,1.10,5208.27,sh000905,中证500
2024-04-22,5289.41,5340.63,5264.19,1352669,150190440000,1.18,5267.58,sh000905,中证500
2024-04-19,5322.36,5369.95,5292.02,1421342,156010350000,1.25,5314.87,sh000905,中证500
2024-04-18,5317.80,5410.70,5299.23,1534977,167338860000,1.35,5349.84,sh000905,中证500
2024-04-17,5211.25,5339.75,5211.25,1475946,155660730000,1.29,5339.75,sh000905,中证500
2024-04-16,5309.10,5346.76,5184.65,1625840,168778500000,1.43,5191.55,sh000905,中证500
2024-04-15,5270.04,5376.05,5219.43,1592176,169269300000,1.40,5339.72,sh000905,中证500
2024-04-12,5307.72,5336.45,5270.46,1185249,136145120000,1.04,5277.22,sh000905,中证500
2024-04-11,5244.05,5353.81,5240.51,1277451,141290910000,1.12,5301.81,sh000905,中证500
2024-04-10,5335.73,5335.73,5242.86,1179086,132251020000,1.03,5275.47,sh000905,中证500
2024-04-09,5294.47,5342.90,5284.96,1133007,133262740000,0.99,5342.90,sh000905,中证500
2024-04-08,5358.96,5383.66,5297.56,1485886,161260960000,1.30,5298.59,sh000905,中证500
2024-04-03,5373.50,5386.34,5350.16,1336281,154114400000,1.17,5374.60,sh000905,中证500
2024-04-02,5395.48,5402.16,5353.31,1321486,155779920000,1.16,5381.23,sh000905,中证500
2024-04-01,5309.83,5401.78,5309.83,1367349,166553110000,1.20,5401.22,sh000905,中证500
2024-03-29,5220.55,5287.04,5211.19,1090471,126574030000,0.96,5286.16,sh000905,中证500
2024-03-28,5156.48,5276.64,5156.48,1163182,140612610000,1.02,5223.81,sh000905,中证500
2024-03-27,5280.73,5282.70,5156.68,1101071,129828710000,0.97,5156.68,sh000905,中证500
2024-03-26,5291.52,5318.88,5237.90,1164681,145296220000,1.02,5284.42,sh000905,中证500
2024-03-25,5369.78,5401.60,5292.64,1307783,156251670000,1.15,5294.75,sh000905,中证500
2024-03-22,5454.41,5463.54,5356.11,1370960,163185960000,1.21,5384.57,sh000905,中证500
2024-03-21,5505.70,5517.46,5454.23,1294895,159252390000,1.14,5465.83,sh000905,中证500
2024-03-20,5469.61,5499.24,5455.76,1262733,157036230000,1.11,5493.41,sh000905,中证500
2024-03-19,5514.55,5533.64,5477.12,1467772,176661750000,1.29,5478.22,sh000905,中证500
2024-03-18,5472.31,5528.45,5459.55,1598626,190794120000,1.41,5528.45,sh000905,中证500
2024-03-15,5380.02,5456.73,5357.18,1364050,158718760000,1.20,5454.15,sh000905,中证500
2024-03-14,5415.15,5447.54,5352.12,1318874,157337170000,1.16,5392.93,sh000905,中证500
2024-03-13,5430.04,5459.32,5389.53,1297463,164526330000,1.14,5415.11,sh000905,中证500
2024-03-12,5445.88,5473.29,5385.14,1470725,178848760000,1.30,5423.72,sh000905,中证500
2024-03-11,5342.18,5443.04,5339.26,1429817,173588860000,1.26,5441.05,sh000905,中证500
2024-03-08,5282.41,5361.71,5268.53,1214680,144003560000,1.07,5349.60,sh000905,中证500
2024-03-07,5354.33,5384.66,5277.30,1398313,157442180000,1.23,5277.30,sh000905,中证500
2024-03-06,5332.83,5405.49,5293.95,1210996,146843350000,1.07,5350.10,sh000905,中证500
2024-03-05,5358.22,5382.98,5329.97,1408165,174282680000,1.24,5351.83,sh000905,中证500
2024-03-04,5386.94,5400.12,5325.96,1439285,175906400000,1.27,5388.82,sh000905,中证500
2024-03-01,5350.86,5387.78,5321.56,1422984,171103270000,1.25,5379.05,sh000905,中证500
2024-02-29,5154.15,5349.77,5154.15,1607902,178976000000,1.42,5346.79,sh000905,中证500
2024-02-28,5311.43,5383.32,5184.05,2025610,214135430000,1.79,5184.05,sh000905,中证500
2024-02-27,5174.82,5307.80,5160.88,1389718,157201600000,1.23,5307.80,sh000905,中证500
2024-02-26,5194.74,5255.36,5162.95,1440189,152600870000,1.27,5195.46,sh000905,中证500
2024-02-23,5190.65,5197.71,5118.57,1352650,145442450000,1.19,5197.71,sh000905,中证500
2024-02-22,5133.55,5184.62,5117.68,1166148,127546520000,1.03,5176.34,sh000905,中证500
2024-02-21,5101.41,5252.88,5074.82,1508725,155561260000,1.33,5139.04,sh000905,中证500
2024-02-20,5107.57,5151.72,5072.88,1216464,133242210000,1.07,5140.96,sh000905,中证500
2024-02-19,5225.14,5225.14,5074.76,1629499,172805830000,1.44,5141.60,sh000905,中证500
2024-02-08,5131.80,5367.22,5129.78,2136761,212255670000,1.88,5150.23,sh000905,中证500
2024-02-07,4813.95,5110.80,4813.23,2271989,212618290000,2.00,5109.57,sh000905,中证500
2024-02-06,4411.30,4817.12,4405.31,1730583,156485200000,1.53,4805.90,sh000905,中证500
2024-02-05,4527.71,4598.06,4281.24,1659583,143547020000,1.46,4460.26,sh000905,中证500
2024-02-02,4686.10,4724.05,4435.56,1375018,124953080000,1.21,4563.22,sh000905,中证500
2024-02-01,4667.91,4771.05,4629.99,1114719,107508830000,0.98,4678.73,sh000905,中证500
2024-01-31,4786.81,4832.40,4690.94,1210932,116592540000,1.07,4696.98,sh000905,中证500
2024-01-30,4898.36,4939.35,4810.10,996758,95474110000,0.88,4814.99,sh000905,中证500
2024-01-29,5032.11,5050.11,4927.91,1168767,117835010000,1.03,4927.91,sh000905,中证500
2024-01-26,5055.29,5086.13,5009.97,1170098,119232920000,1.03,5027.09,sh000905,中证500
2024-01-25,4931.63,5074.49,4910.96,1323078,134822850000,1.17,5073.18,sh000905,中证500
2024-01-24,4886.20,4941.44,4766.80,1140258,112683270000,1.01,4933.70,sh000905,中证500
2024-01-23,4771.50,4889.42,4727.88,999447,107808850000,0.88,4865.74,sh000905,中证500
2024-01-22,5008.68,5008.77,4753.63,1097085,115622860000,0.97,4780.97,sh000905,中证500
2024-01-19,5056.48,5084.29,5014.77,784674,92039420000,0.69,5018.43,sh000905,中证500
2024-01-18,5033.10,5069.23,4924.68,1187511,123436420000,1.05,5066.96,sh000905,中证500
2024-01-17,5180.93,5180.93,5061.54,787418,87930640000,0.70,5061.54,sh000905,中证500
2024-01-16,5188.37,5210.08,5124.08,830704,92337610000,0.73,5190.40,sh000905,中证500
2024-01-15,5189.53,5238.96,5171.24,739251,88027790000,0.65,5193.30,sh000905,中证500
2024-01-12,5213.14,5262.62,5206.16,766198,93271390000,0.68,5206.18,sh000905,中证500
2024-01-11,5152.36,5243.14,5146.90,850413,106151950000,0.75,5223.86,sh000905,中证500
2024-01-10,5167.73,5211.82,5118.43,711739,84227810000,0.63,5158.08,sh000905,中证500
2024-01-09,5176.11,5220.46,5153,787404,90959820000,0.70,5180.65,sh000905,中证500
2024-01-08,5268.23,5268.98,5167.70,837852,92792790000,0.74,5167.70,sh000905,中证500
2024-01-05,5347.07,5373.68,5260.59,895389,101084570000,0.79,5281.87,sh000905,中证500
2024-01-04,5395.14,5395.14,5331.89,788466,91011410000,0.70,5355.32,sh000905,中证500
2024-01-03,5398.29,5428.52,5373.83,867052,99883600000,0.77,5401.40,sh000905,中证500
2024-01-02,5431.48,5439.48,5409.46,929647,106839920000,0.82,5409.46,sh000905,中证500
2023-12-29,5376.98,5437.15,5374.69,909318,112533610000,0.80,5429.23,sh000905,中证500
2023-12-28,5280.69,5400.24,5275.40,1076992,126896200000,0.95,5382.80,sh000905,中证500
2023-12-27,5261.57,5293.80,5235.46,753979,84253440000,0.67,5285.53,sh000905,中证500
2023-12-26,5312.80,5313.92,5238.04,675320,80910360000,0.60,5258.28,sh000905,中证500
2023-12-25,5301.57,5339.66,5288.47,659188,81018150000,0.58,5315.37,sh000905,中证500
2023-12-22,5337.38,5366.23,5293.22,903870,108918440000,0.80,5311.69,sh000905,中证500
2023-12-21,5286.45,5352.50,5253.32,815223,96981040000,0.72,5338.76,sh000905,中证500
2023-12-20,5386,5388.46,5308.57,753871,86209160000,0.67,5309.29,sh000905,中证500
2023-12-19,5380.73,5406.96,5344.03,703237,82191410000,0.62,5379.87,sh000905,中证500
2023-12-18,5436.99,5448.08,5374.59,780225,88053830000,0.69,5385.27,sh000905,中证500
2023-12-15,5499.37,5516.22,5438.53,801254,94631900000,0.71,5449.79,sh000905,中证500
2023-12-14,5532.99,5557.37,5487.75,741181,89999980000,0.66,5489.33,sh000905,中证500
2023-12-13,5557.05,5558.06,5507.51,759299,96464640000,0.67,5507.51,sh000905,中证500
2023-12-12,5560.44,5576.01,5545.16,842323,110639100000,0.75,5566.18,sh000905,中证500
2023-12-11,5473.65,5574.12,5429.44,1186059,140631300000,1.06,5564.85,sh000905,中证500
2023-12-08,5484.68,5522.06,5477.53,1181238,140788030000,1.01,5497.99,sh000905,中证500
2023-12-07,5475.27,5501.48,5443.29,890487,103621970000,0.76,5481.14,sh000905,中证500
2023-12-06,5448.46,5513.09,5443.07,883740,102084530000,0.76,5481.82,sh000905,中证500
2023-12-05,5542.87,5542.87,5460.41,912982,103824360000,0.78,5460.41,sh000905,中证500
2023-12-04,5578.42,5590.84,5559.07,993065,119628390000,0.85,5559.07,sh000905,中证500
2023-12-01,5541.23,5576.73,5521.06,933717,107454840000,0.80,5566.87,sh000905,中证500
2023-11-30,5548.52,5560.33,5509.96,878415,95350480000,0.75,5545.05,sh000905,中证500
2023-11-29,5588.77,5593.37,5547.84,895092,96924080000,0.77,5553.33,sh000905,中证500
2023-11-28,5561.58,5594.72,5529.54,893733,98930980000,0.77,5591.50,sh000905,中证500
2023-11-27,5562.75,5579.72,5531.65,982187,107690770000,0.84,5566.51,sh000905,中证500
2023-11-24,5619.32,5619.32,5556.71,1012480,100701100000,0.87,5570.42,sh000905,中证500
2023-11-23,5566.73,5627.79,5548.97,980424,101151200000,0.84,5622.99,sh000905,中证500
2023-11-22,5622.86,5639,5572.90,1047184,109971790000,0.90,5572.90,sh000905,中证500
2023-11-21,5669.17,5696.09,5634.27,1148612,126740610000,0.99,5641.08,sh000905,中证500
2023-11-20,5635.59,5669.38,5609.27,1031051,119885020000,0.89,5659.77,sh000905,中证500
2023-11-17,5598.95,5632.39,5593.49,894223,101443840000,0.77,5631.42,sh000905,中证500
2023-11-16,5647.06,5652.40,5609.36,946627,105765070000,0.81,5609.36,sh000905,中证500
2023-11-15,5677.55,5684.75,5649.72,1130879,131864340000,0.97,5664.62,sh000905,中证500
2023-11-14,5602.98,5639.19,5600.78,1010731,116072660000,0.87,5630.55,sh000905,中证500
2023-11-13,5589.06,5605.57,5565.09,1021589,117833770000,0.88,5605.57,sh000905,中证500
2023-11-10,5577.34,5585.21,5550.82,943240,109671920000,0.81,5573.10,sh000905,中证500
2023-11-09,5602.49,5638.08,5582.12,1063628,123039510000,0.91,5592.06,sh000905,中证500
2023-11-08,5602.97,5633.97,5577.39,1229946,139708500000,1.06,5608.02,sh000905,中证500
2023-11-07,5594.47,5631.10,5578.51,1205793,139898840000,1.04,5611.10,sh000905,中证500
2023-11-06,5549.29,5609.26,5549.29,1392410,156664900000,1.20,5605.06,sh000905,中证500
2023-11-03,5462.14,5537.73,5462.14,979906,114009940000,0.84,5510.36,sh000905,中证500
2023-11-02,5514.52,5532.85,5457.75,902026,101795790000,0.78,5459.45,sh000905,中证500
2023-11-01,5534.89,5534.94,5496.83,871858,105639440000,0.75,5509.97,sh000905,中证500
2023-10-31,5547.32,5554.19,5505.93,1056794,127527070000,0.91,5528.24,sh000905,中证500
2023-10-30,5484.62,5559.78,5483.16,1230342,153066650000,1.06,5546.39,sh000905,中证500
2023-10-27,5387.27,5514.31,5380.94,1125428,132776260000,0.97,5492.03,sh000905,中证500
2023-10-26,5351.16,5404.99,5337.49,1024850,116893040000,0.88,5398.93,sh000905,中证500
2023-10-25,5386.43,5423.01,5376,1149212,129741400000,0.99,5376,sh000905,中证500
2023-10-24,5311.67,5363.20,5290.50,1147457,126190800000,0.99,5352.01,sh000905,中证500
2023-10-23,5400.54,5400.79,5269.83,1030831,112227740000,0.89,5290.33,sh000905,中证500
2023-10-20,5443.46,5473.21,5413.02,949361,107713530000,0.82,5423.67,sh000905,中证500
2023-10-19,5496.76,5529.87,5463.65,1080783,117347200000,0.93,5464.03,sh000905,中证500
2023-10-18,5586.02,5586.02,5519.46,989536,110310590000,0.85,5524.60,sh000905,中证500
2023-10-17,5585.14,5599.42,5556.57,925167,105060400000,0.80,5595.34,sh000905,中证500
2023-10-16,5633.30,5636.32,5559.42,898676,107684370000,0.77,5580.67,sh000905,中证500
2023-10-13,5645.44,5646.07,5616.85,893917,110878380000,0.77,5633.38,sh000905,中证500
2023-10-12,5655.61,5677.82,5642.49,1005030,119947480000,0.86,5671.64,sh000905,中证500
2023-10-11,5639.07,5674.25,5617.87,906448,112202130000,0.78,5629.79,sh000905,中证500
2023-10-10,5665.66,5678.46,5627.41,877264,104621240000,0.76,5630.37,sh000905,中证500
2023-10-09,5679.64,5680.95,5634.35,900298,109095280000,0.78,5658.08,sh000905,中证500
2023-09-28,5687.64,5704.62,5677.53,794773,101456950000,0.68,5690.77,sh000905,中证500
2023-09-27,5642.39,5701.51,5641.85,810862,102149150000,0.70,5674.35,sh000905,中证500
2023-09-26,5661.03,5682.28,5646.65,743096,100424430000,0.64,5646.65,sh000905,中证500
2023-09-25,5694.90,5699.15,5659.32,933407,114172280000,0.81,5666.66,sh000905,中证500
2023-09-22,5606.83,5700.32,5603.81,1041190,120276390000,0.90,5698.82,sh000905,中证500
2023-09-21,5638.44,5666.70,5609.21,819315,84847060000,0.71,5611.92,sh000905,中证500
2023-09-20,5677.92,5689.83,5651.01,776342,84080280000,0.67,5651.01,sh000905,中证500
2023-09-19,5713.49,5713.60,5670.42,851121,94544820000,0.73,5687.90,sh000905,中证500
2023-09-18,5685.85,5734.19,5665.58,923057,109249770000,0.80,5719.69,sh000905,中证500
2023-09-15,5716.29,5741.07,5680.90,983760,110557880000,0.85,5704.66,sh000905,中证500
2023-09-14,5714.67,5721.21,5679.20,902478,97979770000,0.78,5702.10,sh000905,中证500
2023-09-13,5764.82,5770.41,5681.50,914725,101933190000,0.79,5715.40,sh000905,中证500
2023-09-12,5774.47,5793.83,5763.30,860412,105032120000,0.74,5770.93,sh000905,中证500
2023-09-11,5723.02,5802.21,5704.70,1128371,132425680000,0.97,5774.73,sh000905,中证500
2023-09-08,5684.66,5732.37,5683.40,795200,93059120000,0.69,5708.62,sh000905,中证500
2023-09-07,5782.07,5782.07,5701.80,929205,105713170000,0.80,5702.70,sh000905,中证500
2023-09-06,5771.85,5800.96,5748.65,904805,106512750000,0.78,5790.38,sh000905,中证500
2023-09-05,5819.97,5822.06,5779.37,1065177,114971730000,0.92,5788.71,sh000905,中证500
2023-09-04,5772.03,5829.78,5758.03,1356489,135994050000,1.17,5829.78,sh000905,中证500
2023-09-01,5746.41,5775.18,5732.97,1041791,107061410000,0.90,5750.80,sh000905,中证500
2023-08-31,5770.95,5777.42,5728.47,1163351,121252800000,1.00,5739.40,sh000905,中证500
2023-08-30,5780.28,5817.73,5753.22,1360044,145078570000,1.17,5775.15,sh000905,中证500
2023-08-29,5631.01,5789.96,5626.52,1608519,165476280000,1.39,5770.32,sh000905,中证500
2023-08-28,5885.88,5887.51,5631.69,1857456,181457040000,1.60,5644.14,sh000905,中证500
2023-08-25,5624.77,5648.62,5560.22,1062416,114730300000,0.92,5581.21,sh000905,中证500
2023-08-24,5650.36,5701.32,5619.33,1080868,120640880000,0.93,5652.67,sh000905,中证500
2023-08-23,5732.39,5732.39,5629.50,941867,101871330000,0.81,5629.50,sh000905,中证500
2023-08-22,5733.25,5754.57,5646.51,1061752,120035180000,0.92,5741.06,sh000905,中证500
2023-08-21,5764.67,5802.51,5710.78,928357,96691990000,0.80,5710.78,sh000905,中证500
2023-08-18,5875.11,5891.40,5777.80,1029318,109766360000,0.89,5777.80,sh000905,中证500
2023-08-17,5808.91,5882.15,5778.53,1135764,120852970000,0.98,5874.36,sh000905,中证500
2023-08-16,5858.60,5891.81,5833.22,1049504,114013690000,0.91,5833.22,sh000905,中证500
2023-08-15,5919.77,5926.42,5830.97,924174,107626210000,0.80,5879.78,sh000905,中证500
2023-08-14,5864.48,5919.80,5833.46,1036757,116321080000,0.90,5916.80,sh000905,中证500
2023-08-11,6030.05,6030.05,5913.35,1130720,115393420000,0.98,5913.35,sh000905,中证500
2023-08-10,6013.35,6040.46,5999.56,998426,103950300000,0.86,6031.71,sh000905,中证500
2023-08-09,6049.45,6062.02,6012.25,988092,116294680000,0.85,6021.75,sh000905,中证500
2023-08-08,6077.30,6088.10,6044.24,1215457,131357350000,1.05,6066.10,sh000905,中证500
2023-08-07,6115.84,6117.92,6072.54,1453191,154416330000,1.26,6090.73,sh000905,中证500
2023-08-04,6126.15,6164.16,6105.64,1969435,186850090000,1.70,6128.56,sh000905,中证500
2023-08-03,6062.64,6101.81,6047.68,1464790,138777460000,1.27,6098.69,sh000905,中证500
2023-08-02,6088.14,6111.24,6059.87,1471545,135758670000,1.27,6077.46,sh000905,中证500
2023-08-01,6086.90,6113.98,6077.11,1875886,166628360000,1.62,6098.88,sh000905,中证500
2023-07-31,6059.11,6133.72,6059.11,1865511,179595740000,1.61,6088.24,sh000905,中证500
2023-07-28,5945.91,6049.76,5932.06,1631719,149147480000,1.41,6043.24,sh000905,中证500
2023-07-27,5998.85,6017.67,5952.89,1230008,117272100000,1.07,5961.18,sh000905,中证500
2023-07-26,6014.76,6015.58,5984.39,1218252,120547390000,1.06,6001.54,sh000905,中证500
2023-07-25,5976.97,6016.75,5971.73,1318964,145732850000,1.14,6016.63,sh000905,中证500
2023-07-24,5913.57,5954.24,5896.45,759280,99623300000,0.66,5916.71,sh000905,中证500
2023-07-21,5914.35,5961.05,5904.79,819753,107065410000,0.71,5925.63,sh000905,中证500
2023-07-20,5996.84,6009.43,5920.15,911954,123684930000,0.79,5925.48,sh000905,中证500
2023-07-19,5998.38,6017.45,5962.99,777910,104054560000,0.67,5993.41,sh000905,中证500
2023-07-18,6015.98,6027.61,5984.06,877199,121310190000,0.76,6001.80,sh000905,中证500
2023-07-17,6012.76,6018.07,5985.44,884202,124991560000,0.77,6012.69,sh000905,中证500
2023-07-14,6052.95,6055.53,6026.33,949632,137880580000,0.82,6030.52,sh000905,中证500
2023-07-13,5986.25,6049.06,5986.25,996564,138941870000,0.86,6044.06,sh000905,中证500
2023-07-12,6030.64,6033.58,5960.43,966922,134419390000,0.84,5962.79,sh000905,中证500
2023-07-11,5991.02,6029.23,5972.14,845319,117919700000,0.73,6029.23,sh000905,中证500
2023-07-10,5980.61,6003.40,5958.73,851686,113940190000,0.74,5984.28,sh000905,中证500
2023-07-07,5973.98,5994.28,5936.23,941183,121687700000,0.82,5961.61,sh000905,中证500
2023-07-06,6010.66,6042.29,5983.48,939650,131979480000,0.82,5988.55,sh000905,中证500
2023-07-05,6050.35,6059.38,6011.87,1041290,142198510000,0.91,6020.82,sh000905,中证500
2023-07-04,6042.72,6059.57,6027.29,1055838,144484640000,0.92,6055.26,sh000905,中证500
2023-07-03,6009.27,6056.16,5997.85,1130759,153065230000,0.99,6042.31,sh000905,中证500
2023-06-30,5931.87,6016.45,5927.94,945047,133367470000,0.82,5998.73,sh000905,中证500
2023-06-29,5928.71,5964.86,5924.28,883769,123484010000,0.77,5940.58,sh000905,中证500
2023-06-28,5945.64,5951.13,5857.13,939443,128454930000,0.83,5942.31,sh000905,中证500
2023-06-27,5897.69,5956.18,5884.95,930392,118625140000,0.82,5948,sh000905,中证500
2023-06-26,5947.57,5970.61,5875.94,1110818,148203620000,0.98,5887.03,sh000905,中证500
2023-06-21,6104.25,6104.25,5990.79,1064478,154200970000,0.94,5990.85,sh000905,中证500
2023-06-20,6122.74,6144.01,6100.14,1066308,161419760000,0.94,6126.11,sh000905,中证500
2023-06-19,6148.85,6148.85,6126.39,1137872,164780450000,1.00,6131.38,sh000905,中证500
2023-06-16,6094.84,6154.93,6091.18,1153496,165690150000,1.02,6148.01,sh000905,中证500
2023-06-15,6049.47,6100.23,6046.16,1184177,165700040000,1.04,6096.81,sh000905,中证500
2023-06-14,6046.44,6064.29,6034.47,1096890,148046160000,0.97,6044.08,sh000905,中证500
2023-06-13,6016.69,6047.06,6014.06,986803,134425850000,0.87,6044.04,sh000905,中证500
2023-06-12,5999.62,6045.66,5987.27,1136125,151203110000,0.97,6027.71,sh000905,中证500
2023-06-09,5968.70,6017.28,5960.11,1275534,158760400000,1.00,6009.58,sh000905,中证500
2023-06-08,5971.72,5992.97,5922.39,1089816,124387890000,0.88,5966.15,sh000905,中证500
2023-06-07,5982.31,6010.03,5969.16,935979,113593740000,0.77,5987.01,sh000905,中证500
2023-06-06,6088.66,6089.07,5969.29,1230454,133636230000,0.96,5983.42,sh000905,中证500
2023-06-05,6102.13,6107.12,6075.59,1157480,131118710000,0.90,6097.11,sh000905,中证500
2023-06-02,6061.91,6115.07,6061.91,1223067,142073540000,0.97,6105.22,sh000905,中证500
2023-06-01,6028.80,6094.24,6008.27,1262503,154907280000,1.02,6051.46,sh000905,中证500
2023-05-31,6044.02,6063.19,6009.25,1174761,144653730000,0.94,6047.80,sh000905,中证500
2023-05-30,6008.46,6061.31,5960.34,1273120,151849130000,1.01,6061.31,sh000905,中证500
2023-05-29,6046.54,6058.92,6012.40,1251394,146808330000,0.98,6025.16,sh000905,中证500
2023-05-26,5983.14,6045.13,5953.88,1063816,123263010000,0.90,6034.98,sh000905,中证500
2023-05-25,6000.22,6028.64,5926.20,1099228,126769240000,0.93,5988.19,sh000905,中证500
2023-05-24,6032.69,6058.39,5988.03,1072234,116914170000,0.90,6005.79,sh000905,中证500
2023-05-23,6114.21,6117.36,6052.43,1111042,120628490000,0.94,6052.43,sh000905,中证500
2023-05-22,6111.84,6136.86,6086.23,1127157,126363420000,0.95,6115.32,sh000905,中证500
2023-05-19,6116.84,6149.14,6085.04,1193049,147524520000,1.00,6117.08,sh000905,中证500
2023-05-18,6132.52,6153.99,6101.24,1229421,144557620000,1.04,6128.18,sh000905,中证500
2023-05-17,6097.98,6137.02,6090.88,1072663,125585550000,0.90,6122.05,sh000905,中证500
2023-05-16,6159.17,6159.17,6095.69,1218411,142447470000,1.03,6110.83,sh000905,中证500
2023-05-15,6094.68,6159.39,6036.81,1498436,159620220000,1.26,6159.39,sh000905,中证500
2023-05-12,6138.94,6173.91,6088.22,1404107,142316420000,1.18,6091.65,sh000905,中证500
2023-05-11,6185.67,6190.39,6151.07,1460649,152275210000,1.23,6154.47,sh000905,中证500
2023-05-10,6167.13,6199.16,6137.15,1754537,180485290000,1.48,6173.81,sh000905,中证500
2023-05-09,6242.66,6274.90,6177.65,2243895,215437050000,1.89,6181.98,sh000905,中证500
2023-05-08,6202.68,6259.69,6200.15,2027183,198162490000,1.71,6248.58,sh000905,中证500
2023-05-05,6255.70,6256.23,6172.69,1782610,192217860000,1.50,6200.58,sh000905,中证500
2023-05-04,6223.23,6264.52,6218.78,2024880,215098750000,1.71,6262.39,sh000905,中证500
2023-04-28,6151.64,6245.55,6151.64,1678765,199335710000,1.42,6241.24,sh000905,中证500
2023-04-27,6127.64,6190.25,6121.61,1431361,179308960000,1.21,6157.94,sh000905,中证500
2023-04-26,6095.13,6178.17,6093.20,1521664,197699830000,1.29,6142.15,sh000905,中证500
2023-04-25,6205.62,6208.40,6042.64,1624593,200847240000,1.38,6118.15,sh000905,中证500
2023-04-24,6250.96,6260.54,6184.71,1476948,191204980000,1.25,6208.78,sh000905,中证500
2023-04-21,6411.51,6411.51,6250.54,1623133,210802110000,1.37,6250.54,sh000905,中证500
2023-04-20,6408.81,6413.08,6376.35,1505013,196199850000,1.27,6411.76,sh000905,中证500
2023-04-19,6444.87,6456.15,6404.99,1486998,192403570000,1.26,6416.97,sh000905,中证500
2023-04-18,6448.76,6462.25,6422.05,1434713,184598150000,1.22,6449.85,sh000905,中证500
2023-04-17,6422.87,6459.24,6421.39,1688231,196752270000,1.43,6459.24,sh000905,中证500
2023-04-14,6420.31,6444.89,6390.92,1453007,190743030000,1.23,6431.07,sh000905,中证500
2023-04-13,6438.16,6451.79,6396.02,1561996,196031020000,1.33,6404.65,sh000905,中证500
2023-04-12,6415.70,6450.35,6407.20,1494480,188164800000,1.27,6443.44,sh000905,中证500
2023-04-11,6405.63,6421.49,6381.06,1423991,188800340000,1.21,6420.88,sh000905,中证500
2023-04-10,6474.94,6476.22,6395.37,1451342,203397860000,1.23,6410.52,sh000905,中证500
2023-04-07,6418.26,6470.09,6416.68,1279646,177737440000,1.09,6464.47,sh000905,中证500
2023-04-06,6387.23,6428.72,6382.03,1440644,207002790000,1.22,6416.85,sh000905,中证500
2023-04-04,6414.82,6423.31,6377.53,1574918,218740910000,1.34,6408.90,sh000905,中证500
2023-04-03,6346.69,6419.87,6346.69,1639210,215330530000,1.39,6413.81,sh000905,中证500
2023-03-31,6284.85,6343.23,6282.14,1294898,164138970000,1.10,6339.82,sh000905,中证500
2023-03-30,6257.64,6287.44,6213.97,1232186,155158640000,1.05,6286.18,sh000905,中证500
2023-03-29,6285.95,6294.30,6239.94,1315483,166565420000,1.12,6260.55,sh000905,中证500
2023-03-28,6314.58,6331.56,6272.72,1391561,174935280000,1.18,6279.92,sh000905,中证500
2023-03-27,6304.48,6320.66,6265.01,1446649,184209310000,1.23,6311.60,sh000905,中证500
2023-03-24,6312.43,6315.68,6279.54,1410210,179449340000,1.20,6310.10,sh000905,中证500
2023-03-23,6253.58,6305.76,6245.98,1291796,164124550000,1.10,6305.76,sh000905,中证500
2023-03-22,6244.36,6271.52,6242.16,1282664,149867920000,1.09,6269.74,sh000905,中证500
2023-03-21,6171.89,6235.01,6171.28,1230253,144174740000,1.05,6234.68,sh000905,中证500
2023-03-20,6195.35,6201.97,6152.81,1455809,167826180000,1.24,6160.35,sh000905,中证500
2023-03-17,6174.19,6233.75,6169.84,1371083,157222490000,1.17,6183.18,sh000905,中证500
2023-03-16,6191.30,6209.97,6133.83,1276327,143759020000,1.09,6140.83,sh000905,中证500
2023-03-15,6210.93,6254.49,6210.93,1129485,129455800000,0.96,6224.64,sh000905,中证500
2023-03-14,6237.73,6243.42,6127.69,1212001,149977750000,1.03,6189.40,sh000905,中证500
2023-03-13,6189.98,6245,6178.67,1080066,132474100000,0.92,6245,sh000905,中证500
2023-03-10,6251.56,6261.33,6202.61,1080523,129144570000,0.92,6204.90,sh000905,中证500
2023-03-09,6311.04,6311.34,6258.45,926889,111866580000,0.79,6285.95,sh000905,中证500
2023-03-08,6264.43,6303.71,6258.32,986984,114463800000,0.84,6301.52,sh000905,中证500
2023-03-07,6389.81,6396.54,6284.22,1379289,149308290000,1.17,6284.30,sh000905,中证500
2023-03-06,6398.10,6405.82,6362.47,1268456,155123690000,1.08,6395.22,sh000905,中证500
2023-03-03,6384.06,6398.47,6346.96,1232348,140273360000,1.05,6390.32,sh000905,中证500
2023-03-02,6398.26,6410.23,6375.01,1253493,147597100000,1.07,6382.23,sh000905,中证500
2023-03-01,6356.50,6410.52,6340,1239076,144327640000,1.05,6402.14,sh000905,中证500
2023-02-28,6323.84,6357.54,6293.18,966032,119094830000,0.82,6357.54,sh000905,中证500
2023-02-27,6318.64,6349.09,6288.30,1010827,124887490000,0.86,6307.21,sh000905,中证500
2023-02-24,6367.63,6372.49,6308.22,969573,119877930000,0.83,6340.84,sh000905,中证500
2023-02-23,6377.29,6396.66,6328.64,1160647,135992250000,0.99,6360.32,sh000905,中证500
2023-02-22,6352.03,6397.15,6344.99,1090830,128341320000,0.93,6375.07,sh000905,中证500
2023-02-21,6349.91,6396.74,6337.60,1418247,153705800000,1.21,6383.42,sh000905,中证500
2023-02-20,6248.26,6349.41,6227.35,1403341,157289270000,1.20,6346.07,sh000905,中证500
2023-02-17,6284.92,6308.57,6237.41,1172110,143422450000,1.00,6237.41,sh000905,中证500
2023-02-16,6384.21,6429.05,6244.48,1683884,190791360000,1.44,6289.48,sh000905,中证500
2023-02-15,6398.87,6407.75,6365.31,1159070,143472320000,0.99,6384.35,sh000905,中证500
2023-02-14,6394.62,6408.55,6369.57,1246744,143967120000,1.07,6397.21,sh000905,中证500
2023-02-13,6333.22,6386.72,6331.37,1315662,151374560000,1.13,6383.83,sh000905,中证500
2023-02-10,6349,6368.49,6296.55,1201008,134994910000,1.03,6334.25,sh000905,中证500
2023-02-09,6256.31,6354.80,6250.45,1090311,129044250000,0.93,6354.56,sh000905,中证500
2023-02-08,6319.52,6323.85,6263.76,1059949,116986270000,0.91,6268.28,sh000905,中证500
2023-02-07,6309.22,6318.84,6273.60,1096627,125078070000,0.94,6317.24,sh000905,中证500
2023-02-06,6314.60,6330.79,6274.54,1084853,127652060000,0.93,6302.33,sh000905,中证500
2023-02-03,6354.71,6354.71,6267.44,1215072,138714380000,1.04,6343.69,sh000905,中证500
2023-02-02,6383.30,6402.26,6347.73,1492928,166213110000,1.28,6370.14,sh000905,中证500
2023-02-01,6300.50,6368.79,6293.49,1524422,166449080000,1.30,6365.91,sh000905,中证500
2023-01-31,6266.30,6303.91,6259.53,1353021,146630400000,1.16,6289.15,sh000905,中证500
2023-01-30,6331.88,6342.45,6279.45,1465179,173697710000,1.25,6283.33,sh000905,中证500
2023-01-20,6214.03,6253.27,6214.03,1139045,128362190000,0.98,6251.43,sh000905,中证500
2023-01-19,6145.62,6204.33,6130.42,997778,114472420000,0.86,6204.33,sh000905,中证500
2023-01-18,6139.69,6168.37,6136.97,945558,103052550000,0.81,6151.46,sh000905,中证500
2023-01-17,6129.73,6138.17,6107.76,959217,109180210000,0.83,6132.64,sh000905,中证500
2023-01-16,6068.91,6168.74,6068.14,1296197,146526750000,1.12,6126.18,sh000905,中证500
2023-01-13,6030.93,6058.22,6015.22,900250,102449870000,0.78,6057.69,sh000905,中证500
2023-01-12,6022.56,6048.19,5995.91,929001,104903000000,0.80,6015.29,sh000905,中证500
2023-01-11,6049.04,6070.45,6004.22,944064,112879600000,0.81,6014.16,sh000905,中证500
2023-01-10,6044.64,6053.58,6017.15,963934,113967060000,0.83,6048.30,sh000905,中证500
2023-01-09,6028.40,6070.16,6023.64,1006968,124921330000,0.87,6040.02,sh000905,中证500
2023-01-06,6004.17,6050.89,5998.83,992449,121596400000,0.86,6012.82,sh000905,中证500
2023-01-05,5959.44,6017.34,5950.09,966300,117479980000,0.83,6010.46,sh000905,中证500
2023-01-04,5952.51,5970.58,5922.86,971604,114358730000,0.84,5952.45,sh000905,中证500
2023-01-03,5861.55,5964.82,5848.15,995578,119271240000,0.86,5955.90,sh000905,中证500
2022-12-30,5875.28,5885.89,5848.95,753450,86117940000,0.65,5864.47,sh000905,中证500
2022-12-29,5843.94,5895.98,5835.33,795108,94429700000,0.69,5857.40,sh000905,中证500
2022-12-28,5869.46,5889.32,5848.24,900989,102679230000,0.78,5862.10,sh000905,中证500
2022-12-27,5857.75,5891.35,5832.27,817804,101272090000,0.71,5885.66,sh000905,中证500
2022-12-26,5769.07,5850.91,5769.07,754241,93646100000,0.65,5843.26,sh000905,中证500
2022-12-23,5751.95,5805.51,5732.47,665569,81911190000,0.58,5763.35,sh000905,中证500
2022-12-22,5867.72,5875.47,5761.98,822319,97446800000,0.71,5779.06,sh000905,中证500
2022-12-21,5879.27,5892.91,5819.67,697834,85257780000,0.60,5845.84,sh000905,中证500
2022-12-20,5919.03,5920.99,5857.86,786233,96369670000,0.68,5878.03,sh000905,中证500
2022-12-19,6058.89,6081.44,5911.88,1051062,121083180000,0.91,5936.48,sh000905,中证500
2022-12-16,6071.96,6087.46,6036.05,939107,113412130000,0.81,6072.86,sh000905,中证500
2022-12-15,6090.12,6108.96,6078,881905,113088370000,0.76,6101.88,sh000905,中证500
2022-12-14,6122.43,6139.74,6084.08,950899,125346100000,0.82,6096.39,sh000905,中证500
2022-12-13,6153.74,6154.30,6113.41,1048575,131515610000,0.91,6121.66,sh000905,中证500
2022-12-12,6181.24,6182.08,6146.25,1340983,162420260000,1.13,6154.81,sh000905,中证500
2022-12-09,6185.79,6213.52,6159.50,1678068,180239310000,1.36,6192.30,sh000905,中证500
2022-12-08,6199.16,6206.14,6168.78,1310513,149348400000,1.08,6186.28,sh000905,中证500
2022-12-07,6198.05,6243.90,6183.33,1378212,155238840000,1.16,6204.01,sh000905,中证500
2022-12-06,6202.52,6244.64,6185.49,1493728,164215810000,1.26,6211.25,sh000905,中证500
2022-12-05,6201.98,6227.21,6182.98,1704772,177698740000,1.43,6215.12,sh000905,中证500
2022-12-02,6177.92,6206.99,6154.21,1155010,133339760000,0.95,6168.01,sh000905,中证500
2022-12-01,6211.29,6229.83,6186.10,1525233,171479200000,1.26,6186.10,sh000905,中证500
2022-11-30,6156.77,6175.68,6118.90,1546480,153125580000,1.26,6156.15,sh000905,中证500
2022-11-29,6071.45,6173.85,6071.22,1553245,159512110000,1.27,6163.82,sh000905,中证500
2022-11-28,5999.85,6059.02,5970.09,1179401,125697910000,0.94,6055.28,sh000905,中证500
2022-11-25,6095.13,6107.07,6062,1077423,110059810000,0.91,6087.86,sh000905,中证500
2022-11-24,6126.60,6149.96,6099.75,1002007,117480440000,0.85,6120.07,sh000905,中证500
2022-11-23,6114.27,6140.11,6045.02,1151935,128686790000,0.98,6115.60,sh000905,中证500
2022-11-22,6178.16,6196.20,6100.11,1160860,137587010000,0.98,6125.40,sh000905,中证500
2022-11-21,6147.72,6196.65,6116.30,1128544,141789500000,0.96,6189.71,sh000905,中证500
2022-11-18,6213.09,6251.11,6181.55,1311811,164591220000,1.11,6191.65,sh000905,中证500
2022-11-17,6182.69,6217.21,6148.61,1234302,152683750000,1.04,6217.21,sh000905,中证500
2022-11-16,6238.58,6263.16,6190.01,1297704,151854940000,1.10,6203.92,sh000905,中证500
2022-11-15,6125.11,6236.38,6112.62,1498610,171481800000,1.27,6236.38,sh000905,中证500
2022-11-14,6140.19,6189.38,6104.93,1594867,174064710000,1.35,6129.51,sh000905,中证500
2022-11-11,6223.23,6249.35,6134.68,1764921,198177120000,1.49,6138.62,sh000905,中证500
2022-11-10,6085.28,6119.03,6061.81,1164019,129142710000,0.99,6089.70,sh000905,中证500
2022-11-09,6140.54,6182.34,6118.73,1047623,127037470000,0.89,6120.83,sh000905,中证500
2022-11-08,6139.89,6141.02,6095.44,1082675,134372670000,0.92,6134.26,sh000905,中证500
2022-11-07,6133.24,6166.19,6100.61,1380924,167294750000,1.17,6141.41,sh000905,中证500
2022-11-04,5996.31,6157.43,5996.31,1387071,174457120000,1.17,6133.46,sh000905,中证500
2022-11-03,5944.51,6018.42,5937.61,1063869,145162730000,0.90,5996.72,sh000905,中证500
2022-11-02,5925.65,6028.77,5916.06,1423303,183166210000,1.21,5997.80,sh000905,中证500
2022-11-01,5814.21,5942.14,5786.87,1366168,165176130000,1.16,5941.15,sh000905,中证500
2022-10-31,5745.08,5859.60,5743.56,1270161,150059220000,1.08,5807.11,sh000905,中证500
2022-10-28,5922.82,5934.80,5760.05,1316763,147373420000,1.12,5781.80,sh000905,中证500
2022-10-27,5978.28,6020.89,5962.97,1170882,147969760000,0.99,5963,sh000905,中证500
2022-10-26,5871.08,6016.92,5871.08,1165301,143742560000,0.99,5971.60,sh000905,中证500
2022-10-25,5864.02,5926.57,5785.41,1070459,123655970000,0.91,5869.78,sh000905,中证500
2022-10-24,5968.54,6061.21,5857.86,1195011,137328970000,1.01,5896.90,sh000905,中证500
2022-10-21,5959.21,5993.88,5928.92,968263,112261080000,0.82,5956.88,sh000905,中证500
2022-10-20,5943.48,6035.55,5886.40,1033882,121766930000,0.88,5948.86,sh000905,中证500
2022-10-19,6021.80,6037.44,5970.44,938811,112290660000,0.80,5972.72,sh000905,中证500
2022-10-18,6031.05,6074.37,5996.39,1057502,127130540000,0.90,6035.67,sh000905,中证500
2022-10-17,5952.38,6023.53,5945.43,1114619,127160230000,0.94,6015.60,sh000905,中证500
2022-10-14,5866.86,5996.04,5866.86,1182122,138463010000,1.00,5973.44,sh000905,中证500
2022-10-13,5789.66,5876.48,5780.18,1057223,114922150000,0.90,5830.34,sh000905,中证500
2022-10-12,5680.36,5820.45,5594.30,1061018,110816370000,0.90,5820.45,sh000905,中证500
2022-10-11,5642.48,5703.27,5606.99,865715,88733100000,0.73,5684.51,sh000905,中证500
2022-10-10,5729.75,5758.04,5618.80,974693,97320940000,0.83,5635.71,sh000905,中证500
2022-09-30,5764.15,5804.20,5714.06,855452,87143080000,0.73,5714.06,sh000905,中证500
2022-09-29,5823.27,5856.16,5741.02,953858,97557850000,0.81,5771.88,sh000905,中证500
2022-09-28,5910.05,5910.05,5769.52,936949,99052680000,0.79,5769.52,sh000905,中证500
2022-09-27,5823.55,5920.05,5808.25,974180,103953590000,0.83,5920.05,sh000905,中证500
2022-09-26,5841.58,5922.32,5798.28,1032444,102568350000,0.88,5806.32,sh000905,中证500
2022-09-23,5961.06,5986.82,5839.93,1006094,104706620000,0.85,5889.60,sh000905,中证500
2022-09-22,5938.10,6015.12,5931.73,998676,102285810000,0.85,5965.89,sh000905,中证500
2022-09-21,5943.09,5998.70,5876.52,1034636,100001260000,0.88,5978.58,sh000905,中证500
2022-09-20,5949.34,6002.79,5940.58,888130,96795080000,0.75,5958.29,sh000905,中证500
2022-09-19,5947.86,5967.65,5880.49,1040254,104609800000,0.88,5913.15,sh000905,中证500
2022-09-16,6091.42,6102.54,5954.50,1371721,131508080000,1.16,5954.50,sh000905,中证500
2022-09-15,6280.45,6282.69,6053.80,1416435,148202360000,1.20,6107.80,sh000905,中证500
2022-09-14,6214.91,6273.63,6206.92,1091212,114644790000,0.93,6249.96,sh000905,中证500
2022-09-13,6334.86,6343.77,6291.44,1181063,123861800000,1.00,6300.42,sh000905,中证500
2022-09-09,6275.90,6321.82,6254.26,1213892,124658340000,1.03,6316.97,sh000905,中证500
2022-09-08,6299.91,6309.90,6266.52,1161643,120970240000,0.99,6272.58,sh000905,中证500
2022-09-07,6269.99,6314.12,6256.61,1201603,130718400000,1.02,6301.56,sh000905,中证500
2022-09-06,6198.49,6292.53,6187.95,1298460,135891980000,1.10,6291.57,sh000905,中证500
2022-09-05,6147.71,6184.80,6122.62,1174792,119758000000,1.00,6182.65,sh000905,中证500
2022-09-02,6135.30,6176.17,6117.73,1065644,114216220000,0.90,6149.43,sh000905,中证500
2022-09-01,6153.29,6207.24,6118.58,1185751,124670860000,1.01,6126.77,sh000905,中证500
2022-08-31,6265.59,6280.19,6132.23,1472754,153776540000,1.25,6155.75,sh000905,中证500
2022-08-30,6309.58,6319.17,6248.14,1321092,136583220000,1.12,6285.93,sh000905,中证500
2022-08-29,6213.40,6310.99,6205.13,1252688,132966410000,1.06,6310.40,sh000905,中证500
2022-08-26,6331.08,6381.48,6286.52,1304058,145604220000,1.11,6298.37,sh000905,中证500
2022-08-25,6303.14,6327.09,6225.68,1419464,152348520000,1.21,6322.70,sh000905,中证500
2022-08-24,6470.69,6472.68,6277.99,1581039,171922930000,1.34,6284.58,sh000905,中证500
2022-08-23,6460.17,6475.82,6436.08,1336764,152812390000,1.14,6466.40,sh000905,中证500
2022-08-22,6381.34,6472.79,6363.22,1337355,155429480000,1.14,6472.68,sh000905,中证500
2022-08-19,6468.82,6477.31,6390.93,1425909,161777620000,1.21,6391.72,sh000905,中证500
2022-08-18,6481.37,6483.69,6448.75,1304518,151581050000,1.11,6468.81,sh000905,中证500
2022-08-17,6473.25,6501.36,6428.97,1462203,165336990000,1.25,6493.50,sh000905,中证500
2022-08-16,6446.76,6492.54,6440.38,1358415,150950900000,1.16,6465.19,sh000905,中证500
2022-08-15,6405.72,6462.54,6394.22,1336275,151481920000,1.14,6442.81,sh000905,中证500
2022-08-12,6425.11,6463.07,6416.29,1403999,158383470000,1.20,6420.85,sh000905,中证500
2022-08-11,6349.50,6439.36,6341.72,1420383,168399100000,1.21,6439.36,sh000905,中证500
2022-08-10,6331.41,6362.29,6298.86,1188999,153411740000,1.01,6322.06,sh000905,中证500
2022-08-09,6314.10,6344.84,6290.87,1169667,148682030000,1.00,6341.48,sh000905,中证500
2022-08-08,6266.57,6324.34,6249.62,1161329,149909680000,0.99,6323.07,sh000905,中证500
2022-08-05,6175.48,6274.27,6163.51,1242844,150450720000,1.06,6270.51,sh000905,中证500
2022-08-04,6160.49,6177.62,6080.10,1136464,137805650000,0.97,6158.73,sh000905,中证500
2022-08-03,6171.62,6261.91,6111.22,1472134,175544840000,1.26,6124.31,sh000905,中证500
2022-08-02,6288.61,6288.61,6095.06,1829025,192873380000,1.56,6170,sh000905,中证500
2022-08-01,6293.38,6350.04,6253.06,1286790,151348900000,1.10,6347.22,sh000905,中证500
2022-07-29,6356.52,6365.26,6285.72,1379258,152961330000,1.18,6294.11,sh000905,中证500
2022-07-28,6361.27,6393.73,6339.55,1384734,152662270000,1.18,6348.17,sh000905,中证500
2022-07-27,6301.61,6344.21,6286.35,1204351,133249680000,1.03,6332.23,sh000905,中证500
2022-07-26,6239.21,6319.25,6213.84,1172765,129165890000,1.00,6307.96,sh000905,中证500
2022-07-25,6297.10,6319.18,6213.47,1294580,139714100000,1.11,6231.24,sh000905,中证500
2022-07-22,6353.92,6371.32,6236.34,1306207,143788390000,1.12,6289.53,sh000905,中证500
2022-07-21,6400.07,6408.46,6347.60,1482102,163172750000,1.27,6347.60,sh000905,中证500
2022-07-20,6353,6416.87,6351.82,1429326,157782310000,1.22,6410.71,sh000905,中证500
2022-07-19,6318.84,6347.24,6283.40,1463848,163012680000,1.25,6335.71,sh000905,中证500
2022-07-18,6216.10,6315.66,6200.52,1591446,163899480000,1.36,6312.36,sh000905,中证500
2022-07-15,6279.68,6323.53,6196.80,1583868,169165270000,1.36,6196.80,sh000905,中证500
2022-07-14,6267.47,6339.42,6254.68,1403541,156034970000,1.21,6302.43,sh000905,中证500
2022-07-13,6238.68,6287.64,6207.72,1427107,148941200000,1.23,6268.49,sh000905,中证500
2022-07-12,6317.88,6346.51,6238.56,1445131,162745220000,1.24,6241.48,sh000905,中证500
2022-07-11,6387.45,6387.45,6274.74,1519937,169420490000,1.31,6319.14,sh000905,中证500
2022-07-08,6478.29,6490.15,6404.16,1509867,171162740000,1.30,6404.44,sh000905,中证500
2022-07-07,6414.41,6482.42,6380.17,1573511,176906220000,1.35,6452.99,sh000905,中证500
2022-07-06,6489.02,6496.97,6359.47,1771045,188283100000,1.53,6418.55,sh000905,中证500
2022-07-05,6535.45,6548.30,6435.74,1866255,206724930000,1.61,6511.53,sh000905,中证500
2022-07-04,6445.07,6524.30,6405.38,1578200,193784450000,1.36,6523.13,sh000905,中证500
2022-07-01,6450.75,6481.15,6423.86,1442046,172657740000,1.24,6438.54,sh000905,中证500
2022-06-30,6385.21,6493.09,6385.21,1638468,193598970000,1.41,6454.08,sh000905,中证500
2022-06-29,6479.17,6501.39,6370.02,1907283,215976300000,1.65,6374.30,sh000905,中证500
2022-06-28,6412.44,6506.67,6392.11,1705827,196479370000,1.47,6501.35,sh000905,中证500
2022-06-27,6398.36,6449.34,6390.28,1689182,201652930000,1.46,6407.74,sh000905,中证500
2022-06-24,6306.83,6378.50,6304.08,1577127,181995580000,1.37,6368.28,sh000905,中证500
2022-06-23,6186.99,6300.47,6142.94,1682660,179525610000,1.47,6300.47,sh000905,中证500
2022-06-22,6281.87,6285.65,6176.85,1540943,164240860000,1.34,6179.57,sh000905,中证500
2022-06-21,6324.84,6337.08,6215.29,1644616,178813380000,1.43,6277,sh000905,中证500
2022-06-20,6323.41,6359,6277.22,1752071,202463100000,1.53,6330.39,sh000905,中证500
2022-06-17,6220.58,6328.36,6181.85,1678591,188555340000,1.47,6316.31,sh000905,中证500
2022-06-16,6262.29,6330.35,6242.33,1946151,200890500000,1.70,6264.82,sh000905,中证500
2022-06-15,6275.37,6398.36,6261.04,2381408,231704740000,2.08,6261.06,sh000905,中证500
2022-06-14,6161.62,6278.97,6061.19,1974032,196166210000,1.73,6275.57,sh000905,中证500
2022-06-13,6188.77,6250.68,6172.91,1881324,197652380000,1.64,6233.62,sh000905,中证500
2022-06-10,6083.50,6250.36,6078.78,1925413,178686550000,1.66,6240.10,sh000905,中证500
2022-06-09,6207.73,6209.11,6088.46,1721298,160399010000,1.48,6130.69,sh000905,中证500
2022-06-08,6184.96,6227.33,6110.06,1864289,176670590000,1.60,6217.83,sh000905,中证500
2022-06-07,6186.58,6199.72,6136.04,1773117,169115480000,1.53,6186.57,sh000905,中证500
2022-06-06,6079.89,6194.43,6070.71,1826800,180119370000,1.57,6187.44,sh000905,中证500
2022-06-02,6000.62,6084.32,5987.64,1595717,150036300000,1.37,6078.43,sh000905,中证500
2022-06-01,6008.75,6042.37,5970.49,1553658,143127250000,1.34,6023.64,sh000905,中证500
2022-05-31,5940.37,6033.47,5902.28,1559449,147825250000,1.34,6026.24,sh000905,中证500
2022-05-30,5918.24,5943,5867.19,1338526,124183590000,1.15,5942.83,sh000905,中证500
2022-05-27,5921.33,5952.62,5854.61,1434069,128502610000,1.24,5899.92,sh000905,中证500
2022-05-26,5848.03,5928.71,5780.97,1623504,142667050000,1.40,5911.56,sh000905,中证500
2022-05-25,5741.23,5844.28,5736.14,1435906,126687500000,1.24,5844.25,sh000905,中证500
2022-05-24,5962.15,5967.23,5745.68,1775408,161859190000,1.53,5745.68,sh000905,中证500
2022-05-23,5941.14,5968.85,5908.66,1538760,143376160000,1.33,5965.73,sh000905,中证500
2022-05-20,5854.01,5929.54,5849.76,1657273,151890810000,1.43,5929.49,sh000905,中证500
2022-05-19,5708.80,5838.41,5700.11,1366237,122730050000,1.18,5838.41,sh000905,中证500
2022-05-18,5815.61,5846.84,5785.45,1272438,114319970000,1.10,5797.49,sh000905,中证500
2022-05-17,5789.92,5816.34,5724.44,1308294,119260450000,1.13,5816.34,sh000905,中证500
2022-05-16,5840.24,5855.72,5767.54,1513873,132450890000,1.31,5791.08,sh000905,中证500
2022-05-13,5765.32,5796.80,5731.86,1365598,116785290000,1.18,5796.80,sh000905,中证500
2022-05-12,5707.56,5779.32,5687.18,1392162,125952900000,1.20,5743.10,sh000905,中证500
2022-05-11,5697.43,5856.19,5696.70,1851636,172855140000,1.60,5737.82,sh000905,中证500
2022-05-10,5532.60,5698.51,5519.47,1653296,141136840000,1.43,5690.09,sh000905,中证500
2022-05-09,5552.48,5626.59,5537.98,1315539,114555070000,1.14,5608.52,sh000905,中证500
2022-05-06,5560.98,5629.65,5542.18,1529933,128084920000,1.33,5563.77,sh000905,中证500
2022-05-05,5612.50,5728.62,5606.94,1686432,153614010000,1.46,5686.70,sh000905,中证500
2022-04-29,5458.91,5630.93,5443.67,1812895,157723210000,1.57,5627.90,sh000905,中证500
2022-04-28,5398.90,5472.82,5339.61,1550398,133023980000,1.34,5418.76,sh000905,中证500
2022-04-27,5179.03,5440.07,5158.48,1796934,148165590000,1.56,5437.04,sh000905,中证500
2022-04-26,5374.25,5434.70,5225.21,1712994,139143830000,1.48,5234.01,sh000905,中证500
2022-04-25,5656.39,5656.39,5369.72,1867535,150663970000,1.62,5369.72,sh000905,中证500
2022-04-22,5728.19,5794.34,5667.34,1399976,120243690000,1.21,5740.98,sh000905,中证500
2022-04-21,5933.79,5971.19,5742.42,1578545,135625760000,1.37,5759.80,sh000905,中证500
2022-04-20,6082.81,6093.78,5942,1510556,134720860000,1.31,5956.92,sh000905,中证500
2022-04-19,6067.48,6106.93,6052.10,1419975,129227430000,1.23,6092.40,sh000905,中证500
2022-04-18,6019.53,6094.67,5975.45,1491864,131553630000,1.29,6074.01,sh000905,中证500
2022-04-15,6094.12,6122.29,6048.16,1846270,162170120000,1.60,6070.75,sh000905,中证500
2022-04-14,6074.13,6156.50,6060.68,1590331,147089470000,1.38,6126.49,sh000905,中证500
2022-04-13,6094.68,6129.66,6039.92,1670431,147270110000,1.45,6044.33,sh000905,中证500
2022-04-12,6019.67,6135.57,5964.39,1731802,151432390000,1.50,6126.91,sh000905,中证500
2022-04-11,6202.02,6202.02,6001.57,1783848,162201440000,1.55,6029.89,sh000905,中证500
2022-04-08,6227.20,6237.91,6117.01,1839549,159245300000,1.60,6224.12,sh000905,中证500
2022-04-07,6321.81,6364.63,6221.59,1907622,163735810000,1.66,6221.59,sh000905,中证500
2022-04-06,6363,6363,6279.07,1968536,169525010000,1.71,6356.93,sh000905,中证500
2022-04-01,6289.39,6373.26,6274,1751286,154551710000,1.52,6364.52,sh000905,中证500
2022-03-31,6361.10,6383.07,6313.97,1769039,167072820000,1.54,6324.96,sh000905,中证500
2022-03-30,6272,6377.87,6261.80,1640146,155600800000,1.43,6377.87,sh000905,中证500
2022-03-29,6289.48,6316.31,6233.28,1413621,140401390000,1.23,6253.07,sh000905,中证500
2022-03-28,6230.12,6322.13,6176.25,1448579,136991740000,1.26,6283.28,sh000905,中证500
2022-03-25,6346.71,6373.47,6268.24,1349723,135181840000,1.18,6268.24,sh000905,中证500
2022-03-24,6370.97,6384.40,6315.14,1377491,139175990000,1.20,6344.12,sh000905,中证500
2022-03-23,6368.31,6420.16,6353.34,1431794,141684930000,1.25,6398.10,sh000905,中证500
2022-03-22,6343.40,6404.83,6313.27,1511079,145705390000,1.32,6358.11,sh000905,中证500
2022-03-21,6340.56,6389.21,6284.85,1596537,161774090000,1.39,6358.94,sh000905,中证500
2022-03-18,6249.48,6338.22,6231.73,1526202,153302420000,1.33,6332.22,sh000905,中证500
2022-03-17,6233.64,6369.89,6225.98,1704385,184845070000,1.48,6267.52,sh000905,中证500
2022-03-16,6068.90,6173.79,5824.33,1788268,178613440000,1.56,6156.27,sh000905,中证500
2022-03-15,6272.44,6278.07,5964.98,1947137,184102450000,1.70,5964.98,sh000905,中证500
2022-03-14,6419.24,6490.61,6323.58,1379540,153706450000,1.20,6323.58,sh000905,中证500
2022-03-11,6343.19,6479.72,6270.02,1521145,158771250000,1.32,6474.13,sh000905,中证500
2022-03-10,6424.91,6475.14,6390.73,1531524,158971830000,1.33,6414.94,sh000905,中证500
2022-03-09,6443.20,6462.48,6066.76,1978027,188335590000,1.72,6305.61,sh000905,中证500
2022-03-08,6650.58,6665.95,6416.80,1862961,184444200000,1.62,6429.89,sh000905,中证500
2022-03-07,6800.77,6800.82,6628.48,1664846,164636760000,1.45,6659.39,sh000905,中证500
2022-03-04,6823.83,6871.09,6779.41,1774119,165852590000,1.55,6803.83,sh000905,中证500
2022-03-03,6900.98,6907.41,6843.99,1890918,173516750000,1.65,6859.55,sh000905,中证500
2022-03-02,6853.07,6878.35,6828.06,1371150,140871320000,1.20,6875.24,sh000905,中证500
2022-03-01,6868.62,6889.33,6837.25,1377172,147535310000,1.20,6874.04,sh000905,中证500
2022-02-28,6831.49,6853.34,6770.05,1396014,148585350000,1.22,6853.31,sh000905,中证500
2022-02-25,6805.64,6895.04,6801.33,1564291,164105580000,1.37,6819.43,sh000905,中证500
2022-02-24,6861.41,6898.41,6688.75,2108498,218057100000,1.84,6764.88,sh000905,中证500
2022-02-23,6785.10,6889.70,6785.10,1441166,159413010000,1.26,6887.42,sh000905,中证500
2022-02-22,6827.05,6827.05,6743.85,1486099,152906260000,1.30,6784.76,sh000905,中证500
2022-02-21,6843.08,6871.99,6822.88,1451463,150072400000,1.27,6867.11,sh000905,中证500
2022-02-18,6734.52,6835.20,6727.82,1399526,134406670000,1.22,6835.02,sh000905,中证500
2022-02-17,6764.33,6797.62,6730.18,1229851,130706760000,1.08,6768.79,sh000905,中证500
2022-02-16,6779.21,6788.36,6751.80,1084140,114685140000,0.95,6772.03,sh000905,中证500
2022-02-15,6700.82,6762.86,6686.95,1128058,121268410000,0.99,6760.28,sh000905,中证500
2022-02-14,6711.59,6765.52,6667.49,1370825,132192010000,1.20,6695.70,sh000905,中证500
2022-02-11,6811.78,6840.72,6735.89,1598014,156700190000,1.40,6745.02,sh000905,中证500
2022-02-10,6841.16,6864.69,6797.01,1549166,147064850000,1.36,6840.49,sh000905,中证500
2022-02-09,6736.75,6848.69,6725.80,1628227,155362520000,1.43,6843.03,sh000905,中证500
2022-02-08,6678.99,6742.40,6599.37,1595986,145458660000,1.40,6742.19,sh000905,中证500
2022-02-07,6664.57,6702.33,6656.13,1450926,138641530000,1.27,6676.61,sh000905,中证500
2022-01-28,6690.18,6690.18,6510.18,1270888,130258020000,1.11,6580.53,sh000905,中证500
2022-01-27,6781.61,6785.73,6605.92,1252438,132244730000,1.10,6605.92,sh000905,中证500
2022-01-26,6762.35,6799.81,6721.90,1206153,130234710000,1.06,6782.58,sh000905,中证500
2022-01-25,6960,6979.48,6743.96,1503372,154265490000,1.32,6743.96,sh000905,中证500
2022-01-24,6942.92,7006.70,6925.77,1226796,135920720000,1.08,6979.25,sh000905,中证500
2022-01-21,7037.94,7040.43,6965.33,1446798,158204020000,1.27,6976.62,sh000905,中证500
2022-01-20,7119.51,7135.78,7040.01,1686663,172753200000,1.49,7056.79,sh000905,中证500
2022-01-19,7144.48,7182.06,7078.36,1631784,174675280000,1.44,7118.76,sh000905,中证500
2022-01-18,7163.13,7191,7133.20,1792354,195000210000,1.58,7163.16,sh000905,中证500
2022-01-17,7080.62,7169.34,7078.66,1617797,183490790000,1.43,7157.86,sh000905,中证500
2022-01-14,7063.42,7125.09,7052.63,1755912,181513950000,1.55,7081.14,sh000905,中证500
2022-01-13,7203.24,7203.24,7096.33,1691490,174599010000,1.50,7097.76,sh000905,中证500
2022-01-12,7160.18,7196.93,7148.63,1560515,170334290000,1.38,7196.93,sh000905,中证500
2022-01-11,7187.02,7206.92,7118.84,1694946,179645360000,1.50,7135.22,sh000905,中证500
2022-01-10,7161.44,7193.92,7122.09,1657489,176717920000,1.47,7191.45,sh000905,中证500
2022-01-07,7232.41,7262.81,7168.04,2000180,202498450000,1.77,7175.68,sh000905,中证500
2022-01-06,7187.95,7242.77,7167.81,1733358,179907540000,1.54,7229.96,sh000905,中证500
2022-01-05,7343.90,7346.26,7200.73,1940024,209809760000,1.72,7222.67,sh000905,中证500
2022-01-04,7387.81,7392.10,7317.50,2008100,219175110000,1.78,7354.46,sh000905,中证500
2021-12-31,7320.94,7368.13,7317.70,1499090,169456920000,1.33,7359.40,sh000905,中证500
2021-12-30,7246.03,7324.50,7244.22,1416511,158448270000,1.26,7310.96,sh000905,中证500
2021-12-29,7275.67,7290.86,7242.30,1362096,155743980000,1.21,7247.77,sh000905,中证500
2021-12-28,7281,7290.54,7240.93,1432620,164782850000,1.27,7286.03,sh000905,中证500
2021-12-27,7269.37,7323.88,7255.72,1486188,165585650000,1.32,7272.75,sh000905,中证500
2021-12-24,7336,7339.94,7257.53,1694187,182681100000,1.51,7278.76,sh000905,中证500
2021-12-23,7306.16,7350,7290.38,1691318,180467000000,1.50,7337.19,sh000905,中证500
2021-12-22,7289.91,7318.61,7271.82,1741172,171088400000,1.55,7302.46,sh000905,中证500
2021-12-21,7190.97,7285.72,7190.97,1762167,164258060000,1.57,7275.47,sh000905,中证500
2021-12-20,7290.95,7313.48,7191.05,1817279,190350690000,1.62,7195.97,sh000905,中证500
2021-12-17,7380.72,7384.02,7308.72,1962653,203439630000,1.75,7314.56,sh000905,中证500
2021-12-16,7323.41,7381,7323.41,1776903,187008760000,1.58,7381,sh000905,中证500
2021-12-15,7319.66,7352.38,7302.38,1599239,183859410000,1.42,7314.26,sh000905,中证500
2021-12-14,7330.24,7349.88,7314.43,1595838,183555990000,1.42,7324.13,sh000905,中证500
2021-12-13,7334.11,7371.31,7322.44,1853631,210741540000,1.65,7353.03,sh000905,中证500
2021-12-10,7285.97,7317.27,7276.61,1872307,209397680000,1.70,7306.65,sh000905,中证500
2021-12-09,7298.80,7331.58,7290.27,1960872,211492050000,1.78,7320.32,sh000905,中证500
2021-12-08,7225,7302.99,7214.26,1692805,190279980000,1.53,7302.99,sh000905,中证500
2021-12-07,7274.13,7284.64,7148.07,1922439,206136080000,1.74,7206.83,sh000905,中证500
2021-12-06,7308.99,7330.47,7235.45,2130700,218322690000,1.93,7240.46,sh000905,中证500
2021-12-03,7233.57,7310.27,7223.80,1862227,200791220000,1.69,7301.92,sh000905,中证500
2021-12-02,7256.42,7279.95,7221.36,1765555,198627050000,1.60,7229.99,sh000905,中证500
2021-12-01,7239.13,7272.94,7215.67,1718063,196111870000,1.56,7272.84,sh000905,中证500
2021-11-30,7252.33,7281.13,7210.84,1863362,213217510000,1.69,7252.76,sh000905,中证500
2021-11-29,7129.94,7226.34,7125.43,1669414,198551720000,1.51,7221.90,sh000905,中证500
2021-11-26,7216.64,7249.20,7201.20,1594231,192093830000,1.44,7219.86,sh000905,中证500
2021-11-25,7262.79,7262.79,7228.29,1640681,190327760000,1.49,7233.54,sh000905,中证500
2021-11-24,7260.22,7278.40,7229.60,1776741,209537060000,1.61,7256.11,sh000905,中证500
2021-11-23,7245.95,7292.92,7239,1895950,218299010000,1.72,7261.38,sh000905,中证500
2021-11-22,7177.40,7259.53,7177.40,1805225,222986230000,1.64,7255.07,sh000905,中证500
2021-11-19,7083.01,7174.25,7073.72,1781859,193601340000,1.62,7169.88,sh000905,中证500
2021-11-18,7108.78,7130.29,7066.49,1627149,185152970000,1.48,7084.68,sh000905,中证500
2021-11-17,7043.63,7106.05,7033.95,1403471,168875300000,1.27,7104.53,sh000905,中证500
2021-11-16,7083.92,7121.74,7040.51,1623703,192032230000,1.47,7045.94,sh000905,中证500
2021-11-15,7166.04,7176.77,7083.78,1611482,201939760000,1.46,7098.21,sh000905,中证500
2021-11-12,7118.99,7165.11,7112.58,1685134,195249980000,1.53,7156.61,sh000905,中证500
2021-11-11,7048.86,7121.92,7033.09,1654007,186637770000,1.50,7119.86,sh000905,中证500
2021-11-10,7061.64,7072.15,6965.86,1621384,187121570000,1.47,7062.33,sh000905,中证500
2021-11-09,7037.57,7087.02,7028.31,1416968,175620420000,1.29,7081.75,sh000905,中证500
2021-11-08,6986.50,7034.14,6984.81,1463609,176810360000,1.33,7026.97,sh000905,中证500
2021-11-05,7071.08,7073.85,6991.15,1772414,207299700000,1.61,6991.91,sh000905,中证500
2021-11-04,7031.95,7073.85,7018.61,1526520,188533360000,1.39,7073.85,sh000905,中证500
2021-11-03,6975.06,7034.09,6962.87,1508146,183530630000,1.37,7017.85,sh000905,中证500
2021-11-02,7061,7093.61,6921.85,1961147,230633600000,1.78,6985.10,sh000905,中证500
2021-11-01,7005.07,7087.29,6993.27,1841430,226533560000,1.67,7060.76,sh000905,中证500
2021-10-29,6955.85,7022.75,6920.31,1707795,207011900000,1.55,7022.50,sh000905,中证500
2021-10-28,7026.29,7043.42,6930.54,1880753,210380520000,1.71,6950.28,sh000905,中证500
2021-10-27,7093.12,7097.86,7017.86,1790209,212523900000,1.63,7048.60,sh000905,中证500
2021-10-26,7120.07,7155.63,7085.07,1750322,204998020000,1.59,7102.43,sh000905,中证500
2021-10-25,7019.02,7105.98,7003.78,1590046,184607290000,1.45,7103.99,sh000905,中证500
2021-10-22,7089.13,7110.66,7020.87,1716152,184191960000,1.56,7026.07,sh000905,中证500
2021-10-21,7127.64,7145.58,7069.45,1679720,184364870000,1.53,7098.25,sh000905,中证500
2021-10-20,7081.99,7154.91,7067.13,1705113,186276500000,1.55,7118.80,sh000905,中证500
2021-10-19,7060.77,7127.24,7051.78,1681358,182701170000,1.53,7120.38,sh000905,中证500
2021-10-18,7027.14,7071.87,6983.72,1756270,194312990000,1.60,7068.10,sh000905,中证500
2021-10-15,6996.12,7034.03,6975.24,1741083,188999740000,1.59,7024.16,sh000905,中证500
2021-10-14,6970.65,7033.40,6949.48,1547647,162946740000,1.41,7008.33,sh000905,中证500
2021-10-13,6957.73,6991.24,6887.34,1626047,163678280000,1.48,6981.59,sh000905,中证500
2021-10-12,7069.35,7079.71,6891.84,2016667,194146540000,1.84,6952.19,sh000905,中证500
2021-10-11,7102.88,7123.75,7048.87,1954208,194709500000,1.78,7090.47,sh000905,中证500
2021-10-08,7191.23,7198.96,7058.83,2054677,202877490000,1.87,7091.34,sh000905,中证500
2021-09-30,7034.69,7116.04,7034.69,2024826,186185670000,1.85,7103.61,sh000905,中证500
2021-09-29,7142.76,7161.21,6996.57,2105707,207830600000,1.92,7010.22,sh000905,中证500
2021-09-28,7158.62,7227.46,7155.27,2028006,196202380000,1.85,7198.90,sh000905,中证500
2021-09-27,7400,7410.47,7128.51,2395424,255096920000,2.20,7170.59,sh000905,中证500
2021-09-24,7490.56,7490.56,7373.29,2317156,248983140000,2.13,7380.38,sh000905,中证500
2021-09-23,7512.33,7543.66,7467.20,2411587,267659230000,2.22,7502.84,sh000905,中证500
2021-09-22,7305.08,7453.93,7298.03,1967945,221838870000,1.81,7453.62,sh000905,中证500
2021-09-17,7421.81,7471.42,7275.98,2336042,259019110000,2.15,7395.56,sh000905,中证500
2021-09-16,7616.88,7657.23,7445.23,2676498,301162980000,2.47,7446.94,sh000905,中证500
2021-09-15,7535.25,7627.67,7521.88,2333984,274072800000,2.15,7592.31,sh000905,中证500
2021-09-14,7630.72,7688.60,7544.02,2715015,306464420000,2.50,7556.62,sh000905,中证500
2021-09-13,7613.54,7650.88,7566.78,2636186,298956060000,2.43,7648.75,sh000905,中证500
2021-09-10,7613.60,7661.43,7564.26,2934686,322687990000,2.72,7607.67,sh000905,中证500
2021-09-09,7534.98,7617.66,7526.97,2872041,302380050000,2.67,7617.45,sh000905,中证500
2021-09-08,7496.33,7549.45,7483.87,2728478,287850950000,2.53,7544.04,sh000905,中证500
2021-09-07,7360.38,7501.13,7350.70,2607275,280403350000,2.42,7498.93,sh000905,中证500
2021-09-06,7297.36,7359.54,7231.73,2558752,273720340000,2.38,7355.40,sh000905,中证500
2021-09-03,7335.70,7385.24,7227.03,2888012,315016810000,2.68,7278.68,sh000905,中证500
2021-09-02,7172.40,7309.33,7172.40,2534117,271544870000,2.35,7307.01,sh000905,中证500
2021-09-01,7271.03,7278.16,7100.31,2955201,331023150000,2.74,7193.10,sh000905,中证500
2021-08-31,7202.52,7255.34,7159.30,2451083,288657330000,2.28,7255.34,sh000905,中证500
2021-08-30,7202.63,7262.60,7190.61,2506491,301015440000,2.33,7226.88,sh000905,中证500
2021-08-27,7096.65,7185.73,7083.21,2238305,258997830000,2.08,7180.11,sh000905,中证500
2021-08-26,7151.53,7175.51,7115.84,2301762,255363540000,2.14,7118.84,sh000905,中证500
2021-08-25,7092.15,7153.27,7058.57,1981269,228737400000,1.85,7153,sh000905,中证500
2021-08-24,7031.65,7098.03,7009.69,2027269,236479320000,1.89,7090.78,sh000905,中证500
2021-08-23,6949.33,7031.88,6949.33,1894566,216299530000,1.76,7024.56,sh000905,中证500
2021-08-20,6915.02,6952.52,6843,1756271,205135640000,1.64,6920.02,sh000905,中证500
2021-08-19,6917.51,6978.98,6869.29,1718136,194992920000,1.60,6947.06,sh000905,中证500
2021-08-18,6883.27,6950.88,6865.07,1753673,191997410000,1.64,6941.01,sh000905,中证500
2021-08-17,7045.75,7063.02,6876.50,2019364,226553000000,1.88,6894.40,sh000905,中证500
2021-08-16,7087.58,7102.40,7039.10,1881789,222080460000,1.76,7052.49,sh000905,中证500
2021-08-13,7070.47,7124.92,7050.31,1921906,221865970000,1.79,7088.89,sh000905,中证500
2021-08-12,7059.47,7115.89,7051.01,1940791,226074880000,1.81,7095.20,sh000905,中证500
2021-08-11,7024.77,7076.37,6999.93,1883579,221759520000,1.76,7073.52,sh000905,中证500
2021-08-10,6970.83,7019.69,6958.81,1730880,222660420000,1.61,7019.23,sh000905,中证500
2021-08-09,6914.32,6989.71,6877.20,1738334,210955640000,1.62,6979.53,sh000905,中证500
2021-08-06,6929.02,6947.54,6885.65,1723569,214958730000,1.61,6938.87,sh000905,中证500
2021-08-05,6920.94,6946.34,6880.69,1793719,226672380000,1.78,6911.83,sh000905,中证500
2021-08-04,6814.08,6931.78,6813.23,1740643,216189750000,1.62,6931.34,sh000905,中证500
2021-08-03,6844.37,6879.59,6792.71,1941894,237723020000,1.81,6816.01,sh000905,中证500
2021-08-02,6756.81,6875.42,6731.78,2062052,249640210000,1.93,6872,sh000905,中证500
2021-07-30,6739.75,6775.01,6702.51,1897117,222514810000,1.77,6767.32,sh000905,中证500
2021-07-29,6720.62,6773.57,6682.12,1710179,209142010000,1.60,6758.89,sh000905,中证500
2021-07-28,6650.15,6709.23,6534.92,1972672,222466410000,1.84,6621.98,sh000905,中证500
2021-07-27,6877.44,6925.97,6719.26,2286143,266957980000,2.14,6719.26,sh000905,中证500
2021-07-26,6974.11,6986.50,6778.50,2081972,242702240000,1.95,6868.21,sh000905,中证500
2021-07-23,7036.30,7061.67,6968.31,2250791,253751240000,2.11,6985.75,sh000905,中证500
2021-07-22,6996.26,7026.73,6960.30,1902333,219500280000,1.78,7026.55,sh000905,中证500
2021-07-21,6923.61,6998.28,6922.92,1630093,204939580000,1.53,6984.54,sh000905,中证500
2021-07-20,6831.05,6901.13,6825.82,1401406,171140490000,1.31,6901.13,sh000905,中证500
2021-07-19,6912.10,6931.14,6856.65,1697348,208077100000,1.59,6889.34,sh000905,中证500
2021-07-16,6931.05,6992.83,6922.35,1849079,221559300000,1.73,6925.12,sh000905,中证500
2021-07-15,6874.80,6936.58,6828.48,1732211,205199290000,1.62,6932.41,sh000905,中证500
2021-07-14,6953.82,6973.61,6898.75,1717354,214904540000,1.61,6898.75,sh000905,中证500
2021-07-13,6901.81,6961.97,6889.03,1796208,223831190000,1.68,6961.85,sh000905,中证500
2021-07-12,6852.48,6926.76,6840.02,1935610,239883550000,1.81,6904.38,sh000905,中证500
2021-07-09,6721.61,6814.65,6683.79,1661070,204576730000,1.56,6804.54,sh000905,中证500
2021-07-08,6774.84,6797.08,6740.85,1595645,203043020000,1.49,6748.65,sh000905,中证500
2021-07-07,6661.85,6765.43,6642.57,1476470,176266750000,1.38,6764.13,sh000905,中证500
2021-07-06,6727.97,6747.85,6633.61,1450180,183569350000,0,6709.50,sh000905,中证500
2021-07-05,6670.13,6716.15,6663.54,1347347,165135860000,0,6711.01,sh000905,中证500
2021-07-02,6701.06,6718.51,6651.48,1364723,162302310000,0,6658.05,sh000905,中证500
2021-07-01,6827.70,6827.70,6716.67,1383508,168199910000,0,6716.67,sh000905,中证500
2021-06-30,6767.74,6812.38,6757.34,1254062,155031840000,0,6808.18,sh000905,中证500
2021-06-29,6833.06,6835.05,6756.92,1366257,167622240000,0,6765.42,sh000905,中证500
2021-06-28,6814.32,6843.52,6802.86,1455041,175447980000,0,6828.52,sh000905,中证500
2021-06-25,6748.87,6824.86,6739.02,1514857,174329250000,0,6813.41,sh000905,中证500
2021-06-24,6791.86,6791.86,6743.33,1450465,172627660000,0,6754.87,sh000905,中证500
2021-06-23,6741.58,6803.97,6720.58,1553096,184582040000,0,6789.95,sh000905,中证500
2021-06-22,6723.30,6748.97,6691.82,1465435,170147490000,0,6739.79,sh000905,中证500
2021-06-21,6652.65,6722.98,6638.52,1430312,174776560000,0,6707.18,sh000905,中证500
2021-06-18,6610.27,6671.88,6587.03,1380226,161540070000,0,6657.76,sh000905,中证500
2021-06-17,6554.30,6618.50,6554.30,1244926,143795950000,0,6616.17,sh000905,中证500
2021-06-16,6659.49,6662.78,6554.89,1368079,152269460000,0,6566.29,sh000905,中证500
2021-06-15,6734.10,6736.54,6649.20,1522093,166359280000,0,6663.66,sh000905,中证500
2021-06-11,6773.64,6775.86,6717.27,1695696,194413370000,0,6725.92,sh000905,中证500
2021-06-10,6688.82,6773.46,6683.49,1542810,177003020000,0,6765.64,sh000905,中证500
2021-06-09,6677.14,6712.25,6656.05,1365110,155486110000,0,6692.90,sh000905,中证500
2021-06-08,6726.09,6752.63,6652.39,1386849,169906610000,0,6684.56,sh000905,中证500
2021-06-07,6705.74,6729.85,6689.70,1405609,174154020000,0,6721.50,sh000905,中证500
2021-06-04,6642.06,6725.69,6628.01,1378664,161257140000,0,6693.06,sh000905,中证500
2021-06-03,6680.10,6744.52,6654.46,1548857,167598940000,0,6667.73,sh000905,中证500
2021-06-02,6740.50,6748.15,6662.75,1573653,174265550000,0,6681.43,sh000905,中证500
2021-06-01,6718.64,6742.98,6656.66,1610920,185038580000,0,6739.76,sh000905,中证500
2021-05-31,6681.55,6729.07,6667.26,1469295,176728710000,0,6728.99,sh000905,中证500
2021-05-28,6699.28,6718.09,6643.64,1573184,176611770000,0,6668.17,sh000905,中证500
2021-05-27,6629.24,6685.48,6620.72,1451667,164642450000,0,6685.41,sh000905,中证500
2021-05-26,6631.37,6642.38,6612.42,1562370,169904620000,0,6628.21,sh000905,中证500
2021-05-25,6549.34,6628.69,6524.30,1446920,158035570000,0,6619.67,sh000905,中证500
2021-05-24,6515.83,6564.07,6494.62,1372266,150739210000,0,6544.12,sh000905,中证500
2021-05-21,6557.49,6570.46,6512.81,1343507,145990150000,0,6527.86,sh000905,中证500
2021-05-20,6541.09,6580.44,6506.41,1623299,167135800000,0,6548.71,sh000905,中证500
2021-05-19,6582.10,6590.98,6544.84,1351813,146346350000,0,6584.39,sh000905,中证500
2021-05-18,6578.97,6604.69,6558.78,1325055,141986530000,0,6599.60,sh000905,中证500
2021-05-17,6521.89,6613.89,6521.89,1593638,172029260000,0,6578.14,sh000905,中证500
2021-05-14,6454.68,6525.80,6421.21,1662434,163611260000,0,6525.80,sh000905,中证500
2021-05-13,6448.96,6497,6426.58,1596586,155853650000,0,6439.03,sh000905,中证500
2021-05-12,6434.91,6521.49,6419.74,1564909,150127200000,0,6512.05,sh000905,中证500
2021-05-11,6436.29,6472.87,6349.79,1872636,175350130000,0,6456.04,sh000905,中证500
2021-05-10,6461.42,6493.50,6437.11,1890801,180906620000,0,6475.99,sh000905,中证500
2021-05-07,6505.58,6524.18,6439.89,1775187,177915640000,0,6444.44,sh000905,中证500
2021-05-06,6503.60,6548.07,6440.33,1541420,167436130000,0,6489.35,sh000905,中证500
2021-04-30,6470.35,6503.15,6434.73,1442542,163746330000,0,6485.71,sh000905,中证500
2021-04-29,6495.65,6502.43,6453.52,1283054,145502310000,0,6491.93,sh000905,中证500
2021-04-28,6433.10,6489.74,6410.32,1172349,136377850000,0,6489.74,sh000905,中证500
2021-04-27,6434.61,6466.25,6399.44,1258947,138320090000,0,6446.28,sh000905,中证500
2021-04-26,6480.30,6546.64,6437.19,1449641,166586770000,0,6442.65,sh000905,中证500
2021-04-23,6445.52,6463.97,6412.99,1261173,135170990000,0,6462.76,sh000905,中证500
2021-04-22,6444.28,6472.80,6424.75,1249239,131906160000,0,6445.47,sh000905,中证500
2021-04-21,6396.27,6434.63,6369.77,1210517,128354890000,0,6420.26,sh000905,中证500
2021-04-20,6419.73,6467.38,6410.28,1346745,143364750000,0,6428.54,sh000905,中证500
2021-04-19,6331.71,6431.78,6315.08,1422009,144720530000,0,6425.26,sh000905,中证500
2021-04-16,6283.86,6344.95,6276.43,1267647,119984630000,0,6339.59,sh000905,中证500
2021-04-15,6263.63,6281.43,6211.66,1197762,111582120000,0,6276.46,sh000905,中证500
2021-04-14,6206.64,6287.84,6206.64,1174382,107282820000,0,6277.21,sh000905,中证500
2021-04-13,6210.22,6254.90,6193.81,1303877,116032380000,0,6209.78,sh000905,中证500
2021-04-12,6325.26,6344.16,6203.57,1554414,142018340000,0,6226.42,sh000905,中证500
2021-04-09,6345.29,6360.45,6307.66,1413069,127539220000,0,6335.24,sh000905,中证500
2021-04-08,6332.93,6385.20,6309.12,1737413,147432810000,0,6356.75,sh000905,中证500
2021-04-07,6350.38,6350.38,6289.07,1500168,139659140000,0,6348.08,sh000905,中证500
2021-04-06,6345.89,6367.78,6323.24,1114892,115979710000,0,6343.10,sh000905,中证500
2021-04-02,6316.56,6341.65,6291.71,1239389,125309450000,0,6326.61,sh000905,中证500
2021-04-01,6259.41,6321.58,6238.31,1303748,124971610000,0,6311.66,sh000905,中证500
2021-03-31,6277.70,6277.70,6205.94,1251285,124539600000,0,6254.07,sh000905,中证500
2021-03-30,6239.47,6287.87,6217.33,1344096,138902650000,0,6280.36,sh000905,中证500
2021-03-29,6270,6277.76,6215.80,1396339,137607140000,0,6254.94,sh000905,中证500
2021-03-26,6164.82,6264.56,6164.82,1288876,130405070000,0,6251.79,sh000905,中证500
2021-03-25,6118.87,6190.94,6108.26,1293071,122101590000,0,6157.41,sh000905,中证500
2021-03-24,6180.31,6232.13,6131.82,1476731,137684570000,0,6142.54,sh000905,中证500
2021-03-23,6307.98,6307.98,6181.13,1509641,144085640000,0,6219.17,sh000905,中证500
2021-03-22,6208.93,6307.55,6206.08,1430414,138484390000,0,6305.69,sh000905,中证500
2021-03-19,6195.25,6258.13,6167.51,1432383,143898490000,0,6206.60,sh000905,中证500
2021-03-18,6231.19,6300.94,6227.19,1407257,137984970000,0,6273.86,sh000905,中证500
2021-03-17,6180.89,6230.56,6124.05,1348404,125106920000,0,6225.36,sh000905,中证500
2021-03-16,6176.07,6222.18,6124.78,1528460,138852790000,0,6195.24,sh000905,中证500
2021-03-15,6192.30,6229.57,6111.36,1707997,150564930000,0,6173.87,sh000905,中证500
2021-03-12,6231.48,6232.50,6137.99,1757462,160346950000,0,6222.38,sh000905,中证500
2021-03-11,6074.33,6213.93,6045.55,1608146,149412660000,0,6213.83,sh000905,中证500
2021-03-10,6164.77,6179.85,6053.02,1425543,135611240000,0,6062.26,sh000905,中证500
2021-03-09,6235.31,6250.94,6033.41,1964327,181888460000,0,6108,sh000905,中证500
2021-03-08,6453.78,6488.82,6253.70,1685463,177120050000,0,6256.41,sh000905,中证500
2021-03-05,6325.75,6442.02,6319.53,1665049,163666500000,0,6403.50,sh000905,中证500
2021-03-04,6482.79,6485.16,6371.73,1943346,192657770000,0,6401.99,sh000905,中证500
2021-03-03,6426.04,6528.22,6420.21,1710175,169667460000,0,6524.75,sh000905,中证500
2021-03-02,6514.02,6514.02,6386.49,1658771,174025450000,0,6433.33,sh000905,中证500
2021-03-01,6407.16,6491.94,6404.89,1586084,165792210000,0,6488.44,sh000905,中证500
2021-02-26,6365.74,6446.95,6346.13,1507602,163655500000,0,6364.35,sh000905,中证500
2021-02-25,6600.21,6609.56,6484.55,1620682,171451160000,0,6499.15,sh000905,中证500
2021-02-24,6633.28,6661.43,6477.75,1737188,196797840000,0,6536.19,sh000905,中证500
2021-02-23,6613.60,6701.43,6609.08,1926569,206144670000,0,6631.23,sh000905,中证500
2021-02-22,6731.51,6810.92,6657.06,2370656,259948300000,0,6657.06,sh000905,中证500
2021-02-19,6600.25,6706.39,6542.78,1787678,201468760000,0,6703.48,sh000905,中证500
2021-02-18,6657.31,6678.61,6564.31,1668924,194996420000,0,6614.54,sh000905,中证500
2021-02-10,6474.75,6542.75,6424.72,1190427,150035760000,0,6525.17,sh000905,中证500
2021-02-09,6334.42,6468.43,6330.79,1193191,146850920000,0,6457.88,sh000905,中证500
2021-02-08,6247.92,6354.02,6215.73,1161340,141592200000,0,6323.16,sh000905,中证500
2021-02-05,6343.83,6382.96,6236.27,1351329,162500630000,0,6239.87,sh000905,中证500
2021-02-04,6375.67,6414.30,6249.53,1488613,173708940000,0,6328.79,sh000905,中证500
2021-02-03,6459.66,6484.49,6399.33,1454572,175699410000,0,6399.33,sh000905,中证500
2021-02-02,6404.85,6459.48,6361.09,1323943,161720460000,0,6454.79,sh000905,中证500
2021-02-01,6338.64,6397.01,6328.34,1373252,157579280000,0,6393.28,sh000905,中证500
2021-01-29,6448.67,6462.37,6255.70,1460416,172077240000,0,6346.14,sh000905,中证500
2021-01-28,6475.86,6529.84,6405.81,1448254,174817690000,0,6414.38,sh000905,中证500
2021-01-27,6527.68,6564.29,6481.16,1397600,174776060000,0,6557.16,sh000905,中证500
2021-01-26,6621.15,6624.45,6515.26,1433713,191892390000,0,6532.96,sh000905,中证500
2021-01-25,6636.22,6711.57,6599.97,1656231,223556750000,0,6645.31,sh000905,中证500
2021-01-22,6619.86,6643.67,6573.82,1580623,202861680000,0,6637.81,sh000905,中证500
2021-01-21,6552.03,6649.86,6550.88,1568096,189208750000,0,6622.50,sh000905,中证500
2021-01-20,6477.67,6535.48,6449.28,1285254,153378910000,0,6535.42,sh000905,中证500
2021-01-19,6510.48,6532.65,6456.12,1476167,174545110000,0,6476.37,sh000905,中证500
2021-01-18,6414.83,6529.41,6392.07,1368328,169891550000,0,6514.46,sh000905,中证500
2021-01-15,6427.13,6447.88,6339.43,1382432,166962800000,0,6417.50,sh000905,中证500
2021-01-14,6471.79,6516.27,6402.60,1630238,198732650000,0,6439.89,sh000905,中证500
2021-01-13,6550.03,6553.65,6457.88,1849134,222962630000,0,6496.91,sh000905,中证500
2021-01-12,6425.81,6543.23,6425.81,1623112,199048530000,0,6543.23,sh000905,中证500
2021-01-11,6557.45,6572.85,6419.73,1832573,217940400000,0,6455.40,sh000905,中证500
2021-01-08,6541.56,6598.38,6484.40,1808374,207113830000,0,6557.60,sh000905,中证500
2021-01-07,6523.68,6567.27,6467.44,1971356,219238810000,0,6538.12,sh000905,中证500
2021-01-06,6549.73,6569.20,6472.74,1785211,209333370000,0,6528.14,sh000905,中证500
2021-01-05,6470.25,6539.73,6452.52,1967263,227033010000,0,6539.73,sh000905,中证500
2021-01-04,6395.61,6501.59,6359.08,1866212,211126910000,0,6482.79,sh000905,中证500
2020-12-31,6282.96,6370.57,6281.01,1601941,174289320000,0,6367.11,sh000905,中证500
2020-12-30,6196.45,6289.27,6188.59,1380417,148227840000,0,6269.25,sh000905,中证500
2020-12-29,6240.74,6280.04,6196.41,1544760,155674660000,0,6199.85,sh000905,中证500
2020-12-28,6283.78,6288.24,6219.09,1489602,160495560000,0,6244.48,sh000905,中证500
2020-12-25,6190.99,6284.59,6186.03,1344783,143831770000,0,6278.50,sh000905,中证500
2020-12-24,6308.48,6308.48,6202.40,1312217,147688970000,0,6205.22,sh000905,中证500
2020-12-23,6255.35,6330.60,6242.62,1440443,166258560000,0,6307.60,sh000905,中证500
2020-12-22,6372.88,6378.50,6241.56,1513106,172456510000,0,6250.06,sh000905,中证500
2020-12-21,6302.26,6401.55,6293.92,1363478,156761700000,0,6398.60,sh000905,中证500
2020-12-18,6310.16,6332.53,6269.21,1286223,137531410000,0,6291.92,sh000905,中证500
2020-12-17,6225.08,6312.01,6184.54,1277027,140083140000,0,6308.90,sh000905,中证500
2020-12-16,6268.21,6271.03,6219.09,992840,114108040000,0,6235.44,sh000905,中证500
2020-12-15,6250.10,6276.58,6228.68,979810,119718560000,0,6265.58,sh000905,中证500
2020-12-14,6207.83,6260.61,6176.54,1068771,123900780000,0,6259.02,sh000905,中证500
2020-12-11,6328.83,6340.39,6163.41,1326416,143457070000,0,6209.43,sh000905,中证500
2020-12-10,6295.35,6350.92,6267.17,1105771,122398600000,0,6320.10,sh000905,中证500
2020-12-09,6430.48,6437.43,6307.22,1215162,133439440000,0,6307.22,sh000905,中证500
2020-12-08,6424.16,6448.39,6406.72,1054950,118324850000,0,6423.65,sh000905,中证500
2020-12-07,6465.99,6472.85,6417.65,1210783,130847020000,0,6424.68,sh000905,中证500
2020-12-04,6426.03,6471.86,6409.68,1288552,135320890000,0,6464.73,sh000905,中证500
2020-12-03,6437.38,6461.09,6392.90,1522149,152891750000,0,6440.88,sh000905,中证500
2020-12-02,6437.96,6446.81,6392.99,1497051,150490960000,0,6434.98,sh000905,中证500
2020-12-01,6307.85,6437.94,6299.41,1509573,152562840000,0,6426.62,sh000905,中证500
2020-11-30,6360.46,6397.72,6309.44,1631577,157517650000,0,6320.94,sh000905,中证500
2020-11-27,6337.38,6351.81,6276.07,1208851,117407960000,0,6351.61,sh000905,中证500
2020-11-26,6349.86,6358.17,6284.97,1232369,125528470000,0,6334.30,sh000905,中证500
2020-11-25,6489.26,6489.72,6350.37,1538131,156624910000,0,6350.37,sh000905,中证500
2020-11-24,6472.75,6495.14,6454.67,1540630,148759540000,0,6475.19,sh000905,中证500
2020-11-23,6435.92,6516.24,6407.06,1819257,170218080000,0,6472.93,sh000905,中证500
2020-11-20,6354.79,6429.87,6351.31,1306676,128065400000,0,6422.99,sh000905,中证500
2020-11-19,6328.08,6370.18,6293.56,1238048,121059610000,0,6360.60,sh000905,中证500
2020-11-18,6333.45,6382.50,6314.31,1339825,129795860000,0,6341.01,sh000905,中证500
2020-11-17,6380.77,6380.77,6300.57,1412743,138972380000,0,6336.94,sh000905,中证500
2020-11-16,6319.70,6387.42,6294.29,1336773,131781940000,0,6387.37,sh000905,中证500
2020-11-13,6304.46,6319.41,6248.36,1071163,112943610000,0,6306.97,sh000905,中证500
2020-11-12,6305.07,6341,6285.29,1046807,113184120000,0,6315.49,sh000905,中证500
2020-11-11,6356.37,6375.24,6292.84,1307281,134439040000,0,6294.61,sh000905,中证500
2020-11-10,6434.43,6435.41,6339.29,1419289,155931470000,0,6373.09,sh000905,中证500
2020-11-09,6337.44,6452.91,6337.44,1600279,175071790000,0,6421.65,sh000905,中证500
2020-11-06,6366.19,6366.19,6254.09,1182442,131702110000,0,6301.25,sh000905,中证500
2020-11-05,6294.61,6358.44,6273.31,1188432,132602150000,0,6351.98,sh000905,中证500
2020-11-04,6246.64,6256.07,6181.10,929297,108226610000,0,6234.16,sh000905,中证500
2020-11-03,6175.16,6245.56,6155.73,1054400,115863060000,0,6241.77,sh000905,中证500
2020-11-02,6119.45,6162.28,6095.80,1117564,123794410000,0,6143.12,sh000905,中证500
2020-10-30,6272.93,6274.62,6103.89,1121224,126461000000,0,6111.48,sh000905,中证500
2020-10-29,6168.91,6287.65,6159.14,925875,109761290000,0,6255.19,sh000905,中证500
2020-10-28,6221.74,6254.72,6164.24,871309,104079230000,0,6246,sh000905,中证500
2020-10-27,6187.47,6227.84,6168.97,755865,89315870000,0,6221.34,sh000905,中证500
2020-10-26,6195.35,6239.72,6127.38,733930,85255070000,0,6214.38,sh000905,中证500
2020-10-23,6312.01,6362.43,6202.53,805651,93954360000,0,6213.26,sh000905,中证500
2020-10-22,6331.80,6334.54,6256.23,857247,96745750000,0,6317.14,sh000905,中证500
2020-10-21,6426.19,6426.51,6323.44,875123,102120930000,0,6350.01,sh000905,中证500
2020-10-20,6349.64,6423.16,6324.39,861892,95327320000,0,6423.11,sh000905,中证500
2020-10-19,6466.57,6483.51,6346.26,1036684,114682880000,0,6358.32,sh000905,中证500
2020-10-16,6456.74,6473.63,6388.65,987320,109046530000,0,6428.68,sh000905,中证500
2020-10-15,6511.07,6518.55,6456.77,1070043,115595910000,0,6460.04,sh000905,中证500
2020-10-14,6547.84,6547.84,6492.66,1186296,133539990000,0,6508.37,sh000905,中证500
2020-10-13,6538.84,6557.86,6486.31,1115585,130283810000,0,6551.40,sh000905,中证500
2020-10-12,6408.08,6541.31,6399.68,1448243,160960010000,0,6541.18,sh000905,中证500
2020-10-09,6300.07,6373.94,6290.47,1003862,115149930000,0,6357.97,sh000905,中证500
2020-09-30,6245.12,6260.12,6155.02,814841,89615460000,0,6192.50,sh000905,中证500
2020-09-29,6206.99,6280.44,6179.88,813712,91783260000,0,6228.77,sh000905,中证500
2020-09-28,6255.02,6261.93,6171.02,789629,87526270000,0,6178.47,sh000905,中证500
2020-09-25,6271.70,6285.47,6206.18,877988,92989170000,0,6236.89,sh000905,中证500
2020-09-24,6353.69,6354.68,6243.28,1128015,112624610000,0,6244.64,sh000905,中证500
2020-09-23,6382.28,6411.20,6356.16,950488,106027140000,0,6392.03,sh000905,中证500
2020-09-22,6392.03,6462.98,6341.48,1213059,122989740000,0,6358.65,sh000905,中证500
2020-09-21,6492.22,6515.34,6434.32,1260237,133640320000,0,6445.96,sh000905,中证500
2020-09-18,6367.79,6473.60,6353.56,1352263,136788920000,0,6469.47,sh000905,中证500
2020-09-17,6345.67,6416.01,6291.63,1189597,123682500000,0,6367.02,sh000905,中证500
2020-09-16,6379.52,6387.77,6321.57,1133799,112504430000,0,6353.84,sh000905,中证500
2020-09-15,6351.04,6388.13,6328.54,1151842,117077080000,0,6387.88,sh000905,中证500
2020-09-14,6350.36,6381.18,6297.90,1305023,129303970000,0,6351.24,sh000905,中证500
2020-09-11,6209.79,6319.67,6209.79,1246292,115690880000,0,6311.97,sh000905,中证500
2020-09-10,6404.66,6414.96,6219.64,1810495,149335340000,0,6235.57,sh000905,中证500
2020-09-09,6455.31,6471.48,6319.27,2169164,176688520000,0,6349.22,sh000905,中证500
2020-09-08,6493.77,6543,6432.95,1612303,148148730000,0,6525.10,sh000905,中证500
2020-09-07,6619.90,6669.39,6459.10,1555817,167216210000,0,6478.81,sh000905,中证500
2020-09-04,6545.89,6631.03,6538.49,1253585,132077390000,0,6618.58,sh000905,中证500
2020-09-03,6715.10,6732.67,6638.45,1421103,151591730000,0,6662.25,sh000905,中证500
2020-09-02,6725.69,6742.55,6647.03,1495625,160818470000,0,6717.56,sh000905,中证500
2020-09-01,6667.17,6710.46,6637.63,1256325,140204450000,0,6710.46,sh000905,中证500
2020-08-31,6719.29,6765.89,6667.68,1560244,173312510000,0,6668.43,sh000905,中证500
2020-08-28,6571.90,6695.36,6553.92,1419496,155878610000,0,6691.21,sh000905,中证500
2020-08-27,6538.14,6585.72,6486.75,1298362,142139980000,0,6578.79,sh000905,中证500
2020-08-26,6650.45,6660.76,6501.24,1537348,170546090000,0,6525.88,sh000905,中证500
2020-08-25,6698.12,6734.44,6631.69,1470981,158243100000,0,6652.55,sh000905,中证500
2020-08-24,6667.30,6702.75,6589.93,1430204,157948510000,0,6688.96,sh000905,中证500
2020-08-21,6628.90,6686.02,6589.20,1429635,153128200000,0,6643.94,sh000905,中证500
2020-08-20,6622.01,6672.49,6570.69,1576463,163429360000,0,6593.79,sh000905,中证500
2020-08-19,6782.59,6782.59,6661.99,1943091,205475860000,0,6666.27,sh000905,中证500
2020-08-18,6747.61,6811.56,6737.53,1891662,208576360000,0,6789.40,sh000905,中证500
2020-08-17,6646.54,6752.32,6614.18,2014074,207540650000,0,6744.55,sh000905,中证500
2020-08-14,6542.60,6629.51,6506.03,1568760,161300610000,0,6623.56,sh000905,中证500
2020-08-13,6552.37,6592.12,6518.42,1620605,166812250000,0,6552.66,sh000905,中证500
2020-08-12,6580.01,6599.66,6395.01,1778890,197969440000,0,6528.40,sh000905,中证500
2020-08-11,6727.77,6756.85,6594.98,1808458,203427780000,0,6600.85,sh000905,中证500
2020-08-10,6666.56,6768.87,6651.74,1753532,210390910000,0,6725.30,sh000905,中证500
2020-08-07,6743.29,6755.53,6578.67,1981282,227976660000,0,6688.88,sh000905,中证500
2020-08-06,6780.33,6792.28,6656.28,2052298,240928920000,0,6770.30,sh000905,中证500
2020-08-05,6696.69,6790.01,6653.28,1848438,217994170000,0,6772.84,sh000905,中证500
2020-08-04,6758.49,6764.90,6672.89,2094789,245084780000,0,6697.71,sh000905,中证500
2020-08-03,6635.34,6739.81,6614.43,2072667,240946720000,0,6739.81,sh000905,中证500
2020-07-31,6499.39,6619.26,6463.42,1799129,207862490000,0,6579.67,sh000905,中证500
2020-07-30,6548.70,6564.78,6491.45,1776156,209285450000,0,6511.44,sh000905,中证500
2020-07-29,6341.01,6530.27,6324.05,1592217,186898360000,0,6530.27,sh000905,中证500
2020-07-28,6345.68,6385.39,6307.79,1388381,162440480000,0,6359.66,sh000905,中证500
2020-07-27,6304.59,6337.33,6229.47,1455425,168023360000,0,6298.74,sh000905,中证500
2020-07-24,6584.81,6609.29,6265.38,2190178,247232800000,0,6283.98,sh000905,中证500
2020-07-23,6562.05,6629.21,6431.26,2079925,240882440000,0,6620.09,sh000905,中证500
2020-07-22,6554.17,6699.69,6534.74,2101012,232947420000,0,6620.69,sh000905,中证500
2020-07-21,6546.57,6591.01,6500.87,1939659,214682280000,0,6563.32,sh000905,中证500
2020-07-20,6419.08,6526.83,6340.65,2124132,225848580000,0,6526.83,sh000905,中证500
2020-07-17,6327.03,6447.51,6272.94,1968039,215076900000,0,6344.59,sh000905,中证500
2020-07-16,6642.33,6711,6305.13,2533159,277008160000,0,6320,sh000905,中证500
2020-07-15,6815.62,6838.15,6598.52,2564728,300879620000,0,6638.84,sh000905,中证500
2020-07-14,6897,6897,6672.80,2938683,341854750000,0,6807.73,sh000905,中证500
2020-07-13,6710.64,6899.62,6710.64,2973056,335186150000,0,6899.52,sh000905,中证500
2020-07-10,6664.33,6763.81,6644.36,2887367,322509790000,0,6676.44,sh000905,中证500
2020-07-09,6541.29,6712.14,6530.02,3174123,334582900000,0,6693.75,sh000905,中证500
2020-07-08,6378.95,6541.44,6352.37,2888474,292261700000,0,6535.42,sh000905,中证500
2020-07-07,6368.31,6480.03,6300.24,3258654,329327410000,0,6380.03,sh000905,中证500
2020-07-06,6095.96,6318.31,6095.96,3023765,291741990000,0,6299.86,sh000905,中证500
2020-07-03,5990,6052.52,5968.07,2268268,217087510000,0,6051.51,sh000905,中证500
2020-07-02,5880.88,5979.99,5858.57,2011814,200063180000,0,5975.28,sh000905,中证500
2020-07-01,5884.54,5885.87,5814.76,1428330,161437630000,0,5881.89,sh000905,中证500
2020-06-30,5790.06,5875.33,5788.21,1153503,139671520000,0,5864.42,sh000905,中证500
2020-06-29,5774.46,5789.16,5740.26,1177612,131671130000,0,5762.44,sh000905,中证500
2020-06-24,5808.54,5824.31,5773.29,1102414,128536780000,0,5789.09,sh000905,中证500
2020-06-23,5783.12,5809.28,5755.40,1257481,140277420000,0,5804.34,sh000905,中证500
2020-06-22,5793.79,5815.39,5770.81,1453923,157370410000,0,5784.03,sh000905,中证500
2020-06-19,5733.43,5796.36,5727.62,1417681,147827140000,0,5787.15,sh000905,中证500
2020-06-18,5738.03,5744.45,5705.30,1581544,160763120000,0,5734.40,sh000905,中证500
2020-06-17,5708.69,5735.42,5685.62,1468375,153683180000,0,5735.42,sh000905,中证500
2020-06-16,5633.26,5695.30,5624.85,1339517,142087500000,0,5695.30,sh000905,中证500
2020-06-15,5605.88,5661.97,5590.64,1453598,152567150000,0,5590.64,sh000905,中证500
2020-06-12,5483.78,5620.21,5479.27,1295455,142138380000,0,5591.49,sh000905,中证500
2020-06-11,5618.64,5673.31,5567.54,1275155,144595250000,0,5589.10,sh000905,中证500
2020-06-10,5611.66,5616.61,5581.92,1083681,114115000000,0,5615.24,sh000905,中证500
2020-06-09,5582.14,5616.04,5560.14,1148709,119378870000,0,5610.38,sh000905,中证500
2020-06-08,5618.38,5627.19,5567.21,1194462,128061190000,0,5575.30,sh000905,中证500
2020-06-05,5585.16,5592.35,5542.87,1122539,115167430000,0,5585.42,sh000905,中证500
2020-06-04,5589.34,5597.26,5549.36,1207785,123809990000,0,5576.75,sh000905,中证500
2020-06-03,5583.70,5618.29,5567.07,1383455,146218270000,0,5572.31,sh000905,中证500
2020-06-02,5595.36,5596.44,5544.19,1390291,149203300000,0,5566.44,sh000905,中证500
2020-06-01,5446.29,5576.65,5446.29,1416976,147879970000,0,5569.48,sh000905,中证500
2020-05-29,5349.57,5416.66,5336.07,1050033,110023220000,0,5406.34,sh000905,中证500
2020-05-28,5367.27,5390.14,5290.29,1025243,107583820000,0,5361.17,sh000905,中证500
2020-05-27,5426.56,5426.56,5358.47,1039604,113109430000,0,5369.50,sh000905,中证500
2020-05-26,5341.11,5421.90,5341.08,909690,99351010000,0,5420.21,sh000905,中证500
2020-05-25,5323.97,5344.28,5293.23,843857,91375350000,0,5316.60,sh000905,中证500
2020-05-22,5421.73,5421.89,5307.30,1064157,115705490000,0,5328.23,sh000905,中证500
2020-05-21,5508.20,5511.23,5415.60,1145591,128883850000,0,5426.17,sh000905,中证500
2020-05-20,5545.04,5547.17,5473.79,1234913,141354560000,0,5489.70,sh000905,中证500
2020-05-19,5515.03,5548.22,5504.23,1120089,133182700000,0,5547.88,sh000905,中证500
2020-05-18,5522.72,5528.78,5454.96,1336547,158389050000,0,5478.82,sh000905,中证500
2020-05-15,5510.15,5543.93,5486.26,1126515,132317040000,0,5507.93,sh000905,中证500
2020-05-14,5513.08,5528.09,5485.02,1191977,129595790000,0,5487.11,sh000905,中证500
2020-05-13,5495.90,5546.55,5483.99,1078958,120477110000,0,5536.28,sh000905,中证500
2020-05-12,5494.07,5519.29,5441.70,1159437,127585360000,0,5512.46,sh000905,中证500
2020-05-11,5529.11,5547.94,5466.62,1298520,142054910000,0,5496.19,sh000905,中证500
2020-05-08,5474.87,5527.09,5467.65,1363186,146384770000,0,5507.70,sh000905,中证500
2020-05-07,5454.25,5473.77,5425.80,1401464,147975360000,0,5445.75,sh000905,中证500
2020-05-06,5320.94,5451.46,5318.44,1416791,159945700000,0,5451.32,sh000905,中证500
2020-04-30,5261.05,5368.89,5261.05,1330367,142523790000,0,5353.86,sh000905,中证500
2020-04-29,5203.71,5269.74,5201.47,1059268,103339320000,0,5226.81,sh000905,中证500
2020-04-28,5268.13,5273.26,5102.06,1408249,133971240000,0,5227.85,sh000905,中证500
2020-04-27,5278.98,5314.41,5249.31,1171324,110738400000,0,5265.72,sh000905,中证500
2020-04-24,5350.54,5354.76,5258.57,1313834,127211200000,0,5273.55,sh000905,中证500
2020-04-23,5402.65,5407.49,5354.94,1446183,145324600000,0,5357.79,sh000905,中证500
2020-04-22,5304.73,5388.21,5296.26,1235970,127945770000,0,5387.62,sh000905,中证500
2020-04-21,5358.60,5358.60,5287.66,1307444,139768430000,0,5343.88,sh000905,中证500
2020-04-20,5329.87,5381.79,5311.20,1206422,130825820000,0,5381.79,sh000905,中证500
2020-04-17,5354.98,5377.15,5309.58,1369698,156745770000,0,5318.45,sh000905,中证500
2020-04-16,5245.92,5328.12,5238.43,1207422,122069170000,0,5316.97,sh000905,中证500
2020-04-15,5291.97,5320.58,5264.01,1224774,128025730000,0,5268.75,sh000905,中证500
2026-06-24,2919.85,2945.39,2919.85,20643771,86758342686,0.13,2936.38,sh000016,上证50
2026-06-23,2998.03,3019.34,2913.24,781881,288935600000,0.49,2926.83,sh000016,上证50
2026-06-22,2929.73,3015.16,2915.54,812298,308371280000,0.51,3012.65,sh000016,上证50
2026-06-18,2926.49,2956.23,2924.34,709136,289737910000,0.44,2928.75,sh000016,上证50
2026-06-17,2905.21,2936.61,2901.42,534829,225869570000,0.33,2934.47,sh000016,上证50
2026-06-16,2933.96,2936.70,2904.36,572440,203894420000,0.36,2913.99,sh000016,上证50
2026-06-15,2919.69,2946.02,2915.15,774842,246129270000,0.48,2938.65,sh000016,上证50
2026-06-12,2864.99,2901.65,2851.54,802826,219301720000,0.48,2890.80,sh000016,上证50
2026-06-11,2842.67,2852.21,2827.86,518435,143823680000,0.31,2845.92,sh000016,上证50
2026-06-10,2829.65,2859.92,2826.86,589772,173632880000,0.35,2850.37,sh000016,上证50
2026-06-09,2830.88,2844.23,2814.83,540307,146467480000,0.32,2842.69,sh000016,上证50
2026-06-08,2818.68,2846.51,2806.33,645883,165621410000,0.39,2825.01,sh000016,上证50
2026-06-05,2883.28,2908.68,2859.21,533247,164168810000,0.32,2865.87,sh000016,上证50
2026-06-04,2902.27,2918.66,2884.20,446587,143030390000,0.27,2891.35,sh000016,上证50
2026-06-03,2913.21,2939.72,2906.83,558511,190335500000,0.33,2920.92,sh000016,上证50
2026-06-02,2897.97,2931.57,2892.26,599761,171693670000,0.36,2920.27,sh000016,上证50
2026-06-01,2918.12,2922.82,2887.76,597353,182645390000,0.36,2893.72,sh000016,上证50
2026-05-29,2919.64,2938.49,2910.57,684984,223013810000,0.41,2921.08,sh000016,上证50
2026-05-28,2923.21,2928.18,2893.57,519569,183934940000,0.31,2914.19,sh000016,上证50
2026-05-27,2969.80,2975.97,2921.82,560558,202669530000,0.34,2934.71,sh000016,上证50
2026-05-26,2954.49,2976.95,2945.55,551100,216747760000,0.33,2973.39,sh000016,上证50
2026-05-25,2932.24,2969.76,2929.38,484394,220945020000,0.29,2968.70,sh000016,上证50
2026-05-22,2937.12,2939.60,2908.09,523833,174676040000,0.31,2923.52,sh000016,上证50
2026-05-21,2972.53,2998.90,2920.41,636847,237309930000,0.38,2920.93,sh000016,上证50
2026-05-20,2940.26,2964.78,2937.57,575178,205321200000,0.34,2953.75,sh000016,上证50
2026-05-19,2929.07,2955.07,2918.97,582769,178510280000,0.35,2954.06,sh000016,上证50
2026-05-18,2947.25,2954.63,2921.18,596525,180548940000,0.36,2934.96,sh000016,上证50
2026-05-15,2992.26,3001.63,2945.65,638907,231212580000,0.38,2957.60,sh000016,上证50
2026-05-14,3056.85,3059.79,2995.82,632456,215190930000,0.38,2996.57,sh000016,上证50
2026-05-13,3029.12,3049.17,3018.85,643975,213302450000,0.38,3047.25,sh000016,上证50
2026-05-12,3045.22,3058.38,3036.17,660945,230201300000,0.40,3043.56,sh000016,上证50
2026-05-11,3021.74,3047.90,3009.54,694111,242027280000,0.41,3041.63,sh000016,上证50
2026-05-08,3014.47,3015.41,2990.01,504967,181204520000,0.30,3003.58,sh000016,上证50
2026-05-07,3034.98,3040.40,3020.90,584001,205911880000,0.35,3029.19,sh000016,上证50
2026-05-06,3010.32,3037.26,3001.98,679030,260825660000,0.41,3026.44,sh000016,上证50
2026-04-30,2972.05,2989.05,2971.29,621858,215537990000,0.37,2985.50,sh000016,上证50
2026-04-29,2937.81,2968.96,2937.29,611599,177885650000,0.37,2967.50,sh000016,上证50
2026-04-28,2938.06,2963.36,2937.55,490491,156947850000,0.29,2950.42,sh000016,上证50
2026-04-27,2944.03,2955.45,2934.67,439751,159040620000,0.26,2939.05,sh000016,上证50
2026-04-24,2925.90,2948.41,2914.26,424437,154614310000,0.25,2945.04,sh000016,上证50
2026-04-23,2938.17,2941.20,2912.56,536509,155716230000,0.32,2927.93,sh000016,上证50
2026-04-22,2927.86,2935.11,2922.33,454434,126382960000,0.27,2930.58,sh000016,上证50
2026-04-21,2931.61,2937.42,2920.28,463274,119509380000,0.28,2932.07,sh000016,上证50
2026-04-20,2911.86,2935.29,2911.74,477283,132077320000,0.29,2933.65,sh000016,上证50
2026-04-17,2920.85,2924.13,2906.95,418748,134787640000,0.25,2910.87,sh000016,上证50
2026-04-16,2937.76,2948.12,2930.77,411179,115488680000,0.25,2939.76,sh000016,上证50
2026-04-15,2939.52,2953.07,2931.63,472708,145529730000,0.28,2934.22,sh000016,上证50
2026-04-14,2918.51,2924.22,2899.86,418344,128295550000,0.25,2924.18,sh000016,上证50
2026-04-13,2888.42,2902.71,2884.66,404920,121740390000,0.24,2899.47,sh000016,上证50
2026-04-10,2900.50,2915.70,2894.68,425295,122820280000,0.25,2899.58,sh000016,上证50
2026-04-09,2888.40,2891.87,2877.55,386736,108590890000,0.23,2884.76,sh000016,上证50
2026-04-08,2872.03,2907.79,2872.03,587366,154937980000,0.35,2907.07,sh000016,上证50
2026-04-07,2830.13,2843.17,2824.18,368096,99010490000,0.22,2830.52,sh000016,上证50
2026-04-03,2856.56,2857.51,2827.09,363314,79325740000,0.22,2830.60,sh000016,上证50
2026-04-02,2873.83,2873.83,2840.64,469190,102925560000,0.28,2853.45,sh000016,上证50
2026-04-01,2863.49,2882.67,2856.97,506956,127531220000,0.30,2878.79,sh000016,上证50
2026-03-31,2844.41,2865.52,2826.12,570960,121234700000,0.34,2826.12,sh000016,上证50
2026-03-30,2814.83,2835.83,2806.03,491126,103315100000,0.29,2833.21,sh000016,上证50
2026-03-27,2803.50,2845.83,2803.50,465254,103294770000,0.28,2837.31,sh000016,上证50
2026-03-26,2854.50,2862.33,2819.07,523221,113550790000,0.31,2824.67,sh000016,上证50
2026-03-25,2845.41,2862.57,2842.19,639656,133500630000,0.38,2859.53,sh000016,上证50
2026-03-24,2813.50,2831.27,2790.80,633127,135732070000,0.38,2830.85,sh000016,上证50
2026-03-23,2847.52,2847.78,2779.60,869766,173992570000,0.52,2792.33,sh000016,上证50
2026-03-20,2914.85,2924.38,2881.95,660971,135730910000,0.40,2883.86,sh000016,上证50
2026-03-19,2933.58,2942.46,2908.44,670794,136419480000,0.40,2916.23,sh000016,上证50
2026-03-18,2965.86,2970.19,2939.75,544138,113721680000,0.33,2961.43,sh000016,上证50
2026-03-17,2957.01,2995.23,2956.16,626050,132384460000,0.38,2963.58,sh000016,上证50
2026-03-16,2952.42,2955,2927.94,595960,143861980000,0.36,2954.09,sh000016,上证50
2026-03-13,2961.73,2977.84,2951.70,686330,134239210000,0.41,2956.85,sh000016,上证50
2026-03-12,2978.12,2985.55,2954.30,556441,125464710000,0.33,2971.56,sh000016,上证50
2026-03-11,2983.46,2988.75,2970.83,560320,122447090000,0.34,2985.34,sh000016,上证50
2026-03-10,2973.82,2985.31,2969.91,542269,121762430000,0.33,2981.84,sh000016,上证50
2026-03-09,2963.20,2970.95,2933.92,786581,171357040000,0.47,2962.99,sh000016,上证50
2026-03-06,2972.59,2999.72,2970.58,505365,114511260000,0.30,2992.70,sh000016,上证50
2026-03-05,2993.59,3001.02,2978.09,637979,139933290000,0.38,2988.45,sh000016,上证50
2026-03-04,2985.63,2991.03,2953.32,868331,174492920000,0.52,2974.21,sh000016,上证50
2026-03-03,3045.75,3056.99,3008,1048330,221706040000,0.63,3014.27,sh000016,上证50
2026-03-02,3031.45,3050.92,3010.05,835456,193821720000,0.50,3046.47,sh000016,上证50
2026-02-27,3026.08,3049.36,3025.72,439098,137365110000,0.26,3039.43,sh000016,上证50
2026-02-26,3059.60,3060.34,3023.43,439523,141005000000,0.26,3035.07,sh000016,上证50
2026-02-25,3045.45,3080.08,3041.59,566859,150622610000,0.34,3054.92,sh000016,上证50
2026-02-24,3075.47,3075.90,3039.41,438988,128242970000,0.26,3041.32,sh000016,上证50
2026-02-13,3062.21,3066.04,3032.66,459535,125965620000,0.28,3034.35,sh000016,上证50
2026-02-12,3091.53,3094.33,3075.76,444010,130413440000,0.27,3079.73,sh000016,上证50
2026-02-11,3082.70,3094.25,3076.55,368476,114086380000,0.22,3088.46,sh000016,上证50
2026-02-10,3086.33,3091.35,3080,381623,122015910000,0.23,3087.41,sh000016,上证50
2026-02-09,3066.32,3081.87,3059.03,419239,135722340000,0.25,3081.78,sh000016,上证50
2026-02-06,3027.17,3056,3015.63,467898,133605960000,0.28,3037.86,sh000016,上证50
2026-02-05,3048.87,3066.51,3030.85,537160,147997420000,0.32,3059.01,sh000016,上证50
2026-02-04,3033.55,3070.17,3030.34,610437,169882140000,0.37,3069.24,sh000016,上证50
2026-02-03,3033.47,3037,2987.41,648303,192779510000,0.39,3034.58,sh000016,上证50
2026-02-02,3036.84,3076.02,2997.85,808033,208153100000,0.48,3003.14,sh000016,上证50
2026-01-30,3088.79,3106.33,3040.42,790147,222232770000,0.47,3066.50,sh000016,上证50
2026-01-29,3074.49,3122.14,3048.41,1007102,294888480000,0.60,3110.91,sh000016,上证50
2026-01-28,3066.43,3074.98,3047.79,963668,252622550000,0.58,3060.56,sh000016,上证50
2026-01-27,3054.40,3080.82,3046.19,751359,202327300000,0.45,3052.39,sh000016,上证50
2026-01-26,3042.37,3088.57,3039.64,891025,239455600000,0.53,3049.59,sh000016,上证50
2026-01-23,3055.69,3063.26,3019.76,690202,200455520000,0.41,3032.19,sh000016,上证50
2026-01-22,3080.20,3089.67,3046.43,629185,193411150000,0.38,3053.13,sh000016,上证50
2026-01-21,3073.77,3097.66,3060.65,656649,198825920000,0.39,3067.18,sh000016,上证50
2026-01-20,3077.94,3090.09,3058.61,600025,175735630000,0.36,3070.65,sh000016,上证50
2026-01-19,3077.81,3094.97,3065.94,558666,166180040000,0.34,3075.94,sh000016,上证50
2026-01-16,3117.93,3127.85,3066.09,724542,199999260000,0.43,3079.76,sh000016,上证50
2026-01-15,3104.33,3130.99,3097.11,544177,158767810000,0.33,3105.58,sh000016,上证50
2026-01-14,3136.84,3169.75,3106.13,719574,216077550000,0.43,3112.07,sh000016,上证50
2026-01-13,3150.73,3177.74,3123.17,631601,188852870000,0.38,3132.93,sh000016,上证50
2026-01-12,3146.51,3148.11,3125.17,644619,189801900000,0.39,3143.74,sh000016,上证50
2026-01-09,3121.16,3146.73,3112.46,601493,177739530000,0.36,3134.32,sh000016,上证50
2026-01-08,3137.81,3142.85,3107.02,534274,187896250000,0.32,3122.06,sh000016,上证50
2026-01-07,3162.02,3162.44,3132.23,521394,169306830000,0.31,3145.12,sh000016,上证50
2026-01-06,3106.52,3158.76,3106.09,574943,180047550000,0.35,3158.76,sh000016,上证50
2026-01-05,3052.13,3105.40,3052.13,535014,169562420000,0.32,3099.75,sh000016,上证50
2025-12-31,3038.60,3051.43,3026.49,373590,107667580000,0.22,3031.13,sh000016,上证50
2025-12-30,3023.32,3049.32,3022.28,385383,113175140000,0.23,3036.55,sh000016,上证50
2025-12-29,3048.98,3057.36,3030.38,431534,117119940000,0.26,3034.63,sh000016,上证50
2025-12-26,3032.47,3057.95,3031.26,341007,100917260000,0.20,3045.40,sh000016,上证50
2025-12-25,3020.91,3039.54,3018.58,282706,82075770000,0.17,3032.84,sh000016,上证50
2025-12-24,3028.37,3032.01,3012.20,317994,91264190000,0.19,3025.18,sh000016,上证50
2025-12-23,3023.91,3041.67,3019.61,358897,110469790000,0.22,3027.52,sh000016,上证50
2025-12-22,3010.80,3025.55,3010.80,347282,106734710000,0.21,3020.23,sh000016,上证50
2025-12-19,2993.93,3016.38,2987.71,366055,94940040000,0.22,3004.34,sh000016,上证50
2025-12-18,2983.77,3002.02,2980.95,325457,82717280000,0.20,2998.52,sh000016,上证50
2025-12-17,2955.47,3005.87,2948.74,385007,107470290000,0.23,2991.68,sh000016,上证50
2025-12-16,2980.94,2986.08,2946.60,383022,103323960000,0.23,2954.79,sh000016,上证50
2025-12-15,2979.76,3015.39,2978.13,384902,111134260000,0.23,2987.07,sh000016,上证50
2025-12-12,2981.97,2994.87,2965.69,571889,137257730000,0.34,2994.64,sh000016,上证50
2025-12-11,2995.63,2998.98,2966.18,393990,96980570000,0.23,2977.03,sh000016,上证50
2025-12-10,2994.15,2996.21,2970.59,415116,101333840000,0.24,2988.64,sh000016,上证50
2025-12-09,3012.24,3015.45,2991.65,434259,110095090000,0.26,2997.96,sh000016,上证50
2025-12-08,3006.63,3030.57,3005.38,448958,125239000000,0.26,3019.36,sh000016,上证50
2025-12-05,2970.62,3010.72,2969.09,446035,110447300000,0.26,3002.01,sh000016,上证50
2025-12-04,2968.56,2980.24,2958.61,362826,88622460000,0.21,2974.34,sh000016,上证50
2025-12-03,2976.11,2983.61,2957.79,385197,85494990000,0.23,2963.08,sh000016,上证50
2025-12-02,2992.38,2994.71,2970.95,334818,79166110000,0.20,2978.47,sh000016,上证50
2025-12-01,2975.27,2994.45,2972.79,465195,112812940000,0.27,2993.68,sh000016,上证50
2025-11-28,2969.23,2973.32,2954.71,372743,85031500000,0.22,2969.62,sh000016,上证50
2025-11-27,2976.08,2988.20,2965.55,392878,105106130000,0.23,2972.27,sh000016,上证50
2025-11-26,2969.78,2979.98,2968.02,400580,97257760000,0.24,2971.80,sh000016,上证50
2025-11-25,2963.69,2974.77,2952.35,424052,98032090000,0.25,2968.20,sh000016,上证50
2025-11-24,2967.16,2970.20,2942.29,508017,110270570000,0.30,2950.56,sh000016,上证50
2025-11-21,2989.87,2998.81,2953.46,603931,126324510000,0.36,2955.85,sh000016,上证50
2025-11-20,3030.04,3038.91,3004.24,540436,100981680000,0.32,3008.29,sh000016,上证50
2025-11-19,3004.65,3033.22,3004.20,482004,99551460000,0.28,3020.35,sh000016,上证50
2025-11-18,3005.74,3023.03,2995.17,435873,106201110000,0.26,3003.02,sh000016,上证50
2025-11-17,3033.02,3037.23,3001.20,482339,111804670000,0.28,3012.07,sh000016,上证50
2025-11-14,3058.12,3073.71,3037.88,488028,120375770000,0.29,3038.43,sh000016,上证50
2025-11-13,3044.92,3075.21,3044.92,541264,132480840000,0.32,3073.67,sh000016,上证50
2025-11-12,3035.03,3059.95,3035.03,575172,136890420000,0.34,3044.30,sh000016,上证50
2025-11-11,3059.76,3060.28,3023.92,410426,118061080000,0.24,3034.63,sh000016,上证50
2025-11-10,3043.51,3054.55,3030.23,490796,139907230000,0.29,3053.86,sh000016,上证50
2025-11-07,3036.01,3050.01,3034.72,476693,119848200000,0.28,3038.35,sh000016,上证50
2025-11-06,3015.35,3049.49,3012.44,506294,143933860000,0.30,3044.74,sh000016,上证50
2025-11-05,2985.76,3018.35,2981.82,468718,117448120000,0.28,3007.97,sh000016,上证50
2025-11-04,3014.83,3029.92,2999.25,559809,131057970000,0.33,3012.97,sh000016,上证50
2025-11-03,3009.16,3017.45,2990.28,549004,134637120000,0.32,3016.35,sh000016,上证50
2025-10-31,3046.18,3046.24,3011.55,693189,169286260000,0.41,3011.55,sh000016,上证50
2025-10-30,3053.79,3076.87,3043.57,657361,184730170000,0.39,3046.61,sh000016,上证50
2025-10-29,3049.45,3064.56,3048.59,601446,156303440000,0.35,3063.02,sh000016,上证50
2025-10-28,3059.88,3075.25,3044.56,546262,148719930000,0.32,3050.42,sh000016,上证50
2025-10-27,3064.38,3078.78,3052.40,704050,185294640000,0.41,3069.53,sh000016,上证50
2025-10-24,3031.92,3052.82,3028.38,551204,155440250000,0.32,3045.82,sh000016,上证50
2025-10-23,3002,3030.80,2985.43,602067,121208150000,0.35,3026.90,sh000016,上证50
2025-10-22,2987.35,3015.17,2987.35,514176,123840810000,0.30,3010.10,sh000016,上证50
2025-10-21,2983.28,3014.10,2979.12,553018,147269710000,0.33,3007.26,sh000016,上证50
2025-10-20,2984.31,2995.02,2967.69,531810,128361670000,0.31,2974.86,sh000016,上证50
2025-10-17,3017.43,3022.81,2963.94,626781,148748970000,0.37,2967.77,sh000016,上证50
2025-10-16,2994.22,3028.57,2992.55,634109,152079950000,0.37,3019.20,sh000016,上证50
2025-10-15,2962.75,3003,2958.45,633770,157106110000,0.37,3001.35,sh000016,上证50
2025-10-14,2986.58,2996.68,2949.91,861834,219194300000,0.51,2961.10,sh000016,上证50
2025-10-13,2917.88,2972.19,2917.88,701635,185782710000,0.41,2967.21,sh000016,上证50
2025-10-10,3000.56,3012.59,2966.58,672837,200180940000,0.40,2974.85,sh000016,上证50
2025-10-09,3004.45,3030.72,2984.83,763698,231922670000,0.45,3020.60,sh000016,上证50
2025-09-30,2985.10,2992.54,2976.59,590653,175001150000,0.35,2988.94,sh000016,上证50
2025-09-29,2940.04,3000.48,2922.01,706323,189968690000,0.42,2973.04,sh000016,上证50
2025-09-26,2941.17,2962.75,2938.32,481416,150187540000,0.28,2941.02,sh000016,上证50
2025-09-25,2944.73,2962.18,2941.87,543223,158667240000,0.32,2952.74,sh000016,上证50
2025-09-24,2908.07,2942.59,2908.07,514621,157195060000,0.30,2939.51,sh000016,上证50
2025-09-23,2917.99,2938.12,2891.78,628969,168986560000,0.37,2919.51,sh000016,上证50
2025-09-22,2911.02,2929.52,2901.12,469799,156401490000,0.28,2922.18,sh000016,上证50
2025-09-19,2914.36,2930.47,2906.17,572366,163260760000,0.34,2909.74,sh000016,上证50
2025-09-18,2959.39,2971.56,2890.60,748600,225774170000,0.44,2912.83,sh000016,上证50
2025-09-17,2942.88,2960.31,2935.78,566685,155034250000,0.33,2952.78,sh000016,上证50
2025-09-16,2969.23,2974.95,2942.30,576394,155429550000,0.34,2947.82,sh000016,上证50
2025-09-15,2976.35,2984.86,2957.72,525518,145698290000,0.31,2962.62,sh000016,上证50
2025-09-12,2986.02,2998.98,2964.58,617098,177453290000,0.36,2968.54,sh000016,上证50
2025-09-11,2925.66,2983.20,2917.81,683265,188495490000,0.40,2983.08,sh000016,上证50
2025-09-10,2928.11,2954.44,2923.56,564049,133801740000,0.33,2939.59,sh000016,上证50
2025-09-09,2928.53,2949.54,2915.04,557234,139241440000,0.33,2928.63,sh000016,上证50
2025-09-08,2940.98,2953.91,2926.39,673408,153725790000,0.40,2939.88,sh000016,上证50
2025-09-05,2908.51,2949.82,2899.69,623804,160854410000,0.37,2942.22,sh000016,上证50
2025-09-04,2949.97,2949.97,2879.41,919205,208034960000,0.54,2910.47,sh000016,上证50
2025-09-03,2995.46,3002.18,2939.81,637236,161064550000,0.38,2960.99,sh000016,上证50
2025-09-02,2983.72,3006.46,2967.52,774459,196061440000,0.46,2992.88,sh000016,上证50
2025-09-01,2986.65,2988.55,2965.45,728002,195262210000,0.43,2981.20,sh000016,上证50
2025-08-29,2954.93,2989,2954.93,847615,226530510000,0.50,2976.47,sh000016,上证50
2025-08-28,2918.53,2963.07,2906.65,659932,195214800000,0.39,2960.73,sh000016,上证50
2025-08-27,2974.41,2983.02,2918.38,710054,197654250000,0.42,2918.38,sh000016,上证50
2025-08-26,2975.70,2985.54,2964.21,545658,149729860000,0.32,2969.78,sh000016,上证50
2025-08-25,2950.65,2989.85,2943.98,863590,231306790000,0.51,2989.85,sh000016,上证50
2025-08-22,2868.59,2928.88,2868.59,677416,180644680000,0.40,2928.61,sh000016,上证50
2025-08-21,2853.79,2872.96,2850.63,653095,136486100000,0.38,2862.18,sh000016,上证50
2025-08-20,2808.44,2848.03,2799.40,585973,139705690000,0.34,2846.99,sh000016,上证50
2025-08-19,2843.28,2858.41,2812.30,628432,153139710000,0.37,2812.42,sh000016,上证50
2025-08-18,2843.09,2861.98,2832.46,733855,162158390000,0.43,2838.87,sh000016,上证50
2025-08-15,2821.97,2847.61,2813.09,711178,142205460000,0.42,2832.88,sh000016,上证50
2025-08-14,2815.49,2858.01,2815.49,500088,131056130000,0.29,2829.47,sh000016,上证50
2025-08-13,2809.05,2828.86,2806.66,547201,125505580000,0.32,2812.98,sh000016,上证50
2025-08-12,2791.20,2816.59,2791.20,426033,109687750000,0.25,2807.01,sh000016,上证50
2025-08-11,2791.35,2800.89,2783.65,434847,90333990000,0.25,2789.90,sh000016,上证50
2025-08-08,2795.78,2801.08,2784.38,389239,82804570000,0.23,2789.17,sh000016,上证50
2025-08-07,2797.71,2808.92,2787.83,423383,94221580000,0.25,2798.31,sh000016,上证50
2025-08-06,2789.27,2800.76,2787.54,411829,88443250000,0.24,2797.42,sh000016,上证50
2025-08-05,2773.38,2794.60,2768.02,412648,77882630000,0.24,2790.73,sh000016,上证50
2025-08-04,2748.62,2769.39,2748.62,419680,80252040000,0.25,2769.39,sh000016,上证50
2025-08-01,2771.76,2780.16,2749.46,489625,94074420000,0.29,2754.13,sh000016,上证50
2025-07-31,2807.30,2807.94,2766.93,615158,131852400000,0.36,2775.99,sh000016,上证50
2025-07-30,2809.44,2842.47,2802.74,521852,112596980000,0.31,2819.35,sh000016,上证50
2025-07-29,2802.78,2813.74,2795.60,470517,111954410000,0.28,2808.59,sh000016,上证50
2025-07-28,2799.26,2811.24,2788.02,497373,114570540000,0.29,2802.77,sh000016,上证50
2025-07-25,2807.63,2810.11,2788.19,516926,114043140000,0.30,2795.51,sh000016,上证50
2025-07-24,2797.26,2819.13,2791.78,602828,118138430000,0.35,2812.44,sh000016,上证50
2025-07-23,2798.96,2824.86,2794.81,679298,130890240000,0.40,2801.20,sh000016,上证50
2025-07-22,2773.40,2795.49,2760.31,683100,129395400000,0.40,2792.18,sh000016,上证50
2025-07-21,2770.36,2777.05,2763.35,499543,96839360000,0.29,2772.24,sh000016,上证50
2025-07-18,2746.33,2768.90,2746.33,421308,92467980000,0.25,2764.52,sh000016,上证50
2025-07-17,2737.35,2744.74,2732.35,361511,74646330000,0.21,2744.26,sh000016,上证50
2025-07-16,2748.17,2754.06,2729.91,342459,68141680000,0.20,2740.90,sh000016,上证50
2025-07-15,2758.72,2765.50,2731.32,411724,79806100000,0.24,2747.23,sh000016,上证50
2025-07-14,2761.48,2774.23,2757.81,514904,90038730000,0.30,2757.81,sh000016,上证50
2025-07-11,2754.66,2805.56,2754.66,764545,144602040000,0.45,2756.77,sh000016,上证50
2025-07-10,2739.23,2777.42,2739.23,541420,98728920000,0.32,2756.93,sh000016,上证50
2025-07-09,2746.14,2759.06,2739.21,478381,83536050000,0.28,2739.92,sh000016,上证50
2025-07-08,2732.05,2750.46,2730.19,340804,67878990000,0.20,2747.19,sh000016,上证50
2025-07-07,2736.01,2736.26,2723.96,293190,56659530000,0.17,2731.53,sh000016,上证50
2025-07-04,2722.18,2761.92,2715.55,393111,75071470000,0.23,2740.44,sh000016,上证50
2025-07-03,2726.11,2728.17,2713.97,322685,59917410000,0.19,2724.55,sh000016,上证50
2025-07-02,2720.85,2729.71,2711.60,351775,68066190000,0.21,2722.55,sh000016,上证50
2025-07-01,2714.97,2721.40,2708.19,330301,66143680000,0.19,2717.71,sh000016,上证50
2025-06-30,2702.12,2716.30,2695.42,383050,76464390000,0.22,2711.99,sh000016,上证50
2025-06-27,2738.93,2749.55,2705.78,570818,95714290000,0.33,2707.57,sh000016,上证50
2025-06-26,2740.23,2747.61,2734.95,428406,87100920000,0.25,2738.47,sh000016,上证50
2025-06-25,2714.63,2750.39,2707.40,508649,102326320000,0.30,2747.73,sh000016,上证50
2025-06-24,2685.85,2731.18,2685.85,490283,89075120000,0.29,2715.92,sh000016,上证50
2025-06-23,2664.64,2692.91,2656.68,429595,72036350000,0.25,2684.78,sh000016,上证50
2025-06-20,2661.21,2681.53,2661.21,363165,63162240000,0.21,2673.72,sh000016,上证50
2025-06-19,2678.36,2680.87,2658.49,376450,64020630000,0.22,2665.52,sh000016,上证50
2025-06-18,2685.47,2690.90,2668.87,366672,62133960000,0.21,2679.92,sh000016,上证50
2025-06-17,2685.39,2688.61,2672.68,331216,63516820000,0.19,2683.95,sh000016,上证50
2025-06-16,2666.82,2687.11,2664.43,399359,68810920000,0.23,2685.01,sh000016,上证50
2025-06-13,2684.88,2690.35,2669.11,479910,86476410000,0.28,2676.43,sh000016,上证50
2025-06-12,2689.68,2696.78,2674.31,344806,70097290000,0.20,2691.28,sh000016,上证50
2025-06-11,2676.67,2704.45,2676.67,355734,66527790000,0.21,2692.14,sh000016,上证50
2025-06-10,2690.87,2700.18,2670.15,414605,76948920000,0.24,2676.40,sh000016,上证50
2025-06-09,2689.73,2698.36,2681.69,356869,65215800000,0.21,2686.83,sh000016,上证50
2025-06-06,2691.63,2700.81,2685.25,298499,52003230000,0.17,2688.85,sh000016,上证50
2025-06-05,2692.54,2695.88,2682.54,307791,55961670000,0.18,2692.13,sh000016,上证50
2025-06-04,2688.74,2699.67,2687.30,276038,51109220000,0.16,2690.82,sh000016,上证50
2025-06-03,2674.77,2697.39,2671.34,336085,59077340000,0.20,2687.30,sh000016,上证50
2025-05-30,2688.96,2696.14,2669.17,321517,57643110000,0.19,2678.70,sh000016,上证50
2025-05-29,2684.49,2703.99,2677.81,274718,53279940000,0.16,2690.89,sh000016,上证50
2025-05-28,2686.73,2691.48,2681.86,251717,44829820000,0.15,2683.06,sh000016,上证50
2025-05-27,2699.69,2709.29,2684.71,270967,49855560000,0.16,2685.28,sh000016,上证50
2025-05-26,2708.22,2719.70,2692.68,307134,59924580000,0.18,2699.42,sh000016,上证50
2025-05-23,2731.18,2742.12,2711.85,336685,69083840000,0.20,2711.85,sh000016,上证50
2025-05-22,2725.45,2738.24,2718.79,278351,51703120000,0.16,2733.63,sh000016,上证50
2025-05-21,2716.84,2740.77,2716.84,314263,59788130000,0.18,2728.43,sh000016,上证50
2025-05-20,2710.39,2729.76,2710.39,293098,56673730000,0.17,2716.63,sh000016,上证50
2025-05-19,2710.32,2716.86,2701.25,269516,51689570000,0.16,2705.09,sh000016,上证50
2025-05-16,2734.74,2739.06,2706.47,370063,61093290000,0.22,2716.66,sh000016,上证50
2025-05-15,2748.54,2758.08,2735.90,378784,69236010000,0.22,2740.30,sh000016,上证50
2025-05-14,2708.56,2766.25,2708.42,464852,94724050000,0.27,2753.79,sh000016,上证50
2025-05-13,2713.11,2713.11,2702.06,399655,69358080000,0.23,2708.06,sh000016,上证50
2025-05-12,2688.75,2710.61,2681.96,391240,78880160000,0.23,2702.62,sh000016,上证50
2025-05-09,2676.12,2689.60,2676.12,327787,60326300000,0.19,2684.01,sh000016,上证50
2025-05-08,2661.27,2695.78,2658.67,334491,63409170000,0.20,2679.51,sh000016,上证50
2025-05-07,2685.56,2685.56,2656.20,470558,80654620000,0.27,2670.70,sh000016,上证50
2025-05-06,2650.46,2650.46,2633.41,407053,69691270000,0.24,2647.72,sh000016,上证50
2025-04-30,2646.06,2651.30,2631.84,432177,72498160000,0.25,2633.16,sh000016,上证50
2025-04-29,2650.43,2655.34,2639.80,280426,53894220000,0.16,2645.51,sh000016,上证50
2025-04-28,2643.14,2658.46,2636.41,329095,57671220000,0.19,2651.23,sh000016,上证50
2025-04-25,2660.16,2663.35,2643.40,323810,57165150000,0.19,2648.81,sh000016,上证50
2025-04-24,2648.77,2665.73,2648.76,312527,54273600000,0.18,2655.36,sh000016,上证50
2025-04-23,2662.93,2664.47,2646.36,330464,62628840000,0.19,2648.83,sh000016,上证50
2025-04-22,2651.49,2667.84,2650.33,372208,63033510000,0.22,2656.54,sh000016,上证50
2025-04-21,2655.54,2671.34,2652.65,344120,61440920000,0.20,2652.81,sh000016,上证50
2025-04-18,2648.66,2666.27,2645.87,303532,52214830000,0.18,2657.64,sh000016,上证50
2025-04-17,2648.05,2661.80,2639.97,378800,71370540000,0.22,2659.90,sh000016,上证50
2025-04-16,2639.20,2661.78,2616.87,512247,89314650000,0.30,2658.50,sh000016,上证50
2025-04-15,2624.20,2637.75,2615.37,420054,72435260000,0.25,2634.59,sh000016,上证50
2025-04-14,2623.57,2636.79,2615.39,451233,85930880000,0.26,2628.21,sh000016,上证50
2025-04-11,2620.77,2621.16,2595.50,449393,91197020000,0.26,2619.58,sh000016,上证50
2025-04-10,2628.52,2628.52,2590.76,611198,114806160000,0.36,2612.62,sh000016,上证50
2025-04-09,2548.49,2597.10,2541.55,777187,143706410000,0.45,2597.10,sh000016,上证50
2025-04-08,2526.51,2574.35,2510.64,901535,153822740000,0.53,2574.35,sh000016,上证50
2025-04-07,2555.71,2579.60,2457.08,1027012,177150240000,0.60,2516.97,sh000016,上证50
2025-04-03,2631.47,2671.71,2631.47,421736,75585800000,0.25,2662.25,sh000016,上证50
2025-04-02,2659.10,2669.36,2653.45,321686,54121060000,0.19,2658.62,sh000016,上证50
2025-04-01,2669,2674.11,2659.02,408475,70662400000,0.24,2662.71,sh000016,上证50
2025-03-31,2676.05,2692.44,2657.30,499514,77661230000,0.29,2665.63,sh000016,上证50
2025-03-28,2691.67,2692.70,2673.24,359201,61503760000,0.21,2679.74,sh000016,上证50
2025-03-27,2673.93,2704.74,2673.77,364737,72464460000,0.21,2690.84,sh000016,上证50
2025-03-26,2692.42,2696.54,2675.70,378332,68101910000,0.22,2677.31,sh000016,上证50
2025-03-25,2695.30,2698.55,2685.29,370962,67191750000,0.22,2691.90,sh000016,上证50
2025-03-24,2675.46,2696.34,2675.46,449239,78582060000,0.26,2693.33,sh000016,上证50
2025-03-21,2712.74,2722.49,2669.79,468108,95379100000,0.27,2675.36,sh000016,上证50
2025-03-20,2748.29,2749.22,2713.47,397108,79752320000,0.23,2718.19,sh000016,上证50
2025-03-19,2737.31,2757.62,2733.57,463284,80168850000,0.27,2746.96,sh000016,上证50
2025-03-18,2749.32,2751.73,2737.01,386112,79263950000,0.23,2739.75,sh000016,上证50
2025-03-17,2755.49,2755.94,2734.50,443807,90137900000,0.26,2737.92,sh000016,上证50
2025-03-14,2674.49,2748.10,2674.03,654852,138676920000,0.38,2740.51,sh000016,上证50
2025-03-13,2670.99,2684.12,2655.33,424951,82261520000,0.25,2664.62,sh000016,上证50
2025-03-12,2684.72,2686.78,2666.49,434495,83095550000,0.25,2669.01,sh000016,上证50
2025-03-11,2644.82,2682.22,2644.08,421945,82380120000,0.25,2682.22,sh000016,上证50
2025-03-10,2682.88,2683.61,2653.03,508386,92839540000,0.30,2668.81,sh000016,上证50
2025-03-07,2677.57,2695.38,2675.42,443174,89653600000,0.26,2682.02,sh000016,上证50
2025-03-06,2655.54,2689.45,2655.54,577142,118191920000,0.34,2683.95,sh000016,上证50
2025-03-05,2623.72,2644.75,2619.79,483975,83287500000,0.28,2641.45,sh000016,上证50
2025-03-04,2617.92,2629.67,2609.34,418513,76609270000,0.24,2621.22,sh000016,上证50
2025-03-03,2645.01,2655.31,2619.19,496928,95762970000,0.29,2628.52,sh000016,上证50
2025-02-28,2670.43,2691.29,2638.96,563352,119368500000,0.33,2638.96,sh000016,上证50
2025-02-27,2664.32,2681.51,2655,536730,113226680000,0.31,2679.08,sh000016,上证50
2025-02-26,2649.90,2667.02,2645.99,519230,106325770000,0.30,2666.66,sh000016,上证50
2025-02-25,2654.13,2664.16,2636.90,533272,109588140000,0.31,2643.23,sh000016,上证50
2025-02-24,2674.69,2692.81,2661.32,685215,130633370000,0.40,2674.12,sh000016,上证50
2025-02-21,2657.80,2686.33,2649.20,684886,145869440000,0.40,2682.24,sh000016,上证50
2025-02-20,2659.13,2659.60,2641.91,480994,94873660000,0.28,2648.17,sh000016,上证50
2025-02-19,2648.36,2673.52,2643.96,562143,102699790000,0.34,2663.60,sh000016,上证50
2025-02-18,2659.09,2679.82,2644.29,650950,110620420000,0.39,2651.11,sh000016,上证50
2025-02-17,2665.55,2672.03,2647.45,694106,118021640000,0.42,2664.48,sh000016,上证50
2025-02-14,2638.21,2662.29,2633.71,563714,100982420000,0.34,2660.85,sh000016,上证50
2025-02-13,2638.98,2663.79,2635.45,463441,100429620000,0.28,2641.13,sh000016,上证50
2025-02-12,2611.96,2641.73,2607.27,443014,92263450000,0.27,2640.05,sh000016,上证50
2025-02-11,2625.18,2626.17,2607.24,517128,91936660000,0.31,2614.32,sh000016,上证50
2025-02-10,2612.06,2628.39,2606.29,560632,100735590000,0.34,2621.04,sh000016,上证50
2025-02-07,2578.68,2624.68,2570.18,583374,119024770000,0.35,2608.09,sh000016,上证50
2025-02-06,2559.83,2585.29,2554.48,398953,86833180000,0.24,2580.43,sh000016,上证50
2025-02-05,2604.14,2604.32,2556.48,435355,95633990000,0.26,2561.94,sh000016,上证50
2025-01-27,2582.84,2597.35,2582.09,391968,74483970000,0.24,2583.65,sh000016,上证50
2025-01-24,2562.87,2594.58,2559.49,376636,74793260000,0.23,2579.10,sh000016,上证50
2025-01-23,2571.83,2605.86,2564.75,513240,91020170000,0.31,2567.48,sh000016,上证50
2025-01-22,2580.11,2580.19,2544.26,398462,78224190000,0.24,2551.35,sh000016,上证50
2025-01-21,2598.83,2599.89,2579.67,343666,71219860000,0.21,2584.89,sh000016,上证50
2025-01-20,2595.32,2609.65,2585.13,362612,78458290000,0.22,2589.07,sh000016,上证50
2025-01-17,2572.97,2595.16,2561.97,342502,74422620000,0.21,2582.49,sh000016,上证50
2025-01-16,2601.12,2614.60,2572.11,389871,91764850000,0.24,2580.12,sh000016,上证50
2025-01-15,2592.32,2606.07,2587.46,412135,82839780000,0.25,2591.50,sh000016,上证50
2025-01-14,2556.42,2606.09,2549.17,426882,93365870000,0.26,2598.81,sh000016,上证50
2025-01-13,2545.38,2561.24,2533.31,396995,74913720000,0.24,2553.36,sh000016,上证50
2025-01-10,2585.20,2593.09,2560.25,361669,77578650000,0.22,2560.25,sh000016,上证50
2025-01-09,2595.69,2597.06,2574.60,343565,66475790000,0.21,2579.58,sh000016,上证50
2025-01-08,2587.53,2611.15,2565.60,462575,86623180000,0.28,2597.45,sh000016,上证50
2025-01-07,2576.68,2595.66,2566.68,392186,76104920000,0.24,2593.97,sh000016,上证50
2025-01-06,2589.34,2591.89,2555.93,444864,78511010000,0.27,2579.96,sh000016,上证50
2025-01-03,2615.35,2620.65,2579.44,508049,87224130000,0.31,2587.13,sh000016,上证50
2025-01-02,2682.42,2684.25,2595.40,611610,113930280000,0.37,2610.34,sh000016,上证50
2024-12-31,2715.21,2725.79,2684.77,507456,98345130000,0.31,2684.77,sh000016,上证50
2024-12-30,2700.22,2724.73,2700.22,449948,88812010000,0.27,2718.75,sh000016,上证50
2024-12-27,2701.21,2713.84,2686.50,448949,91610180000,0.27,2701.70,sh000016,上证50
2024-12-26,2709.59,2709.59,2692.87,417707,81211470000,0.25,2702.60,sh000016,上证50
2024-12-25,2706.57,2726.14,2700.68,510104,88415660000,0.31,2710.16,sh000016,上证50
2024-12-24,2671.91,2704.58,2666.34,464692,87285840000,0.28,2702.28,sh000016,上证50
2024-12-23,2648.92,2688.89,2648.92,566291,106625580000,0.34,2671.20,sh000016,上证50
2024-12-20,2654.85,2670.32,2644.84,424935,93206950000,0.26,2648.46,sh000016,上证50
2024-12-19,2652.19,2672.58,2642.68,402141,76390570000,0.24,2661.72,sh000016,上证50
2024-12-18,2662.03,2681.12,2661.90,442591,80506000000,0.27,2671.35,sh000016,上证50
2024-12-17,2637.35,2672.96,2637.35,442792,83019810000,0.27,2652.35,sh000016,上证50
2024-12-16,2637.74,2647.70,2635.25,540981,93658810000,0.33,2641.56,sh000016,上证50
2024-12-13,2684.29,2684.41,2636.97,615977,120459480000,0.39,2638.03,sh000016,上证50
2024-12-12,2673.94,2704.03,2667.64,412738,81318180000,0.26,2702.27,sh000016,上证50
2024-12-11,2684.59,2696.01,2671.52,408024,74840670000,0.26,2676.55,sh000016,上证50
2024-12-10,2741.75,2747.07,2684.72,594439,124162000000,0.37,2689.33,sh000016,上证50
2024-12-09,2666.29,2686.52,2658.43,459264,79459150000,0.29,2667.59,sh000016,上证50
2024-12-06,2636.61,2682.69,2636.61,438945,85427060000,0.28,2665.43,sh000016,上证50
2024-12-05,2637.63,2647.98,2629.63,336765,60315070000,0.21,2635.56,sh000016,上证50
2024-12-04,2651.79,2660.80,2638.11,480882,84381110000,0.30,2648.76,sh000016,上证50
2024-12-03,2638.81,2658.15,2626.21,473732,82863140000,0.30,2652.90,sh000016,上证50
2024-12-02,2621.14,2643.87,2613.62,446088,84570830000,0.28,2639.04,sh000016,上证50
2024-11-29,2612.23,2660.39,2610.71,430016,86826620000,0.27,2624.96,sh000016,上证50
2024-11-28,2625.51,2630.80,2598.75,343087,63685960000,0.22,2610.12,sh000016,上证50
2024-11-27,2588.89,2626.33,2583.47,410791,75602280000,0.26,2625.76,sh000016,上证50
2024-11-26,2576.81,2607.12,2573.97,399317,64830130000,0.25,2592.74,sh000016,上证50
2024-11-25,2610.96,2620.03,2568.95,455935,86542890000,0.29,2582.05,sh000016,上证50
2024-11-22,2679.65,2683.74,2601.55,485518,96852390000,0.30,2601.56,sh000016,上证50
2024-11-21,2674.43,2686.31,2666.57,372024,72754860000,0.23,2680.80,sh000016,上证50
2024-11-20,2667.45,2686.38,2657.58,450176,81206750000,0.28,2676.21,sh000016,上证50
2024-11-19,2679.55,2683.37,2637.85,670030,102108360000,0.42,2671.19,sh000016,上证50
2024-11-18,2683.49,2725.30,2668.06,910457,127985980000,0.57,2678.27,sh000016,上证50
2024-11-15,2696.96,2712.88,2671.45,700403,118404550000,0.44,2671.45,sh000016,上证50
2024-11-14,2719.46,2743.75,2700.20,604696,109896760000,0.38,2704.15,sh000016,上证50
2024-11-13,2697.19,2737.50,2696.69,626441,119899020000,0.39,2728.23,sh000016,上证50
2024-11-12,2744.95,2778.89,2701.61,601149,143127100000,0.38,2712.27,sh000016,上证50
2024-11-11,2736.84,2754.97,2711.76,613387,146466630000,0.39,2753.74,sh000016,上证50
2024-11-08,2825.91,2833.07,2758.21,678618,167822300000,0.43,2765.54,sh000016,上证50
2024-11-07,2684.81,2800.61,2683.32,670172,154119320000,0.42,2797.86,sh000016,上证50
2024-11-06,2730.46,2743.13,2691.73,599408,139394920000,0.38,2706.61,sh000016,上证50
2024-11-05,2666.86,2727.67,2659.17,556425,129671760000,0.35,2727.67,sh000016,上证50
2024-11-04,2657.31,2675.77,2636.58,430157,85743260000,0.27,2675.77,sh000016,上证50
2024-11-01,2629.04,2674.25,2629.04,608444,112656090000,0.38,2651.53,sh000016,上证50
2024-10-31,2637.21,2654.65,2613.25,545296,119295770000,0.34,2633.12,sh000016,上证50
2024-10-30,2658.26,2674.37,2624,444507,98548360000,0.28,2634.74,sh000016,上证50
2024-10-29,2689.92,2712.28,2665.42,500843,112173900000,0.31,2667.94,sh000016,上证50
2024-10-28,2681.51,2686.29,2656.32,534750,105268560000,0.34,2686.29,sh000016,上证50
2024-10-25,2679.35,2705.33,2671.04,468615,102640850000,0.29,2683.32,sh000016,上证50
2024-10-24,2695.38,2699,2669.71,422533,90076500000,0.27,2680.70,sh000016,上证50
2024-10-23,2691.13,2728.26,2682.94,560768,119949400000,0.35,2708.05,sh000016,上证50
2024-10-22,2672.85,2704.35,2672.45,522082,115193660000,0.33,2692.66,sh000016,上证50
2024-10-21,2694.97,2701.36,2659.67,720422,157954090000,0.45,2681.06,sh000016,上证50
2024-10-18,2606.38,2722.65,2583.49,701982,155844590000,0.44,2681.91,sh000016,上证50
2024-10-17,2666.37,2680.06,2610.47,497969,94353950000,0.31,2610.47,sh000016,上证50
2024-10-16,2629.24,2677.22,2628.95,562597,102204380000,0.35,2650.18,sh000016,上证50
2024-10-15,2711.67,2726.99,2655.12,583141,113706270000,0.37,2655.12,sh000016,上证50
2024-10-14,2699.71,2737.27,2672.81,806550,143373980000,0.51,2723.18,sh000016,上证50
2024-10-11,2718.25,2737.08,2653.62,753780,137937190000,0.47,2680.39,sh000016,上证50
2024-10-10,2697.29,2801.12,2675.44,1158918,219028730000,0.73,2739.05,sh000016,上证50
2024-10-09,2813.96,2825.74,2674.25,1246534,291386970000,0.78,2680.71,sh000016,上证50
2024-10-08,3016.87,3016.87,2780.03,1659732,332253410000,1.04,2853.14,sh000016,上证50
2024-09-30,2657.55,2778.29,2621.70,1533245,269284710000,0.96,2755.40,sh000016,上证50
2024-09-27,2553.60,2571.08,2512.82,648008,114190840000,0.41,2571.08,sh000016,上证50
2024-09-26,2389.27,2498.32,2383.51,677430,119232020000,0.43,2498.18,sh000016,上证50
2024-09-25,2391.28,2426.69,2380.59,684031,112177960000,0.43,2386.32,sh000016,上证50
2024-09-24,2270.36,2352.32,2257.29,601591,101050490000,0.38,2352.14,sh000016,上证50
2024-09-23,2233.86,2254.16,2232.28,272073,45700290000,0.17,2243.02,sh000016,上证50
2024-09-20,2227.35,2237.98,2212.52,369021,55566740000,0.23,2233.26,sh000016,上证50
2024-09-19,2224.26,2239.98,2199.45,349684,58318270000,0.22,2229.81,sh000016,上证50
2024-09-18,2206.85,2225.91,2203.98,260546,40650060000,0.16,2218.66,sh000016,上证50
2024-09-13,2211.15,2222.56,2204.86,270985,44106120000,0.17,2205.81,sh000016,上证50
2024-09-12,2220.90,2227.73,2208.25,280953,42269200000,0.18,2209.56,sh000016,上证50
2024-09-11,2228.83,2228.83,2213.82,346155,45236990000,0.22,2220.80,sh000016,上证50
2024-09-10,2232.83,2240.59,2223.90,301840,40190750000,0.19,2235.69,sh000016,上证50
2024-09-09,2252.30,2256,2226.63,342507,47798370000,0.22,2232.96,sh000016,上证50
2024-09-06,2276.54,2288.93,2263.32,258860,34524510000,0.16,2263.56,sh000016,上证50
2024-09-05,2272.98,2281.53,2267.33,303526,39145530000,0.19,2275.12,sh000016,上证50
2024-09-04,2279.48,2289.39,2268.21,354825,42801800000,0.22,2271.81,sh000016,上证50
2024-09-03,2299.34,2301.69,2286.02,441589,50294840000,0.28,2291.18,sh000016,上证50
2024-09-02,2321.15,2326.08,2299.17,454993,61799690000,0.29,2299.93,sh000016,上证50
2024-08-30,2313.61,2354.63,2311.23,637860,87319590000,0.40,2335.21,sh000016,上证50
2024-08-29,2329.66,2335.67,2315.49,442463,54544180000,0.28,2317.66,sh000016,上证50
2024-08-28,2349.52,2352.70,2327.92,300923,44898370000,0.19,2336.15,sh000016,上证50
2024-08-27,2348.54,2355.57,2345.30,309525,40323560000,0.19,2350.41,sh000016,上证50
2024-08-26,2356.79,2361.88,2341.23,269005,39379740000,0.17,2352.27,sh000016,上证50
2024-08-23,2338.66,2361.06,2338.32,279000,43651870000,0.18,2355.38,sh000016,上证50
2024-08-22,2340.15,2344.99,2332.36,311129,44159380000,0.20,2341.15,sh000016,上证50
2024-08-21,2341.81,2345.97,2324.71,265509,37036690000,0.17,2339.07,sh000016,上证50
2024-08-20,2361.18,2361.30,2337.51,298981,40474330000,0.19,2346.64,sh000016,上证50
2024-08-19,2345.64,2367.41,2345.12,308852,41304620000,0.19,2357.03,sh000016,上证50
2024-08-16,2335.04,2348.15,2331.08,304816,39617340000,0.19,2345.05,sh000016,上证50
2024-08-15,2300.48,2343.21,2295.75,293156,46630600000,0.18,2335.94,sh000016,上证50
2024-08-14,2317.89,2317.89,2305.47,220499,34691780000,0.14,2306.12,sh000016,上证50
2024-08-13,2318.97,2321.54,2304.60,251092,36056040000,0.16,2317.65,sh000016,上证50
2024-08-12,2314.26,2323.42,2312.58,221950,32347880000,0.14,2316.91,sh000016,上证50
2024-08-09,2332.67,2338.24,2317.99,259888,42763980000,0.16,2317.99,sh000016,上证50
2024-08-08,2310.96,2334.46,2305.89,225289,40041210000,0.14,2320.42,sh000016,上证50
2024-08-07,2311.91,2330.15,2307.08,271460,42713090000,0.17,2314.43,sh000016,上证50
2024-08-06,2342.84,2346.30,2296.71,348737,54899370000,0.22,2313.34,sh000016,上证50
2024-08-05,2334.59,2362.31,2327.75,394575,63104360000,0.25,2328.92,sh000016,上证50
2024-08-02,2344.42,2360.41,2337.64,318275,49775530000,0.20,2343.72,sh000016,上证50
2024-08-01,2373.47,2375.79,2360.05,391342,58367020000,0.25,2360.42,sh000016,上证50
2024-07-31,2332.65,2378.88,2331.56,500666,77823530000,0.31,2375.39,sh000016,上证50
2024-07-30,2341.91,2341.91,2321.50,324329,54147210000,0.20,2335.31,sh000016,上证50
2024-07-29,2352.51,2359.98,2343.40,336713,50285980000,0.21,2348.48,sh000016,上证50
2024-07-26,2364.91,2368.27,2341.45,404940,58240320000,0.25,2355.32,sh000016,上证50
2024-07-25,2384.63,2387.89,2358.54,408469,60679430000,0.26,2369.72,sh000016,上证50
2024-07-24,2393.23,2407.11,2383,392967,56353470000,0.25,2390.95,sh000016,上证50
2024-07-23,2429.09,2431.27,2396.67,413407,63854260000,0.26,2396.67,sh000016,上证50
2024-07-22,2454.24,2454.50,2416.20,418297,69492700000,0.26,2432.55,sh000016,上证50
2024-07-19,2429.80,2462.74,2417.46,413155,71695220000,0.26,2456.79,sh000016,上证50
2024-07-18,2426.34,2446.77,2421.49,348140,60995580000,0.22,2444.51,sh000016,上证50
2024-07-17,2422.88,2439.32,2419.98,377504,64968550000,0.24,2432.83,sh000016,上证50
2024-07-16,2412.26,2426.59,2406.25,356884,55901180000,0.22,2424.76,sh000016,上证50
2024-07-15,2405.92,2424.41,2405.52,345186,50347380000,0.22,2420.52,sh000016,上证50
2024-07-12,2397.73,2414.76,2396.53,381571,59812240000,0.24,2412.62,sh000016,上证50
2024-07-11,2387.67,2400.23,2378.15,382956,63413460000,0.24,2396.41,sh000016,上证50
2024-07-10,2378.80,2392.88,2378.54,348463,56473780000,0.22,2381.83,sh000016,上证50
2024-07-09,2365.93,2396.18,2352.77,375045,62567230000,0.24,2389.38,sh000016,上证50
2024-07-08,2375.68,2387.89,2368.17,356176,58987890000,0.22,2371.69,sh000016,上证50
2024-07-05,2405.61,2411.93,2367.02,393634,63623260000,0.25,2386,sh000016,上证50
2024-07-04,2417.28,2428.94,2407.13,305116,49929140000,0.19,2407.90,sh000016,上证50
2024-07-03,2417.18,2421.08,2405.84,329916,55118430000,0.21,2414.87,sh000016,上证50
2024-07-02,2400.17,2421.75,2399.52,368669,59919130000,0.23,2416.68,sh000016,上证50
2024-07-01,2395.20,2407.05,2387.62,362812,56357790000,0.23,2405.47,sh000016,上证50
2024-06-28,2382.12,2406.36,2381.39,398986,62660040000,0.25,2394.87,sh000016,上证50
2024-06-27,2391.69,2395.81,2376.66,369906,54577200000,0.23,2388.56,sh000016,上证50
2024-06-26,2388.50,2404.46,2383.15,298595,46732370000,0.19,2398.26,sh000016,上证50
2024-06-25,2403.73,2410.14,2384.20,349191,58739730000,0.22,2394.22,sh000016,上证50
2024-06-24,2383.87,2418.92,2381.28,346713,62252300000,0.22,2404.08,sh000016,上证50
2024-06-21,2406.22,2411.53,2386.48,332020,58864840000,0.21,2398.96,sh000016,上证50
2024-06-20,2413.39,2422.70,2405.40,320130,56261520000,0.20,2408.34,sh000016,上证50
2024-06-19,2410.47,2418.74,2402.96,327753,56240550000,0.21,2413.97,sh000016,上证50
2024-06-18,2412.55,2424.93,2408.29,353383,59466090000,0.22,2415.43,sh000016,上证50
2024-06-17,2412.09,2418.94,2408.87,374960,61841770000,0.24,2416.34,sh000016,上证50
2024-06-14,2405.79,2433.05,2399.99,412780,78246580000,0.27,2426.51,sh000016,上证50
2024-06-13,2425.92,2426.33,2406.99,308511,57368170000,0.21,2412.07,sh000016,上证50
2024-06-12,2420.90,2427.84,2412.99,379496,63274160000,0.25,2423.61,sh000016,上证50
2024-06-11,2444.55,2449.65,2415.11,414015,70152690000,0.28,2423.62,sh000016,上证50
2024-06-07,2473.17,2476.46,2444.93,364361,58648180000,0.24,2457.26,sh000016,上证50
2024-06-06,2474.23,2492.05,2462.13,368973,64488230000,0.25,2467.89,sh000016,上证50
2024-06-05,2477.31,2483.33,2467.46,294539,51341200000,0.20,2468.19,sh000016,上证50
2024-06-04,2465.61,2488.75,2462.67,319032,56622880000,0.21,2483.32,sh000016,上证50
2024-06-03,2461.35,2476.80,2454.98,329352,58211850000,0.22,2469.02,sh000016,上证50
2024-05-31,2480.21,2487.13,2462.18,285932,50383980000,0.19,2462.18,sh000016,上证50
2024-05-30,2488.32,2500.31,2468.26,343500,60265640000,0.23,2473.76,sh000016,上证50
2024-05-29,2489.52,2510.07,2486.58,317851,51576830000,0.21,2493.17,sh000016,上证50
2024-05-28,2498.03,2505.79,2486.10,330036,54184040000,0.22,2490.16,sh000016,上证50
2024-05-27,2478.26,2500.11,2478.26,357709,60797170000,0.24,2497.60,sh000016,上证50
2024-05-24,2494.37,2504.41,2473.23,312942,53766570000,0.21,2474.43,sh000016,上证50
2024-05-23,2518.14,2519.07,2495.16,350480,59668910000,0.24,2500.82,sh000016,上证50
2024-05-22,2524.69,2535.06,2519.03,380760,65777030000,0.26,2529.04,sh000016,上证50
2024-05-21,2526.94,2531.63,2518.27,331186,54644700000,0.22,2525.23,sh000016,上证50
2024-05-20,2529.92,2544.52,2524.19,466920,81480530000,0.31,2532.82,sh000016,上证50
2024-05-17,2492.57,2524.18,2485.82,442186,76547470000,0.30,2524.17,sh000016,上证50
2024-05-16,2484.27,2498.89,2475.84,391993,68282400000,0.26,2489.41,sh000016,上证50
2024-05-15,2494.76,2498.95,2475.96,294573,50498150000,0.20,2477.39,sh000016,上证50
2024-05-14,2507.20,2510.42,2491.25,338857,61077640000,0.23,2496.74,sh000016,上证50
2024-05-13,2499.69,2512.24,2487.65,410367,74056150000,0.28,2506.46,sh000016,上证50
2024-05-10,2508.06,2515.02,2492.36,405286,66949260000,0.27,2508.58,sh000016,上证50
2024-05-09,2483.66,2506.28,2483.66,376621,64311120000,0.25,2501.73,sh000016,上证50
2024-05-08,2495.62,2497.15,2484.38,323061,51551480000,0.22,2486.02,sh000016,上证50
2024-05-07,2496.02,2504.03,2489.37,380426,62864450000,0.26,2499.77,sh000016,上证50
2024-05-06,2495.47,2505.60,2487.32,560078,96349190000,0.38,2495.76,sh000016,上证50
2024-04-30,2473.51,2484.10,2464.24,468144,75190680000,0.31,2464.24,sh000016,上证50
2024-04-29,2458.18,2492.93,2453.48,534012,92063350000,0.36,2474.34,sh000016,上证50
2024-04-26,2432.76,2467.27,2432.76,478380,79728580000,0.32,2461.86,sh000016,上证50
2024-04-25,2419.50,2437.31,2411.57,283178,49604480000,0.19,2431.62,sh000016,上证50
2024-04-24,2422.63,2426.96,2406.88,293869,50879460000,0.20,2424.12,sh000016,上证50
2024-04-23,2420.62,2426.89,2409.95,379321,60577320000,0.25,2413.74,sh000016,上证50
2024-04-22,2433.18,2450.26,2422.77,403681,65847980000,0.27,2424.75,sh000016,上证50
2024-04-19,2433.98,2444.02,2424.17,388847,63779130000,0.26,2430.58,sh000016,上证50
2024-04-18,2430.70,2468.36,2429.63,466245,74076790000,0.31,2445.20,sh000016,上证50
2024-04-17,2407.96,2440.58,2397.44,459446,69009890000,0.31,2439.86,sh000016,上证50
2024-04-16,2414.76,2429.39,2398.43,469525,68370140000,0.32,2412.32,sh000016,上证50
2024-04-15,2367.86,2424.93,2367.76,501305,75984590000,0.34,2424.02,sh000016,上证50
2024-04-12,2397.28,2402.64,2370.28,323638,59600120000,0.22,2374.05,sh000016,上证50
2024-04-11,2383.70,2402.75,2380.51,312880,56313020000,0.21,2394.87,sh000016,上证50
2024-04-10,2403.73,2412.59,2388.68,336127,58702880000,0.23,2396.74,sh000016,上证50
2024-04-09,2411.78,2418.60,2399.28,356229,57315470000,0.24,2404.61,sh000016,上证50
2024-04-08,2419.03,2431.41,2407.36,398736,73403480000,0.27,2414.09,sh000016,上证50
2024-04-03,2439.43,2441.67,2423.88,319600,60097490000,0.21,2430.17,sh000016,上证50
2024-04-02,2441.49,2447.37,2428.03,357264,59917350000,0.24,2435.76,sh000016,上证50
2024-04-01,2422.73,2448.88,2422.73,362100,63161800000,0.24,2441.57,sh000016,上证50
2024-03-29,2399.46,2418.56,2399.28,341336,51692110000,0.23,2414.92,sh000016,上证50
2024-03-28,2395.22,2424.77,2387.42,368708,59543020000,0.25,2401.99,sh000016,上证50
2024-03-27,2408.91,2421.13,2398.94,320729,52565300000,0.22,2398.94,sh000016,上证50
2024-03-26,2404.21,2415.71,2398.60,313625,57780740000,0.21,2413.74,sh000016,上证50
2024-03-25,2398.32,2418.31,2393.06,343837,60441060000,0.23,2401.21,sh000016,上证50
2024-03-22,2417.94,2420.77,2386.20,340736,63189510000,0.23,2403.20,sh000016,上证50
2024-03-21,2432.93,2441.27,2424.88,292084,54112420000,0.20,2427.10,sh000016,上证50
2024-03-20,2412.61,2430.72,2408.48,308386,51100640000,0.21,2426.46,sh000016,上证50
2024-03-19,2430.30,2441.60,2416.03,343325,64262400000,0.23,2416.83,sh000016,上证50
2024-03-18,2424.92,2438.83,2419.88,370473,70596400000,0.25,2438.19,sh000016,上证50
2024-03-15,2417.57,2430.59,2409.61,330075,62673020000,0.22,2427.20,sh000016,上证50
2024-03-14,2431.77,2446.88,2415.06,368822,69775880000,0.25,2423.86,sh000016,上证50
2024-03-13,2445.80,2445.80,2419.45,369487,67424740000,0.25,2427.60,sh000016,上证50
2024-03-12,2443.23,2458.92,2436.08,505773,93341580000,0.34,2450.47,sh000016,上证50
2024-03-11,2426.73,2443.11,2418.34,391521,69559850000,0.26,2443.11,sh000016,上证50
2024-03-08,2423.14,2433.33,2410.15,349113,57496300000,0.23,2426.17,sh000016,上证50
2024-03-07,2430.42,2446.30,2418.13,383358,67072870000,0.26,2426.97,sh000016,上证50
2024-03-06,2443.85,2450.43,2433.07,387540,62490720000,0.26,2434.12,sh000016,上证50
2024-03-05,2410.46,2450.06,2407.05,439561,76817290000,0.30,2446.42,sh000016,上证50
2024-03-04,2412.08,2422.82,2404.92,402981,71924710000,0.27,2418.58,sh000016,上证50
2024-03-01,2408.30,2420.38,2397.64,344350,60269510000,0.23,2414.84,sh000016,上证50
2024-02-29,2378.14,2413.14,2378.14,351925,63682020000,0.24,2413.14,sh000016,上证50
2024-02-28,2405.88,2417.33,2385.61,447639,76575630000,0.30,2385.61,sh000016,上证50
2024-02-27,2383.14,2405.06,2381.57,336010,57324530000,0.23,2405.06,sh000016,上证50
2024-02-26,2427.23,2430.97,2388.39,413283,63298280000,0.28,2393.55,sh000016,上证50
2024-02-23,2431.87,2447.80,2424.17,400631,62572520000,0.27,2433.41,sh000016,上证50
2024-02-22,2403.88,2433.23,2403,375554,60050750000,0.25,2433.08,sh000016,上证50
2024-02-21,2359.18,2439.21,2355.40,500054,86249270000,0.34,2410.23,sh000016,上证50
2024-02-20,2367.92,2372.86,2353.97,374861,60546150000,0.25,2369.08,sh000016,上证50
2024-02-19,2368.45,2371.55,2348.41,521602,78856900000,0.35,2371.55,sh000016,上证50
2024-02-08,2345.08,2355.77,2330.83,504862,79375430000,0.34,2352.58,sh000016,上证50
2024-02-07,2323.12,2344.79,2305.51,647841,95430740000,0.44,2344.15,sh000016,上证50
2024-02-06,2250.11,2321.45,2246.82,583851,88303220000,0.39,2318.84,sh000016,上证50
2024-02-05,2221.94,2270.37,2203.07,593140,87422810000,0.40,2255.28,sh000016,上证50
2024-02-02,2252.65,2264.06,2184.77,506371,72601310000,0.34,2229.01,sh000016,上证50
2024-02-01,2245.48,2270.07,2238.71,398901,59264040000,0.27,2248.27,sh000016,上证50
2024-01-31,2261.12,2273.10,2243.90,429288,63009280000,0.29,2254.30,sh000016,上证50
2024-01-30,2292.22,2303.72,2270.98,432676,61237730000,0.29,2270.98,sh000016,上证50
2024-01-29,2312.70,2327.36,2304.44,595490,77810110000,0.40,2304.44,sh000016,上证50
2024-01-26,2303.32,2323.35,2295.96,583163,73311460000,0.39,2314.37,sh000016,上证50
2024-01-25,2264.02,2314.50,2261.37,619454,79432200000,0.42,2312.85,sh000016,上证50
2024-01-24,2238.33,2264.52,2209.51,441980,61986780000,0.30,2260.56,sh000016,上证50
2024-01-23,2220.50,2239.65,2204.37,340153,54006330000,0.23,2226.37,sh000016,上证50
2024-01-22,2237.77,2257.59,2206.76,447862,70458300000,0.30,2230.61,sh000016,上证50
2024-01-19,2227.73,2250.61,2218.17,358651,59477640000,0.24,2243.54,sh000016,上证50
2024-01-18,2191.89,2242.33,2163.87,549447,83092560000,0.37,2238.46,sh000016,上证50
2024-01-17,2241.02,2242.61,2199.26,306283,51922840000,0.21,2199.26,sh000016,上证50
2024-01-16,2231.82,2249.05,2223.44,287822,46347950000,0.19,2248.98,sh000016,上证50
2024-01-15,2227.36,2256.80,2225.24,237151,39317050000,0.16,2238.50,sh000016,上证50
2024-01-12,2231.29,2250.73,2229.59,258938,39121730000,0.17,2237.21,sh000016,上证50
2024-01-11,2234.82,2251.08,2226.28,305244,45573500000,0.21,2240.11,sh000016,上证50
2024-01-10,2239.03,2257.85,2233.18,257133,41868260000,0.17,2235.21,sh000016,上证50
2024-01-09,2243.41,2251.54,2234.91,302693,48702070000,0.20,2245.62,sh000016,上证50
2024-01-08,2265.24,2272.04,2240.56,315007,47632270000,0.21,2243.84,sh000016,上证50
2024-01-05,2272.94,2295.60,2256.60,355894,51973250000,0.24,2268.54,sh000016,上证50
2024-01-04,2293.46,2296.12,2260.35,321258,48905530000,0.22,2279.04,sh000016,上证50
2024-01-03,2287.76,2299.68,2283.59,293144,44217110000,0.20,2294.84,sh000016,上证50
2024-01-02,2316.43,2316.74,2292.23,313755,50622410000,0.21,2292.23,sh000016,上证50
2023-12-29,2314.07,2327.68,2309.43,303623,51479710000,0.20,2326.17,sh000016,上证50
2023-12-28,2267.06,2322.05,2265.23,429226,69274070000,0.29,2317.70,sh000016,上证50
2023-12-27,2263.49,2271.23,2250.01,267611,37638310000,0.18,2266.54,sh000016,上证50
2023-12-26,2273.05,2273.05,2255.35,198991,30599000000,0.13,2262.21,sh000016,上证50
2023-12-25,2266.39,2276.13,2263.60,194346,31479910000,0.13,2272.96,sh000016,上证50
2023-12-22,2262.16,2282.77,2251.45,295962,45871260000,0.20,2270.50,sh000016,上证50
2023-12-21,2228.77,2266.77,2227.97,287269,49033060000,0.19,2261.38,sh000016,上证50
2023-12-20,2253.68,2258.49,2236.88,249794,37376220000,0.17,2237.58,sh000016,上证50
2023-12-19,2248.45,2264.29,2238.87,221196,35256750000,0.15,2257.21,sh000016,上证50
2023-12-18,2237.01,2260.35,2227.98,258819,37998040000,0.17,2251.23,sh000016,上证50
2023-12-15,2262.04,2283.54,2244.80,274587,47439180000,0.18,2245.29,sh000016,上证50
2023-12-14,2274.25,2280.85,2249.39,206269,39752390000,0.14,2249.94,sh000016,上证50
2023-12-13,2298.27,2298.27,2260.60,248663,45559140000,0.17,2261.02,sh000016,上证50
2023-12-12,2285.21,2306.04,2282.09,288487,42483200000,0.19,2305.14,sh000016,上证50
2023-12-11,2264.99,2299.66,2244.28,350101,56257630000,0.27,2292.68,sh000016,上证50
2023-12-08,2274.18,2287.09,2269.28,335129,45212160000,0.26,2281.65,sh000016,上证50
2023-12-07,2280.09,2284.94,2259.82,259596,38119540000,0.20,2274.83,sh000016,上证50
2023-12-06,2281.73,2298.30,2275.28,306777,41728780000,0.24,2284.06,sh000016,上证50
2023-12-05,2327.34,2327.34,2285.96,251939,42196910000,0.19,2286.58,sh000016,上证50
2023-12-04,2351.31,2353,2332.85,230046,38447060000,0.18,2333.88,sh000016,上证50
2023-12-01,2362.63,2362.63,2330.74,283576,45326080000,0.22,2352,sh000016,上证50
2023-11-30,2358.21,2370.95,2354.69,256420,37341820000,0.20,2366,sh000016,上证50
2023-11-29,2374.03,2374.36,2351.10,257391,38604710000,0.20,2358.12,sh000016,上证50
2023-11-28,2368.92,2374.97,2361.74,200645,32101800000,0.15,2371.21,sh000016,上证50
2023-11-27,2387.98,2387.98,2357.09,268210,40568740000,0.21,2370.72,sh000016,上证50
2023-11-24,2403.92,2403.92,2390.17,202342,29471980000,0.16,2391.02,sh000016,上证50
2023-11-23,2393.49,2407.20,2386.58,198016,29966320000,0.15,2405.17,sh000016,上证50
2023-11-22,2408.98,2414.24,2396.90,217245,30301270000,0.17,2396.90,sh000016,上证50
2023-11-21,2415.13,2432.77,2412.01,264626,42629210000,0.20,2416.24,sh000016,上证50
2023-11-20,2399.76,2413.31,2383.56,212387,34814050000,0.16,2404.77,sh000016,上证50
2023-11-17,2396.59,2401.79,2379.33,223011,33944870000,0.17,2398.20,sh000016,上证50
2023-11-16,2422.85,2425.30,2402.11,222002,33479910000,0.17,2404.32,sh000016,上证50
2023-11-15,2428.82,2431.83,2419.64,246221,43282230000,0.19,2427.12,sh000016,上证50
2023-11-14,2410.48,2419.22,2397.18,234218,37907960000,0.18,2406.40,sh000016,上证50
2023-11-13,2415.96,2421.17,2396.31,234555,37683960000,0.18,2407.59,sh000016,上证50
2023-11-10,2424.49,2428.12,2409.04,244777,39070610000,0.19,2414.02,sh000016,上证50
2023-11-09,2428.51,2444.35,2427.64,284239,48916590000,0.22,2436.23,sh000016,上证50
2023-11-08,2436.87,2448.87,2426.20,254162,45724470000,0.20,2436.70,sh000016,上证50
2023-11-07,2450.27,2450.38,2436.38,254095,43645740000,0.19,2443.97,sh000016,上证50
2023-11-06,2452.84,2460.76,2443.39,394485,63490180000,0.30,2456.77,sh000016,上证50
2023-11-03,2419.69,2443.30,2418.92,244302,42330070000,0.19,2436.94,sh000016,上证50
2023-11-02,2429.72,2440.34,2416.66,253133,40772220000,0.19,2417.46,sh000016,上证50
2023-11-01,2456.38,2456.38,2416.68,259505,57125470000,0.20,2420.73,sh000016,上证50
2023-10-31,2409.89,2416.57,2400.26,313937,53329680000,0.24,2411.48,sh000016,上证50
2023-10-30,2406.95,2420.98,2403.27,397067,62284480000,0.30,2414.16,sh000016,上证50
2023-10-27,2383.99,2426.80,2380.34,316475,56934790000,0.24,2414.91,sh000016,上证50
2023-10-26,2375.04,2394.99,2372.54,284627,41362770000,0.22,2393.73,sh000016,上证50
2023-10-25,2402.75,2408.89,2383.10,399916,52062700000,0.31,2386.30,sh000016,上证50
2023-10-24,2374.87,2382.73,2355.59,314523,43320640000,0.24,2378.44,sh000016,上证50
2023-10-23,2380.30,2390.80,2351.45,264700,38190470000,0.20,2369.93,sh000016,上证50
2023-10-20,2394.62,2402.79,2379.74,279294,44439810000,0.21,2389.22,sh000016,上证50
2023-10-19,2450.17,2450.18,2400.19,311497,53932890000,0.24,2401.93,sh000016,上证50
2023-10-18,2471.59,2478.68,2463.66,245919,35566080000,0.19,2467.19,sh000016,上证50
2023-10-17,2474.12,2480.94,2462.37,234885,35668260000,0.18,2478.90,sh000016,上证50
2023-10-16,2490.92,2491.62,2461.38,250808,40453210000,0.19,2468.44,sh000016,上证50
2023-10-13,2495.15,2499.07,2482.89,257924,39705090000,0.20,2489.13,sh000016,上证50
2023-10-12,2518.83,2524.20,2504.37,336614,46137730000,0.26,2514.39,sh000016,上证50
2023-10-11,2497.56,2502.63,2486.37,263723,43693280000,0.20,2490.86,sh000016,上证50
2023-10-10,2510.51,2513.85,2481.39,287020,40996550000,0.22,2482.53,sh000016,上证50
2023-10-09,2497.47,2504.02,2474.81,276084,45052520000,0.21,2499.57,sh000016,上证50
2023-09-28,2530.23,2531.07,2504.21,249167,41444250000,0.19,2507.09,sh000016,上证50
2023-09-27,2515.82,2538.68,2514.23,275408,46635010000,0.21,2520.14,sh000016,上证50
2023-09-26,2526.35,2534.20,2512.03,233420,33802410000,0.18,2513.41,sh000016,上证50
2023-09-25,2548.89,2548.89,2526.07,255699,41022030000,0.20,2529.15,sh000016,上证50
2023-09-22,2498.24,2550.98,2489.32,329786,53822480000,0.25,2550.98,sh000016,上证50
2023-09-21,2515.47,2519.91,2495.74,238914,35084380000,0.18,2495.74,sh000016,上证50
2023-09-20,2527.75,2529.02,2519.13,228825,30949030000,0.18,2521.56,sh000016,上证50
2023-09-19,2529.48,2533.79,2517.40,229407,34756090000,0.18,2532.28,sh000016,上证50
2023-09-18,2509.15,2532.43,2503.02,254209,43600330000,0.20,2531.90,sh000016,上证50
2023-09-15,2538.26,2546.42,2508.24,336664,53188350000,0.26,2514.98,sh000016,上证50
2023-09-14,2529.19,2539.67,2519.40,312155,41657840000,0.24,2530.98,sh000016,上证50
2023-09-13,2536.39,2543.12,2510.09,241997,37205540000,0.19,2524.54,sh000016,上证50
2023-09-12,2533.60,2538.69,2527.34,205849,31996950000,0.16,2531.83,sh000016,上证50
2023-09-11,2519.30,2550.01,2519.30,244540,42516630000,0.19,2536.17,sh000016,上证50
2023-09-08,2527.46,2529.85,2512.41,180426,28609590000,0.14,2519.97,sh000016,上证50
2023-09-07,2552.36,2552.86,2531.10,252424,40426840000,0.19,2534.16,sh000016,上证50
2023-09-06,2553.59,2564.43,2544.60,238621,41578600000,0.18,2559.36,sh000016,上证50
2023-09-05,2569.76,2569.76,2557.97,266847,47627590000,0.20,2561.79,sh000016,上证50
2023-09-04,2550.17,2583.67,2547.59,406569,67613130000,0.31,2577.47,sh000016,上证50
2023-09-01,2520.70,2544.05,2520.70,290821,46333400000,0.22,2532.25,sh000016,上证50
2023-08-31,2526.69,2532.17,2505.83,296852,46242840000,0.23,2510.46,sh000016,上证50
2023-08-30,2540.84,2540.84,2518.66,358180,55190680000,0.28,2522.54,sh000016,上证50
2023-08-29,2512.32,2546.69,2511.79,399095,64006130000,0.31,2529.22,sh000016,上证50
2023-08-28,2612.31,2612.98,2507.98,545272,94406030000,0.42,2518.19,sh000016,上证50
2023-08-25,2468.74,2502.19,2466.55,300854,45300300000,0.23,2485.33,sh000016,上证50
2023-08-24,2468.32,2497.19,2466.86,366658,51892680000,0.28,2480.75,sh000016,上证50
2023-08-23,2491.37,2498.32,2459.33,296546,43379270000,0.23,2461.19,sh000016,上证50
2023-08-22,2485.56,2505.03,2464.28,412615,58477810000,0.32,2493.76,sh000016,上证50
2023-08-21,2498.13,2508.96,2475.09,286436,47508880000,0.22,2475.09,sh000016,上证50
2023-08-18,2537.14,2545.80,2507.58,263058,44099170000,0.20,2507.58,sh000016,上证50
2023-08-17,2516.75,2540.54,2507.90,247835,44195360000,0.19,2536.49,sh000016,上证50
2023-08-16,2533.90,2549.94,2529.43,256298,44756950000,0.20,2530.81,sh000016,上证50
2023-08-15,2550.94,2556,2522.24,278885,46065120000,0.21,2546.44,sh000016,上证50
2023-08-14,2538.85,2554.39,2526.07,335441,51938870000,0.26,2549.28,sh000016,上证50
2023-08-11,2630.99,2631.80,2568.90,359968,56193240000,0.28,2568.90,sh000016,上证50
2023-08-10,2623.80,2632.57,2609.82,246283,42538510000,0.19,2629.44,sh000016,上证50
2023-08-09,2623.15,2638.09,2622.06,239873,43024800000,0.18,2628.70,sh000016,上证50
2023-08-08,2625.67,2646.60,2610.81,273665,50836900000,0.21,2631.38,sh000016,上证50
2023-08-07,2635.78,2636.69,2622.67,317486,55108580000,0.24,2634.58,sh000016,上证50
2023-08-04,2664.59,2680.74,2646.15,482036,84194650000,0.37,2648.84,sh000016,上证50
2023-08-03,2617.79,2647.36,2612.40,340423,63279360000,0.26,2645.15,sh000016,上证50
2023-08-02,2635.55,2651.18,2612.35,371230,56598620000,0.29,2620.68,sh000016,上证50
2023-08-01,2652.24,2670.25,2636.15,391789,68052480000,0.30,2645.89,sh000016,上证50
2023-07-31,2666.49,2700.74,2644.09,517448,99450610000,0.40,2653.37,sh000016,上证50
2023-07-28,2564.87,2653.26,2563.16,485665,86726880000,0.37,2647.03,sh000016,上证50
2023-07-27,2580.24,2596.33,2569.10,297626,49060160000,0.23,2575.36,sh000016,上证50
2023-07-26,2574.81,2581.25,2564.89,260706,44788260000,0.20,2576.39,sh000016,上证50
2023-07-25,2539.48,2578.96,2539.48,403577,79008150000,0.31,2578.35,sh000016,上证50
2023-07-24,2492.22,2509.78,2492.19,190658,34856260000,0.15,2500,sh000016,上证50
2023-07-21,2501.40,2527.28,2496.81,224130,45052390000,0.17,2509.29,sh000016,上证50
2023-07-20,2523.27,2535.61,2503.48,245490,42610040000,0.19,2506.86,sh000016,上证50
2023-07-19,2506.42,2518.90,2503.34,221191,37415210000,0.17,2517.11,sh000016,上证50
2023-07-18,2520.62,2520.62,2503.52,266820,39420800000,0.20,2511.64,sh000016,上证50
2023-07-17,2535.64,2535.64,2511.36,317354,42315770000,0.24,2520.79,sh000016,上证50
2023-07-14,2554.64,2556.85,2543.18,363532,53084180000,0.28,2547.94,sh000016,上证50
2023-07-13,2519.38,2547.78,2519.38,343748,62647470000,0.26,2546.38,sh000016,上证50
2023-07-12,2516.68,2529.53,2510.16,303230,54934620000,0.23,2513.42,sh000016,上证50
2023-07-11,2513.71,2521.05,2504.20,228157,42603360000,0.18,2518.53,sh000016,上证50
2023-07-10,2501.53,2520.15,2495.87,245391,49665440000,0.19,2503.28,sh000016,上证50
2023-07-07,2493.49,2500.58,2484.89,240259,38938930000,0.18,2489.54,sh000016,上证50
2023-07-06,2513.43,2525.56,2495.91,264877,41017250000,0.20,2501.32,sh000016,上证50
2023-07-05,2533.19,2537.19,2514.09,308140,45550020000,0.24,2520.18,sh000016,上证50
2023-07-04,2532.59,2539.82,2525.38,312870,52126060000,0.24,2537.60,sh000016,上证50
2023-07-03,2496.92,2537.69,2496.43,346249,57132260000,0.27,2534.47,sh000016,上证50
2023-06-30,2484.65,2508.25,2482.49,241042,42135280000,0.19,2492.10,sh000016,上证50
2023-06-29,2510.89,2513.55,2490.64,242696,43022270000,0.19,2490.90,sh000016,上证50
2023-06-28,2501.16,2511.62,2491.25,279106,45695510000,0.22,2510.72,sh000016,上证50
2023-06-27,2490.98,2513.98,2481.75,324482,46624060000,0.25,2506.60,sh000016,上证50
2023-06-26,2500.85,2503.11,2482.61,318795,50260730000,0.25,2488.74,sh000016,上证50
2023-06-21,2536.95,2548.93,2519.08,323918,51235420000,0.25,2519.08,sh000016,上证50
2023-06-20,2558.10,2564.54,2544.05,287137,48101830000,0.22,2547.25,sh000016,上证50
2023-06-19,2591.33,2591.33,2556.89,364734,60383660000,0.29,2560.53,sh000016,上证50
2023-06-16,2581.97,2604.63,2581.77,358613,67728820000,0.28,2600.92,sh000016,上证50
2023-06-15,2547.49,2576.74,2546.21,325208,64384480000,0.25,2576.74,sh000016,上证50
2023-06-14,2549.67,2564.34,2540.58,338831,57839060000,0.27,2541.81,sh000016,上证50
2023-06-13,2535.99,2547.85,2523.97,293317,47244640000,0.23,2544.95,sh000016,上证50
2023-06-12,2536.38,2553.99,2524.31,362352,57420130000,0.23,2542.20,sh000016,上证50
2023-06-09,2541.03,2550.59,2536.18,296386,52027290000,0.22,2543.93,sh000016,上证50
2023-06-08,2512.45,2549.32,2504.10,290333,45311130000,0.23,2540.06,sh000016,上证50
2023-06-07,2528.85,2537.23,2506.20,234794,40035750000,0.18,2511.39,sh000016,上证50
2023-06-06,2528.17,2560.06,2516.47,308306,50565080000,0.25,2519.19,sh000016,上证50
2023-06-05,2540.02,2542.48,2522.71,297344,44621280000,0.24,2528.40,sh000016,上证50
2023-06-02,2511.69,2547.09,2511.33,304182,54465740000,0.24,2543.58,sh000016,上证50
2023-06-01,2487.76,2522.86,2487.76,324902,53669170000,0.26,2500.34,sh000016,上证50
2023-05-31,2524.79,2525.11,2485.86,307549,58844500000,0.25,2493.35,sh000016,上证50
2023-05-30,2546.17,2553.95,2508.29,318740,54485700000,0.26,2535.14,sh000016,上证50
2023-05-29,2565.59,2566.83,2537,294398,50638250000,0.24,2548.29,sh000016,上证50
2023-05-26,2562.55,2569.23,2536.26,240486,42981690000,0.20,2559.61,sh000016,上证50
2023-05-25,2567.45,2572.19,2544.27,317720,51886470000,0.26,2564.50,sh000016,上证50
2023-05-24,2615.57,2615.57,2576.83,369124,56122420000,0.30,2577.34,sh000016,上证50
2023-05-23,2657.92,2662.39,2617.54,305140,50037100000,0.25,2617.54,sh000016,上证50
2023-05-22,2630.11,2669.23,2628.76,280985,55198910000,0.23,2658.79,sh000016,上证50
2023-05-19,2632.59,2649.69,2614.96,298139,51202780000,0.24,2633.39,sh000016,上证50
2023-05-18,2653.01,2665.28,2634.61,319674,48796870000,0.26,2644.22,sh000016,上证50
2023-05-17,2666.04,2673.02,2642.63,262499,47819960000,0.21,2649.36,sh000016,上证50
2023-05-16,2681.39,2685.58,2661.95,338800,57784760000,0.28,2670.45,sh000016,上证50
2023-05-15,2628.46,2677.26,2619.56,445532,67150860000,0.36,2677.04,sh000016,上证50
2023-05-12,2662.80,2668.88,2630.29,349129,56724790000,0.28,2630.95,sh000016,上证50
2023-05-11,2682.38,2688.69,2663.54,329920,54214780000,0.27,2666.06,sh000016,上证50
2023-05-10,2698.77,2706.20,2669.73,545248,76887280000,0.44,2673.91,sh000016,上证50
2023-05-09,2723.19,2751.44,2702.77,688080,104858710000,0.56,2703.94,sh000016,上证50
2023-05-08,2694.57,2727.73,2685.52,638825,94656570000,0.52,2720.32,sh000016,上证50
2023-05-05,2698.59,2706.33,2672.03,467977,75425000000,0.38,2685.17,sh000016,上证50
2023-05-04,2663.45,2696.59,2654.23,540559,88583480000,0.44,2692.69,sh000016,上证50
2023-04-28,2653.14,2683.47,2653.14,405488,82332980000,0.33,2677.76,sh000016,上证50
2023-04-27,2618.46,2658.78,2612.92,361748,74638150000,0.29,2650.57,sh000016,上证50
2023-04-26,2614.96,2627.58,2605.18,369613,64329820000,0.30,2617.98,sh000016,上证50
2023-04-25,2621.02,2629.73,2596.56,395162,67135750000,0.32,2619.23,sh000016,上证50
2023-04-24,2655.08,2656.67,2611.38,374105,67028080000,0.30,2618.48,sh000016,上证50
2023-04-21,2703.40,2703.40,2652.26,373257,69157560000,0.30,2654.21,sh000016,上证50
2023-04-20,2718.24,2721.20,2693.26,358672,65781600000,0.29,2704.86,sh000016,上证50
2023-04-19,2746.06,2746.06,2716.75,329031,62163510000,0.27,2720.72,sh000016,上证50
2023-04-18,2724.49,2753.81,2722.61,396160,75979080000,0.32,2744.45,sh000016,上证50
2023-04-17,2680.63,2732.97,2678.14,453661,84844710000,0.37,2732.97,sh000016,上证50
2023-04-14,2679.13,2692.46,2668.81,308963,67304120000,0.25,2679.01,sh000016,上证50
2023-04-13,2659.94,2675,2652.96,360996,69859210000,0.29,2670.01,sh000016,上证50
2023-04-12,2684.05,2684.44,2663.20,349627,71006120000,0.29,2665.77,sh000016,上证50
2023-04-11,2690.63,2694.32,2671.95,341148,70196810000,0.28,2680.04,sh000016,上证50
2023-04-10,2690.43,2690.43,2671.52,322664,69540600000,0.26,2684.91,sh000016,上证50
2023-04-07,2667.14,2692.51,2663.61,241610,55779750000,0.20,2684.86,sh000016,上证50
2023-04-06,2668.13,2672.72,2659.91,296055,58470390000,0.24,2666.45,sh000016,上证50
2023-04-04,2668.40,2676.06,2657.86,394973,70301300000,0.32,2675.92,sh000016,上证50
2023-04-03,2667.18,2673.66,2655.07,352698,68174470000,0.29,2665.72,sh000016,上证50
2023-03-31,2670.95,2681.82,2657.77,288889,56414430000,0.24,2661.92,sh000016,上证50
2023-03-30,2639.36,2665.34,2628.10,336125,59176790000,0.27,2664.21,sh000016,上证50
2023-03-29,2655.41,2658.13,2632.84,268887,47430710000,0.22,2636.22,sh000016,上证50
2023-03-28,2646.98,2653.57,2633.92,272158,47612520000,0.22,2638.74,sh000016,上证50
2023-03-27,2652.79,2652.79,2626.58,340454,56455180000,0.28,2639.62,sh000016,上证50
2023-03-24,2664.53,2664.53,2648.34,307116,53508170000,0.25,2653.29,sh000016,上证50
2023-03-23,2641.82,2668.67,2641.07,287672,53563270000,0.23,2668.67,sh000016,上证50
2023-03-22,2652.71,2666.70,2643.12,261435,48176490000,0.21,2651.53,sh000016,上证50
2023-03-21,2623.58,2648.05,2622.85,311617,53834170000,0.26,2643.36,sh000016,上证50
2023-03-20,2632.25,2644.83,2614.28,429161,62406260000,0.35,2616.75,sh000016,上证50
2023-03-17,2644.95,2672.29,2620.43,437177,68652980000,0.36,2628.59,sh000016,上证50
2023-03-16,2627.04,2647.53,2621.72,394785,57371210000,0.32,2622.82,sh000016,上证50
2023-03-15,2666.94,2674.08,2647.96,333459,49841530000,0.27,2648.39,sh000016,上证50
2023-03-14,2658.28,2658.28,2627,330423,54832230000,0.27,2645.11,sh000016,上证50
2023-03-13,2637.82,2672.01,2637.71,341643,53757120000,0.28,2664.04,sh000016,上证50
2023-03-10,2648.81,2667.96,2636.01,287787,47519700000,0.24,2636.39,sh000016,上证50
2023-03-09,2694.15,2697.25,2660.62,272512,47063040000,0.22,2671.84,sh000016,上证50
2023-03-08,2698.59,2699.88,2679.17,295393,47688690000,0.24,2691.93,sh000016,上证50
2023-03-07,2741.79,2761.35,2711.25,551461,73443730000,0.45,2713.17,sh000016,上证50
2023-03-06,2773.27,2774,2734.96,383017,67238920000,0.31,2744.14,sh000016,上证50
2023-03-03,2778.89,2784.13,2757.69,404290,53308630000,0.33,2774.51,sh000016,上证50
2023-03-02,2766.08,2782.79,2762.11,337478,52817040000,0.28,2769.11,sh000016,上证50
2023-03-01,2736.05,2783.32,2729.80,358940,59859900000,0.29,2773.65,sh000016,上证50
2023-02-28,2730.52,2740.22,2703.26,241709,45601510000,0.20,2737.15,sh000016,上证50
2023-02-27,2713.43,2738.12,2712.79,222883,44925780000,0.18,2723.58,sh000016,上证50
2023-02-24,2762.79,2764.65,2722.18,250621,49608200000,0.21,2727.59,sh000016,上证50
2023-02-23,2770.72,2790.89,2757.49,231210,49463970000,0.19,2767.54,sh000016,上证50
2023-02-22,2786.72,2795.24,2766.36,213101,45344050000,0.17,2769.34,sh000016,上证50
2023-02-21,2785.99,2805.71,2779.18,355872,63800610000,0.29,2802.14,sh000016,上证50
2023-02-20,2720.05,2790.98,2717.50,385457,70567260000,0.32,2788.40,sh000016,上证50
2023-02-17,2737.01,2759.52,2712.50,270141,52873770000,0.22,2714.29,sh000016,上证50
2023-02-16,2754.95,2787.16,2725.84,325940,64225690000,0.27,2742.80,sh000016,上证50
2023-02-15,2776.01,2780.59,2746.28,239191,48613530000,0.20,2752.34,sh000016,上证50
2023-02-14,2770.24,2776.98,2760.59,222948,49531530000,0.18,2776.98,sh000016,上证50
2023-02-13,2739.72,2772.05,2733.21,301044,63989470000,0.25,2767.79,sh000016,上证50
2023-02-10,2757.53,2757.53,2738.61,185102,40747630000,0.15,2746.72,sh000016,上证50
2023-02-09,2725.20,2765.62,2723.56,198251,48791470000,0.16,2761.87,sh000016,上证50
2023-02-08,2744.49,2758.04,2727.77,201153,38028490000,0.16,2731.25,sh000016,上证50
2023-02-07,2744.70,2752.79,2730.83,207082,42790860000,0.17,2740.44,sh000016,上证50
2023-02-06,2744.70,2744.70,2716.73,263043,59654760000,0.22,2735,sh000016,上证50
2023-02-03,2795.11,2795.11,2753.06,310075,65413070000,0.25,2774.80,sh000016,上证50
2023-02-02,2828.53,2828.53,2798.35,340645,70794090000,0.28,2811.85,sh000016,上证50
2023-02-01,2819.18,2820.87,2780.89,375560,71988320000,0.31,2820.87,sh000016,上证50
2023-01-31,2842.52,2853.90,2804.98,300329,67183030000,0.25,2807.95,sh000016,上证50
2023-01-30,2895.35,2895.35,2835.65,420265,91628150000,0.34,2839.12,sh000016,上证50
2023-01-20,2831.68,2847.31,2822.69,344105,64327250000,0.28,2836.81,sh000016,上证50
2023-01-19,2807.56,2823.11,2786.08,239367,56070800000,0.20,2820.81,sh000016,上证50
2023-01-18,2829.79,2838.83,2807.55,205625,46976560000,0.17,2810.09,sh000016,上证50
2023-01-17,2833.74,2837.59,2813.72,249695,58394050000,0.20,2827.03,sh000016,上证50
2023-01-16,2789.87,2864.88,2787.95,392766,93451910000,0.32,2834.29,sh000016,上证50
2023-01-13,2751.58,2787.36,2747.36,246520,56444140000,0.20,2787.36,sh000016,上证50
2023-01-12,2749.69,2752.12,2732.83,222579,47888080000,0.18,2741.95,sh000016,上证50
2023-01-11,2739.94,2760.10,2733.43,247480,54746700000,0.20,2740.19,sh000016,上证50
2023-01-10,2742.70,2748.64,2731.82,242129,55251390000,0.20,2733.62,sh000016,上证50
2023-01-09,2731,2747.61,2722.15,296829,61358500000,0.24,2742.20,sh000016,上证50
2023-01-06,2704.24,2721.93,2698.91,283673,61190290000,0.23,2713.63,sh000016,上证50
2023-01-05,2670.46,2705.74,2668.15,277149,65754230000,0.23,2700.31,sh000016,上证50
2023-01-04,2644.29,2659.54,2637.72,280655,51793840000,0.23,2651.01,sh000016,上证50
2023-01-03,2628.67,2645.99,2603.72,302301,54746970000,0.25,2641.42,sh000016,上证50
2022-12-30,2633.16,2648.41,2631.85,238898,41838280000,0.20,2635.25,sh000016,上证50
2022-12-29,2622.19,2627.43,2605.05,227767,41251500000,0.19,2622.07,sh000016,上证50
2022-12-28,2629.98,2646.71,2620.12,231712,41656660000,0.19,2638.31,sh000016,上证50
2022-12-27,2623.17,2640.74,2616.93,218147,39852710000,0.18,2632.45,sh000016,上证50
2022-12-26,2617.18,2625.88,2604.90,198124,41566450000,0.16,2607.52,sh000016,上证50
2022-12-23,2602.41,2628.39,2595.85,159290,34443190000,0.13,2615.88,sh000016,上证50
2022-12-22,2632.20,2645.73,2608.44,210695,45768050000,0.17,2619.76,sh000016,上证50
2022-12-21,2608.87,2617.92,2602.61,157388,33738170000,0.13,2607.42,sh000016,上证50
2022-12-20,2636.08,2640.01,2580.87,217240,47284910000,0.18,2599.49,sh000016,上证50
2022-12-19,2688.12,2696.93,2635.19,263546,47877360000,0.22,2646.18,sh000016,上证50
2022-12-16,2662.48,2691.19,2662.48,249611,50701980000,0.20,2688.29,sh000016,上证50
2022-12-15,2689.57,2697.42,2661.85,231592,48382940000,0.19,2675.19,sh000016,上证50
2022-12-14,2678.47,2698.01,2663.78,259669,56047970000,0.21,2686.37,sh000016,上证50
2022-12-13,2673.54,2688.22,2668.48,285213,49921380000,0.23,2676.90,sh000016,上证50
2022-12-12,2689.57,2700.40,2670.20,316321,64882720000,0.24,2673.94,sh000016,上证50
2022-12-09,2676.71,2712.88,2663.60,383463,73826520000,0.27,2706.74,sh000016,上证50
2022-12-08,2667.36,2681.65,2661.75,263349,51241280000,0.20,2672.90,sh000016,上证50
2022-12-07,2678.64,2705.24,2661.25,345326,64178140000,0.26,2670.65,sh000016,上证50
2022-12-06,2663.11,2704.90,2658.16,362560,70740330000,0.27,2684.85,sh000016,上证50
2022-12-05,2647.46,2676.42,2635.75,546298,84809080000,0.40,2676.14,sh000016,上证50
2022-12-02,2628.11,2630.26,2609.51,293148,55063830000,0.22,2614.61,sh000016,上证50
2022-12-01,2661.18,2678.34,2629.89,441575,83723220000,0.32,2631.21,sh000016,上证50
2022-11-30,2595.23,2623.85,2593.51,405554,67717740000,0.30,2606.54,sh000016,上证50
2022-11-29,2538.61,2611.75,2538.61,490833,91604850000,0.39,2607.75,sh000016,上证50
2022-11-28,2489.47,2507.78,2458.87,327747,57721470000,0.25,2503.62,sh000016,上证50
2022-11-25,2518.88,2554.54,2512.88,412953,53724600000,0.33,2544.61,sh000016,上证50
2022-11-24,2550.30,2562.08,2517.18,223192,38923000000,0.18,2520.56,sh000016,上证50
2022-11-23,2524.18,2554.76,2520.83,359639,52465860000,0.29,2535.52,sh000016,上证50
2022-11-22,2516.70,2555.79,2508.86,372954,56544110000,0.30,2531.34,sh000016,上证50
2022-11-21,2523.05,2523.05,2489.44,255308,54296500000,0.21,2514.85,sh000016,上证50
2022-11-18,2563.27,2572.71,2544.84,284570,55593760000,0.23,2546.72,sh000016,上证50
2022-11-17,2566.28,2569.43,2531.30,274837,61556090000,0.22,2560.02,sh000016,上证50
2022-11-16,2581.93,2595.30,2568.38,288362,64419190000,0.23,2572.89,sh000016,上证50
2022-11-15,2535.28,2594.27,2526.62,365809,78909150000,0.30,2583.72,sh000016,上证50
2022-11-14,2550.97,2577.20,2532.55,503420,94228470000,0.41,2538.30,sh000016,上证50
2022-11-11,2511.78,2546.09,2482.11,615009,104649170000,0.50,2518.05,sh000016,上证50
2022-11-10,2422.01,2451.47,2414.35,382040,50215590000,0.31,2440.32,sh000016,上证50
2022-11-09,2460.24,2470.41,2435.02,251253,45243210000,0.20,2440.35,sh000016,上证50
2022-11-08,2476.65,2482.58,2442.92,272994,51556850000,0.22,2459.09,sh000016,上证50
2022-11-07,2452.01,2490.32,2449.63,404420,71757130000,0.33,2477.77,sh000016,上证50
2022-11-04,2383.96,2479.23,2383.96,406221,87029320000,0.33,2468.28,sh000016,上证50
2022-11-03,2396.47,2409.14,2376.07,286528,61043270000,0.23,2387.45,sh000016,上证50
2022-11-02,2385.71,2437.95,2375.51,422909,87715380000,0.34,2418.32,sh000016,上证50
2022-11-01,2306.43,2397,2306.43,500989,96914780000,0.41,2396.63,sh000016,上证50
2022-10-31,2300.88,2327.06,2288.01,415206,75891430000,0.34,2295.92,sh000016,上证50
2022-10-28,2364.75,2377.91,2322.64,324582,70729710000,0.26,2326.94,sh000016,上证50
2022-10-27,2413.02,2432.15,2379.06,355173,75410990000,0.29,2381.26,sh000016,上证50
2022-10-26,2395.87,2438.69,2392.74,365801,69180870000,0.30,2400.52,sh000016,上证50
2022-10-25,2386.85,2427.32,2376.16,284394,63865290000,0.23,2394.92,sh000016,上证50
2022-10-24,2468.70,2493.06,2386.54,398019,89357090000,0.32,2392.60,sh000016,上证50
2022-10-21,2503.11,2510.60,2473.20,272515,52814980000,0.22,2487.22,sh000016,上证50
2022-10-20,2495.02,2535.39,2494.29,238332,56851850000,0.19,2501.50,sh000016,上证50
2022-10-19,2562.54,2572.30,2519.90,215907,52542100000,0.18,2519.90,sh000016,上证50
2022-10-18,2594.70,2598.21,2565.04,209751,46231590000,0.17,2569.97,sh000016,上证50
2022-10-17,2572.61,2588.34,2561.24,268267,57829760000,0.22,2585.50,sh000016,上证50
2022-10-14,2544.24,2599.14,2541.38,334496,73266110000,0.27,2584.68,sh000016,上证50
2022-10-13,2534.51,2541.16,2517.44,286272,61241430000,0.23,2523.63,sh000016,上证50
2022-10-12,2537.81,2556.52,2482.55,286356,59094760000,0.23,2555.02,sh000016,上证50
2022-10-11,2552.17,2553.21,2532.28,242165,42992650000,0.20,2539.95,sh000016,上证50
2022-10-10,2610.76,2611.05,2542.01,337184,59795590000,0.27,2545.05,sh000016,上证50
2022-09-30,2618.08,2631.78,2604.93,232445,43646940000,0.19,2610.12,sh000016,上证50
2022-09-29,2633.07,2644.07,2596.96,259690,52847180000,0.21,2608.98,sh000016,上证50
2022-09-28,2635.26,2637.02,2608.64,247321,47725100000,0.20,2611.98,sh000016,上证50
2022-09-27,2616.05,2645.74,2605.24,261450,50215190000,0.21,2642.92,sh000016,上证50
2022-09-26,2612.67,2650.25,2611.53,343845,55792670000,0.28,2614.90,sh000016,上证50
2022-09-23,2625.25,2649.81,2618.94,302779,46355760000,0.25,2629.81,sh000016,上证50
2022-09-22,2632,2645.57,2621.82,242292,43456030000,0.20,2629.37,sh000016,上证50
2022-09-21,2667.17,2670.06,2641.72,239601,45605600000,0.19,2652.21,sh000016,上证50
2022-09-20,2688.17,2691.55,2666.66,237514,43436820000,0.19,2673.88,sh000016,上证50
2022-09-19,2677.33,2695.40,2669.09,272604,46974620000,0.22,2679.59,sh000016,上证50
2022-09-16,2731.96,2738.65,2678.03,384418,65500200000,0.31,2678.03,sh000016,上证50
2022-09-15,2753.13,2769.46,2728.84,336989,65224690000,0.27,2743.79,sh000016,上证50
2022-09-14,2734.91,2760.40,2732.78,248485,46151280000,0.20,2745.43,sh000016,上证50
2022-09-13,2769.41,2781.40,2751.09,299290,62467590000,0.24,2769.23,sh000016,上证50
2022-09-09,2719.01,2763.17,2710.77,324856,66848160000,0.26,2757.57,sh000016,上证50
2022-09-08,2714.03,2725.25,2707.47,242090,45568620000,0.20,2708.28,sh000016,上证50
2022-09-07,2709.77,2718.17,2703.08,234548,52204050000,0.19,2710.69,sh000016,上证50
2022-09-06,2706.10,2726.72,2704,291244,59350160000,0.24,2724.50,sh000016,上证50
2022-09-05,2700.11,2706.96,2676.60,249387,53553640000,0.20,2697.77,sh000016,上证50
2022-09-02,2737.20,2740.66,2698.33,227813,46293970000,0.18,2711.26,sh000016,上证50
2022-09-01,2750.03,2757.88,2731.70,254225,53892300000,0.21,2732.40,sh000016,上证50
2022-08-31,2713.29,2779.62,2713.29,398864,84495700000,0.32,2761.78,sh000016,上证50
2022-08-30,2731.98,2741.60,2705.05,259305,49973840000,0.21,2726.66,sh000016,上证50
2022-08-29,2721.86,2736.60,2718.97,248905,49337710000,0.20,2732.21,sh000016,上证50
2022-08-26,2758.51,2763.64,2745.52,260313,59152880000,0.21,2751.59,sh000016,上证50
2022-08-25,2715.64,2756.94,2707.46,319640,66906950000,0.26,2752.56,sh000016,上证50
2022-08-24,2738.38,2750.87,2706.15,309253,64735400000,0.25,2708.09,sh000016,上证50
2022-08-23,2754.63,2759.69,2727.74,249085,62558930000,0.20,2735.67,sh000016,上证50
2022-08-22,2737.40,2767.28,2736.13,291281,69087910000,0.24,2756.37,sh000016,上证50
2022-08-19,2755.09,2772.22,2750.06,281867,65239910000,0.23,2750.63,sh000016,上证50
2022-08-18,2778.13,2783.76,2751.48,225831,51799990000,0.19,2759.29,sh000016,上证50
2022-08-17,2773.39,2791.71,2751.02,280305,54766830000,0.23,2785.85,sh000016,上证50
2022-08-16,2785.94,2793.27,2764.66,234775,55102690000,0.19,2769.26,sh000016,上证50
2022-08-15,2787.51,2811.24,2779.63,264583,55591480000,0.22,2782.67,sh000016,上证50
2022-08-12,2780.05,2802.58,2774.96,266625,54831020000,0.22,2796.89,sh000016,上证50
2022-08-11,2744.68,2787.37,2737.88,294724,66652790000,0.24,2787.06,sh000016,上证50
2022-08-10,2762.36,2770.50,2719.61,229369,53349300000,0.19,2730.96,sh000016,上证50
2022-08-09,2760.24,2769.73,2752.49,219037,51085170000,0.18,2764.07,sh000016,上证50
2022-08-08,2762.32,2771.36,2751.36,238462,54567030000,0.20,2761.16,sh000016,上证50
2022-08-05,2748.65,2777.11,2738.14,282423,62341990000,0.23,2774.34,sh000016,上证50
2022-08-04,2724.80,2743.62,2717.79,269745,61032420000,0.22,2741.09,sh000016,上证50
2022-08-03,2735.16,2755.68,2705.95,308438,69889920000,0.25,2710.72,sh000016,上证50
2022-08-02,2757.19,2757.19,2705.73,385486,72447650000,0.32,2730.76,sh000016,上证50
2022-08-01,2785.69,2794.18,2763.58,280038,59876350000,0.23,2781.68,sh000016,上证50
2022-07-29,2827.47,2849.25,2784.57,335687,67290570000,0.28,2792.33,sh000016,上证50
2022-07-28,2839.25,2861.52,2826.53,284665,64358460000,0.23,2827.11,sh000016,上证50
2022-07-27,2847.01,2847.86,2825.62,228513,54040050000,0.19,2829.92,sh000016,上证50
2022-07-26,2845.14,2864.46,2843,254316,54799250000,0.21,2854.64,sh000016,上证50
2022-07-25,2846.83,2846.98,2829.24,215988,46782170000,0.18,2837.26,sh000016,上证50
2022-07-22,2845.92,2869.36,2828.65,276859,58284600000,0.23,2848.44,sh000016,上证50
2022-07-21,2862.87,2866.31,2836.24,319757,59544810000,0.26,2836.66,sh000016,上证50
2022-07-20,2883.52,2887.94,2867.59,254360,54309120000,0.21,2874.08,sh000016,上证50
2022-07-19,2876.32,2876.40,2839.06,318372,60686230000,0.26,2865.60,sh000016,上证50
2022-07-18,2849.99,2880.75,2826.13,370441,73808620000,0.30,2878.64,sh000016,上证50
2022-07-15,2873.81,2912.32,2839.39,466885,87698250000,0.38,2839.39,sh000016,上证50
2022-07-14,2906.48,2916.18,2882.57,478532,84992880000,0.39,2895.30,sh000016,上证50
2022-07-13,2918.35,2930.39,2902.66,415845,74213610000,0.34,2914.29,sh000016,上证50
2022-07-12,2942.52,2953.70,2910.45,382704,74996180000,0.31,2922,sh000016,上证50
2022-07-11,2974.36,2974.36,2930.10,442124,82810320000,0.36,2942.30,sh000016,上证50
2022-07-08,3012.88,3022.35,2992.63,344553,77736660000,0.28,2993.31,sh000016,上证50
2022-07-07,2994.36,3005,2968.35,360064,79829720000,0.30,2989.21,sh000016,上证50
2022-07-06,3041.49,3041.49,2979.33,442067,94508530000,0.36,2996.73,sh000016,上证50
2022-07-05,3058.43,3078.40,3018.19,459926,99185310000,0.38,3052.11,sh000016,上证50
2022-07-04,3031.06,3051.06,3011.33,409038,97466330000,0.34,3050.15,sh000016,上证50
2022-07-01,3066.59,3072.85,3033.60,456848,87637030000,0.38,3045.27,sh000016,上证50
2022-06-30,3001.81,3085.22,3001.81,438749,100136520000,0.36,3058.40,sh000016,上证50
2022-06-29,3029.38,3050.45,3001.28,507254,101279710000,0.42,3009.24,sh000016,上证50
2022-06-28,3012.62,3044.54,2991.54,547923,100324930000,0.45,3039.41,sh000016,上证50
2022-06-27,2991.10,3034.69,2991.10,614192,114054580000,0.50,3013.95,sh000016,上证50
2022-06-24,2945.29,2983.61,2944.19,630001,108034460000,0.52,2974.75,sh000016,上证50
2022-06-23,2896.72,2936.64,2896.72,628594,92505280000,0.52,2935.88,sh000016,上证50
2022-06-22,2932.06,2932.06,2890.76,565982,84084550000,0.46,2892.29,sh000016,上证50
2022-06-21,2924.15,2945.70,2902.38,558892,90988260000,0.46,2926.48,sh000016,上证50
2022-06-20,2935.22,2951.07,2904.38,456104,92728620000,0.37,2924.92,sh000016,上证50
2022-06-17,2876.51,2943.32,2876.51,403939,93115680000,0.33,2936.20,sh000016,上证50
2022-06-16,2927.16,2936.47,2888.74,470819,90668010000,0.39,2891.34,sh000016,上证50
2022-06-15,2882.15,2971.36,2882.15,679451,135234880000,0.56,2923.99,sh000016,上证50
2022-06-14,2814.82,2884.47,2808.98,498687,91876000000,0.41,2882.70,sh000016,上证50
2022-06-13,2862.90,2868.62,2826.98,474248,92932460000,0.39,2844.72,sh000016,上证50
2022-06-10,2843.58,2902.48,2836.86,436088,85845350000,0.35,2899.58,sh000016,上证50
2022-06-09,2877.88,2896.74,2857.82,393196,77278270000,0.31,2868.42,sh000016,上证50
2022-06-08,2857.69,2888.67,2849.26,352993,83463850000,0.28,2879.31,sh000016,上证50
2022-06-07,2828.16,2863.14,2819.82,366789,85956200000,0.29,2846.81,sh000016,上证50
2022-06-06,2792.44,2826.60,2762.96,433914,86762900000,0.35,2825.65,sh000016,上证50
2022-06-02,2786.08,2794.10,2776.73,252684,55769770000,0.20,2790.32,sh000016,上证50
2022-06-01,2811.15,2812.78,2783.61,262448,54013740000,0.21,2798.07,sh000016,上证50
2022-05-31,2780.56,2817.49,2769.56,325187,73083530000,0.26,2813.22,sh000016,上证50
2022-05-30,2777.85,2788.98,2767.09,276743,58589670000,0.22,2778.45,sh000016,上证50
2022-05-27,2766.32,2789.24,2753.78,291852,61031890000,0.23,2763.07,sh000016,上证50
2022-05-26,2749.99,2760.80,2717.74,284414,60605730000,0.23,2744.90,sh000016,上证50
2022-05-25,2737.64,2749.07,2727.49,237727,48795940000,0.19,2743.42,sh000016,上证50
2022-05-24,2784.65,2786.54,2733.70,326099,63833540000,0.26,2734.19,sh000016,上证50
2022-05-23,2813.93,2813.93,2769.70,284888,59978040000,0.23,2782.55,sh000016,上证50
2022-05-20,2759.83,2807.98,2759.83,346676,76403790000,0.28,2807.94,sh000016,上证50
2022-05-19,2711.45,2748.30,2708.81,259785,58086720000,0.21,2744.55,sh000016,上证50
2022-05-18,2765.28,2765.28,2720.92,253191,57059040000,0.20,2745.53,sh000016,上证50
2022-05-17,2730.42,2756.74,2723.70,283624,55606150000,0.23,2756.74,sh000016,上证50
2022-05-16,2764.39,2765.90,2710.57,272787,54678310000,0.22,2720.41,sh000016,上证50
2022-05-13,2741.77,2760.43,2729.58,272630,52374080000,0.22,2748.24,sh000016,上证50
2022-05-12,2723.41,2740.52,2711.35,258356,52554280000,0.21,2721.77,sh000016,上证50
2022-05-11,2714.68,2769.48,2713.86,381322,77871950000,0.31,2741.23,sh000016,上证50
2022-05-10,2653.99,2733.11,2644.87,343302,66196820000,0.28,2718.37,sh000016,上证50
2022-05-09,2706.42,2716.66,2679.31,218933,46285230000,0.18,2695.13,sh000016,上证50
2022-05-06,2754.97,2760.44,2716.17,274798,54914660000,0.22,2719.76,sh000016,上证50
2022-05-05,2806.04,2824.54,2799.72,352318,71507440000,0.28,2800.93,sh000016,上证50
2022-04-29,2772.95,2820.55,2742.97,414149,83134130000,0.33,2805.34,sh000016,上证50
2022-04-28,2725.63,2775.06,2722.24,378345,77001420000,0.30,2769.71,sh000016,上证50
2022-04-27,2674.46,2737.03,2674.18,420859,85463830000,0.34,2734.54,sh000016,上证50
2022-04-26,2685.27,2729.19,2667.91,403008,80852210000,0.32,2681.03,sh000016,上证50
2022-04-25,2750.56,2772.55,2682.52,442858,87101770000,0.36,2683.41,sh000016,上证50
2022-04-22,2773.37,2826.68,2769.67,308417,59024180000,0.25,2814.13,sh000016,上证50
2022-04-21,2821.36,2848.82,2784.56,328555,64105130000,0.26,2797.53,sh000016,上证50
2022-04-20,2859.60,2868.57,2828.21,292685,60404470000,0.23,2835.35,sh000016,上证50
2022-04-19,2881.90,2899.26,2843.65,284284,63257130000,0.23,2861.57,sh000016,上证50
2022-04-18,2902.44,2902.44,2875.96,291009,62253360000,0.23,2887.72,sh000016,上证50
2022-04-15,2911.14,2943.60,2908.56,295896,58519090000,0.24,2930.58,sh000016,上证50
2022-04-14,2905.77,2947.45,2897.05,286677,65368580000,0.23,2928.60,sh000016,上证50
2022-04-13,2881.74,2914.20,2871.05,311482,62928750000,0.25,2882.28,sh000016,上证50
2022-04-12,2854.29,2895.53,2827.63,339939,70111640000,0.27,2894.26,sh000016,上证50
2022-04-11,2908.54,2908.54,2839.56,359188,74714650000,0.29,2846.38,sh000016,上证50
2022-04-08,2903.24,2929.89,2889.20,362353,66120330000,0.29,2925.49,sh000016,上证50
2022-04-07,2916.80,2943.24,2896.73,328227,60185210000,0.26,2902.48,sh000016,上证50
2022-04-06,2918.50,2941.05,2910.02,433949,80799490000,0.35,2931.20,sh000016,上证50
2022-04-01,2886.36,2954.51,2877.07,339688,75259310000,0.27,2943.24,sh000016,上证50
2022-03-31,2901.07,2915.51,2892.11,331682,67509870000,0.27,2898.83,sh000016,上证50
2022-03-30,2864.24,2915.49,2861.55,340052,76393790000,0.27,2915.49,sh000016,上证50
2022-03-29,2854.80,2873.61,2837.70,236591,55581350000,0.19,2842.15,sh000016,上证50
2022-03-28,2817.26,2866.07,2798.70,321362,66834020000,0.26,2853.18,sh000016,上证50
2022-03-25,2898.49,2910.92,2855.33,267700,62089360000,0.21,2856.43,sh000016,上证50
2022-03-24,2898.14,2918.30,2885.37,277339,65734830000,0.22,2903.62,sh000016,上证50
2022-03-23,2908.97,2928.44,2890.49,300467,70411810000,0.24,2916.51,sh000016,上证50
2022-03-22,2893.57,2921.73,2885.02,307452,63919630000,0.25,2900.77,sh000016,上证50
2022-03-21,2919.26,2919.26,2868.40,304847,70316060000,0.24,2892.11,sh000016,上证50
2022-03-18,2869.70,2925.72,2853.77,413030,84518470000,0.33,2913.19,sh000016,上证50
2022-03-17,2888.24,2918.54,2861.24,432273,108677040000,0.35,2877.22,sh000016,上证50
2022-03-16,2746.15,2836.85,2688.70,481166,108689750000,0.39,2827.75,sh000016,上证50
2022-03-15,2808.73,2825.55,2702.85,521584,106705030000,0.42,2702.85,sh000016,上证50
2022-03-14,2889.83,2920.71,2851.86,323741,79324420000,0.26,2851.88,sh000016,上证50
2022-03-11,2897.34,2944.25,2852.79,364577,81836080000,0.29,2935.68,sh000016,上证50
2022-03-10,2969.49,2973.61,2931.09,342238,83598080000,0.28,2933.46,sh000016,上证50
2022-03-09,2949.33,2965.57,2809.99,472719,97616290000,0.38,2907.18,sh000016,上证50
2022-03-08,2983.05,3005.56,2920.97,410556,88323420000,0.33,2933.16,sh000016,上证50
2022-03-07,3042.02,3042.02,2965.22,426584,88830290000,0.34,2974.68,sh000016,上证50
2022-03-04,3068.40,3079.47,3052.69,309168,67800940000,0.25,3062.38,sh000016,上证50
2022-03-03,3117.65,3124.89,3090.20,370559,66863790000,0.30,3097.09,sh000016,上证50
2022-03-02,3108.62,3113.35,3097.89,277457,56242650000,0.22,3107.24,sh000016,上证50
2022-03-01,3093.93,3129.26,3093.93,276380,69462500000,0.22,3125.69,sh000016,上证50
2022-02-28,3069.10,3081.36,3049.56,306654,65695580000,0.25,3080.78,sh000016,上证50
2022-02-25,3076.80,3104.87,3068.18,356330,72606030000,0.29,3075.59,sh000016,上证50
2022-02-24,3098.14,3104.70,3038.35,470719,97426140000,0.38,3059.64,sh000016,上证50
2022-02-23,3108.90,3120.34,3094.21,296890,64515390000,0.24,3118.04,sh000016,上证50
2022-02-22,3122.04,3122.29,3082.39,315564,69347750000,0.25,3102.32,sh000016,上证50
2022-02-21,3155.32,3155.88,3128.59,263593,48939840000,0.21,3144.86,sh000016,上证50
2022-02-18,3126.28,3162.82,3121.95,238790,49797090000,0.19,3162.82,sh000016,上证50
2022-02-17,3138.77,3156.87,3132.09,254611,55771500000,0.20,3139.18,sh000016,上证50
2022-02-16,3134.88,3150.86,3129.04,248350,54215140000,0.20,3136.08,sh000016,上证50
2022-02-15,3101.36,3126.42,3097.08,293134,67952250000,0.24,3119.93,sh000016,上证50
2022-02-14,3131.39,3131.84,3093.64,389257,77244850000,0.31,3104,sh000016,上证50
2022-02-11,3133.80,3172.09,3130.69,435977,94112950000,0.35,3142.91,sh000016,上证50
2022-02-10,3145.33,3146.96,3125.11,365056,76576790000,0.29,3145.11,sh000016,上证50
2022-02-09,3118.97,3148.23,3110.88,391444,75034840000,0.32,3139.56,sh000016,上证50
2022-02-08,3107.89,3118.58,3061.22,403653,75551470000,0.33,3116.50,sh000016,上证50
2022-02-07,3102.62,3129.19,3096.69,364751,75016340000,0.29,3114.26,sh000016,上证50
2022-01-28,3127.18,3140.29,3048.33,335553,78774550000,0.27,3054.02,sh000016,上证50
2022-01-27,3168.14,3168.76,3115.86,311014,74072800000,0.25,3119.24,sh000016,上证50
2022-01-26,3156.65,3169.53,3126.55,241817,59873020000,0.19,3163.67,sh000016,上证50
2022-01-25,3192.12,3198.11,3144.73,303100,66217330000,0.24,3144.95,sh000016,上证50
2022-01-24,3204.18,3218.98,3185.52,282742,63984540000,0.23,3209.74,sh000016,上证50
2022-01-21,3227.20,3234.47,3202.73,323327,80402360000,0.26,3218.74,sh000016,上证50
2022-01-20,3188.14,3251.22,3187.61,402611,84699620000,0.32,3233.70,sh000016,上证50
2022-01-19,3194.92,3201.94,3172.26,309913,68467490000,0.25,3187.19,sh000016,上证50
2022-01-18,3147.85,3198.47,3137.11,350573,73685210000,0.28,3187.52,sh000016,上证50
2022-01-17,3139.41,3159.19,3134.08,270361,67786630000,0.22,3147.70,sh000016,上证50
2022-01-14,3173.85,3173.85,3136.99,345170,73162060000,0.28,3139.05,sh000016,上证50
2022-01-13,3243.05,3247.82,3182.85,347823,77551960000,0.28,3184.11,sh000016,上证50
2022-01-12,3220.19,3244.23,3211.28,324417,72452770000,0.26,3236.31,sh000016,上证50
2022-01-11,3229.46,3247.90,3210.40,306664,72886960000,0.25,3214.53,sh000016,上证50
2022-01-10,3217.35,3237.22,3197.90,333828,75572960000,0.27,3236.12,sh000016,上证50
2022-01-07,3213.26,3240.74,3213.26,406947,84494630000,0.33,3223.27,sh000016,上证50
2022-01-06,3242.53,3251.12,3194.95,317304,85538370000,0.26,3210.39,sh000016,上证50
2022-01-05,3259.21,3289.16,3244.21,370641,92853890000,0.30,3254.28,sh000016,上证50
2022-01-04,3277.67,3281.74,3224.34,299826,82422020000,0.24,3264.07,sh000016,上证50
2021-12-31,3269.61,3282.68,3261.84,205500,65632150000,0.17,3274.32,sh000016,上证50
2021-12-30,3240.26,3277,3236.16,222850,70057610000,0.18,3261.79,sh000016,上证50
2021-12-29,3308.21,3308.23,3240.85,200985,72426730000,0.16,3240.85,sh000016,上证50
2021-12-28,3282.60,3307.79,3280.27,260023,71780780000,0.21,3303.40,sh000016,上证50
2021-12-27,3286.11,3291.98,3264.02,196756,60256740000,0.16,3278.44,sh000016,上证50
2021-12-24,3293.30,3306.91,3278.20,218062,69008560000,0.18,3290.24,sh000016,上证50
2021-12-23,3265.71,3287.19,3246.24,214177,58960280000,0.17,3287.19,sh000016,上证50
2021-12-22,3280.69,3287.76,3257.01,223429,57344380000,0.18,3260.57,sh000016,上证50
2021-12-21,3253.29,3277.37,3251.96,245367,60773740000,0.20,3273.03,sh000016,上证50
2021-12-20,3264.10,3294.13,3247.30,278485,74088920000,0.22,3255.35,sh000016,上证50
2021-12-17,3321.67,3330.23,3278.12,263338,80561230000,0.21,3278.90,sh000016,上证50
2021-12-16,3312.70,3330.86,3304.53,253374,76775720000,0.20,3330.86,sh000016,上证50
2021-12-15,3340.75,3359.67,3318.41,248218,69106740000,0.20,3318.98,sh000016,上证50
2021-12-14,3353.03,3364.52,3342.12,314698,83756120000,0.25,3350.50,sh000016,上证50
2021-12-13,3391.62,3428.74,3363.69,397487,117272650000,0.32,3366.07,sh000016,上证50
2021-12-10,3339.24,3353.63,3332.99,393907,96470050000,0.31,3353.63,sh000016,上证50
2021-12-09,3312.33,3393.16,3309.95,425563,119308180000,0.33,3360.18,sh000016,上证50
2021-12-08,3263.26,3306.97,3247.33,327467,94746330000,0.26,3304.71,sh000016,上证50
2021-12-07,3255.56,3262.08,3237.16,377837,92537340000,0.30,3254.50,sh000016,上证50
2021-12-06,3234.43,3257.19,3223.21,354127,92818440000,0.28,3228.14,sh000016,上证50
2021-12-03,3191.17,3221.42,3191.17,272691,86537210000,0.22,3221.42,sh000016,上证50
2021-12-02,3179.99,3198.03,3169.02,274177,72571930000,0.22,3190.87,sh000016,上证50
2021-12-01,3166.61,3182.38,3165.70,250041,70578360000,0.20,3180.42,sh000016,上证50
2021-11-30,3186.25,3196.04,3153.63,234193,65049780000,0.19,3165.35,sh000016,上证50
2021-11-29,3170.69,3188.11,3163.96,271808,77384950000,0.22,3187.05,sh000016,上证50
2021-11-26,3213.63,3214.05,3181.14,230366,65474270000,0.18,3187.36,sh000016,上证50
2021-11-25,3233.26,3236.26,3212.73,210105,69084180000,0.17,3218.05,sh000016,上证50
2021-11-24,3226.02,3247.78,3214.09,232103,75120280000,0.18,3231.84,sh000016,上证50
2021-11-23,3206.94,3237.65,3206.43,264818,75921750000,0.21,3224.15,sh000016,上证50
2021-11-22,3217.33,3228.29,3209.42,262573,77758720000,0.21,3212.15,sh000016,上证50
2021-11-19,3170.79,3217.82,3168.30,257096,66031330000,0.20,3212.91,sh000016,上证50
2021-11-18,3199.21,3199.21,3164.70,200422,57447230000,0.16,3173.38,sh000016,上证50
2021-11-17,3217.10,3226.11,3202.56,198008,59776230000,0.16,3208.78,sh000016,上证50
2021-11-16,3222.51,3243.45,3212.21,242414,71548200000,0.19,3222.17,sh000016,上证50
2021-11-15,3228.02,3241.92,3209.48,222042,65744970000,0.18,3221.69,sh000016,上证50
2021-11-12,3239.35,3241.13,3213.75,257643,67566360000,0.20,3220.55,sh000016,上证50
2021-11-11,3169.01,3233.59,3164.94,380618,94025020000,0.30,3233.37,sh000016,上证50
2021-11-10,3177.61,3182.26,3125.29,308518,87500520000,0.24,3170.40,sh000016,上证50
2021-11-09,3206.29,3214.89,3172.09,236351,70903290000,0.19,3186.96,sh000016,上证50
2021-11-08,3198.69,3214.33,3185.94,257731,72409460000,0.20,3196.27,sh000016,上证50
2021-11-05,3197.61,3229.97,3189.68,264497,79645790000,0.21,3201.55,sh000016,上证50
2021-11-04,3194.47,3216.23,3187.95,266350,85388670000,0.21,3207.26,sh000016,上证50
2021-11-03,3207.74,3220.34,3173.33,272604,86124220000,0.22,3181.45,sh000016,上证50
2021-11-02,3245.04,3267.76,3187.35,397441,113771090000,0.32,3212.03,sh000016,上证50
2021-11-01,3239.89,3262.49,3223.87,334314,103293960000,0.27,3250.92,sh000016,上证50
2021-10-29,3241.91,3267.25,3239.08,347748,112865620000,0.28,3267.25,sh000016,上证50
2021-10-28,3240.54,3252.73,3223.72,299240,82682440000,0.24,3239.61,sh000016,上证50
2021-10-27,3282.26,3282.26,3236.15,280449,74466500000,0.22,3247.10,sh000016,上证50
2021-10-26,3312.30,3327.66,3285.23,259835,70015060000,0.21,3290.04,sh000016,上证50
2021-10-25,3295.25,3316.57,3284.89,283460,78967150000,0.22,3312.30,sh000016,上证50
2021-10-22,3287.93,3336.73,3282.88,312977,82354710000,0.25,3318.13,sh000016,上证50
2021-10-21,3256.61,3294.05,3253.57,313068,80653500000,0.25,3278.54,sh000016,上证50
2021-10-20,3264.47,3282.57,3242.10,275848,76961880000,0.22,3255,sh000016,上证50
2021-10-19,3227.01,3265.51,3226.07,291272,80170180000,0.23,3256.67,sh000016,上证50
2021-10-18,3289.32,3289.32,3213.24,324335,88584340000,0.26,3229.63,sh000016,上证50
2021-10-15,3258.57,3301.15,3251.10,326192,80569850000,0.26,3294.83,sh000016,上证50
2021-10-14,3289.98,3301.91,3264.25,241116,63778170000,0.19,3270.69,sh000016,上证50
2021-10-13,3257.40,3307.23,3243.61,287785,78683320000,0.23,3292.76,sh000016,上证50
2021-10-12,3266.02,3280.06,3232.32,349834,81094810000,0.28,3259.38,sh000016,上证50
2021-10-11,3264.72,3318.15,3263.16,384225,95035080000,0.30,3276.41,sh000016,上证50
2021-10-08,3229.07,3263.93,3215.56,389231,105047470000,0.31,3256.26,sh000016,上证50
2021-09-30,3202.02,3213.56,3189.18,296982,73844960000,0.24,3196.99,sh000016,上证50
2021-09-29,3186.12,3222.28,3160.39,408122,85329530000,0.32,3199.23,sh000016,上证50
2021-09-28,3197.04,3224.57,3173.85,381059,84585290000,0.30,3211.15,sh000016,上证50
2021-09-27,3162.43,3218.88,3162.43,422935,120661640000,0.34,3199.97,sh000016,上证50
2021-09-24,3120.43,3173.05,3120.43,353827,93509680000,0.28,3145.11,sh000016,上证50
2021-09-23,3135.75,3159.97,3116.56,377977,84987190000,0.30,3127.82,sh000016,上证50
2021-09-22,3100.39,3129.78,3096.03,405816,80978360000,0.32,3122.34,sh000016,上证50
2021-09-17,3117.93,3162.05,3110.03,400287,93805310000,0.32,3161.92,sh000016,上证50
2021-09-16,3145.44,3157.90,3113.04,455264,98193980000,0.36,3128.59,sh000016,上证50
2021-09-15,3180.55,3180.55,3130.97,428213,95115450000,0.34,3146.63,sh000016,上证50
2021-09-14,3243.68,3257.62,3182.20,569256,114505870000,0.45,3188.26,sh000016,上证50
2021-09-13,3246.86,3271.10,3222.22,514617,115847170000,0.41,3242.04,sh000016,上证50
2021-09-10,3203.06,3268.73,3201.74,614654,127873390000,0.49,3252.32,sh000016,上证50
2021-09-09,3195.99,3208.63,3183.21,523551,100706220000,0.42,3204.28,sh000016,上证50
2021-09-08,3241,3254.10,3203.28,420631,100152060000,0.33,3213.26,sh000016,上证50
2021-09-07,3210.27,3259.92,3192.02,461854,106266040000,0.37,3248.05,sh000016,上证50
2021-09-06,3175.88,3228.95,3166.62,457553,124124420000,0.36,3211.20,sh000016,上证50
2021-09-03,3172.50,3203.32,3137.88,527692,128714660000,0.42,3175.88,sh000016,上证50
2021-09-02,3166.27,3189.25,3149.25,517865,125361150000,0.41,3167.10,sh000016,上证50
2021-09-01,3087.26,3185.82,3064.50,730414,177068970000,0.58,3165.04,sh000016,上证50
2021-08-31,3099.47,3122.91,3056.70,516077,138634320000,0.41,3097.06,sh000016,上证50
2021-08-30,3141.12,3141.76,3092.83,452088,130054950000,0.36,3112.70,sh000016,上证50
2021-08-27,3086.05,3145.98,3084.31,326134,97666470000,0.26,3123.05,sh000016,上证50
2021-08-26,3156.91,3156.91,3087.30,315999,92897140000,0.25,3088.83,sh000016,上证50
2021-08-25,3160.74,3173.37,3138.22,336668,105332830000,0.27,3159.80,sh000016,上证50
2021-08-24,3106.23,3160.56,3104.97,382082,119776460000,0.30,3147.77,sh000016,上证50
2021-08-23,3079.29,3109.99,3069.53,316640,102686650000,0.25,3099.89,sh000016,上证50
2021-08-20,3105.16,3118.70,3044.88,385366,115273500000,0.31,3072.75,sh000016,上证50
2021-08-19,3179.93,3185.73,3130.47,451996,112326380000,0.36,3144.37,sh000016,上证50
2021-08-18,3148.38,3204.87,3133.88,455003,119532580000,0.36,3190.55,sh000016,上证50
2021-08-17,3219.83,3240.33,3141.66,397847,112131110000,0.32,3149.88,sh000016,上证50
2021-08-16,3212.66,3246.93,3205.53,325496,87987320000,0.26,3222.62,sh000016,上证50
2021-08-13,3212.33,3242.31,3199.86,282096,87314370000,0.22,3217.84,sh000016,上证50
2021-08-12,3247.80,3262.90,3222.69,322633,98174680000,0.26,3226.11,sh000016,上证50
2021-08-11,3280.81,3298.41,3259.53,400663,100406360000,0.32,3262.58,sh000016,上证50
2021-08-10,3231.15,3290.25,3193.96,324648,115080310000,0.26,3288.65,sh000016,上证50
2021-08-09,3171.10,3253.08,3169.19,387429,121140070000,0.31,3235.21,sh000016,上证50
2021-08-06,3211.64,3213.10,3181.38,299077,101610770000,0.24,3195.70,sh000016,上证50
2021-08-05,3214.47,3266.30,3198.37,318436,110615260000,0.25,3227.36,sh000016,上证50
2021-08-04,3219.40,3242.39,3211.40,336495,121978590000,0.27,3233.10,sh000016,上证50
2021-08-03,3197.89,3235.40,3181.76,388952,125440430000,0.31,3223.83,sh000016,上证50
2021-08-02,3112.30,3217.81,3082.83,455750,145805380000,0.36,3211.14,sh000016,上证50
2021-07-30,3160.47,3160.47,3114.51,323889,115899560000,0.26,3132.82,sh000016,上证50
2021-07-29,3206.44,3207.90,3159.77,356499,117100210000,0.28,3182.80,sh000016,上证50
2021-07-28,3107.12,3171.08,3098.02,405196,120707990000,0.32,3154.64,sh000016,上证50
2021-07-27,3228.44,3238.39,3117.61,498487,149168480000,0.40,3126.38,sh000016,上证50
2021-07-26,3339.86,3339.86,3195.62,443396,142189570000,0.35,3228.37,sh000016,上证50
2021-07-23,3389.40,3389.43,3353.04,368479,112334870000,0.29,3357.45,sh000016,上证50
2021-07-22,3386.91,3410.63,3378.12,369554,116416570000,0.29,3392.72,sh000016,上证50
2021-07-21,3385.14,3410.82,3375.63,334906,110550850000,0.27,3388.52,sh000016,上证50
2021-07-20,3364.31,3382.09,3357.75,258654,76937030000,0.21,3378.63,sh000016,上证50
2021-07-19,3362.58,3390.27,3322.32,298170,83949100000,0.24,3385.37,sh000016,上证50
2021-07-16,3405.40,3413.27,3365.95,272299,89680220000,0.22,3369.90,sh000016,上证50
2021-07-15,3335.05,3414.42,3332.78,319552,98485360000,0.25,3411.29,sh000016,上证50
2021-07-14,3385.39,3385.39,3328.88,347337,94723340000,0.28,3339.38,sh000016,上证50
2021-07-13,3384.75,3409.79,3377.20,314077,92901330000,0.25,3391.74,sh000016,上证50
2021-07-12,3385.12,3413.35,3357.13,384163,111103870000,0.31,3384.51,sh000016,上证50
2021-07-09,3359.20,3373.14,3329.74,316366,91530950000,0.25,3361.59,sh000016,上证50
2021-07-08,3432.89,3434.15,3365.53,338625,105794830000,0.27,3373.26,sh000016,上证50
2021-07-07,3384.57,3433.73,3382.24,269195,91386390000,0.21,3424.39,sh000016,上证50
2021-07-06,3405.47,3406.76,3368.14,292118,101932310000,0,3405.28,sh000016,上证50
2021-07-05,3402.11,3415.56,3376.84,309268,98605800000,0,3404.79,sh000016,上证50
2021-07-02,3495.60,3495.60,3403.80,347109,109413140000,0,3408.24,sh000016,上证50
2021-07-01,3510.56,3535.33,3479.52,295532,97508710000,0,3535.25,sh000016,上证50
2021-06-30,3477.38,3504.96,3477.38,249328,79988080000,0,3498.65,sh000016,上证50
2021-06-29,3514.32,3517.36,3475.44,288146,91790250000,0,3482.73,sh000016,上证50
2021-06-28,3541.10,3543.70,3502.78,297017,91488570000,0,3520.74,sh000016,上证50
2021-06-25,3483.16,3545.43,3479.74,360272,105068220000,0,3535.02,sh000016,上证50
2021-06-24,3476.68,3487.27,3452.61,287692,87538540000,0,3483.91,sh000016,上证50
2021-06-23,3469.28,3496.44,3460.69,295645,99664190000,0,3471.34,sh000016,上证50
2021-06-22,3444.75,3469.81,3437.95,326259,92981030000,0,3464.71,sh000016,上证50
2021-06-21,3440.74,3455.56,3410.40,304569,92989760000,0,3431.25,sh000016,上证50
2021-06-18,3475.55,3488.26,3426.03,361193,111281110000,0,3454.59,sh000016,上证50
2021-06-17,3477.47,3503.55,3467.58,294464,78288350000,0,3481.60,sh000016,上证50
2021-06-16,3525.75,3532.85,3480.41,316293,86503960000,0,3486.29,sh000016,上证50
2021-06-15,3570.40,3579.09,3513.13,375475,102892760000,0,3528.67,sh000016,上证50
2021-06-11,3610.14,3611.25,3564.65,407297,99002010000,0,3576.78,sh000016,上证50
2021-06-10,3588.14,3634.92,3582.16,286576,82288330000,0,3607.68,sh000016,上证50
2021-06-09,3575.49,3599.62,3572.36,272969,64359870000,0,3587.53,sh000016,上证50
2021-06-08,3597.94,3634.82,3558.46,260797,71710670000,0,3580.28,sh000016,上证50
2021-06-07,3610.89,3613.28,3579.01,256982,69785320000,0,3601.11,sh000016,上证50
2021-06-04,3574.30,3655.92,3573.70,288576,77839320000,0,3612.70,sh000016,上证50
2021-06-03,3620.79,3637,3589.23,260201,67857430000,0,3591.16,sh000016,上证50
2021-06-02,3661.94,3665.92,3604.78,279754,74309800000,0,3622.40,sh000016,上证50
2021-06-01,3641.97,3652.95,3608.20,281615,82850570000,0,3650.90,sh000016,上证50
2021-05-31,3652.89,3652.89,3615.42,263284,77917930000,0,3650.22,sh000016,上证50
2021-05-28,3663.88,3689.25,3630.57,286828,80468830000,0,3659.30,sh000016,上证50
2021-05-27,3645.48,3709,3628.96,298791,85147000000,0,3664.94,sh000016,上证50
2021-05-26,3656.34,3678.07,3643.98,345594,96585660000,0,3657.19,sh000016,上证50
2021-05-25,3505.81,3645.07,3505.63,441829,125736430000,0,3641.29,sh000016,上证50
2021-05-24,3482.99,3499.45,3457.29,229865,64532270000,0,3497.75,sh000016,上证50
2021-05-21,3532.87,3544.27,3475.26,206446,61176730000,0,3481.86,sh000016,上证50
2021-05-20,3514.43,3530.49,3496.52,238272,63208450000,0,3522.45,sh000016,上证50
2021-05-19,3531.79,3531.79,3501.38,238066,60552280000,0,3511.47,sh000016,上证50
2021-05-18,3543.11,3550.08,3520.67,237826,57213060000,0,3537.70,sh000016,上证50
2021-05-17,3502.74,3556.49,3502.21,301651,92431180000,0,3539.91,sh000016,上证50
2021-05-14,3426.43,3504.65,3406.71,345272,95323700000,0,3503.04,sh000016,上证50
2021-05-13,3418.58,3435.45,3395.81,218827,60670010000,0,3413.89,sh000016,上证50
2021-05-12,3423.42,3456.07,3421.66,236897,59566580000,0,3447.86,sh000016,上证50
2021-05-11,3380.63,3443.36,3371.47,249357,71271510000,0,3437.71,sh000016,上证50
2021-05-10,3410.01,3416.03,3371.13,280489,68750420000,0,3399.98,sh000016,上证50
2021-05-07,3457.91,3470.52,3402.08,300925,82122260000,0,3406.31,sh000016,上证50
2021-05-06,3475.05,3510.40,3443.31,299334,90047470000,0,3449.94,sh000016,上证50
2021-04-30,3518.86,3522.61,3471.38,340266,86473760000,0,3491.19,sh000016,上证50
2021-04-29,3483.10,3519.83,3468.62,314805,83713730000,0,3517.21,sh000016,上证50
2021-04-28,3457.17,3473.04,3440.20,224513,77516440000,0,3473.04,sh000016,上证50
2021-04-27,3469.98,3482.60,3450.02,208042,61353720000,0,3476.30,sh000016,上证50
2021-04-26,3540.53,3548.21,3462.16,258632,80490260000,0,3467.66,sh000016,上证50
2021-04-23,3487.12,3533.23,3482.86,205524,64888230000,0,3524.02,sh000016,上证50
2021-04-22,3521.98,3524.71,3477.06,226791,58120700000,0,3487.43,sh000016,上证50
2021-04-21,3493.79,3524.54,3488.49,207501,59966860000,0,3516.10,sh000016,上证50
2021-04-20,3496.81,3532.79,3491.89,211766,66633950000,0,3510.12,sh000016,上证50
2021-04-19,3449.05,3515.88,3426.82,271935,77591570000,0,3513.40,sh000016,上证50
2021-04-16,3445.09,3456.72,3411.10,186881,54862650000,0,3448.10,sh000016,上证50
2021-04-15,3456.55,3456.55,3399.76,212627,64308250000,0,3431.49,sh000016,上证50
2021-04-14,3469.40,3484.06,3442.23,195003,60235410000,0,3469.17,sh000016,上证50
2021-04-13,3483.01,3505.39,3448.57,210743,58980500000,0,3461.46,sh000016,上证50
2021-04-12,3505.71,3520.73,3465.65,248550,67360430000,0,3477.07,sh000016,上证50
2021-04-09,3564.66,3565.22,3504.49,196859,55806820000,0,3514.11,sh000016,上证50
2021-04-08,3541.06,3582.91,3533.32,194735,53874850000,0,3573.04,sh000016,上证50
2021-04-07,3593.17,3593.17,3537.06,228000,62238780000,0,3558.47,sh000016,上证50
2021-04-06,3624.80,3624.80,3581.76,179745,56451320000,0,3594.71,sh000016,上证50
2021-04-02,3592.88,3616.80,3583.04,233967,66659660000,0,3616.76,sh000016,上证50
2021-04-01,3547.46,3586.36,3545.09,213577,55932230000,0,3582.65,sh000016,上证50
2021-03-31,3573.86,3573.86,3518.17,299853,72721000000,0,3539.37,sh000016,上证50
2021-03-30,3541.38,3582.02,3531.63,257790,69755090000,0,3577.24,sh000016,上证50
2021-03-29,3543.25,3563.40,3510.41,282058,73384970000,0,3537.71,sh000016,上证50
2021-03-26,3483.69,3539.23,3480.33,248108,72681320000,0,3529.73,sh000016,上证50
2021-03-25,3454.46,3479.13,3439.51,232618,56977960000,0,3463.87,sh000016,上证50
2021-03-24,3507.55,3528.73,3457.44,256398,64750310000,0,3466.04,sh000016,上证50
2021-03-23,3541.33,3542.82,3482.59,253109,62380220000,0,3516.36,sh000016,上证50
2021-03-22,3516.66,3558.94,3511.72,263934,66482000000,0,3538.43,sh000016,上证50
2021-03-19,3565.09,3573.06,3496.38,346813,77248960000,0,3512.02,sh000016,上证50
2021-03-18,3598.85,3619.33,3586.50,234069,65113800000,0,3605.60,sh000016,上证50
2021-03-17,3588.23,3616.94,3552.49,262296,71771530000,0,3590.83,sh000016,上证50
2021-03-16,3579.01,3608.11,3556.62,283940,72023660000,0,3599.16,sh000016,上证50
2021-03-15,3620.04,3627.31,3539.49,374888,92278410000,0,3566.88,sh000016,上证50
2021-03-12,3647.51,3647.51,3600.39,351397,84357910000,0,3632.58,sh000016,上证50
2021-03-11,3554.68,3633.77,3554.68,310562,87512290000,0,3625.31,sh000016,上证50
2021-03-10,3563.56,3572.37,3528.32,280963,81698930000,0,3532.05,sh000016,上证50
2021-03-09,3570.26,3595.19,3489.97,423441,115782440000,0,3509.61,sh000016,上证50
2021-03-08,3713.46,3732.78,3571.42,417530,109085320000,0,3573.43,sh000016,上证50
2021-03-05,3655.91,3721.28,3627.29,361376,93870500000,0,3688.68,sh000016,上证50
2021-03-04,3769.97,3781.28,3686.09,363737,105814130000,0,3708.66,sh000016,上证50
2021-03-03,3710.26,3818.07,3708.23,365796,95188320000,0,3817.41,sh000016,上证50
2021-03-02,3812.35,3812.35,3689.01,352162,105470270000,0,3718.77,sh000016,上证50
2021-03-01,3793.37,3795.05,3747.58,336577,98439380000,0,3787.87,sh000016,上证50
2021-02-26,3768.90,3819.04,3753.44,415731,113710590000,0,3756.86,sh000016,上证50
2021-02-25,3844.62,3878.21,3818.71,466890,118907090000,0,3851.03,sh000016,上证50
2021-02-24,3902.36,3910.01,3766.60,393439,123595530000,0,3805.47,sh000016,上证50
2021-02-23,3854.16,3942.09,3854.16,434556,108962110000,0,3897.72,sh000016,上证50
2021-02-22,4020.01,4020.01,3879.48,587264,146967570000,0,3881.87,sh000016,上证50
2021-02-19,3994.83,4023.88,3956.98,428997,123149830000,0,4014.46,sh000016,上证50
2021-02-18,4097.87,4110.18,3996.63,512031,141365950000,0,4014.32,sh000016,上证50
2021-02-10,3967.68,4039.23,3967.36,389586,108571840000,0,4028.53,sh000016,上证50
2021-02-09,3900.86,3952.94,3871.79,327401,97738060000,0,3952.83,sh000016,上证50
2021-02-08,3856.94,3896.54,3835.10,333399,98196390000,0,3890.47,sh000016,上证50
2021-02-05,3819.80,3876.68,3808.17,415837,106277500000,0,3840.77,sh000016,上证50
2021-02-04,3764.43,3820.34,3759.43,331638,114788320000,0,3801.62,sh000016,上证50
2021-02-03,3768.71,3796.43,3747.38,316092,106637890000,0,3775.72,sh000016,上证50
2021-02-02,3751.74,3774.06,3731.52,288587,93715930000,0,3771.47,sh000016,上证50
2021-02-01,3712.78,3747.73,3699.20,294890,86971860000,0,3746.37,sh000016,上证50
2021-01-29,3758.89,3767.01,3675.49,327423,104087890000,0,3713.25,sh000016,上证50
2021-01-28,3771.79,3779.41,3720.12,300412,94780800000,0,3735.03,sh000016,上证50
2021-01-27,3818.42,3831.62,3790.81,287061,92127170000,0,3818.27,sh000016,上证50
2021-01-26,3878.25,3878.25,3809.66,295844,100532290000,0,3813.29,sh000016,上证50
2021-01-25,3843.49,3903.19,3828.75,373365,136340720000,0,3898.15,sh000016,上证50
2021-01-22,3851.13,3862.89,3823.33,382595,119198770000,0,3846.39,sh000016,上证50
2021-01-21,3833.78,3874.67,3812.81,367302,119776910000,0,3850.06,sh000016,上证50
2021-01-20,3813.91,3838.31,3790.54,343723,105285960000,0,3814.65,sh000016,上证50
2021-01-19,3855.75,3862.11,3792.59,427471,123416510000,0,3808.69,sh000016,上证50
2021-01-18,3807.99,3873.45,3796.43,422484,121227240000,0,3849.40,sh000016,上证50
2021-01-15,3825.54,3866.01,3789.48,556352,144481910000,0,3817.93,sh000016,上证50
2021-01-14,3863.10,3866.95,3800.79,508689,141810910000,0,3811.22,sh000016,上证50
2021-01-13,3914,3931.95,3844.28,552738,147747550000,0,3873.23,sh000016,上证50
2021-01-12,3764.65,3906.12,3764.65,481759,140450390000,0,3906.12,sh000016,上证50
2021-01-11,3794.83,3849.68,3763.15,474510,133463540000,0,3776.53,sh000016,上证50
2021-01-08,3815.57,3833.86,3752.09,415856,129477190000,0,3788.32,sh000016,上证50
2021-01-07,3750.88,3808.07,3729.99,429181,127100880000,0,3808.07,sh000016,上证50
2021-01-06,3688.95,3736.65,3670.54,451661,125368280000,0,3736.65,sh000016,上证50
2021-01-05,3627.65,3683.36,3620.56,472337,130233800000,0,3683.36,sh000016,上证50
2021-01-04,3632.69,3659.17,3608.34,435466,116996100000,0,3643.36,sh000016,上证50
2020-12-31,3581.45,3646.75,3581.36,365748,100746200000,0,3640.64,sh000016,上证50
2020-12-30,3513.79,3574.21,3512.31,267872,77252180000,0,3574.13,sh000016,上证50
2020-12-29,3533.13,3539.67,3513.66,260146,73295610000,0,3517.35,sh000016,上证50
2020-12-28,3514.71,3548.53,3503.97,264133,75670330000,0,3523.84,sh000016,上证50
2020-12-25,3476.55,3514.51,3468.40,210547,65661290000,0,3512.49,sh000016,上证50
2020-12-24,3495.85,3521.04,3474.02,201196,64344690000,0,3489.27,sh000016,上证50
2020-12-23,3483.19,3516.02,3473.10,272388,80717060000,0,3494.59,sh000016,上证50
2020-12-22,3519.05,3526.11,3467.53,348785,95554580000,0,3470.90,sh000016,上证50
2020-12-21,3505.91,3531.42,3481.26,267176,78726940000,0,3522.26,sh000016,上证50
2020-12-18,3529.02,3538.57,3493.30,262778,71633940000,0,3507.97,sh000016,上证50
2020-12-17,3497.39,3543.73,3491.92,270912,79778030000,0,3539.54,sh000016,上证50
2020-12-16,3480.93,3494.65,3469.55,224625,62162170000,0,3485.40,sh000016,上证50
2020-12-15,3466.49,3476.88,3443.86,261542,70666980000,0,3468.83,sh000016,上证50
2020-12-14,3443.03,3472.12,3435.31,249822,69626860000,0,3467.77,sh000016,上证50
2020-12-11,3473.87,3477.47,3404.93,389064,74533300000,0,3427.86,sh000016,上证50
2020-12-10,3464.94,3478.91,3442.15,292284,57283740000,0,3459.03,sh000016,上证50
2020-12-09,3511.76,3517.92,3468,306547,61382480000,0,3468.53,sh000016,上证50
2020-12-08,3512.86,3529.35,3490.89,289359,64329950000,0,3499.06,sh000016,上证50
2020-12-07,3547.93,3548.78,3495.65,354507,74234250000,0,3509.94,sh000016,上证50
2020-12-04,3535.94,3546.71,3504.43,332386,68848490000,0,3541.52,sh000016,上证50
2020-12-03,3545.28,3550.10,3519.43,358679,64650050000,0,3536.81,sh000016,上证50
2020-12-02,3555.60,3568.72,3527.12,394428,71352290000,0,3545.34,sh000016,上证50
2020-12-01,3480.56,3559.07,3476.94,524887,91200350000,0,3554.01,sh000016,上证50
2020-11-30,3509.66,3570.22,3469.42,842930,123967930000,0,3469.42,sh000016,上证50
2020-11-27,3453.31,3498.66,3447.61,539012,78249240000,0,3498.66,sh000016,上证50
2020-11-26,3418.56,3447.61,3414.06,334653,65077860000,0,3445.74,sh000016,上证50
2020-11-25,3461.48,3475.25,3420.29,406638,75069960000,0,3420.29,sh000016,上证50
2020-11-24,3461.43,3470.91,3437.73,342401,65468620000,0,3442.72,sh000016,上证50
2020-11-23,3427.78,3485.89,3426.78,492516,92619780000,0,3469.80,sh000016,上证50
2020-11-20,3407.73,3415.25,3398.79,297207,54200660000,0,3411.93,sh000016,上证50
2020-11-19,3377.23,3415.86,3372.84,326062,65742550000,0,3410.09,sh000016,上证50
2020-11-18,3377.84,3408.30,3373,436059,88251550000,0,3387.04,sh000016,上证50
2020-11-17,3376.87,3388.96,3362.50,330742,69699280000,0,3379.27,sh000016,上证50
2020-11-16,3352.69,3377.11,3344.40,323249,65695230000,0,3377.11,sh000016,上证50
2020-11-13,3376.91,3377.16,3318.45,345137,73716430000,0,3338.31,sh000016,上证50
2020-11-12,3413.21,3420.65,3387.33,270985,63549020000,0,3397.35,sh000016,上证50
2020-11-11,3415.88,3432.27,3407.84,404152,82130520000,0,3411.23,sh000016,上证50
2020-11-10,3439.36,3440.56,3402.38,417616,92270350000,0,3416.14,sh000016,上证50
2020-11-09,3382.80,3428.13,3382.80,439181,93900280000,0,3418.28,sh000016,上证50
2020-11-06,3380.20,3380.20,3339.47,350319,72503490000,0,3359.12,sh000016,上证50
2020-11-05,3366.40,3386.98,3345.20,312771,68184060000,0,3369.50,sh000016,上证50
2020-11-04,3311.54,3340.53,3301.32,283449,60073170000,0,3332.19,sh000016,上证50
2020-11-03,3284.04,3324.41,3282.55,340855,68965420000,0,3307.48,sh000016,上证50
2020-11-02,3280.62,3298.08,3249.96,346654,77307730000,0,3265.90,sh000016,上证50
2020-10-30,3321.94,3332.87,3271.27,357371,74625940000,0,3280.38,sh000016,上证50
2020-10-29,3278.98,3351.12,3277.57,302190,69727040000,0,3324.44,sh000016,上证50
2020-10-28,3295.44,3324.80,3285.04,282798,63936400000,0,3313.23,sh000016,上证50
2020-10-27,3298.06,3305.61,3281.62,255795,54627450000,0,3294.09,sh000016,上证50
2020-10-26,3320.03,3328.68,3288.58,346501,67396900000,0,3304.70,sh000016,上证50
2020-10-23,3364.60,3395.41,3346.61,339116,64296240000,0,3346.61,sh000016,上证50
2020-10-22,3370.08,3378.65,3328.32,273989,58254100000,0,3369.53,sh000016,上证50
2020-10-21,3372.69,3380.05,3351.72,313295,56656470000,0,3377.42,sh000016,上证50
2020-10-20,3352.03,3365.18,3340.84,263925,52091240000,0,3363.50,sh000016,上证50
2020-10-19,3398.75,3430.56,3349.16,412647,75214130000,0,3354.31,sh000016,上证50
2020-10-16,3374.17,3400.42,3362.18,349323,61838800000,0,3380.17,sh000016,上证50
2020-10-15,3369.72,3392.93,3363.81,273852,60016920000,0,3371.40,sh000016,上证50
2020-10-14,3380.56,3380.56,3359.62,258226,59851810000,0,3369.50,sh000016,上证50
2020-10-13,3381.64,3391.99,3363.98,279283,60770640000,0,3386.89,sh000016,上证50
2020-10-12,3302.98,3388.60,3302.62,397736,84996200000,0,3387.88,sh000016,上证50
2020-10-09,3281.46,3296.67,3274.19,246244,64079380000,0,3286.86,sh000016,上证50
2020-09-30,3252.59,3269.31,3218.55,226949,46636380000,0,3232.42,sh000016,上证50
2020-09-29,3266.01,3266.94,3241.32,190277,42946060000,0,3241.32,sh000016,上证50
2020-09-28,3237.30,3268.26,3237.30,209744,44327120000,0,3250.50,sh000016,上证50
2020-09-25,3232.69,3244.03,3219.31,209102,45855830000,0,3229.78,sh000016,上证50
2020-09-24,3259.12,3264.83,3214.70,256476,56704040000,0,3218.72,sh000016,上证50
2020-09-23,3271.47,3284.40,3256.18,204678,52183730000,0,3275.74,sh000016,上证50
2020-09-22,3285.77,3319.95,3260.49,268201,57772490000,0,3270.52,sh000016,上证50
2020-09-21,3359.23,3360.92,3311.11,297996,64482100000,0,3311.59,sh000016,上证50
2020-09-18,3267.63,3347.78,3264.33,445780,94427290000,0,3347.78,sh000016,上证50
2020-09-17,3286.15,3287.26,3253.52,234231,64565970000,0,3264.69,sh000016,上证50
2020-09-16,3314.21,3322.32,3283.88,222292,50870160000,0,3295.58,sh000016,上证50
2020-09-15,3291.20,3321.18,3275.06,213164,54056410000,0,3317.64,sh000016,上证50
2020-09-14,3283.93,3298.93,3275.30,211259,56232770000,0,3294.15,sh000016,上证50
2020-09-11,3238.47,3270.59,3230.32,235103,52380250000,0,3265.50,sh000016,上证50
2020-09-10,3264.32,3273.90,3239.58,299738,59687030000,0,3245.50,sh000016,上证50
2020-09-09,3253.50,3267.86,3217.15,300966,62865840000,0,3235.70,sh000016,上证50
2020-09-08,3267.31,3296.14,3249.25,323806,72901460000,0,3289.91,sh000016,上证50
2020-09-07,3303.64,3328.72,3243.43,325801,73055100000,0,3253.43,sh000016,上证50
2020-09-04,3293.49,3314.55,3283.31,286375,62265880000,0,3309.21,sh000016,上证50
2020-09-03,3349.26,3374.01,3322.90,312524,67541310000,0,3334.41,sh000016,上证50
2020-09-02,3371.57,3373.35,3316.50,355123,69444790000,0,3347.30,sh000016,上证50
2020-09-01,3333.21,3355.10,3328.12,304665,64387470000,0,3355.10,sh000016,上证50
2020-08-31,3386.62,3408.58,3343.21,479052,103041220000,0,3343.89,sh000016,上证50
2020-08-28,3296.52,3372.74,3286.14,390087,92268750000,0,3368.44,sh000016,上证50
2020-08-27,3286.78,3291.68,3257.57,281358,59919450000,0,3290.79,sh000016,上证50
2020-08-26,3308.93,3327.82,3269.09,329224,70222260000,0,3277.89,sh000016,上证50
2020-08-25,3312.03,3335.03,3300.20,284500,63927910000,0,3310.84,sh000016,上证50
2020-08-24,3306.56,3320.97,3291.66,296662,64956900000,0,3298.72,sh000016,上证50
2020-08-21,3287.43,3299.94,3261.55,280501,60638600000,0,3284.73,sh000016,上证50
2020-08-20,3285.20,3288.21,3252.18,370529,72986140000,0,3264.53,sh000016,上证50
2020-08-19,3361.72,3366.68,3306.33,444194,86276930000,0,3307.66,sh000016,上证50
2020-08-18,3369.87,3377.52,3350.78,474442,93429430000,0,3367.33,sh000016,上证50
2020-08-17,3300.90,3397.50,3299.21,758990,136889430000,0,3368.85,sh000016,上证50
2020-08-14,3236.95,3292.03,3230.21,367475,75029770000,0,3288.51,sh000016,上证50
2020-08-13,3261.13,3265.51,3230.17,370921,73178180000,0,3241.84,sh000016,上证50
2020-08-12,3255.54,3266.58,3199.55,510249,100012350000,0,3249.74,sh000016,上证50
2020-08-11,3291.34,3333.75,3257.37,538228,107967760000,0,3262.82,sh000016,上证50
2020-08-10,3250.54,3309.98,3232.09,532714,112583130000,0,3285.76,sh000016,上证50
2020-08-07,3277.44,3288.79,3219.42,489810,110237420000,0,3263.75,sh000016,上证50
2020-08-06,3295.43,3311.36,3243.65,489458,109937580000,0,3292.20,sh000016,上证50
2020-08-05,3298.14,3300.90,3257.29,455793,95922270000,0,3292.31,sh000016,上证50
2020-08-04,3293.92,3329.56,3279.14,625405,123874290000,0,3312.13,sh000016,上证50
2020-08-03,3271.18,3284.79,3251.82,482990,104838180000,0,3281.10,sh000016,上证50
2020-07-31,3226.42,3284.38,3199.91,428979,97122120000,0,3249.34,sh000016,上证50
2020-07-30,3252.20,3263.19,3231.36,361089,90507940000,0,3231.52,sh000016,上证50
2020-07-29,3184.72,3245.70,3171.04,436487,97413660000,0,3243.38,sh000016,上证50
2020-07-28,3188.96,3205.57,3168.90,357105,81039520000,0,3185.89,sh000016,上证50
2020-07-27,3178.05,3194.14,3136.03,376275,78769810000,0,3163.23,sh000016,上证50
2020-07-24,3265.52,3270.56,3136.64,606381,127518160000,0,3158.29,sh000016,上证50
2020-07-23,3263.07,3303.43,3224.51,556656,106252940000,0,3284.11,sh000016,上证50
2020-07-22,3278.74,3354.72,3273.81,544038,109522100000,0,3291.36,sh000016,上证50
2020-07-21,3302.72,3305.20,3272.47,445120,98108440000,0,3286.81,sh000016,上证50
2020-07-20,3219.92,3293.63,3189.47,630475,124831910000,0,3287.92,sh000016,上证50
2020-07-17,3181.70,3223.54,3151.22,494491,104284760000,0,3185.89,sh000016,上证50
2020-07-16,3313.56,3326.69,3162.03,746831,151041930000,0,3162.03,sh000016,上证50
2020-07-15,3363.92,3374.29,3303.15,704120,133624140000,0,3313.76,sh000016,上证50
2020-07-14,3374.07,3391.90,3310.89,767864,129973790000,0,3348.03,sh000016,上证50
2020-07-13,3338.71,3421.94,3327.70,800242,144465870000,0,3390.12,sh000016,上证50
2020-07-10,3404,3411.09,3338.59,790465,139047240000,0,3351.78,sh000016,上证50
2020-07-09,3426.60,3451.93,3403.73,849344,153534470000,0,3442.02,sh000016,上证50
2020-07-08,3378.11,3466.63,3371.59,914572,167555890000,0,3429.94,sh000016,上证50
2020-07-07,3438.86,3465.47,3381.76,1086241,199150090000,0,3381.76,sh000016,上证50
2020-07-06,3198.74,3384.87,3198.74,1221679,202917640000,0,3374.14,sh000016,上证50
2020-07-03,3101.39,3159.17,3101.26,782094,137578590000,0,3159.16,sh000016,上证50
2020-07-02,3005.36,3088.96,3003.78,672238,118751700000,0,3084.24,sh000016,上证50
2020-07-01,2950.49,3010.36,2941.38,426681,83084460000,0,3009.86,sh000016,上证50
2020-06-30,2933.93,2951.12,2928.68,270156,56079510000,0,2942.07,sh000016,上证50
2020-06-29,2935.54,2942.49,2909.45,324834,64157820000,0,2925.48,sh000016,上证50
2020-06-24,2928.52,2947.19,2926.84,301796,61408740000,0,2943.47,sh000016,上证50
2020-06-23,2913.01,2929.80,2902.12,275401,59578430000,0,2925.42,sh000016,上证50
2020-06-22,2921.30,2947.61,2912.49,372630,72454860000,0,2921.89,sh000016,上证50
2020-06-19,2891.31,2933.90,2888.92,371374,74110250000,0,2925.94,sh000016,上证50
2020-06-18,2872.17,2892.12,2860.50,276343,47707500000,0,2888.96,sh000016,上证50
2020-06-17,2879.85,2882.10,2864.16,222446,42134100000,0,2881.13,sh000016,上证50
2020-06-16,2867.71,2879.53,2861.01,242183,43386150000,0,2878.99,sh000016,上证50
2020-06-15,2862.49,2875.03,2838.61,293105,55344280000,0,2838.61,sh000016,上证50
2020-06-12,2840.80,2884.99,2837.55,340959,51141600000,0,2884.12,sh000016,上证50
2020-06-11,2899.49,2907.66,2867.20,289985,50569230000,0,2876.51,sh000016,上证50
2020-06-10,2925.17,2925.17,2905.21,227177,41298670000,0,2908.48,sh000016,上证50
2020-06-09,2911.95,2931.54,2905.84,244009,44447000000,0,2928.30,sh000016,上证50
2020-06-08,2907.68,2925.20,2904.03,293006,53846970000,0,2909.59,sh000016,上证50
2020-06-05,2886.23,2896.35,2871.87,212697,38224570000,0,2896.35,sh000016,上证50
2020-06-04,2900.96,2902.90,2876.44,218947,36051900000,0,2883.36,sh000016,上证50
2020-06-03,2900.87,2922.78,2889.08,278410,51525910000,0,2889.11,sh000016,上证50
2020-06-02,2864.53,2890.81,2862.68,267039,48136500000,0,2885.92,sh000016,上证50
2020-06-01,2832.22,2873.05,2832.22,284334,52739290000,0,2870.36,sh000016,上证50
2020-05-29,2791.62,2813.82,2788.87,214710,36267710000,0,2806.66,sh000016,上证50
2020-05-28,2797.37,2830.46,2785.32,229434,38842770000,0,2809.66,sh000016,上证50
2020-05-27,2810.47,2814.56,2790.84,197600,33762190000,0,2795.48,sh000016,上证50
2020-05-26,2806.25,2811.83,2796.85,181104,32226210000,0,2808.84,sh000016,上证50
2020-05-25,2784.43,2789.82,2762.30,186749,33629750000,0,2789.71,sh000016,上证50
2020-05-22,2840.88,2841.11,2775.31,259713,46841990000,0,2775.81,sh000016,上证50
2020-05-21,2866.74,2867.91,2844.14,190711,36357590000,0,2846.82,sh000016,上证50
2020-05-20,2861.59,2864.67,2847.26,199492,37561350000,0,2856.14,sh000016,上证50
2020-05-19,2869.23,2872.70,2854.89,227055,42580940000,0,2860.67,sh000016,上证50
2020-05-18,2821.73,2849.85,2813.26,226269,43886600000,0,2837.17,sh000016,上证50
2020-05-15,2845.91,2849.17,2818.37,194706,38909790000,0,2819.69,sh000016,上证50
2020-05-14,2854.78,2854.78,2833.95,198183,36947680000,0,2834.53,sh000016,上证50
2020-05-13,2860.82,2869.70,2845.34,183257,33483750000,0,2867.71,sh000016,上证50
2020-05-12,2871.31,2880.50,2855.02,213302,39257280000,0,2869.60,sh000016,上证50
2020-05-11,2876.77,2897.99,2864.96,253090,46507600000,0,2871.85,sh000016,上证50
2020-05-08,2864.86,2883.69,2858.11,270372,48756760000,0,2873.01,sh000016,上证50
2020-05-07,2860.96,2863.16,2845.66,239020,41458940000,0,2854.42,sh000016,上证50
2020-05-06,2823.29,2865.11,2823.27,354598,59544690000,0,2863.85,sh000016,上证50
2020-04-30,2851.14,2882.70,2851.14,303891,52437640000,0,2861.91,sh000016,上证50
2020-04-29,2814.60,2852.10,2814.07,254301,45196780000,0,2844.81,sh000016,上证50
2020-04-28,2814.23,2832.06,2781.15,270842,47828240000,0,2825.14,sh000016,上证50
2020-04-27,2786.47,2818.54,2783.17,231471,40090090000,0,2805.22,sh000016,上证50
2020-04-24,2789.05,2789.05,2770.34,199148,35854090000,0,2776.02,sh000016,上证50
2020-04-23,2813.73,2820.24,2794.46,245296,40003340000,0,2797.66,sh000016,上证50
2020-04-22,2774.44,2804.24,2768.40,206946,37039160000,0,2804.24,sh000016,上证50
2020-04-21,2808.91,2808.91,2767.27,249437,42654500000,0,2784.53,sh000016,上证50
2020-04-20,2812.80,2821.01,2799.92,276276,48186420000,0,2819.79,sh000016,上证50
2020-04-17,2790.83,2825.96,2782.71,348697,62422700000,0,2809.08,sh000016,上证50
2020-04-16,2751.69,2771.43,2750.29,230164,41776710000,0,2768.26,sh000016,上证50
2020-04-15,2783.28,2788.09,2761.44,230515,42309460000,0,2764.49,sh000016,上证50
2026-06-24,8650.82,8706.69,8581.75,111712221,253741385024,1.13,8681.03,sh000852,中证1000
2026-06-23,8838.76,8862.72,8626.10,3039549,707484280000,3.08,8680.04,sh000852,中证1000
2026-06-22,8813.72,8865.81,8609.61,3357182,786541010000,3.40,8865.68,sh000852,中证1000
2026-06-18,8666.64,8796.48,8664.28,2900624,680473870000,2.94,8771.02,sh000852,中证1000
2026-06-17,8581.65,8705.40,8581.65,2822279,658867270000,2.86,8704.47,sh000852,中证1000
2026-06-16,8534.27,8684.65,8508.91,2980226,683488870000,3.03,8646.40,sh000852,中证1000
2026-06-15,8269.40,8521.23,8269.40,2960121,640124260000,3.01,8521.23,sh000852,中证1000
2026-06-12,8294.90,8348.79,8181.42,3285991,717319010000,3.30,8202.80,sh000852,中证1000
2026-06-11,8158.46,8223.53,8084.90,2711640,577080600000,2.73,8159.45,sh000852,中证1000
2026-06-10,8232.02,8285.29,8103.01,2868446,582026560000,2.88,8198.72,sh000852,中证1000
2026-06-09,8178.82,8322.11,8096.58,2930976,602773100000,2.95,8318.70,sh000852,中证1000
2026-06-08,8069.48,8260.19,7987.40,3035370,603155100000,3.05,8081.26,sh000852,中证1000
2026-06-05,8380.85,8500.10,8305.40,3149536,664778760000,3.17,8340.96,sh000852,中证1000
2026-06-04,8338.85,8456.02,8338.85,2861736,599542780000,2.88,8420.09,sh000852,中证1000
2026-06-03,8386.86,8549.25,8357.46,3182912,688232620000,3.20,8432.68,sh000852,中证1000
2026-06-02,8360.81,8440.23,8219.15,2927779,589657280000,2.95,8384.78,sh000852,中证1000
2026-06-01,8393.52,8504.98,8339.35,3057064,607633320000,3.08,8345.13,sh000852,中证1000
2026-05-29,8673.80,8680.27,8357.80,3327802,705660470000,3.35,8408.74,sh000852,中证1000
2026-05-28,8527.91,8659.61,8459.95,3007477,636606110000,3.03,8637.74,sh000852,中证1000
2026-05-27,8679.54,8737.05,8495.72,3131124,668282710000,3.16,8546.51,sh000852,中证1000
2026-05-26,8755.91,8756.46,8560.80,3143736,681153500000,3.17,8687.25,sh000852,中证1000
2026-05-25,8756.46,8802.95,8670.72,3028960,668583970000,3.05,8799.31,sh000852,中证1000
2026-05-22,8578.90,8719.39,8521.70,2868124,613491390000,2.89,8692.67,sh000852,中证1000
2026-05-21,8852.43,8896.60,8500.92,3500380,744490230000,3.53,8510.50,sh000852,中证1000
2026-05-20,8769.10,8823.68,8697.40,3067192,653946000000,3.10,8808.91,sh000852,中证1000
2026-05-19,8691.38,8812.03,8602.05,2992198,628935610000,3.02,8808.64,sh000852,中证1000
2026-05-18,8645.76,8766.31,8610.74,3004207,628497010000,3.03,8720.21,sh000852,中证1000
2026-05-15,8786.38,8846.52,8616.06,3557073,730238190000,3.59,8682.65,sh000852,中证1000
2026-05-14,8989.49,8991.85,8778.71,3563442,730969710000,3.60,8778.71,sh000852,中证1000
2026-05-13,8764.02,8958.46,8764.02,3191527,677186620000,3.22,8955.45,sh000852,中证1000
2026-05-12,8880.41,8881.90,8749.72,3208493,683458190000,3.24,8821.89,sh000852,中证1000
2026-05-11,8807.91,8888.87,8760.71,3448080,742541490000,3.48,8866.78,sh000852,中证1000
2026-05-08,8655.13,8760.19,8651.06,3217815,656747060000,3.23,8741.15,sh000852,中证1000
2026-05-07,8602.15,8716.86,8573.30,3324772,687608420000,3.33,8714.51,sh000852,中证1000
2026-05-06,8462.02,8610.88,8462.02,3308534,690961220000,3.32,8574.56,sh000852,中证1000
2026-04-30,8345.25,8402.36,8324.29,2991151,595981860000,3,8381.95,sh000852,中证1000
2026-04-29,8163.35,8361.49,8163.35,2890995,557143420000,2.90,8343.07,sh000852,中证1000
2026-04-28,8307.69,8316.27,8187.24,2849704,549201650000,2.86,8226.69,sh000852,中证1000
2026-04-27,8292.81,8366.31,8249.94,2770601,544735960000,2.78,8338.73,sh000852,中证1000
2026-04-24,8318.60,8360.79,8254.43,2937481,566282030000,2.95,8304.14,sh000852,中证1000
2026-04-23,8489,8500.44,8302.85,3197915,623696530000,3.21,8362.74,sh000852,中证1000
2026-04-22,8317.28,8482.15,8317.28,2817055,558389620000,2.83,8481.24,sh000852,中证1000
2026-04-21,8331.59,8358.12,8270.16,2789962,521902190000,2.80,8351.16,sh000852,中证1000
2026-04-20,8308.06,8374.81,8308.06,2920296,559665070000,2.93,8357.81,sh000852,中证1000
2026-04-17,8225.73,8333.22,8223.71,2851034,530440510000,2.86,8307.44,sh000852,中证1000
2026-04-16,8120.36,8239.01,8100.49,2795844,504935060000,2.80,8232.98,sh000852,中证1000
2026-04-15,8186.07,8193.30,8083.27,2738418,520849250000,2.75,8106.16,sh000852,中证1000
2026-04-14,8088.05,8144.76,8059.38,2663058,509465030000,2.67,8144.76,sh000852,中证1000
2026-04-13,7947.22,8040.03,7947.22,2498498,452431890000,2.51,8025.57,sh000852,中证1000
2026-04-10,7981.62,8059.76,7981.62,2624153,494992310000,2.63,7998.23,sh000852,中证1000
2026-04-09,7881.80,7959.07,7872.47,2606502,466353990000,2.62,7921.45,sh000852,中证1000
2026-04-08,7765.55,7955.77,7765.20,2978852,520657880000,2.99,7955.77,sh000852,中证1000
2026-04-07,7556.28,7640.51,7554.41,2109744,343772200000,2.12,7606.02,sh000852,中证1000
2026-04-03,7658.82,7664.76,7521.94,2236803,354378850000,2.25,7536.60,sh000852,中证1000
2026-04-02,7733.75,7764.03,7581.39,2468412,388676700000,2.48,7623.42,sh000852,中证1000
2026-04-01,7767.88,7786.76,7692.01,2559756,420061150000,2.57,7764.15,sh000852,中证1000
2026-03-31,7741.96,7789.24,7618.19,2552558,404652130000,2.56,7619.85,sh000852,中证1000
2026-03-30,7664.64,7774.85,7618.96,2611741,411973880000,2.62,7767.93,sh000852,中证1000
2026-03-27,7526.59,7784.55,7526.59,2588953,403803690000,2.60,7746.31,sh000852,中证1000
2026-03-26,7733.70,7775.89,7614.89,2734551,404052690000,2.75,7639.38,sh000852,中证1000
2026-03-25,7654.78,7781.20,7654.78,3036688,471082960000,3.05,7751.18,sh000852,中证1000
2026-03-24,7538.70,7601.88,7361.79,2938551,432416550000,2.95,7600.86,sh000852,中证1000
2026-03-23,7632.97,7712.04,7357.70,3492562,505938400000,3.51,7409.11,sh000852,中证1000
2026-03-20,7943.41,7996.16,7781.58,2990230,486114330000,3,7783.43,sh000852,中证1000
2026-03-19,7988.87,8008.39,7874.26,2845911,443807160000,2.86,7909.23,sh000852,中证1000
2026-03-18,8050.71,8105.81,7970.19,2708936,419893070000,2.72,8096.59,sh000852,中证1000
2026-03-17,8219.50,8223.99,8019.08,2997234,452754330000,3.01,8019.86,sh000852,中证1000
2026-03-16,8212.27,8226.03,8089.49,3115325,489125150000,3.13,8211.35,sh000852,中证1000
2026-03-13,8297.91,8350.92,8196.37,3331230,523300350000,3.35,8214.29,sh000852,中证1000
2026-03-12,8357.35,8388.63,8267.39,3282127,531966070000,3.30,8335.91,sh000852,中证1000
2026-03-11,8356.09,8394.12,8334.33,3217373,549266930000,3.23,8363.53,sh000852,中证1000
2026-03-10,8272.94,8351.67,8271.49,3116853,533511440000,3.13,8350.09,sh000852,中证1000
2026-03-09,8131.74,8230.66,7983.57,3563079,568760660000,3.58,8203.87,sh000852,中证1000
2026-03-06,8120.49,8273.68,8115.48,2946333,474128430000,2.96,8248.86,sh000852,中证1000
2026-03-05,8235.37,8243.83,8121.38,3153602,508728530000,3.17,8171.12,sh000852,中证1000
2026-03-04,8039.59,8228.90,8039.59,3206896,502701510000,3.22,8094.52,sh000852,中证1000
2026-03-03,8495.95,8510.85,8128.30,3901896,664863750000,3.92,8142.45,sh000852,中证1000
2026-03-02,8464.27,8535.81,8393.93,3789063,659006890000,3.81,8476.97,sh000852,中证1000
2026-02-27,8434.10,8561.30,8433.72,3138996,549574090000,3.16,8560.84,sh000852,中证1000
2026-02-26,8447.78,8496.75,8398.07,3331476,571186060000,3.35,8490.62,sh000852,中证1000
2026-02-25,8320.61,8449.76,8310.33,3334473,533140590000,3.35,8426.33,sh000852,中证1000
2026-02-24,8319.69,8356.91,8236.71,2794796,469515620000,2.81,8299.77,sh000852,中证1000
2026-02-13,8272.88,8323.72,8200.15,2611463,438924350000,2.63,8204.83,sh000852,中证1000
2026-02-12,8252.19,8337.37,8227.60,2775967,467860010000,2.79,8314.83,sh000852,中证1000
2026-02-11,8239.17,8304.13,8236.96,2732343,438065440000,2.75,8239.51,sh000852,中证1000
2026-02-10,8246.22,8274.14,8199.51,2919163,475050650000,2.94,8250.30,sh000852,中证1000
2026-02-09,8177.29,8235.15,8149.65,2828482,482557300000,2.85,8233.78,sh000852,中证1000
2026-02-06,7980.47,8152.32,7950.01,2810836,444590290000,2.83,8051.57,sh000852,中证1000
2026-02-05,8121.51,8154.56,8027.62,2758168,440964670000,2.78,8068.08,sh000852,中证1000
2026-02-04,8184.20,8216.20,8101.20,3164612,516215160000,3.18,8207.12,sh000852,中证1000
2026-02-03,8058.76,8210.05,8023.24,2992185,525759550000,3.01,8209.10,sh000852,中证1000
2026-02-02,8166.74,8221.58,7974.60,3083215,498940800000,3.10,7975.43,sh000852,中证1000
2026-01-30,8255.33,8313.23,8083.97,3649165,596749300000,3.67,8254.86,sh000852,中证1000
2026-01-29,8380.61,8463.12,8308.82,4019880,677736380000,4.05,8332.21,sh000852,中证1000
2026-01-28,8392.75,8432.62,8334.68,3496583,627356670000,3.52,8399.79,sh000852,中证1000
2026-01-27,8325.43,8406.10,8186.24,3656573,630208310000,3.68,8382.15,sh000852,中证1000
2026-01-26,8513.22,8530.42,8302.10,4034284,703181530000,4.06,8365.43,sh000852,中证1000
2026-01-23,8331.77,8478.56,8323.35,3930430,681947640000,3.96,8470.74,sh000852,中证1000
2026-01-22,8272.47,8314.22,8252.74,3285633,571805720000,3.31,8309.35,sh000852,中证1000
2026-01-21,8138.68,8289.13,8136.92,3256764,564720690000,3.28,8247.68,sh000852,中证1000
2026-01-20,8271.78,8300.05,8104.92,3366891,579037020000,3.39,8182.75,sh000852,中证1000
2026-01-19,8204.63,8298.48,8187.94,3266911,581675790000,3.29,8265.65,sh000852,中证1000
2026-01-16,8276.61,8304.40,8180.12,3525394,633410680000,3.55,8232.73,sh000852,中证1000
2026-01-15,8197.06,8267.81,8151.11,3533577,638659730000,3.56,8240.78,sh000852,中证1000
2026-01-14,8204.28,8415.10,8154.24,4897984,884281080000,4.93,8257.17,sh000852,中证1000
2026-01-13,8381.04,8381.04,8177.63,4544445,824652000000,4.58,8203.13,sh000852,中证1000
2026-01-12,8196.08,8371.75,8171.11,4472290,827564720000,4.50,8357.01,sh000852,中证1000
2026-01-09,7969.19,8131.49,7969.19,3810439,705322960000,3.84,8129.18,sh000852,中证1000
2026-01-08,7886.81,7993.63,7886.63,3255639,605389120000,3.28,7971.59,sh000852,中证1000
2026-01-07,7881.84,7939.75,7864.14,3187344,617917010000,3.21,7906.42,sh000852,中证1000
2026-01-06,7756.16,7864.90,7755.07,3311620,580815080000,3.34,7864.90,sh000852,中证1000
2026-01-05,7639.54,7753.96,7623.75,3053747,542230840000,3.08,7753.88,sh000852,中证1000
2025-12-31,7606.65,7619.22,7560.72,2445492,440672070000,2.46,7595.28,sh000852,中证1000
2025-12-30,7556.54,7636.15,7552.40,2633319,468024130000,2.65,7597.30,sh000852,中证1000
2025-12-29,7606.44,7637.91,7574.77,2640648,466873470000,2.66,7594.16,sh000852,中证1000
2025-12-26,7575.93,7644.84,7550.01,2662616,473665630000,2.68,7605.53,sh000852,中证1000
2025-12-25,7507.30,7591.78,7502.15,2287449,434419260000,2.31,7579.38,sh000852,中证1000
2025-12-24,7391.56,7513.25,7386.49,2179615,406286040000,2.20,7506.38,sh000852,中证1000
2025-12-23,7410.22,7441.41,7363.93,2242886,397181530000,2.26,7392.42,sh000852,中证1000
2025-12-22,7363.06,7433.43,7363.06,2216019,381186010000,2.23,7408.35,sh000852,中证1000
2025-12-19,7295.67,7357.04,7279.99,2192055,362345400000,2.22,7329.81,sh000852,中证1000
2025-12-18,7244.64,7336.73,7241.86,2000447,348983560000,2.03,7272.40,sh000852,中证1000
2025-12-17,7178.31,7303.38,7149.02,2204988,366263790000,2.23,7288.74,sh000852,中证1000
2025-12-16,7302.16,7302.16,7143.61,2305260,361621760000,2.34,7181.62,sh000852,中证1000
2025-12-15,7324.48,7375.61,7305.83,2209577,372658890000,2.24,7309.08,sh000852,中证1000
2025-12-12,7312.87,7384.85,7284.56,2435252,422779410000,2.50,7370.94,sh000852,中证1000
2025-12-11,7421.79,7425.44,7312,2340209,381933820000,2.40,7312,sh000852,中证1000
2025-12-10,7367.49,7421.42,7332.05,2156111,360245250000,2.21,7408.24,sh000852,中证1000
2025-12-09,7400.93,7439.55,7370.30,2284914,392312850000,2.34,7380.58,sh000852,中证1000
2025-12-08,7359.49,7446.19,7359.49,2409190,418474780000,2.47,7423.05,sh000852,中证1000
2025-12-05,7244.28,7347,7194.66,2157277,352805660000,2.21,7342.49,sh000852,中证1000
2025-12-04,7246.86,7269.90,7185.91,1948393,311315800000,2,7248.66,sh000852,中证1000
2025-12-03,7312.67,7324.21,7220.98,2146334,335034480000,2.20,7248.27,sh000852,中证1000
2025-12-02,7364.20,7364.20,7299.27,2005125,320218840000,2.06,7313.18,sh000852,中证1000
2025-12-01,7356.51,7388.62,7342.60,2344116,392320300000,2.40,7386.68,sh000852,中证1000
2025-11-28,7257.17,7334.21,7239.85,2006805,342185220000,2.06,7334.21,sh000852,中证1000
2025-11-27,7243.71,7330.60,7243.71,2112774,365625940000,2.17,7257.45,sh000852,中证1000
2025-11-26,7236.66,7307.20,7225.09,2317768,376963940000,2.38,7248.45,sh000852,中证1000
2025-11-25,7195.10,7311.73,7194.77,2454294,404174110000,2.52,7249.95,sh000852,中证1000
2025-11-24,7105.64,7190.72,7064.60,2406551,368993400000,2.47,7156.41,sh000852,中证1000
2025-11-21,7235.33,7274.33,7067.70,2848007,408671900000,2.92,7067.70,sh000852,中证1000
2025-11-20,7429.70,7439.04,7332.32,2275361,356711970000,2.34,7340.41,sh000852,中证1000
2025-11-19,7438.14,7471.73,7348.04,2383938,367172560000,2.45,7387.21,sh000852,中证1000
2025-11-18,7508.53,7521.66,7412.28,2774804,418065490000,2.85,7448.10,sh000852,中证1000
2025-11-17,7514.84,7544.72,7487.81,2611561,391318350000,2.68,7523.08,sh000852,中证1000
2025-11-14,7527.83,7591.32,7502.76,2719728,406292990000,2.79,7502.76,sh000852,中证1000
2025-11-13,7483.66,7604.89,7475.51,2756361,420596450000,2.83,7590.58,sh000852,中证1000
2025-11-12,7520.18,7537.76,7421.46,2669634,390482490000,2.74,7486.38,sh000852,中证1000
2025-11-11,7579.91,7598.99,7530.14,2652507,404867230000,2.72,7540.79,sh000852,中证1000
2025-11-10,7568.75,7592.76,7515.68,2743613,433797530000,2.82,7563.25,sh000852,中证1000
2025-11-07,7519.75,7581.56,7492.93,2678887,419611060000,2.75,7541.88,sh000852,中证1000
2025-11-06,7482.91,7551.83,7466.75,2636130,405168970000,2.71,7551.83,sh000852,中证1000
2025-11-05,7332.10,7490.90,7332.10,2585482,373351690000,2.66,7464.86,sh000852,中证1000
2025-11-04,7523.64,7523.64,7387.38,2516774,381678890000,2.59,7435.73,sh000852,中证1000
2025-11-03,7507.37,7539.33,7417.27,2782417,432422770000,2.86,7538.12,sh000852,中证1000
2025-10-31,7480.66,7583.03,7480.66,2997452,475588000000,3.08,7506.67,sh000852,中证1000
2025-10-30,7560.60,7569.16,7476.70,2973853,478507160000,3.06,7485.08,sh000852,中证1000
2025-10-29,7481.24,7569.12,7469.07,2658461,439161750000,2.73,7569.12,sh000852,中证1000
2025-10-28,7462.91,7534.05,7443.70,2518042,431016070000,2.59,7479.22,sh000852,中证1000
2025-10-27,7483.30,7511.41,7430.62,2653447,458169860000,2.73,7495.38,sh000852,中证1000
2025-10-24,7340.67,7419.41,7340.67,2455600,397473070000,2.53,7419.24,sh000852,中证1000
2025-10-23,7292.39,7319.55,7192.42,2315690,328574780000,2.38,7308.10,sh000852,中证1000
2025-10-22,7304.96,7349.80,7278.71,2273245,332181330000,2.34,7312.21,sh000852,中证1000
2025-10-21,7257.11,7350.92,7236.63,2372502,348158790000,2.44,7344.05,sh000852,中证1000
2025-10-20,7259.49,7301.99,7196.28,2185797,328445220000,2.25,7239.18,sh000852,中证1000
2025-10-17,7395.87,7426.21,7176.96,2543273,383875370000,2.62,7185.48,sh000852,中证1000
2025-10-16,7460.76,7472.75,7378.30,2346431,374296520000,2.42,7401.84,sh000852,中证1000
2025-10-15,7384.01,7484.05,7315.48,2448540,403797530000,2.52,7483.45,sh000852,中证1000
2025-10-14,7580.39,7611.83,7342.60,3044120,506690160000,3.14,7373.15,sh000852,中证1000
2025-10-13,7250.58,7535.21,7250.58,2884004,470990830000,2.97,7519.76,sh000852,中证1000
2025-10-10,7608.29,7621.98,7513.17,2904299,485703730000,2.99,7533.82,sh000852,中证1000
2025-10-09,7623.30,7671.17,7590.47,3034914,530500290000,3.13,7648.05,sh000852,中证1000
2025-09-30,7525.62,7592.91,7524.92,2551738,442639610000,2.63,7574.96,sh000852,中证1000
2025-09-29,7415.13,7517.12,7376.91,2586802,419534690000,2.67,7497.83,sh000852,中证1000
2025-09-26,7476.94,7516.11,7396.58,2587503,436863300000,2.67,7397.59,sh000852,中证1000
2025-09-25,7521.32,7563.08,7487.12,2644037,464745030000,2.73,7506.51,sh000852,中证1000
2025-09-24,7375.91,7534.22,7342.47,2789128,494397620000,2.88,7534.22,sh000852,中证1000
2025-09-23,7500.62,7504.23,7261.67,3132603,503959590000,3.24,7408.07,sh000852,中证1000
2025-09-22,7457.89,7489.48,7418.46,2703626,440515480000,2.79,7489.48,sh000852,中证1000
2025-09-19,7473.02,7520.92,7405.29,2958959,483203150000,3.06,7438.19,sh000852,中证1000
2025-09-18,7552.23,7665.97,7393.18,3986001,654022740000,4.12,7476.40,sh000852,中证1000
2025-09-17,7478.41,7564.82,7461.41,3017065,493296280000,3.12,7554.81,sh000852,中证1000
2025-09-16,7426.41,7487.07,7364.73,3090106,474734480000,3.19,7483.63,sh000852,中证1000
2025-09-15,7445.50,7454.30,7404.50,3013078,475104710000,3.11,7415.57,sh000852,中证1000
2025-09-12,7402.42,7472.87,7387.59,3158388,508828450000,3.27,7422.88,sh000852,中证1000
2025-09-11,7215.93,7399.89,7161.28,2939751,486236600000,3.04,7399.89,sh000852,中证1000
2025-09-10,7214.23,7296,7179.76,2526742,396104750000,2.61,7230.17,sh000852,中证1000
2025-09-09,7287.40,7315.97,7198.32,2824431,431928800000,2.92,7226.03,sh000852,中证1000
2025-09-08,7257.33,7321.16,7220.59,3078133,495541350000,3.18,7311.03,sh000852,中证1000
2025-09-05,7046.96,7248.58,7017.95,2827659,458842750000,2.93,7245.67,sh000852,中证1000
2025-09-04,7214.72,7255,6939.66,2976228,488595040000,3.08,7041.15,sh000852,中证1000
2025-09-03,7336.39,7361.03,7182.29,2902886,486667170000,3,7206.88,sh000852,中证1000
2025-09-02,7498.44,7499.60,7258.59,3504359,598514460000,3.63,7313.88,sh000852,中证1000
2025-09-01,7475,7502.59,7424.34,3242207,564568450000,3.35,7501.15,sh000852,中证1000
2025-08-29,7449.86,7477.20,7380.83,3276409,565058630000,3.39,7438.68,sh000852,中证1000
2025-08-28,7331.19,7447.11,7216.77,3814664,631711690000,3.95,7447.11,sh000852,中证1000
2025-08-27,7488.93,7565.35,7336.50,4167593,672784130000,4.31,7336.50,sh000852,中证1000
2025-08-26,7457.77,7526.17,7435.30,3636847,573343120000,3.76,7476.47,sh000852,中证1000
2025-08-25,7418.35,7504.01,7405.94,4084577,660911470000,4.23,7477.73,sh000852,中证1000
2025-08-22,7250.19,7362.94,7250.19,3268075,527766040000,3.38,7362.94,sh000852,中证1000
2025-08-21,7318.76,7343.17,7215.34,3268229,516507410000,3.38,7253.34,sh000852,中证1000
2025-08-20,7212.97,7305.46,7166.99,3247515,517521410000,3.36,7305.46,sh000852,中证1000
2025-08-19,7231.93,7289.03,7193.59,3408790,558781040000,3.53,7242.85,sh000852,中证1000
2025-08-18,7158.53,7267.98,7143.07,3798313,606867230000,3.93,7237.60,sh000852,中证1000
2025-08-15,6956.51,7117.51,6956.51,3040052,492508500000,3.15,7117.50,sh000852,中证1000
2025-08-14,7072.90,7077.81,6957.40,3172729,513604370000,3.29,6976.49,sh000852,中证1000
2025-08-13,6966.27,7070.50,6966.27,2946539,471479350000,3.05,7064.33,sh000852,中证1000
2025-08-12,6943.67,6963.80,6894.85,2604899,409922650000,2.70,6963.61,sh000852,中证1000
2025-08-11,6850.57,6957.40,6850.57,2609702,401163370000,2.71,6943.94,sh000852,中证1000
2025-08-08,6844.44,6865.84,6816.09,2514657,381544610000,2.61,6838.13,sh000852,中证1000
2025-08-07,6864.45,6876.50,6813.77,2613896,411411190000,2.71,6862.15,sh000852,中证1000
2025-08-06,6784.17,6865.02,6774.03,2581339,399056050000,2.68,6861.31,sh000852,中证1000
2025-08-05,6753.53,6787.48,6744.07,2237247,348578380000,2.32,6787.48,sh000852,中证1000
2025-08-04,6637.84,6739.73,6631.12,2134915,329554820000,2.22,6739.69,sh000852,中证1000
2025-08-01,6665.64,6702.68,6625.93,2324847,349070970000,2.41,6670.47,sh000852,中证1000
2025-07-31,6701.16,6750.08,6639.12,2701387,401821830000,2.81,6661.19,sh000852,中证1000
2025-07-30,6758.33,6770.88,6662.91,2681796,392675090000,2.78,6718.48,sh000852,中证1000
2025-07-29,6724.32,6773.88,6684.16,2592612,383703630000,2.69,6773.88,sh000852,中证1000
2025-07-28,6713.82,6736.08,6679.21,2527429,359575850000,2.62,6729.98,sh000852,中证1000
2025-07-25,6708.08,6716.70,6674.54,2640048,363139660000,2.74,6706.61,sh000852,中证1000
2025-07-24,6602.17,6701.12,6602.17,2854182,374405610000,2.97,6701.12,sh000852,中证1000
2025-07-23,6634.12,6667.86,6594.48,2941093,378330160000,3.06,6607.22,sh000852,中证1000
2025-07-22,6607.83,6642.24,6597.05,3016600,395915310000,3.14,6637.10,sh000852,中证1000
2025-07-21,6557.25,6614.61,6555.04,2765916,359907690000,2.88,6612.26,sh000852,中证1000
2025-07-18,6546.36,6563.82,6521.50,2344617,330217280000,2.44,6552.07,sh000852,中证1000
2025-07-17,6458.41,6535.67,6451.15,2278316,325983690000,2.37,6535.67,sh000852,中证1000
2025-07-16,6440.52,6487.83,6433.51,2202300,306082810000,2.29,6462.06,sh000852,中证1000
2025-07-15,6452,6472.53,6381.56,2698694,347377820000,2.81,6442.83,sh000852,中证1000
2025-07-14,6465.51,6474.93,6443.56,2420578,302637450000,2.52,6462.31,sh000852,中证1000
2025-07-11,6411.31,6487.44,6388.40,2825613,352065980000,2.94,6461.10,sh000852,中证1000
2025-07-10,6385.21,6427.74,6367.66,2401834,296726320000,2.50,6406.57,sh000852,中证1000
2025-07-09,6412.14,6431.09,6375.08,2361756,303195810000,2.46,6390.47,sh000852,中证1000
2025-07-08,6321.55,6408.11,6318.52,2351256,306816860000,2.45,6407.70,sh000852,中证1000
2025-07-07,6305.04,6333.51,6303.86,2104774,264834580000,2.19,6327.14,sh000852,中证1000
2025-07-04,6338.56,6375.07,6292.14,2381332,304676920000,2.48,6312.20,sh000852,中证1000
2025-07-03,6306.75,6349.14,6295.23,2139808,270492480000,2.23,6342.64,sh000852,中证1000
2025-07-02,6358.87,6358.87,6285,2385809,296644000000,2.48,6309.48,sh000852,中证1000
2025-07-01,6358.06,6373.77,6308.06,2435373,334302460000,2.54,6373.77,sh000852,中证1000
2025-06-30,6297.08,6358.03,6292.51,2373230,336221160000,2.47,6356.18,sh000852,中证1000
2025-06-27,6265.92,6319.16,6257.59,2485634,330455010000,2.59,6276.94,sh000852,中证1000
2025-06-26,6272.44,6310.54,6244.78,2542465,343746330000,2.65,6247.79,sh000852,中证1000
2025-06-25,6196.15,6282.11,6194.15,2475563,334997600000,2.58,6276.16,sh000852,中证1000
2025-06-24,6082.74,6194.67,6082.74,2334534,303658280000,2.43,6194.67,sh000852,中证1000
2025-06-23,5966.50,6083.53,5965.66,1935585,239995080000,2.02,6078.22,sh000852,中证1000
2025-06-20,6039.99,6061.84,5997.59,1808573,226531990000,1.89,5999.59,sh000852,中证1000
2025-06-19,6127.94,6146.64,6028.72,2122173,270827080000,2.21,6048.22,sh000852,中证1000
2025-06-18,6126.18,6143.21,6086.69,2041058,256463610000,2.13,6135.39,sh000852,中证1000
2025-06-17,6153.15,6171.17,6120.57,2084273,260873530000,2.18,6141.47,sh000852,中证1000
2025-06-16,6089.96,6151.51,6089.96,1973109,253087830000,2.06,6147.46,sh000852,中证1000
2025-06-13,6174.43,6183.71,6088.57,2368895,298969330000,2.41,6106.01,sh000852,中证1000
2025-06-12,6171.56,6202.73,6151.04,1970187,250824400000,2,6192.22,sh000852,中证1000
2025-06-11,6162.16,6221.20,6162.16,1976436,243671180000,2.01,6186.51,sh000852,中证1000
2025-06-10,6220.04,6220.04,6098.09,2200605,277218150000,2.24,6161.69,sh000852,中证1000
2025-06-09,6161.14,6226.38,6158.90,1932836,255785050000,1.97,6218.96,sh000852,中证1000
2025-06-06,6164.41,6169.57,6137.57,1783396,240362540000,1.82,6152.84,sh000852,中证1000
2025-06-05,6125.89,6174.85,6101.85,2060779,273238610000,2.10,6167.01,sh000852,中证1000
2025-06-04,6067.83,6124.70,6067.83,1869559,232040000000,1.90,6123.17,sh000852,中证1000
2025-06-03,6009.18,6086.62,6008.54,1917647,234296500000,1.96,6070.04,sh000852,中证1000
2025-05-30,6075.45,6075.45,6016.89,1869187,228038840000,1.91,6026.56,sh000852,中证1000
2025-05-29,5980.86,6091.96,5980.86,1893765,232575960000,1.93,6089.58,sh000852,中证1000
2025-05-28,6006.89,6023.82,5972.18,1591055,191732660000,1.62,5984.46,sh000852,中证1000
2025-05-27,6019.54,6023.14,5971.35,1579458,193605920000,1.61,6008.46,sh000852,中证1000
2025-05-26,5991.86,6038.81,5981.84,1559888,191925540000,1.59,6028.79,sh000852,中证1000
2025-05-23,6060.52,6099.23,5989.68,1849238,224806210000,1.89,5989.68,sh000852,中证1000
2025-05-22,6113.21,6146.20,6062.59,1863957,220813670000,1.91,6066.10,sh000852,中证1000
2025-05-21,6137.10,6141.73,6109.92,1965508,234419140000,2.01,6132.18,sh000852,中证1000
2025-05-20,6097.36,6154.95,6078.22,1929573,232587240000,1.97,6146.02,sh000852,中证1000
2025-05-19,6073.20,6100.80,6009.95,1847130,214012640000,1.89,6095.34,sh000852,中证1000
2025-05-16,6042.22,6098.88,6042.22,1763948,206157490000,1.80,6068.12,sh000852,中证1000
2025-05-15,6146,6146,6055.84,1905238,224907800000,1.95,6057.04,sh000852,中证1000
2025-05-14,6144.25,6199.30,6111.11,2115591,252514240000,2.16,6160.37,sh000852,中证1000
2025-05-13,6219.45,6220.44,6141.68,2032742,263462630000,2.08,6151.01,sh000852,中证1000
2025-05-12,6122.67,6167.46,6110.02,1968472,264308290000,2.01,6167.46,sh000852,中证1000
2025-05-09,6153.53,6153.53,6054.93,1892213,242809570000,1.94,6082.08,sh000852,中证1000
2025-05-08,6093.56,6167.15,6087.37,2039158,262739570000,2.09,6158.08,sh000852,中证1000
2025-05-07,6171.61,6195.14,6063.64,2339230,296522330000,2.40,6111.49,sh000852,中证1000
2025-05-06,5993.33,6102.92,5993.33,2202096,283658440000,2.26,6102.92,sh000852,中证1000
2025-04-30,5907.19,5972.66,5907.19,1954590,241759320000,2,5950.12,sh000852,中证1000
2025-04-29,5850.83,5921.56,5836.03,1860234,219411780000,1.91,5903.38,sh000852,中证1000
2025-04-28,5933.42,5939.96,5868.87,1949509,221937580000,2,5877.06,sh000852,中证1000
2025-04-25,5927.32,5982.71,5901.08,1980877,234799470000,2.03,5939.50,sh000852,中证1000
2025-04-24,5979.41,5984.37,5897.65,1997966,237867470000,2.05,5920.48,sh000852,中证1000
2025-04-23,5971.47,6013.28,5954.03,2181962,274309980000,2.24,5984.58,sh000852,中证1000
2025-04-22,5947.15,5974.32,5923.59,2064571,246793930000,2.12,5949.31,sh000852,中证1000
2025-04-21,5826.62,5952.72,5802.83,1927115,228800250000,1.98,5952.64,sh000852,中证1000
2025-04-18,5833.11,5855.69,5793.79,1644446,190723840000,1.69,5831.69,sh000852,中证1000
2025-04-17,5802.29,5898.18,5801.12,1731967,212948450000,1.78,5839.56,sh000852,中证1000
2025-04-16,5897.20,5903.12,5758.67,1904239,229430160000,1.96,5835.35,sh000852,中证1000
2025-04-15,5938.57,5949.86,5872.29,1830478,225752070000,1.88,5914.03,sh000852,中证1000
2025-04-14,5933.99,5979.90,5914.25,2165811,272673490000,2.22,5938.53,sh000852,中证1000
2025-04-11,5744.80,5923.14,5743.08,2221392,288233390000,2.28,5862.19,sh000852,中证1000
2025-04-10,5766.51,5883.46,5766.41,2741618,329964030000,2.81,5784.59,sh000852,中证1000
2025-04-09,5439.18,5688.48,5224.97,3057240,342055470000,3.14,5652.33,sh000852,中证1000
2025-04-08,5475.56,5632.64,5426.03,3097015,342259640000,3.18,5530.02,sh000852,中证1000
2025-04-07,5811.54,5905.57,5437.45,2772148,311471170000,2.85,5496.44,sh000852,中证1000
2025-04-03,6208.29,6299.16,6168.54,1836996,238273430000,1.89,6203.26,sh000852,中证1000
2025-04-02,6252.63,6316.64,6251.85,1592664,208427530000,1.63,6277.25,sh000852,中证1000
2025-04-01,6242.07,6300.67,6240.20,1823322,241767490000,1.87,6259.48,sh000852,中证1000
2025-03-31,6229.56,6259.36,6143.65,2073820,267799430000,2.13,6226.65,sh000852,中证1000
2025-03-28,6326.81,6356.80,6261.69,1965535,246785920000,2.02,6268.32,sh000852,中证1000
2025-03-27,6315.10,6394.21,6254.89,1988947,256610200000,2.04,6328.77,sh000852,中证1000
2025-03-26,6297.33,6371.10,6297.33,2066795,248639810000,2.12,6334.91,sh000852,中证1000
2025-03-25,6355.81,6382.19,6289.12,2316638,281993860000,2.38,6310.76,sh000852,中证1000
2025-03-24,6403.57,6412.52,6244.87,2576846,320142690000,2.65,6360.34,sh000852,中证1000
2025-03-21,6507.95,6531.76,6389.62,2562053,330125310000,2.63,6405.61,sh000852,中证1000
2025-03-20,6551.82,6596.27,6528.86,2319075,316002110000,2.38,6535.06,sh000852,中证1000
2025-03-19,6590.56,6598.51,6536.72,2196630,319556370000,2.26,6564.68,sh000852,中证1000
2025-03-18,6605.04,6642.86,6581.96,2347266,344774180000,2.41,6611.93,sh000852,中证1000
2025-03-17,6585.82,6609.89,6557.63,2520808,353560410000,2.59,6589.57,sh000852,中证1000
2025-03-14,6463.92,6575.82,6428.22,2763300,384170670000,2.84,6571.17,sh000852,中证1000
2025-03-13,6558.42,6570.89,6405.73,2668257,384618290000,2.74,6466.85,sh000852,中证1000
2025-03-12,6585.60,6632.39,6564.72,2817056,416300250000,2.89,6566.97,sh000852,中证1000
2025-03-11,6438.24,6551.73,6432.76,2524552,366244090000,2.59,6551.73,sh000852,中证1000
2025-03-10,6519.03,6541.59,6466.90,2565221,374384340000,2.63,6520.97,sh000852,中证1000
2025-03-07,6512.73,6577.95,6465.26,3088888,463226930000,3.17,6507.76,sh000852,中证1000
2025-03-06,6438.16,6548.85,6435.54,3005548,464779820000,3.09,6534.97,sh000852,中证1000
2025-03-05,6365.43,6401.83,6318.29,2389618,359566650000,2.45,6398.24,sh000852,中证1000
2025-03-04,6218.83,6364.12,6217.81,2295485,347694980000,2.36,6357.63,sh000852,中证1000
2025-03-03,6291.05,6382.05,6240.57,2669454,388839570000,2.74,6273.67,sh000852,中证1000
2025-02-28,6460.90,6468.80,6252.01,2955597,433909060000,3.04,6270.42,sh000852,中证1000
2025-02-27,6526.81,6550.10,6395.91,3119641,475356400000,3.20,6499.53,sh000852,中证1000
2025-02-26,6451.40,6527.85,6423.60,3031764,463990770000,3.11,6524.41,sh000852,中证1000
2025-02-25,6369.28,6503.01,6359.84,2953664,464348020000,3.03,6435.43,sh000852,中证1000
2025-02-24,6454.56,6504.40,6411.77,3184612,492113850000,3.27,6464.02,sh000852,中证1000
2025-02-21,6347.67,6456.92,6317.09,3272638,503581230000,3.36,6449.23,sh000852,中证1000
2025-02-20,6289.13,6349.47,6274.03,2881102,424704880000,2.96,6334.41,sh000852,中证1000
2025-02-19,6134.99,6290.01,6133.94,2729201,405139540000,2.81,6288.53,sh000852,中证1000
2025-02-18,6264.28,6282.40,6112.59,3001593,417068620000,3.09,6142.14,sh000852,中证1000
2025-02-17,6285.04,6308.48,6231.87,3237343,458304250000,3.33,6281.57,sh000852,中证1000
2025-02-14,6203.48,6257.31,6182.26,2980058,411860060000,3.06,6248.83,sh000852,中证1000
2025-02-13,6290.79,6290.79,6202.59,3129849,437899820000,3.22,6212.50,sh000852,中证1000
2025-02-12,6172.39,6284.92,6171.06,2813428,392322250000,2.89,6284.61,sh000852,中证1000
2025-02-11,6209.52,6220.96,6135.87,2882716,393173430000,2.96,6190.17,sh000852,中证1000
2025-02-10,6155.05,6218.07,6126.08,2978259,407767220000,3.06,6210.55,sh000852,中证1000
2025-02-07,6046.36,6198.75,6042.26,3239528,447048590000,3.33,6134.05,sh000852,中证1000
2025-02-06,5869.71,6042.02,5853.75,2559985,361378400000,2.63,6041.83,sh000852,中证1000
2025-02-05,5900.51,5928.88,5851.60,2120053,286305600000,2.18,5881.44,sh000852,中证1000
2025-01-27,5946.73,5964.15,5846.07,1886462,253588510000,1.94,5846.07,sh000852,中证1000
2025-01-24,5815.46,5943.11,5815.46,2080904,279147950000,2.14,5938.13,sh000852,中证1000
2025-01-23,5911.22,5991.85,5829.03,2228558,296684960000,2.29,5829.03,sh000852,中证1000
2025-01-22,5879.84,5886.74,5824.03,1802968,245947710000,1.86,5855.74,sh000852,中证1000
2025-01-21,5911.40,5917.13,5834.96,1991278,273060410000,2.05,5908.02,sh000852,中证1000
2025-01-20,5877.97,5925.07,5856.83,1984308,250732030000,2.05,5879.15,sh000852,中证1000
2025-01-17,5780.61,5885.42,5755.91,1968180,252875260000,2.03,5841.57,sh000852,中证1000
2025-01-16,5810.05,5906.47,5753.76,2163732,268024990000,2.23,5801.31,sh000852,中证1000
2025-01-15,5805.90,5815.15,5755.62,2042903,258108820000,2.11,5775.57,sh000852,中证1000
2025-01-14,5580.88,5814.71,5562.18,2357729,291062200000,2.43,5811.05,sh000852,中证1000
2025-01-13,5487.12,5599.33,5457.51,1693092,201644040000,1.75,5559.47,sh000852,中证1000
2025-01-10,5662.77,5718.21,5544.92,1980149,242988530000,2.04,5544.92,sh000852,中证1000
2025-01-09,5629.90,5714.46,5629.82,1933204,248219960000,2,5672.78,sh000852,中证1000
2025-01-08,5664.31,5706.66,5501.49,2258008,272083990000,2.33,5661.78,sh000852,中证1000
2025-01-07,5610.95,5694,5580.89,1939125,234287090000,2,5692.04,sh000852,中证1000
2025-01-06,5614.03,5688.92,5561.90,2030477,234876630000,2.10,5608.03,sh000852,中证1000
2025-01-03,5808.54,5826.08,5609.77,2370932,272348060000,2.45,5625.21,sh000852,中证1000
2025-01-02,5948.68,5982.55,5743.18,2441256,293717950000,2.52,5797.09,sh000852,中证1000
2024-12-31,6151.03,6160.73,5957.72,2379900,296970410000,2.46,5957.72,sh000852,中证1000
2024-12-30,6164.91,6192.58,6097.10,2077124,273573030000,2.15,6145.93,sh000852,中证1000
2024-12-27,6164.67,6250.20,6135.48,2378416,313072970000,2.46,6171.57,sh000852,中证1000
2024-12-26,6083.89,6185.81,6083.89,2069167,280812700000,2.14,6160.45,sh000852,中证1000
2024-12-25,6158.65,6159.60,6037.74,2190270,274581370000,2.27,6094.69,sh000852,中证1000
2024-12-24,6110.77,6165.20,6066.23,2160109,281310590000,2.24,6164.36,sh000852,中证1000
2024-12-23,6271.76,6276.97,6086.91,2584750,333062020000,2.68,6096.38,sh000852,中证1000
2024-12-20,6195.64,6320.96,6191.08,2436591,344655610000,2.53,6271.75,sh000852,中证1000
2024-12-19,6127.22,6223.80,6108.39,2514879,320880950000,2.61,6207.19,sh000852,中证1000
2024-12-18,6156.69,6242.52,6121.05,2480241,310421480000,2.57,6195.87,sh000852,中证1000
2024-12-17,6262.49,6269.14,6133.13,2747940,325036280000,2.85,6143.94,sh000852,中证1000
2024-12-16,6355.63,6367.81,6248.16,3102152,379382280000,3.22,6277.52,sh000852,中证1000
2024-12-13,6447.20,6460.94,6351.30,3619855,430631040000,3.78,6354.99,sh000852,中证1000
2024-12-12,6454.94,6493.71,6390.59,3423261,407629780000,3.58,6490.15,sh000852,中证1000
2024-12-11,6343.78,6454.97,6343.78,3313520,392600350000,3.46,6447.37,sh000852,中证1000
2024-12-10,6493.54,6497.89,6352.76,3742092,453736860000,3.91,6362.02,sh000852,中证1000
2024-12-09,6346.59,6371.10,6257.54,2937733,336347270000,3.07,6303.27,sh000852,中证1000
2024-12-06,6291.30,6384.66,6229.21,3490310,392887680000,3.65,6349.62,sh000852,中证1000
2024-12-05,6186.12,6302.36,6186.12,2885356,340682850000,3.02,6285.60,sh000852,中证1000
2024-12-04,6301.05,6303.50,6175.84,2992021,351416850000,3.13,6204.94,sh000852,中证1000
2024-12-03,6318.97,6342.36,6239.44,3266524,377825590000,3.42,6303.28,sh000852,中证1000
2024-12-02,6188.80,6325.86,6188.80,3540281,408649280000,3.70,6313.61,sh000852,中证1000
2024-11-29,6066.71,6246.20,6039.83,3247627,387695670000,3.40,6189.13,sh000852,中证1000
2024-11-28,6121.68,6170.13,6077.60,3012356,352731890000,3.15,6086.09,sh000852,中证1000
2024-11-27,5942.53,6119.01,5857,2909463,337553540000,3.04,6118.66,sh000852,中证1000
2024-11-26,6036.64,6093.37,5979.39,2444041,293810760000,2.56,5981.57,sh000852,中证1000
2024-11-25,6047.94,6076.19,5937.91,2776468,336016460000,2.91,6052.13,sh000852,中证1000
2024-11-22,6240.09,6280.60,6030.37,3421291,415874880000,3.58,6030.49,sh000852,中证1000
2024-11-21,6241.01,6292.86,6199.71,2996551,380712420000,3.14,6262.16,sh000852,中证1000
2024-11-20,6116.96,6262.08,6105.22,2999758,367521340000,3.14,6250.80,sh000852,中证1000
2024-11-19,5977.84,6130.50,5945.46,2731675,327924260000,2.86,6130.28,sh000852,中证1000
2024-11-18,6154.51,6180.88,5937.09,3226726,374007990000,3.38,5974.56,sh000852,中证1000
2024-11-15,6246.34,6331.87,6124.66,2951916,383424110000,3.09,6125.51,sh000852,中证1000
2024-11-14,6462.01,6472.95,6263.31,2947947,387867740000,3.09,6272.19,sh000852,中证1000
2024-11-13,6453.86,6512.60,6357.56,3174859,420386940000,3.33,6474.39,sh000852,中证1000
2024-11-12,6593.82,6616.16,6429.35,4007152,547396140000,4.20,6491.97,sh000852,中证1000
2024-11-11,6416.17,6580.57,6412.58,4024363,551137710000,4.22,6579.01,sh000852,中证1000
2024-11-08,6470.07,6526.65,6400.09,4517963,570702090000,4.74,6423.12,sh000852,中证1000
2024-11-07,6238.62,6403.92,6229.49,4085717,498495770000,4.29,6403.92,sh000852,中证1000
2024-11-06,6287.29,6368.87,6247.15,4242501,551410100000,4.45,6293.19,sh000852,中证1000
2024-11-05,6057.21,6279.92,6051.46,3901425,511248830000,4.09,6266.54,sh000852,中证1000
2024-11-04,5912.31,6053.11,5912.31,2956371,378246860000,3.10,6053.11,sh000852,中证1000
2024-11-01,6100.79,6125.41,5912.53,4093383,511368120000,4.30,5930.23,sh000852,中证1000
2024-10-31,6041.01,6161.56,6004.71,3861195,507595180000,4.05,6116.66,sh000852,中证1000
2024-10-30,5960.79,6043.59,5945.68,3243802,416947150000,3.40,6019.35,sh000852,中证1000
2024-10-29,6106.19,6113.64,5982.53,3693253,475114150000,3.87,5983.84,sh000852,中证1000
2024-10-28,5988.72,6082.09,5965,3267229,408798510000,3.43,6082.09,sh000852,中证1000
2024-10-25,5876.44,6014.11,5876.21,3068207,394949030000,3.22,5974.91,sh000852,中证1000
2024-10-24,5871.29,5887.45,5817.93,2641495,352283290000,2.77,5861.63,sh000852,中证1000
2024-10-23,5871.32,5991.59,5856.37,3337538,435103070000,3.50,5903.58,sh000852,中证1000
2024-10-22,5866.79,5940.37,5814.30,3472986,466594850000,3.65,5888.81,sh000852,中证1000
2024-10-21,5797,5954.44,5767.79,3550611,496180060000,3.73,5860.57,sh000852,中证1000
2024-10-18,5495.20,5880.90,5484.24,3597190,468006520000,3.78,5749.43,sh000852,中证1000
2024-10-17,5563.46,5624.79,5504.49,2763975,351913540000,2.91,5505.61,sh000852,中证1000
2024-10-16,5425.43,5598.84,5424.39,2485203,306601620000,2.61,5524.25,sh000852,中证1000
2024-10-15,5585.69,5704.56,5505.81,2975171,380974460000,3.13,5507.18,sh000852,中证1000
2024-10-14,5451.62,5620.42,5346.42,2811444,332914370000,2.96,5615.76,sh000852,中证1000
2024-10-11,5610.95,5616.81,5349.32,2799926,325513950000,2.94,5416.76,sh000852,中证1000
2024-10-10,5777.90,5881.33,5593.98,3496280,422832930000,3.68,5654.53,sh000852,中证1000
2024-10-09,6052.67,6105.03,5706.05,4580942,561178620000,4.82,5727.38,sh000852,中证1000
2024-10-08,6437.11,6437.11,5861.32,5505908,637520550000,5.79,6201.99,sh000852,中证1000
2024-09-30,5375.57,5732.57,5307.55,4714329,484582500000,4.96,5708.83,sh000852,中证1000
2024-09-27,4950.94,5164.54,4944.84,2906817,277755800000,3.06,5136.44,sh000852,中证1000
2024-09-26,4675.94,4874.13,4672.87,2539778,222158650000,2.68,4874.13,sh000852,中证1000
2024-09-25,4688.39,4799.86,4681.85,2642407,228396450000,2.78,4686.26,sh000852,中证1000
2024-09-24,4489.49,4642.56,4466.34,2157825,186154170000,2.27,4642.56,sh000852,中证1000
2024-09-23,4462.72,4513.97,4445.99,1249451,113678190000,1.32,4469.13,sh000852,中证1000
2024-09-20,4484.18,4487.08,4428.17,1274802,110050420000,1.34,4463.36,sh000852,中证1000
2024-09-19,4418.78,4527.61,4385.49,1457472,122312280000,1.54,4482.27,sh000852,中证1000
2024-09-18,4413.90,4425.79,4342.21,1135521,94168110000,1.20,4399.13,sh000852,中证1000
2024-09-13,4471.98,4478.22,4413.19,1168273,102975440000,1.23,4413.19,sh000852,中证1000
2024-09-12,4490.52,4542.28,4468.74,1187312,106135760000,1.25,4468.74,sh000852,中证1000
2024-09-11,4469.01,4500.68,4453.20,1139540,101974620000,1.20,4486.01,sh000852,中证1000
2024-09-10,4481.49,4507.15,4400.78,1323516,114554770000,1.39,4487.58,sh000852,中证1000
2024-09-09,4490.99,4523.37,4459.13,1132849,100227930000,1.19,4475.53,sh000852,中证1000
2024-09-06,4588.93,4595.70,4506.39,1272177,115580270000,1.34,4508.23,sh000852,中证1000
2024-09-05,4554.52,4614.75,4554.52,1212092,108293300000,1.28,4586.78,sh000852,中证1000
2024-09-04,4542.90,4594.44,4529.34,1228717,113470300000,1.30,4550.77,sh000852,中证1000
2024-09-03,4529.94,4598.63,4529.94,1289525,116579550000,1.36,4572.40,sh000852,中证1000
2024-09-02,4627.18,4635.77,4529.83,1559273,139933700000,1.65,4532.51,sh000852,中证1000
2024-08-30,4539.93,4691.01,4534.04,1778386,163027970000,1.88,4629.32,sh000852,中证1000
2024-08-29,4453.43,4558.95,4443.90,1297888,118136330000,1.37,4542.46,sh000852,中证1000
2024-08-28,4449.71,4506.31,4437.52,1079032,92367710000,1.14,4470.55,sh000852,中证1000
2024-08-27,4500.73,4501.08,4449.21,1139395,100126840000,1.20,4459.68,sh000852,中证1000
2024-08-26,4492.71,4531.17,4476.24,1122718,97519320000,1.19,4512.89,sh000852,中证1000
2024-08-23,4482.65,4510.60,4462.76,1102547,94849190000,1.16,4495.34,sh000852,中证1000
2024-08-22,4549.30,4562.98,4484.56,1134693,97994050000,1.19,4491.84,sh000852,中证1000
2024-08-21,4564.38,4590.20,4543.88,1081643,92275970000,1.14,4548.26,sh000852,中证1000
2024-08-20,4663.78,4665.63,4563.86,1299797,107871970000,1.37,4579.30,sh000852,中证1000
2024-08-19,4651.30,4714.06,4644.60,1199422,104904650000,1.26,4663.61,sh000852,中证1000
2024-08-16,4696.72,4703.03,4654.46,1226125,108413620000,1.29,4655.65,sh000852,中证1000
2024-08-15,4639.08,4743.73,4620.56,1299007,111783010000,1.37,4691.85,sh000852,中证1000
2024-08-14,4698,4698.15,4649.28,999114,88773230000,1.05,4649.28,sh000852,中证1000
2024-08-13,4671.20,4698.34,4642.67,1002072,89086390000,1.05,4697.59,sh000852,中证1000
2024-08-12,4696.36,4707.22,4657.33,1076652,93579530000,1.13,4674.10,sh000852,中证1000
2024-08-09,4760.13,4789.17,4702.75,1156653,101903630000,1.22,4702.75,sh000852,中证1000
2024-08-08,4728.33,4776.49,4677.43,1267466,118155010000,1.33,4739.49,sh000852,中证1000
2024-08-07,4741.65,4772.21,4715.53,1126193,108824000000,1.18,4743.41,sh000852,中证1000
2024-08-06,4731.20,4766.27,4695.64,1270976,119128620000,1.33,4749.95,sh000852,中证1000
2024-08-05,4776.18,4854.59,4678.74,1528475,147489790000,1.60,4678.78,sh000852,中证1000
2024-08-02,4844.78,4902.94,4802.02,1379898,141716560000,1.45,4809.89,sh000852,中证1000
2024-08-01,4894.81,4933.06,4850.63,1464214,150211400000,1.53,4878.29,sh000852,中证1000
2024-07-31,4698.73,4889.77,4690,1737619,168965970000,1.82,4889.08,sh000852,中证1000
2024-07-30,4674.92,4716.21,4637.41,1123156,112127740000,1.18,4702.49,sh000852,中证1000
2024-07-29,4707.28,4707.28,4670.80,1093196,108822860000,1.15,4685.65,sh000852,中证1000
2024-07-26,4638.31,4710.57,4638.31,1106910,108478160000,1.16,4702.08,sh000852,中证1000
2024-07-25,4602.63,4678.66,4587.71,1085305,105862950000,1.14,4632.57,sh000852,中证1000
2024-07-24,4682.06,4713.07,4625.42,1210920,118860090000,1.27,4631.01,sh000852,中证1000
2024-07-23,4825.75,4825.75,4694.95,1204952,121481770000,1.26,4694.95,sh000852,中证1000
2024-07-22,4822.64,4848.31,4798.12,1107321,117656270000,1.16,4826.87,sh000852,中证1000
2024-07-19,4788.77,4854.71,4778.71,1126480,120485070000,1.18,4821.42,sh000852,中证1000
2024-07-18,4763.30,4822.62,4714.60,1217278,126287640000,1.28,4812.43,sh000852,中证1000
2024-07-17,4834.44,4842.72,4786.35,1204251,121445750000,1.27,4795.62,sh000852,中证1000
2024-07-16,4815.74,4845.35,4786.21,1208915,119708970000,1.27,4836.72,sh000852,中证1000
2024-07-15,4869,4869,4815.41,1264130,116891290000,1.33,4827.60,sh000852,中证1000
2024-07-12,4884.41,4897.17,4858.30,1308542,126357790000,1.38,4878.02,sh000852,中证1000
2024-07-11,4846.11,4896.15,4821.41,1531905,152871130000,1.61,4893.59,sh000852,中证1000
2024-07-10,4783.17,4829.21,4768.12,1384015,133173780000,1.46,4777.68,sh000852,中证1000
2024-07-09,4689.27,4810.32,4645.20,1485112,139660900000,1.56,4797.06,sh000852,中证1000
2024-07-08,4801.49,4801.49,4679.28,1235488,109218210000,1.30,4693.96,sh000852,中证1000
2024-07-05,4753.73,4828.84,4711.87,1106025,100918950000,1.17,4810.79,sh000852,中证1000
2024-07-04,4868.55,4883.74,4745.91,1212023,107066710000,1.28,4761.87,sh000852,中证1000
2024-07-03,4900.67,4906.51,4857.78,1023003,103816040000,1.08,4867.13,sh000852,中证1000
2024-07-02,4940.70,4951.20,4886.70,1188280,116969050000,1.25,4905.65,sh000852,中证1000
2024-07-01,4894.56,4954.18,4839.75,1292193,123312520000,1.36,4940.25,sh000852,中证1000
2024-06-28,4855.35,4968.27,4851.84,1345678,129940340000,1.42,4895.99,sh000852,中证1000
2024-06-27,4964.66,4969.09,4862.63,1216429,114644910000,1.28,4864.09,sh000852,中证1000
2024-06-26,4842,4988.31,4812.10,1380275,125780750000,1.46,4986.38,sh000852,中证1000
2024-06-25,4885.89,4907.96,4814.68,1125933,116321030000,1.19,4847.61,sh000852,中证1000
2024-06-24,5025.52,5029.73,4884.50,1289152,133643140000,1.36,4887.78,sh000852,中证1000
2024-06-21,5040.63,5090.57,5014.48,1112017,113314010000,1.18,5055.33,sh000852,中证1000
2024-06-20,5150.80,5174.87,5052.89,1415008,145161800000,1.50,5056.14,sh000852,中证1000
2024-06-19,5230.49,5241.97,5159.99,1258062,137697260000,1.33,5159.99,sh000852,中证1000
2024-06-18,5183.27,5237.82,5177.28,1354607,139816870000,1.43,5227.25,sh000852,中证1000
2024-06-17,5158.98,5211.39,5151.28,1246164,140185480000,1.32,5183.97,sh000852,中证1000
2024-06-14,5164.87,5190.71,5138.36,1391330,147939040000,1.43,5180.65,sh000852,中证1000
2024-06-13,5214.41,5219.71,5170.17,1311725,138017520000,1.35,5180.24,sh000852,中证1000
2024-06-12,5188.36,5231.47,5186.61,1216508,125294310000,1.25,5216.46,sh000852,中证1000
2024-06-11,5132.22,5208.18,5086.86,1285339,130922330000,1.32,5198.92,sh000852,中证1000
2024-06-07,5159.17,5190,5096.08,1303202,127151510000,1.34,5153.59,sh000852,中证1000
2024-06-06,5249.95,5275.89,5113.21,1697933,159189460000,1.75,5130.87,sh000852,中证1000
2024-06-05,5294.30,5330.80,5244.09,1321435,129081220000,1.36,5244.09,sh000852,中证1000
2024-06-04,5267.36,5319.71,5229.68,1451278,138133310000,1.49,5313.71,sh000852,中证1000
2024-06-03,5350.64,5351.25,5246.17,1633882,156847760000,1.68,5284.62,sh000852,中证1000
2024-05-31,5334.10,5381.72,5334.10,1367351,133719610000,1.41,5355.21,sh000852,中证1000
2024-05-30,5334.80,5371.81,5311.44,1413232,133560050000,1.46,5334.30,sh000852,中证1000
2024-05-29,5336.70,5386.78,5324.69,1426987,131551460000,1.47,5351.25,sh000852,中证1000
2024-05-28,5390.40,5414.98,5343.83,1484581,142242450000,1.53,5348.03,sh000852,中证1000
2024-05-27,5358.08,5404.62,5295.09,1514091,145062270000,1.56,5404.62,sh000852,中证1000
2024-05-24,5401.58,5436.81,5350.11,1510501,144589510000,1.56,5350.11,sh000852,中证1000
2024-05-23,5521.18,5521.18,5402,1758067,165079440000,1.81,5412.82,sh000852,中证1000
2024-05-22,5532.84,5553.70,5508.76,1680030,159617620000,1.73,5539.66,sh000852,中证1000
2024-05-21,5586.01,5586.01,5517.39,1729599,164385100000,1.78,5536.74,sh000852,中证1000
2024-05-20,5563.65,5612.35,5548.90,1974764,194649560000,2.04,5596.78,sh000852,中证1000
2024-05-17,5489.42,5564.06,5478.30,1828731,174923880000,1.89,5563.23,sh000852,中证1000
2024-05-16,5508.95,5539.92,5474.28,1697980,163725530000,1.75,5488.95,sh000852,中证1000
2024-05-15,5541.81,5551.26,5491.52,1633046,157739700000,1.69,5497.23,sh000852,中证1000
2024-05-14,5524.43,5574.25,5524.26,1695851,171272800000,1.75,5551.68,sh000852,中证1000
2024-05-13,5537.93,5556.71,5479.95,1803086,183109440000,1.86,5520.80,sh000852,中证1000
2024-05-10,5632.76,5641.92,5549.61,1883770,190161520000,1.94,5574.23,sh000852,中证1000
2024-05-09,5533.51,5638.64,5533.51,1726783,186969310000,1.78,5626.83,sh000852,中证1000
2024-05-08,5605.59,5605.59,5529.91,1757310,186180910000,1.81,5536.66,sh000852,中证1000
2024-05-07,5604.27,5631.95,5593.01,1856225,197355480000,1.91,5625.34,sh000852,中证1000
2024-05-06,5558.92,5611.27,5558.92,2051740,213462080000,2.11,5606.84,sh000852,中证1000
2024-04-30,5530.94,5542.19,5482.99,2049097,205851330000,2.11,5497.43,sh000852,中证1000
2024-04-29,5422.41,5550.21,5422.41,2414397,247411970000,2.49,5545.23,sh000852,中证1000
2024-04-26,5303.15,5420.37,5303.15,2108869,219583790000,2.18,5415.94,sh000852,中证1000
2024-04-25,5285.14,5357.44,5273.55,1578312,164090140000,1.63,5313.99,sh000852,中证1000
2024-04-24,5219.26,5305.61,5200.60,1626667,165940790000,1.68,5305.61,sh000852,中证1000
2024-04-23,5234.43,5260.29,5194.26,1568514,154949440000,1.62,5218.43,sh000852,中证1000
2024-04-22,5231.56,5300.79,5187.52,1677622,165970260000,1.73,5246.08,sh000852,中证1000
2024-04-19,5257.01,5312.15,5224.32,1788702,176532930000,1.85,5264.39,sh000852,中证1000
2024-04-18,5276.47,5345.44,5233.90,1882251,187626270000,1.94,5286.72,sh000852,中证1000
2024-04-17,5109.08,5287.46,5109.08,1900794,181206090000,1.96,5287.46,sh000852,中证1000
2024-04-16,5255.21,5283.83,5063.94,2071719,188123370000,2.14,5066.66,sh000852,中证1000
2024-04-15,5320.81,5364.59,5205.71,2017110,188383370000,2.08,5287.51,sh000852,中证1000
2024-04-12,5379.17,5408.52,5330.54,1571745,155385860000,1.63,5338.77,sh000852,中证1000
2024-04-11,5330.68,5441.50,5322.84,1651437,162747760000,1.71,5379.92,sh000852,中证1000
2024-04-10,5456.97,5456.97,5325.91,1674595,164477830000,1.73,5367.05,sh000852,中证1000
2024-04-09,5392.99,5468.91,5384.03,1592012,160292710000,1.65,5468.91,sh000852,中证1000
2024-04-08,5487.63,5492.40,5399.91,1865734,186731190000,1.93,5399.91,sh000852,中证1000
2024-04-03,5518.91,5525.03,5457.61,1862911,191730120000,1.93,5500.93,sh000852,中证1000
2024-04-02,5556.52,5556.52,5490.82,1960975,201831300000,2.03,5531.05,sh000852,中证1000
2024-04-01,5461.59,5559.87,5461.59,1910257,202413390000,1.98,5559.06,sh000852,中证1000
2024-03-29,5383.74,5441.26,5345.87,1686534,177336830000,1.75,5441.26,sh000852,中证1000
2024-03-28,5262.22,5430.77,5262.22,1785987,187597300000,1.85,5382.24,sh000852,中证1000
2024-03-27,5435.97,5436.65,5266.23,1791735,183978560000,1.86,5266.23,sh000852,中证1000
2024-03-26,5454.65,5495.63,5381.85,1831807,197261350000,1.90,5447.75,sh000852,中证1000
2024-03-25,5581.35,5611.69,5466.06,2047054,224613420000,2.12,5466.06,sh000852,中证1000
2024-03-22,5649.08,5660.15,5546.78,2102543,226506010000,2.18,5595.88,sh000852,中证1000
2024-03-21,5674.50,5690.45,5623.30,1943329,215621370000,2.02,5658.28,sh000852,中证1000
2024-03-20,5600.12,5663.74,5600.12,1793077,199862430000,1.86,5659.15,sh000852,中证1000
2024-03-19,5633.50,5660.50,5607.26,1811181,202358290000,1.88,5607.48,sh000852,中证1000
2024-03-18,5573.93,5648.01,5559.05,1934195,212069710000,2.01,5648.01,sh000852,中证1000
2024-03-15,5472.89,5555.64,5459.32,1610958,171573290000,1.67,5555.64,sh000852,中证1000
2024-03-14,5521.72,5546.10,5433.21,1689482,184410020000,1.75,5486.65,sh000852,中证1000
2024-03-13,5501.59,5561.08,5476.79,1812708,200355390000,1.88,5521.78,sh000852,中证1000
2024-03-12,5477.13,5524.50,5443.96,1839841,198909270000,1.91,5496.36,sh000852,中证1000
2024-03-11,5358.84,5466.65,5350.29,1641334,175152730000,1.70,5466.65,sh000852,中证1000
2024-03-08,5309.59,5386.18,5283.15,1391309,147532330000,1.44,5370.37,sh000852,中证1000
2024-03-07,5389.99,5430.39,5303.28,1610239,167524670000,1.67,5303.28,sh000852,中证1000
2024-03-06,5346.08,5434.40,5306.46,1546844,164978930000,1.61,5381.46,sh000852,中证1000
2024-03-05,5392.88,5417.82,5337.67,1741669,196428310000,1.81,5375.13,sh000852,中证1000
2024-03-04,5412.91,5429.80,5332.24,1793082,199765410000,1.86,5428.34,sh000852,中证1000
2024-03-01,5354.73,5411.32,5322.09,1844365,196339350000,1.92,5401.94,sh000852,中证1000
2024-02-29,5122.18,5344.61,5122.18,1880362,185219960000,1.95,5344.61,sh000852,中证1000
2024-02-28,5403.50,5478.09,5152.05,2607424,251859520000,2.71,5152.05,sh000852,中证1000
2024-02-27,5237.11,5394.03,5218.59,1826224,183476440000,1.90,5394.03,sh000852,中证1000
2024-02-26,5234.81,5325.77,5201.13,1844716,180222600000,1.92,5255.40,sh000852,中证1000
2024-02-23,5169.01,5225.67,5114.15,1712137,167541140000,1.78,5225.67,sh000852,中证1000
2024-02-22,5075.43,5152.02,5066,1530643,146838690000,1.59,5151.53,sh000852,中证1000
2024-02-21,5001.66,5208.65,4974.08,1932805,178053450000,2.01,5073.48,sh000852,中证1000
2024-02-20,5004.42,5058.22,4950.39,1543443,151079010000,1.60,5046.01,sh000852,中证1000
2024-02-19,5062.68,5071.20,4950.33,2038710,185885020000,2.12,5029.59,sh000852,中证1000
2024-02-08,4826.14,5067.23,4826.14,2176201,192261800000,2.26,4993.10,sh000852,中证1000
2024-02-07,4604.12,4848.24,4599.35,2162133,188713240000,2.25,4797.85,sh000852,中证1000
2024-02-06,4229.79,4641.45,4192.97,2101874,169330960000,2.19,4592.44,sh000852,中证1000
2024-02-05,4534.75,4534.75,4177.94,2112743,166206910000,2.20,4293.07,sh000852,中证1000
2024-02-02,4753.67,4802.62,4431.82,1768854,150000800000,1.84,4574.67,sh000852,中证1000
2024-02-01,4753.64,4858.72,4684.47,1471155,129099530000,1.53,4750.44,sh000852,中证1000
2024-01-31,4949.19,4986.10,4775.62,1582372,139299750000,1.65,4785.03,sh000852,中证1000
2024-01-30,5099.59,5144.29,4978.91,1250151,117586950000,1.30,4984.66,sh000852,中证1000
2024-01-29,5282.82,5301.87,5131.25,1500009,141294670000,1.56,5131.25,sh000852,中证1000
2024-01-26,5303.96,5352.85,5253.32,1554157,150031260000,1.62,5269.76,sh000852,中证1000
2024-01-25,5143.29,5316.26,5112.54,1631449,158319220000,1.70,5316.20,sh000852,中证1000
2024-01-24,5102.82,5151.42,4951.90,1433264,135222050000,1.50,5143.41,sh000852,中证1000
2024-01-23,4992.79,5102.44,4939.52,1302882,124162900000,1.36,5079.63,sh000852,中证1000
2024-01-22,5298.31,5298.31,4970.20,1442525,139600820000,1.51,5000.83,sh000852,中证1000
2024-01-19,5364.81,5395.14,5304.96,1064311,109174690000,1.11,5306.99,sh000852,中证1000
2024-01-18,5360.21,5375.23,5214.90,1487110,142966450000,1.55,5373.42,sh000852,中证1000
2024-01-17,5529.89,5529.89,5389.12,1040374,104138700000,1.09,5389.12,sh000852,中证1000
2024-01-16,5555,5566.21,5463.29,1168031,113669510000,1.22,5539.47,sh000852,中证1000
2024-01-15,5558.15,5607.13,5520.36,1086672,107428090000,1.14,5559.38,sh000852,中证1000
2024-01-12,5601.10,5646.27,5574.41,1210669,118289970000,1.27,5574.49,sh000852,中证1000
2024-01-11,5507.80,5634.02,5502.29,1247177,123635430000,1.31,5611.11,sh000852,中证1000
2024-01-10,5540.66,5580.42,5462.36,1064994,108158130000,1.11,5512.07,sh000852,中证1000
2024-01-09,5553.18,5607.22,5513.13,1102232,114678410000,1.15,5553.30,sh000852,中证1000
2024-01-08,5664.45,5664.45,5543.57,1105127,112633890000,1.16,5543.57,sh000852,中证1000
2024-01-05,5779.76,5796.76,5652.13,1192052,126682950000,1.25,5675.81,sh000852,中证1000
2024-01-04,5814.94,5814.94,5753.47,1029525,112642950000,1.08,5783.02,sh000852,中证1000
2024-01-03,5838.55,5861.41,5785.25,1192489,131179260000,1.25,5824.04,sh000852,中证1000
2024-01-02,5891.17,5891.23,5854.59,1283777,141351640000,1.34,5854.75,sh000852,中证1000
2023-12-29,5797.58,5891.63,5795.76,1346908,152875810000,1.41,5887.24,sh000852,中证1000
2023-12-28,5687.75,5824.40,5660.13,1441344,155833380000,1.51,5805.53,sh000852,中证1000
2023-12-27,5658.19,5703.17,5636.94,1082654,115290790000,1.13,5696.16,sh000852,中证1000
2023-12-26,5734.15,5734.56,5632.87,1040633,112250610000,1.09,5651.59,sh000852,中证1000
2023-12-25,5726.56,5753.43,5698.32,1096390,116368990000,1.15,5735.73,sh000852,中证1000
2023-12-22,5797.61,5819.65,5713.80,1411671,147745240000,1.48,5733.91,sh000852,中证1000
2023-12-21,5739.02,5814.04,5685.64,1249491,134047870000,1.31,5798.91,sh000852,中证1000
2023-12-20,5869.56,5873.76,5761.31,1116301,120601850000,1.17,5761.31,sh000852,中证1000
2023-12-19,5853.19,5887.77,5820.51,1116827,116256470000,1.17,5863.54,sh000852,中证1000
2023-12-18,5939.43,5941.90,5845.96,1252594,130966310000,1.32,5857.01,sh000852,中证1000
2023-12-15,6000.26,6016.40,5935.32,1237101,138326700000,1.30,5951.60,sh000852,中证1000
2023-12-14,6038.92,6072.61,5989.23,1201994,138756010000,1.26,5991.86,sh000852,中证1000
2023-12-13,6067.78,6076.36,6019.55,1225472,143748120000,1.29,6019.55,sh000852,中证1000
2023-12-12,6070.88,6084.28,6050.73,1297121,152793040000,1.36,6078.99,sh000852,中证1000
2023-12-11,5984.68,6080.80,5933.74,1598434,181217090000,1.68,6075.08,sh000852,中证1000
2023-12-08,6021.92,6056.06,6003.14,1679713,194131630000,1.78,6003.14,sh000852,中证1000
2023-12-07,6019.96,6044.86,5983.25,1485366,166906750000,1.57,6020.83,sh000852,中证1000
2023-12-06,5977.61,6066.42,5970.28,1443206,153827860000,1.53,6023.80,sh000852,中证1000
2023-12-05,6098.12,6098.12,5992.60,1427754,162512340000,1.51,5992.60,sh000852,中证1000
2023-12-04,6131.59,6147.05,6110.25,1534144,177072940000,1.63,6114.39,sh000852,中证1000
2023-12-01,6078.64,6142.74,6059.80,1453527,166337100000,1.54,6130.05,sh000852,中证1000
2023-11-30,6104.77,6110.41,6031.48,1310330,148669810000,1.39,6080.55,sh000852,中证1000
2023-11-29,6138.76,6154.90,6103.98,1356440,150365710000,1.44,6113.37,sh000852,中证1000
2023-11-28,6099.51,6143.30,6065.69,1283681,147277410000,1.36,6143.30,sh000852,中证1000
2023-11-27,6107.56,6130.40,6076.71,1544331,169812160000,1.64,6111.36,sh000852,中证1000
2023-11-24,6194.02,6194.02,6098.96,1498160,166155060000,1.59,6115.41,sh000852,中证1000
2023-11-23,6123.59,6199.88,6107,1521072,169982690000,1.62,6197.53,sh000852,中证1000
2023-11-22,6193.36,6221.87,6132.97,1711832,191793670000,1.82,6132.97,sh000852,中证1000
2023-11-21,6258.74,6267.22,6200.69,1761507,211256980000,1.87,6212.13,sh000852,中证1000
2023-11-20,6211.34,6254.14,6184.64,1602463,200298800000,1.70,6253.28,sh000852,中证1000
2023-11-17,6135.83,6199.23,6131.67,1459897,178812140000,1.55,6199.23,sh000852,中证1000
2023-11-16,6188.83,6193.64,6143.82,1436821,180547590000,1.53,6145.15,sh000852,中证1000
2023-11-15,6226.20,6234.54,6184.90,1676132,214464440000,1.78,6207.27,sh000852,中证1000
2023-11-14,6143.48,6189.50,6133.22,1601724,195770030000,1.70,6181.98,sh000852,中证1000
2023-11-13,6107.27,6144.63,6095.27,1503596,185937460000,1.60,6144.63,sh000852,中证1000
2023-11-10,6079.47,6097.61,6055.99,1415676,169645050000,1.50,6088.56,sh000852,中证1000
2023-11-09,6135.07,6160.98,6087.73,1622443,197856010000,1.72,6100.69,sh000852,中证1000
2023-11-08,6114.99,6160.24,6099.29,1839641,224318840000,1.95,6138.94,sh000852,中证1000
2023-11-07,6088.51,6132.14,6068.24,1739467,206605080000,1.84,6116.76,sh000852,中证1000
2023-11-06,6007.43,6097.04,6007.43,1866031,215540580000,1.98,6096.57,sh000852,中证1000
2023-11-03,5895.60,5992.75,5895.60,1461202,172570860000,1.55,5973.17,sh000852,中证1000
2023-11-02,5958.48,5983.22,5885.25,1401444,159352390000,1.49,5885.25,sh000852,中证1000
2023-11-01,5969.81,5983.87,5943.19,1474511,169629130000,1.56,5958.42,sh000852,中证1000
2023-10-31,6003.37,6013.73,5934.20,1653184,196000270000,1.75,5969.34,sh000852,中证1000
2023-10-30,5899.38,6017.28,5898.69,1792811,219628050000,1.90,6006.56,sh000852,中证1000
2023-10-27,5792.61,5937.54,5774.63,1721796,201532120000,1.83,5916.68,sh000852,中证1000
2023-10-26,5745.53,5817.63,5724,1572758,177171580000,1.67,5811.69,sh000852,中证1000
2023-10-25,5753.68,5811.27,5752.79,1635973,178946010000,1.73,5778.90,sh000852,中证1000
2023-10-24,5654.93,5734.55,5625.71,1515531,163599460000,1.61,5719.32,sh000852,中证1000
2023-10-23,5754.18,5754.25,5613.73,1458459,156462250000,1.55,5638.14,sh000852,中证1000
2023-10-20,5816.72,5855.46,5767.02,1389643,152073200000,1.47,5774.32,sh000852,中证1000
2023-10-19,5879.81,5929.58,5842.41,1554978,169977390000,1.65,5842.89,sh000852,中证1000
2023-10-18,5992.51,5992.51,5905.84,1450652,164665610000,1.54,5908.01,sh000852,中证1000
2023-10-17,6027.91,6028.02,5967.30,1394212,158570290000,1.48,6011.37,sh000852,中证1000
2023-10-16,6089.42,6089.48,5996.79,1644592,187595020000,1.75,6024.36,sh000852,中证1000
2023-10-13,6080.33,6091.54,6063.56,1441151,174075420000,1.53,6081.87,sh000852,中证1000
2023-10-12,6088.55,6106.95,6064.82,1454528,171667910000,1.55,6104.46,sh000852,中证1000
2023-10-11,6056.03,6105.42,6040.50,1436011,169349270000,1.53,6059.40,sh000852,中证1000
2023-10-10,6069.91,6084.93,6037.47,1408153,164183440000,1.50,6043.48,sh000852,中证1000
2023-10-09,6073.28,6075.46,6025.36,1367560,151374310000,1.45,6059.97,sh000852,中证1000
2023-09-28,6048.83,6085.53,6048.68,1277593,144764780000,1.36,6078.94,sh000852,中证1000
2023-09-27,5989.80,6063.91,5989.16,1216623,141278700000,1.29,6034.06,sh000852,中证1000
2023-09-26,6017.30,6034.85,5996.05,1140616,127029190000,1.21,5996.11,sh000852,中证1000
2023-09-25,6051.82,6058.47,6014.61,1295326,146282700000,1.38,6027.39,sh000852,中证1000
2023-09-22,5934.27,6056.45,5923.24,1335568,147800970000,1.42,6054.93,sh000852,中证1000
2023-09-21,5968.35,5999.40,5931.10,997095,107167140000,1.06,5939.66,sh000852,中证1000
2023-09-20,6020.91,6038.75,5982.11,1057280,115642450000,1.13,5982.56,sh000852,中证1000
2023-09-19,6077.40,6077.40,6011.91,1127460,121079850000,1.21,6031.04,sh000852,中证1000
2023-09-18,6058.30,6106.27,6029.97,1183945,132969980000,1.27,6083.97,sh000852,中证1000
2023-09-15,6082.19,6117.82,6046.87,1241969,137783230000,1.33,6079.06,sh000852,中证1000
2023-09-14,6101.77,6102.49,6037.72,1144418,123059670000,1.23,6068.71,sh000852,中证1000
2023-09-13,6169.53,6177.38,6059.29,1250327,137493570000,1.34,6103.14,sh000852,中证1000
2023-09-12,6175.63,6212.26,6169.04,1205123,144771930000,1.29,6184.61,sh000852,中证1000
2023-09-11,6114.07,6204.43,6083.39,1440033,172589290000,1.54,6182.64,sh000852,中证1000
2023-09-08,6063.24,6128.84,6062.90,1189183,142083250000,1.28,6102.49,sh000852,中证1000
2023-09-07,6185.33,6185.33,6083.49,1322541,150714760000,1.42,6083.49,sh000852,中证1000
2023-09-06,6146.39,6202.32,6117.81,1297177,154853580000,1.39,6195.38,sh000852,中证1000
2023-09-05,6188.52,6206.35,6154.83,1410680,162636720000,1.51,6167.64,sh000852,中证1000
2023-09-04,6129.54,6198.76,6109.10,1555073,167770710000,1.67,6198.76,sh000852,中证1000
2023-09-01,6108.13,6136.78,6086.27,1240171,138221320000,1.33,6107.20,sh000852,中证1000
2023-08-31,6130.64,6130.95,6087.33,1430404,161004800000,1.54,6104.30,sh000852,中证1000
2023-08-30,6117.41,6185.27,6102.09,1674996,194127660000,1.80,6139.63,sh000852,中证1000
2023-08-29,5909.46,6121.59,5907.96,1866896,200633240000,2.01,6108.76,sh000852,中证1000
2023-08-28,6204.10,6204.10,5907.94,2108701,213172940000,2.27,5922.16,sh000852,中证1000
2023-08-25,5960.59,5980.24,5855.88,1401171,150562440000,1.51,5879.03,sh000852,中证1000
2023-08-24,5989.43,6049.55,5942.57,1341975,146793180000,1.44,5987.97,sh000852,中证1000
2023-08-23,6084.15,6084.15,5973.65,1284224,135807070000,1.38,5973.67,sh000852,中证1000
2023-08-22,6082.72,6108.21,5984.44,1442824,153871290000,1.55,6099.19,sh000852,中证1000
2023-08-21,6107.92,6154.25,6057.17,1170917,119633710000,1.26,6057.17,sh000852,中证1000
2023-08-18,6245.13,6259.79,6117.11,1392125,139942740000,1.50,6117.11,sh000852,中证1000
2023-08-17,6167.65,6255.05,6128.13,1291352,139152590000,1.39,6247.60,sh000852,中证1000
2023-08-16,6240.71,6255.81,6186.40,1249588,132390720000,1.35,6186.40,sh000852,中证1000
2023-08-15,6318.55,6325.57,6203.44,1227031,132851530000,1.32,6261.73,sh000852,中证1000
2023-08-14,6251.97,6320.95,6213.98,1383922,145626320000,1.49,6319.41,sh000852,中证1000
2023-08-11,6428.88,6428.88,6304.64,1490167,149330410000,1.60,6304.64,sh000852,中证1000
2023-08-10,6409.22,6438.43,6392.89,1319577,134873260000,1.42,6426.81,sh000852,中证1000
2023-08-09,6452.98,6464.36,6411.23,1323195,148343590000,1.42,6420.98,sh000852,中证1000
2023-08-08,6496.59,6500.90,6457.25,1427434,154646580000,1.54,6471.34,sh000852,中证1000
2023-08-07,6524.30,6532.52,6485.66,1689194,185333350000,1.82,6503.98,sh000852,中证1000
2023-08-04,6514.54,6561.74,6505.86,1946230,205415680000,2.10,6535.32,sh000852,中证1000
2023-08-03,6472.11,6502.55,6460.28,1634714,164830190000,1.76,6499.54,sh000852,中证1000
2023-08-02,6499.86,6515.07,6475.42,1686463,171110960000,1.82,6496.02,sh000852,中证1000
2023-08-01,6513.14,6521.97,6482.17,1843265,183590040000,1.99,6507.41,sh000852,中证1000
2023-07-31,6475.83,6549.75,6475.83,1838160,200589880000,1.98,6515.85,sh000852,中证1000
2023-07-28,6389.43,6471.68,6369.37,1572675,166557070000,1.70,6465.38,sh000852,中证1000
2023-07-27,6458.48,6475.83,6397.59,1446244,153183200000,1.56,6407.55,sh000852,中证1000
2023-07-26,6497.59,6497.59,6441.56,1495835,156686880000,1.61,6457.25,sh000852,中证1000
2023-07-25,6448.27,6499.42,6444.58,1473657,173378680000,1.59,6498.27,sh000852,中证1000
2023-07-24,6397.43,6437.99,6370.05,1090495,129838950000,1.18,6393.79,sh000852,中证1000
2023-07-21,6397.15,6447.30,6378.20,1135908,138788100000,1.23,6401.42,sh000852,中证1000
2023-07-20,6497.78,6512.45,6404.12,1221510,155152820000,1.32,6408.76,sh000852,中证1000
2023-07-19,6508.52,6530.54,6459.44,1091363,141853310000,1.18,6492.35,sh000852,中证1000
2023-07-18,6519.76,6537.91,6490.06,1199687,159965850000,1.30,6510.03,sh000852,中证1000
2023-07-17,6524.61,6525.19,6481.29,1264088,169117050000,1.37,6516.56,sh000852,中证1000
2023-07-14,6554.53,6571.14,6538.65,1356320,188566810000,1.46,6544.46,sh000852,中证1000
2023-07-13,6497.81,6553.60,6497.76,1351178,180915190000,1.46,6548.31,sh000852,中证1000
2023-07-12,6576.94,6576.96,6476.85,1402045,187051030000,1.52,6482.99,sh000852,中证1000
2023-07-11,6531.63,6579.37,6514.99,1196036,163273440000,1.29,6579.37,sh000852,中证1000
2023-07-10,6539.08,6556.15,6501.75,1204509,158540730000,1.30,6526.85,sh000852,中证1000
2023-07-07,6553.56,6558.11,6486.11,1235995,164996210000,1.34,6521.43,sh000852,中证1000
2023-07-06,6573.58,6619.29,6558.89,1240773,173721970000,1.34,6567.08,sh000852,中证1000
2023-07-05,6632.37,6642.55,6575.73,1330523,184778770000,1.44,6584.42,sh000852,中证1000
2023-07-04,6610.66,6639.82,6599.60,1397428,203584270000,1.52,6638.45,sh000852,中证1000
2023-07-03,6617.08,6640.34,6571.84,1609774,225625500000,1.75,6612.88,sh000852,中证1000
2023-06-30,6507.50,6615.97,6500.86,1444989,203404000000,1.57,6602.04,sh000852,中证1000
2023-06-29,6465.10,6542.28,6462.07,1352521,186518750000,1.47,6520.04,sh000852,中证1000
2023-06-28,6504.50,6505.47,6367.35,1458084,192407500000,1.59,6475.51,sh000852,中证1000
2023-06-27,6425.84,6518.98,6424.33,1356071,178812820000,1.47,6507.27,sh000852,中证1000
2023-06-26,6504.97,6535.49,6404.04,1547327,209607220000,1.68,6420.97,sh000852,中证1000
2023-06-21,6679.15,6681.57,6548.41,1539839,226296810000,1.68,6548.41,sh000852,中证1000
2023-06-20,6683.92,6717.71,6671.99,1588607,240661460000,1.73,6693.91,sh000852,中证1000
2023-06-19,6674.12,6707.23,6673.81,1680258,246819990000,1.83,6693.30,sh000852,中证1000
2023-06-16,6613.10,6674.62,6602.04,1557087,223131330000,1.70,6669.01,sh000852,中证1000
2023-06-15,6579.46,6618.62,6568.61,1479554,220050810000,1.62,6613.95,sh000852,中证1000
2023-06-14,6556.03,6591.69,6547.49,1491959,212483090000,1.63,6578.12,sh000852,中证1000
2023-06-13,6525.05,6561.02,6519.97,1456363,206066230000,1.59,6554.96,sh000852,中证1000
2023-06-12,6488.20,6549.78,6474.86,1451532,197419700000,1.55,6530.16,sh000852,中证1000
2023-06-09,6446.62,6500.45,6427.92,1519776,202023490000,1.56,6495.56,sh000852,中证1000
2023-06-08,6477.94,6478.32,6399.78,1355831,172327160000,1.42,6442.48,sh000852,中证1000
2023-06-07,6487.20,6517.32,6467.30,1314047,169239130000,1.40,6488.56,sh000852,中证1000
2023-06-06,6625.09,6625.09,6475.26,1517580,198453130000,1.61,6489.81,sh000852,中证1000
2023-06-05,6631.22,6647.20,6609.02,1371506,186650950000,1.47,6632.96,sh000852,中证1000
2023-06-02,6585.73,6640.53,6585.73,1492636,198301480000,1.59,6626.28,sh000852,中证1000
2023-06-01,6539.26,6616.53,6515.02,1539623,208776080000,1.64,6574.76,sh000852,中证1000
2023-05-31,6556.52,6581.93,6523.27,1429684,197141080000,1.50,6561.65,sh000852,中证1000
2023-05-30,6517.71,6565.48,6461.09,1513177,193152160000,1.60,6564.47,sh000852,中证1000
2023-05-29,6560.16,6579.15,6518.03,1524827,204321520000,1.60,6534.12,sh000852,中证1000
2023-05-26,6495.35,6558.11,6451.73,1262756,170164840000,1.38,6546.41,sh000852,中证1000
2023-05-25,6502.23,6541.39,6424.45,1358346,175437750000,1.48,6501,sh000852,中证1000
2023-05-24,6507.06,6564.51,6476.69,1258551,163476980000,1.37,6513.18,sh000852,中证1000
2023-05-23,6591.56,6600.80,6528.45,1285955,158376850000,1.40,6528.45,sh000852,中证1000
2023-05-22,6589.35,6608.88,6556.74,1311985,163204580000,1.43,6595.98,sh000852,中证1000
2023-05-19,6571.09,6621.43,6545.08,1354330,179071790000,1.48,6602.32,sh000852,中证1000
2023-05-18,6557.37,6595.49,6554.08,1443688,186333520000,1.58,6583.74,sh000852,中证1000
2023-05-17,6500.44,6555.77,6497.38,1257781,156078810000,1.38,6554.98,sh000852,中证1000
2023-05-16,6586.72,6586.72,6501.31,1424341,178199460000,1.56,6516.29,sh000852,中证1000
2023-05-15,6537.40,6585.91,6466.45,1611268,191863240000,1.76,6585.91,sh000852,中证1000
2023-05-12,6608.83,6630.56,6535.11,1533291,183608120000,1.68,6535.94,sh000852,中证1000
2023-05-11,6634.16,6653.38,6618.19,1558052,192273320000,1.70,6622.52,sh000852,中证1000
2023-05-10,6599.79,6648.04,6576.40,1723013,212227320000,1.89,6627.31,sh000852,中证1000
2023-05-09,6696.67,6705.74,6610.57,2175182,256339240000,2.38,6611.64,sh000852,中证1000
2023-05-08,6660.92,6714.39,6660.92,2042046,239780230000,2.24,6702.50,sh000852,中证1000
2023-05-05,6723.16,6723.98,6612.74,1858770,232757190000,2.04,6653.65,sh000852,中证1000
2023-05-04,6701.49,6738.44,6698.64,2021370,252755420000,2.22,6733.97,sh000852,中证1000
2023-04-28,6617.32,6724.57,6617.32,1890276,241929260000,2.07,6723.30,sh000852,中证1000
2023-04-27,6597.73,6672.22,6593.38,1742021,232047940000,1.91,6633.49,sh000852,中证1000
2023-04-26,6577.36,6667.43,6573.88,1845617,254123870000,2.03,6624.40,sh000852,中证1000
2023-04-25,6708.28,6711.57,6517.27,1943998,247485610000,2.13,6603.24,sh000852,中证1000
2023-04-24,6766.52,6771.65,6692.22,1723656,233604520000,1.89,6725.27,sh000852,中证1000
2023-04-21,6954.10,6963.08,6773.51,1931773,266671880000,2.13,6773.51,sh000852,中证1000
2023-04-20,6956.37,6963.90,6911.98,1742408,249390410000,1.92,6963.90,sh000852,中证1000
2023-04-19,6988.65,7011.93,6955.36,1689681,237689580000,1.86,6965.58,sh000852,中证1000
2023-04-18,7002.26,7014.38,6961.51,1602781,221281580000,1.76,6997.07,sh000852,中证1000
2023-04-17,7009.47,7030.24,6989.70,1734631,235338060000,1.91,7012.77,sh000852,中证1000
2023-04-14,6978.59,7026.12,6942.57,1747518,249159560000,1.92,7020.09,sh000852,中证1000
2023-04-13,7011.66,7029.10,6956.68,1829367,253331500000,2.01,6966.82,sh000852,中证1000
2023-04-12,6989.69,7027.84,6979.28,1803009,252639250000,1.98,7021.02,sh000852,中证1000
2023-04-11,6967.03,6986.44,6937.02,1627940,228357140000,1.79,6984.14,sh000852,中证1000
2023-04-10,7050.24,7052.74,6950.77,1810079,265199180000,1.99,6968.57,sh000852,中证1000
2023-04-07,6987.01,7043.22,6978.35,1674373,242608190000,1.84,7042.89,sh000852,中证1000
2023-04-06,6926.19,6988.37,6921.66,1910095,281226980000,2.10,6983.03,sh000852,中证1000
2023-04-04,6960.91,6966.99,6918.13,2132120,306141970000,2.34,6953.36,sh000852,中证1000
2023-04-03,6878.09,6966.69,6878.09,1945545,274916850000,2.14,6962.20,sh000852,中证1000
2023-03-31,6806.61,6878.32,6801.94,1515820,202602540000,1.67,6875.81,sh000852,中证1000
2023-03-30,6802.07,6814.69,6751.69,1461758,195037120000,1.61,6807.64,sh000852,中证1000
2023-03-29,6825.13,6839.90,6785.15,1608066,220165770000,1.77,6806.28,sh000852,中证1000
2023-03-28,6881.11,6884.54,6816.45,1704688,236725310000,1.88,6825.38,sh000852,中证1000
2023-03-27,6874.39,6900.63,6830.95,1950644,270611680000,2.15,6886.69,sh000852,中证1000
2023-03-24,6874.54,6880.19,6840.75,1816802,240207100000,2.00,6867.95,sh000852,中证1000
2023-03-23,6827.68,6869.18,6809.85,1654481,224978320000,1.82,6868.83,sh000852,中证1000
2023-03-22,6830.19,6845.76,6810.76,1603183,211699060000,1.76,6840.33,sh000852,中证1000
2023-03-21,6726.80,6810.29,6725.83,1465849,195253240000,1.61,6809.39,sh000852,中证1000
2023-03-20,6745.95,6760.91,6694.52,1753134,230174340000,1.93,6721.45,sh000852,中证1000
2023-03-17,6726.96,6781.95,6717.14,1615353,204155940000,1.78,6736.37,sh000852,中证1000
2023-03-16,6769.61,6777.91,6677.68,1418818,175508120000,1.56,6689.78,sh000852,中证1000
2023-03-15,6797.82,6844.97,6794.41,1391470,171749340000,1.53,6803.47,sh000852,中证1000
2023-03-14,6824.25,6824.25,6690.09,1563364,197124650000,1.72,6769.85,sh000852,中证1000
2023-03-13,6780.02,6832.62,6750.22,1411912,176170850000,1.56,6832.62,sh000852,中证1000
2023-03-10,6854.41,6864.94,6795.22,1403386,170506320000,1.55,6798.30,sh000852,中证1000
2023-03-09,6898.24,6911.54,6851.91,1266713,155909340000,1.40,6892.86,sh000852,中证1000
2023-03-08,6838.63,6894.36,6832.04,1212806,152705780000,1.34,6891.46,sh000852,中证1000
2023-03-07,6991.56,6993.18,6855.34,1597578,189478400000,1.76,6855.34,sh000852,中证1000
2023-03-06,6973.52,7004.71,6933.99,1503171,194154260000,1.66,6997.04,sh000852,中证1000
2023-03-03,6970.21,6997.42,6921.27,1545982,184879620000,1.70,6967.94,sh000852,中证1000
2023-03-02,6999.23,7021.11,6963.06,1665057,202422140000,1.84,6972.31,sh000852,中证1000
2023-03-01,6955.48,7002.77,6932.76,1559086,194162940000,1.72,7002.77,sh000852,中证1000
2023-02-28,6911.36,6955.57,6874.93,1310360,164461400000,1.45,6955.57,sh000852,中证1000
2023-02-27,6928.03,6950.88,6876.25,1293009,162346180000,1.43,6894.30,sh000852,中证1000
2023-02-24,6971.65,6983.16,6906.69,1210788,151978030000,1.34,6944.82,sh000852,中证1000
2023-02-23,6997.78,7008.68,6929.61,1418625,172438840000,1.57,6966.79,sh000852,中证1000
2023-02-22,6961.15,7014.56,6947.12,1446010,175966910000,1.60,6998.43,sh000852,中证1000
2023-02-21,6969.35,7008.55,6939.59,1716909,203386320000,1.90,6990.48,sh000852,中证1000
2023-02-20,6871.86,6959.75,6825.87,1656144,196438660000,1.83,6959.36,sh000852,中证1000
2023-02-17,6931.99,6954.85,6861.30,1726569,203845830000,1.91,6868.55,sh000852,中证1000
2023-02-16,7063.93,7098.92,6878.35,2173816,263155310000,2.40,6925.20,sh000852,中证1000
2023-02-15,7062.36,7076.87,7038.99,1597793,207038400000,1.77,7063.60,sh000852,中证1000
2023-02-14,7064.53,7070.33,7028.79,1517864,199029650000,1.68,7061.45,sh000852,中证1000
2023-02-13,6976.33,7052.60,6973.41,1608485,207706780000,1.78,7052.18,sh000852,中证1000
2023-02-10,6991.23,7015.25,6926.48,1524321,189923380000,1.68,6975.39,sh000852,中证1000
2023-02-09,6864.03,6999.18,6850.57,1491477,194994550000,1.65,6999.18,sh000852,中证1000
2023-02-08,6927.33,6932.99,6873.60,1385107,173815150000,1.53,6877.72,sh000852,中证1000
2023-02-07,6900.23,6924.42,6864.21,1501088,187069720000,1.66,6924.32,sh000852,中证1000
2023-02-06,6902.49,6928.28,6853.91,1460590,182865350000,1.62,6891.41,sh000852,中证1000
2023-02-03,6922.79,6934.32,6829.40,1575589,194152770000,1.74,6925.08,sh000852,中证1000
2023-02-02,6926.58,6969.79,6908.70,1671340,212328050000,1.85,6933.23,sh000852,中证1000
2023-02-01,6815.06,6916.73,6812.79,1696517,208871370000,1.88,6916.72,sh000852,中证1000
2023-01-31,6763.40,6820.14,6758.90,1477123,180790080000,1.63,6805.28,sh000852,中证1000
2023-01-30,6815.14,6839.84,6780.37,1707693,211140040000,1.89,6786.45,sh000852,中证1000
2023-01-20,6690.14,6740.13,6690.14,1227627,154872290000,1.36,6736.85,sh000852,中证1000
2023-01-19,6605.45,6678.18,6590.42,1075896,135675330000,1.19,6676.08,sh000852,中证1000
2023-01-18,6613.74,6635.85,6593.37,1058347,125976030000,1.17,6613.01,sh000852,中证1000
2023-01-17,6600.25,6622.32,6573.28,1084211,139660960000,1.20,6597.49,sh000852,中证1000
2023-01-16,6521.45,6628.73,6521.45,1410709,175416640000,1.56,6591.81,sh000852,中证1000
2023-01-13,6505.24,6517.51,6475.66,1107619,138907310000,1.23,6517.51,sh000852,中证1000
2023-01-12,6495.16,6529.81,6469.48,1049375,134846590000,1.16,6489.57,sh000852,中证1000
2023-01-11,6544.57,6562.35,6480.95,1128829,147472870000,1.25,6486.90,sh000852,中证1000
2023-01-10,6541.82,6546.54,6505.10,1116281,146634280000,1.24,6540.20,sh000852,中证1000
2023-01-09,6523.14,6559.46,6517.57,1220479,162944070000,1.35,6535.75,sh000852,中证1000
2023-01-06,6482.88,6539.76,6478.63,1293840,165796220000,1.44,6500.32,sh000852,中证1000
2023-01-05,6427.45,6489.99,6413.75,1216615,155822050000,1.35,6485.47,sh000852,中证1000
2023-01-04,6423.43,6445.62,6385,1310401,156632580000,1.46,6421.28,sh000852,中证1000
2023-01-03,6286.81,6433.79,6275.69,1331817,160707710000,1.48,6423.70,sh000852,中证1000
2022-12-30,6283.50,6296.24,6262.60,971465,116528200000,1.08,6281.62,sh000852,中证1000
2022-12-29,6253.79,6322.25,6245.23,1023822,121083660000,1.14,6261.83,sh000852,中证1000
2022-12-28,6304.59,6306.95,6251.30,1052639,125061550000,1.17,6268.47,sh000852,中证1000
2022-12-27,6288.61,6328.36,6256.04,1092705,136753470000,1.22,6325.63,sh000852,中证1000
2022-12-26,6161.94,6276.11,6161.94,1000312,125237420000,1.12,6275.52,sh000852,中证1000
2022-12-23,6154.66,6197.24,6120.94,970947,116283460000,1.08,6160.75,sh000852,中证1000
2022-12-22,6314.55,6319.57,6171.18,1132455,131875230000,1.26,6186.93,sh000852,中证1000
2022-12-21,6341.22,6344.66,6255.35,1027297,122909100000,1.15,6289.14,sh000852,中证1000
2022-12-20,6380.22,6389.05,6321.14,1100086,131077430000,1.23,6341.58,sh000852,中证1000
2022-12-19,6518.38,6537.14,6367.45,1354860,156179610000,1.51,6390.77,sh000852,中证1000
2022-12-16,6569.06,6581.93,6504.05,1344348,161172960000,1.50,6519.44,sh000852,中证1000
2022-12-15,6557.90,6605.70,6545,1288505,160225840000,1.44,6597.55,sh000852,中证1000
2022-12-14,6600.41,6626.70,6556.81,1396649,167786590000,1.56,6570.02,sh000852,中证1000
2022-12-13,6654.67,6654.75,6586.87,1496927,176834410000,1.67,6593.67,sh000852,中证1000
2022-12-12,6669.17,6680.61,6626.87,1536531,186669160000,1.69,6655.67,sh000852,中证1000
2022-12-09,6661.90,6684.15,6626.94,1603492,201813640000,1.77,6680.38,sh000852,中证1000
2022-12-08,6694.84,6699.30,6648.35,1486116,176772060000,1.69,6662.34,sh000852,中证1000
2022-12-07,6684.61,6732.26,6677.52,1559893,188674730000,1.76,6705.29,sh000852,中证1000
2022-12-06,6690.92,6731.07,6667,1548101,191497740000,1.75,6703.55,sh000852,中证1000
2022-12-05,6710.73,6723.57,6675.60,1789150,206225540000,2.03,6714.37,sh000852,中证1000
2022-12-02,6644.44,6721.69,6637.16,1494240,179613920000,1.68,6680.54,sh000852,中证1000
2022-12-01,6645.47,6691.51,6639.63,1621507,199785990000,1.83,6658.43,sh000852,中证1000
2022-11-30,6591.68,6619.27,6561.27,1554031,178510450000,1.73,6590.31,sh000852,中证1000
2022-11-29,6505.90,6607.46,6505.90,1574483,180031860000,1.75,6594.32,sh000852,中证1000
2022-11-28,6426.93,6494.98,6412.03,1298818,152031620000,1.43,6492.71,sh000852,中证1000
2022-11-25,6573.02,6573.02,6508.52,1245794,149034250000,1.41,6512.16,sh000852,中证1000
2022-11-24,6573.47,6611.80,6553.96,1261973,159909380000,1.43,6586.86,sh000852,中证1000
2022-11-23,6572.16,6592.30,6451.96,1443662,179521420000,1.63,6567.99,sh000852,中证1000
2022-11-22,6682.05,6692.24,6556.34,1508532,191781770000,1.70,6583.23,sh000852,中证1000
2022-11-21,6622.60,6689.33,6585.28,1371553,179567680000,1.55,6689.33,sh000852,中证1000
2022-11-18,6711.89,6752.84,6650.74,1681052,215157470000,1.90,6658.40,sh000852,中证1000
2022-11-17,6685.94,6714.50,6629.90,1591913,198847160000,1.80,6714.50,sh000852,中证1000
2022-11-16,6749.96,6775.38,6687.32,1550212,195240530000,1.75,6702.04,sh000852,中证1000
2022-11-15,6593.63,6752.51,6576.87,1709392,221716230000,1.93,6752.51,sh000852,中证1000
2022-11-14,6639.02,6688.01,6570.49,1743040,212896590000,1.97,6599.67,sh000852,中证1000
2022-11-11,6749.07,6776.74,6641.76,1916490,237140700000,2.17,6643.48,sh000852,中证1000
2022-11-10,6638.52,6663.11,6583.86,1421376,183303850000,1.61,6603.31,sh000852,中证1000
2022-11-09,6694.40,6736.67,6664.37,1265646,164404510000,1.43,6676.01,sh000852,中证1000
2022-11-08,6707.01,6708.08,6647.44,1354718,180763670000,1.53,6694.96,sh000852,中证1000
2022-11-07,6713.73,6749.76,6660.98,1602549,220210870000,1.81,6713.64,sh000852,中证1000
2022-11-04,6569.19,6719.51,6568.78,1650624,230118260000,1.87,6709.64,sh000852,中证1000
2022-11-03,6467.23,6576.37,6461.30,1415137,199422980000,1.60,6566.84,sh000852,中证1000
2022-11-02,6434.95,6557.01,6424.66,1625686,216303780000,1.84,6524.51,sh000852,中证1000
2022-11-01,6299.03,6440.92,6277.62,1522630,199551410000,1.72,6439.82,sh000852,中证1000
2022-10-31,6201.75,6349.12,6201.28,1458748,187134460000,1.65,6292.62,sh000852,中证1000
2022-10-28,6412.61,6446.60,6216.27,1561205,197514530000,1.77,6239.93,sh000852,中证1000
2022-10-27,6497.52,6544.42,6459.92,1467738,196363430000,1.66,6461.61,sh000852,中证1000
2022-10-26,6358.06,6548.62,6348.99,1506639,200200040000,1.71,6491.69,sh000852,中证1000
2022-10-25,6346.15,6411.17,6248.84,1293214,165200240000,1.47,6355.78,sh000852,中证1000
2022-10-24,6448.87,6554.37,6335.07,1413571,180064470000,1.60,6378.43,sh000852,中证1000
2022-10-21,6433.33,6469.09,6387.77,1198798,151129740000,1.36,6432.33,sh000852,中证1000
2022-10-20,6431.99,6525.80,6342.15,1335250,176048480000,1.51,6429.70,sh000852,中证1000
2022-10-19,6492.60,6533.57,6460.70,1246474,165890300000,1.41,6461.15,sh000852,中证1000
2022-10-18,6490.60,6551.80,6447.78,1299209,172917920000,1.47,6508.50,sh000852,中证1000
2022-10-17,6380.21,6476.40,6370.15,1324446,171128920000,1.50,6472.45,sh000852,中证1000
2022-10-14,6296.35,6427.47,6286.67,1418020,181411950000,1.61,6406.46,sh000852,中证1000
2022-10-13,6162.71,6311.51,6146.40,1287009,157054880000,1.46,6252.22,sh000852,中证1000
2022-10-12,6017.67,6192.65,5918.02,1200531,146042370000,1.36,6192.65,sh000852,中证1000
2022-10-11,5994.76,6044.28,5939.07,942380,111536270000,1.07,6017.72,sh000852,中证1000
2022-10-10,6136.71,6154.06,5964.62,1024481,122828920000,1.16,5984.50,sh000852,中证1000
2022-09-30,6221.83,6241.96,6123.99,925646,113064810000,1.05,6124.86,sh000852,中证1000
2022-09-29,6270.91,6307.78,6192.77,1057307,127446450000,1.20,6228.78,sh000852,中证1000
2022-09-28,6397.84,6401.84,6211.11,1049601,128903900000,1.19,6211.11,sh000852,中证1000
2022-09-27,6302.89,6409.78,6287.77,1060335,133034780000,1.20,6409.78,sh000852,中证1000
2022-09-26,6318.30,6404.01,6274.34,1104535,129054880000,1.26,6283.59,sh000852,中证1000
2022-09-23,6486.79,6504.03,6306.96,1119657,136013850000,1.27,6363.68,sh000852,中证1000
2022-09-22,6438.29,6554.30,6429.50,1051470,129139060000,1.20,6487.27,sh000852,中证1000
2022-09-21,6461.25,6506.06,6378.63,1056001,122346820000,1.20,6480.60,sh000852,中证1000
2022-09-20,6441.10,6536.42,6436.76,998980,126916550000,1.14,6482.13,sh000852,中证1000
2022-09-19,6468.39,6504.75,6364.07,1079342,130349060000,1.23,6399.80,sh000852,中证1000
2022-09-16,6599.27,6632.56,6480.10,1357042,160257560000,1.54,6481.24,sh000852,中证1000
2022-09-15,6859.25,6866.55,6543.20,1606346,196010800000,1.83,6619.19,sh000852,中证1000
2022-09-14,6800.93,6851.09,6783.19,1213094,150215220000,1.38,6829.56,sh000852,中证1000
2022-09-13,6935.59,6957.35,6886.36,1259826,156495590000,1.43,6904.08,sh000852,中证1000
2022-09-09,6908.71,6918.20,6848.27,1309408,158316320000,1.49,6913.58,sh000852,中证1000
2022-09-08,6965.56,6975.13,6889.86,1330146,165823750000,1.51,6897.10,sh000852,中证1000
2022-09-07,6894.71,6989.75,6882.59,1429984,186886080000,1.63,6963.52,sh000852,中证1000
2022-09-06,6808.87,6919.65,6780.44,1443443,183761280000,1.65,6919.65,sh000852,中证1000
2022-09-05,6774.19,6831.22,6739.14,1319110,161721450000,1.50,6791.09,sh000852,中证1000
2022-09-02,6731.67,6801.35,6695.10,1285554,162328850000,1.47,6776.83,sh000852,中证1000
2022-09-01,6757.01,6819.62,6698.84,1368213,167515970000,1.56,6717.10,sh000852,中证1000
2022-08-31,6954.51,6966.99,6738.52,1665599,208164750000,1.90,6750.74,sh000852,中证1000
2022-08-30,7018.72,7025.46,6943.14,1538329,190519770000,1.76,6976.72,sh000852,中证1000
2022-08-29,6884.73,7022.79,6858.43,1535714,190249840000,1.76,7021.31,sh000852,中证1000
2022-08-26,7032.66,7103.83,6966.07,1617250,208825350000,1.85,6980.18,sh000852,中证1000
2022-08-25,7065.34,7080.73,6930.84,1743513,214927190000,2.00,7016.31,sh000852,中证1000
2022-08-24,7312.55,7315.10,7029.88,2075216,261715050000,2.38,7039.41,sh000852,中证1000
2022-08-23,7275.38,7310.13,7267.79,1710671,228827950000,1.96,7306.02,sh000852,中证1000
2022-08-22,7214.48,7289.31,7170.20,1726676,232384010000,1.98,7288.58,sh000852,中证1000
2022-08-19,7353.43,7369.73,7234.41,1907745,256614240000,2.19,7234.41,sh000852,中证1000
2022-08-18,7315.41,7358.71,7298.93,1763777,242504370000,2.02,7351.44,sh000852,中证1000
2022-08-17,7330.48,7342.70,7280.57,1836121,245094600000,2.10,7328.67,sh000852,中证1000
2022-08-16,7290.24,7356.11,7280.92,1836748,241350470000,2.11,7324.62,sh000852,中证1000
2022-08-15,7218.09,7296.34,7215.20,1690826,224364660000,1.94,7283.50,sh000852,中证1000
2022-08-12,7287.65,7311.89,7228.34,1812889,235585530000,2.08,7228.83,sh000852,中证1000
2022-08-11,7241.73,7295.89,7212.40,1795062,248429230000,2.06,7294.49,sh000852,中证1000
2022-08-10,7183.18,7231.43,7169.88,1596366,233901770000,1.83,7212.08,sh000852,中证1000
2022-08-09,7168.96,7207.40,7131.34,1629129,235299440000,1.87,7207.40,sh000852,中证1000
2022-08-08,7082.54,7176.48,7062.37,1585613,232418780000,1.82,7176.11,sh000852,中证1000
2022-08-05,6975.89,7096.43,6961.65,1708485,239898860000,1.96,7090,sh000852,中证1000
2022-08-04,6953.98,6977.39,6853.70,1578961,210363580000,1.81,6960.31,sh000852,中证1000
2022-08-03,6968.29,7079.85,6893.52,1990463,267708330000,2.29,6916.67,sh000852,中证1000
2022-08-02,7098.18,7098.18,6872.75,2230883,279667760000,2.56,6957.98,sh000852,中证1000
2022-08-01,7100.71,7180.45,7055.61,1628030,228160020000,1.87,7180.45,sh000852,中证1000
2022-07-29,7152.33,7179.47,7105.33,1768412,231274230000,2.03,7117.43,sh000852,中证1000
2022-07-28,7138.32,7196.73,7112.74,1803543,241095070000,2.07,7150.20,sh000852,中证1000
2022-07-27,7018.22,7109.54,7005.07,1522691,206541490000,1.75,7099.43,sh000852,中证1000
2022-07-26,6949.19,7031.11,6901.93,1472184,194799480000,1.69,7027.42,sh000852,中证1000
2022-07-25,7037.76,7068.34,6933.82,1623908,210550920000,1.87,6948.91,sh000852,中证1000
2022-07-22,7081.56,7124.30,6969.43,1730310,221488790000,1.99,7034.60,sh000852,中证1000
2022-07-21,7098.27,7134.22,7067.15,1967697,260583930000,2.27,7075.29,sh000852,中证1000
2022-07-20,7028.79,7110.10,7019.51,1815337,241532110000,2.09,7110.10,sh000852,中证1000
2022-07-19,6956.86,7033.25,6932.74,1822405,235415920000,2.10,7009.32,sh000852,中证1000
2022-07-18,6868.30,6953.93,6839.13,1820480,234953100000,2.10,6953.93,sh000852,中证1000
2022-07-15,6889.81,6966.04,6852.82,1986257,249001070000,2.29,6852.82,sh000852,中证1000
2022-07-14,6823.09,6954.91,6809.10,1840649,236000200000,2.12,6920.87,sh000852,中证1000
2022-07-13,6780.61,6855.07,6737.88,1672682,203183720000,1.93,6834.90,sh000852,中证1000
2022-07-12,6891.58,6911.80,6779.56,1680572,210812630000,1.94,6779.56,sh000852,中证1000
2022-07-11,6976.10,6976.10,6830.47,1745495,222946720000,2.02,6893.63,sh000852,中证1000
2022-07-08,7067.03,7084.90,6990.74,1745157,229822930000,2.02,7000.79,sh000852,中证1000
2022-07-07,6955.53,7053.45,6910.09,1703042,228172330000,1.97,7041.87,sh000852,中证1000
2022-07-06,7014.45,7041.87,6890.93,1821146,238627650000,2.11,6953.98,sh000852,中证1000
2022-07-05,7081.90,7098.57,6950.24,2043986,264570260000,2.36,7036,sh000852,中证1000
2022-07-04,6985.05,7076.32,6928.40,1811804,252318360000,2.10,7076.32,sh000852,中证1000
2022-07-01,6999.68,7039.85,6967.48,1780545,233832180000,2.06,6994.50,sh000852,中证1000
2022-06-30,6909.74,7032.67,6909.74,1924616,250604920000,2.23,6995.53,sh000852,中证1000
2022-06-29,7061.79,7075.52,6900.99,2292800,291483510000,2.66,6900.99,sh000852,中证1000
2022-06-28,7001.26,7081.28,6956.30,2147071,272953950000,2.49,7079.72,sh000852,中证1000
2022-06-27,6968.13,7012.12,6940.52,2092586,274018810000,2.43,7002.93,sh000852,中证1000
2022-06-24,6865.36,6954.45,6862.46,1995321,260609800000,2.32,6931.65,sh000852,中证1000
2022-06-23,6694.25,6845.45,6649.93,1926800,238813200000,2.24,6845.45,sh000852,中证1000
2022-06-22,6781.87,6811.55,6688.39,1794972,219574890000,2.09,6691.81,sh000852,中证1000
2022-06-21,6849.73,6854.92,6709.36,1961056,242436590000,2.28,6779.14,sh000852,中证1000
2022-06-20,6787.34,6874.38,6783.62,2028554,261623250000,2.36,6848.75,sh000852,中证1000
2022-06-17,6652.54,6782.49,6643.10,1955450,241013890000,2.28,6774.74,sh000852,中证1000
2022-06-16,6651.20,6755.63,6651.20,2041907,233202110000,2.38,6696.76,sh000852,中证1000
2022-06-15,6671.05,6759.38,6653.76,2285966,259960620000,2.66,6653.76,sh000852,中证1000
2022-06-14,6607.12,6665.25,6460.43,2072240,237101200000,2.42,6665.25,sh000852,中证1000
2022-06-13,6582.69,6683.91,6573.57,2008572,239249880000,2.34,6674.80,sh000852,中证1000
2022-06-10,6446.81,6630.26,6438.80,1769209,216472760000,2.10,6627.75,sh000852,中证1000
2022-06-09,6591.92,6591.92,6453.65,1780414,207132900000,2.12,6490.38,sh000852,中证1000
2022-06-08,6594.92,6660.09,6474.23,1963224,235551930000,2.33,6608.89,sh000852,中证1000
2022-06-07,6613.17,6631.32,6539.71,1876794,226233070000,2.23,6597.83,sh000852,中证1000
2022-06-06,6449.55,6612.80,6449.24,1831763,236744950000,2.18,6604.98,sh000852,中证1000
2022-06-02,6349.56,6449.97,6329.07,1649474,190173330000,1.96,6442.93,sh000852,中证1000
2022-06-01,6332.39,6398.35,6316.58,1729919,189585190000,2.06,6373.32,sh000852,中证1000
2022-05-31,6283.16,6356.55,6224.61,1735512,194983650000,2.07,6353.35,sh000852,中证1000
2022-05-30,6231.64,6282.36,6171.74,1592008,169965800000,1.90,6282.36,sh000852,中证1000
2022-05-27,6252.36,6283.72,6157.81,1705658,177212700000,2.04,6210.09,sh000852,中证1000
2022-05-26,6195.21,6252.56,6095.75,1684402,175940570000,2.01,6227.10,sh000852,中证1000
2022-05-25,6079.94,6188.27,6070.96,1613537,169986110000,1.93,6188.27,sh000852,中证1000
2022-05-24,6343.89,6345.12,6081.64,1983976,221027390000,2.38,6081.64,sh000852,中证1000
2022-05-23,6284.60,6345,6267.83,1648665,186473050000,1.97,6343.47,sh000852,中证1000
2022-05-20,6203.91,6263.44,6176.13,1678594,187575880000,2.01,6263.44,sh000852,中证1000
2022-05-19,6032.73,6180.19,6020.41,1615123,175297020000,1.94,6180.19,sh000852,中证1000
2022-05-18,6124.38,6183.46,6103.63,1518026,164756080000,1.82,6127.80,sh000852,中证1000
2022-05-17,6079.30,6120.84,6013.70,1609809,174362780000,1.93,6118.46,sh000852,中证1000
2022-05-16,6110.99,6154.70,6057.32,1588149,162466410000,1.91,6082.88,sh000852,中证1000
2022-05-13,6059,6079.16,6001.91,1547089,156378890000,1.86,6071.67,sh000852,中证1000
2022-05-12,5971.21,6061.18,5964.83,1668099,171688070000,2.00,6034.57,sh000852,中证1000
2022-05-11,5959.79,6147.86,5959.79,2063111,225487280000,2.48,6003.03,sh000852,中证1000
2022-05-10,5761.85,5952.72,5746.72,1696301,175537620000,2.04,5950.67,sh000852,中证1000
2022-05-09,5749.90,5857.71,5749.90,1389435,136636740000,1.67,5840.89,sh000852,中证1000
2022-05-06,5690.14,5812.48,5665.93,1541964,153608750000,1.85,5764.69,sh000852,中证1000
2022-05-05,5723.18,5884.38,5712.06,1689330,179484910000,2.03,5836.93,sh000852,中证1000
2022-04-29,5534.17,5753.08,5517.72,1866605,194308130000,2.25,5734.49,sh000852,中证1000
2022-04-28,5501.52,5578.62,5425.77,1697141,176020110000,2.04,5493.91,sh000852,中证1000
2022-04-27,5192.50,5541.11,5164.75,1929273,184237860000,2.32,5540.72,sh000852,中证1000
2022-04-26,5432.61,5483.03,5251.52,1783233,165807830000,2.15,5266.55,sh000852,中证1000
2022-04-25,5776.18,5776.18,5431.61,1831667,174524590000,2.21,5431.61,sh000852,中证1000
2022-04-22,5937.39,5965.41,5851.23,1447292,151155940000,1.75,5891.81,sh000852,中证1000
2022-04-21,6206.18,6236.55,5966.03,1734549,177864920000,2.09,5981.38,sh000852,中证1000
2022-04-20,6347.80,6351.64,6208.79,1653574,174579260000,2.00,6234.25,sh000852,中证1000
2022-04-19,6324.42,6379.43,6304.25,1509416,166851630000,1.82,6345.79,sh000852,中证1000
2022-04-18,6233.42,6339.11,6164.44,1589648,166723130000,1.92,6326.02,sh000852,中证1000
2022-04-15,6328.23,6334.48,6229.41,1900075,200901920000,2.30,6275.07,sh000852,中证1000
2022-04-14,6313.10,6388.56,6294.37,1757547,183660830000,2.12,6359.71,sh000852,中证1000
2022-04-13,6381.78,6388.70,6286.25,1844341,189187910000,2.23,6286.25,sh000852,中证1000
2022-04-12,6314.22,6414.50,6259.05,1936769,196890760000,2.34,6414.42,sh000852,中证1000
2022-04-11,6544.29,6544.29,6297.39,2042083,213999660000,2.47,6328.07,sh000852,中证1000
2022-04-08,6635.69,6644.76,6496.18,1915741,206608720000,2.32,6575.28,sh000852,中证1000
2022-04-07,6736.34,6768.45,6623.59,1884327,200882260000,2.28,6623.59,sh000852,中证1000
2022-04-06,6769.74,6769.74,6711.30,1799328,194867320000,2.18,6764.29,sh000852,中证1000
2022-04-01,6723.26,6790.76,6688.70,1715306,189378820000,2.08,6772.60,sh000852,中证1000
2022-03-31,6846.33,6846.33,6760.05,1956791,222112490000,2.37,6772.07,sh000852,中证1000
2022-03-30,6750,6864.75,6734.07,1713258,196283760000,2.07,6864.75,sh000852,中证1000
2022-03-29,6785.38,6808.88,6700.41,1662017,194872630000,2.01,6725.68,sh000852,中证1000
2022-03-28,6772.44,6828.40,6692.91,1683986,191046710000,2.04,6767.25,sh000852,中证1000
2022-03-25,6906.68,6939.87,6819.55,1738186,207338040000,2.10,6819.81,sh000852,中证1000
2022-03-24,6934.13,6950.74,6847.17,1759179,208970250000,2.13,6900.81,sh000852,中证1000
2022-03-23,6938.51,6989.72,6910.33,1759422,207033470000,2.13,6966.95,sh000852,中证1000
2022-03-22,6938.97,6976.39,6893.65,1784563,214266470000,2.16,6923.44,sh000852,中证1000
2022-03-21,6886.03,6983.52,6867.31,1794284,224493450000,2.17,6954.41,sh000852,中证1000
2022-03-18,6792.32,6882.66,6773.46,1738904,209608680000,2.11,6879.37,sh000852,中证1000
2022-03-17,6777.74,6934.49,6768.61,2050544,273063660000,2.49,6818.54,sh000852,中证1000
2022-03-16,6586.82,6704.18,6330.41,1975590,246843420000,2.40,6692.97,sh000852,中证1000
2022-03-15,6745.60,6790.24,6473.48,1957508,232508540000,2.37,6473.48,sh000852,中证1000
2022-03-14,6938.22,6972.91,6800.59,1626621,209426540000,1.97,6800.59,sh000852,中证1000
2022-03-11,6856.87,7001.60,6778.59,1809932,229253720000,2.19,6990.78,sh000852,中证1000
2022-03-10,6946.58,7017.28,6914.89,1853545,239213380000,2.25,6952.52,sh000852,中证1000
2022-03-09,6889.51,6925.55,6511.91,2132619,251456780000,2.59,6796.04,sh000852,中证1000
2022-03-08,7089.51,7118.51,6824.03,1919606,242299630000,2.33,6871.22,sh000852,中证1000
2022-03-07,7230.81,7230.81,7050.35,1660518,212810970000,2.02,7085.73,sh000852,中证1000
2022-03-04,7300,7360.26,7219.64,1784384,219627320000,2.17,7241.56,sh000852,中证1000
2022-03-03,7440.94,7446.47,7334.28,1831819,224684680000,2.22,7342.61,sh000852,中证1000
2022-03-02,7400.95,7421.64,7341.83,1602099,209899650000,1.94,7414.31,sh000852,中证1000
2022-03-01,7433.75,7454.90,7379.82,1661871,228666190000,2.02,7429.44,sh000852,中证1000
2022-02-28,7370.43,7419.83,7291.08,1674020,227995520000,2.03,7419.83,sh000852,中证1000
2022-02-25,7346.85,7435.40,7344.78,1777570,239033140000,2.16,7361.96,sh000852,中证1000
2022-02-24,7414.47,7481.14,7174.78,2557206,330551060000,3.10,7285.12,sh000852,中证1000
2022-02-23,7290.70,7450.40,7289.74,1827305,254406850000,2.22,7450.40,sh000852,中证1000
2022-02-22,7310.66,7310.66,7212.27,1795026,228319650000,2.18,7279.24,sh000852,中证1000
2022-02-21,7264.44,7334.91,7259.76,1698478,209089470000,2.06,7334.59,sh000852,中证1000
2022-02-18,7174.59,7252.06,7164.27,1560970,187819460000,1.90,7251.79,sh000852,中证1000
2022-02-17,7169.72,7265.03,7146.59,1659441,211816620000,2.02,7220.61,sh000852,中证1000
2022-02-16,7164.23,7201.08,7132.08,1471890,181452900000,1.79,7183.11,sh000852,中证1000
2022-02-15,7020.13,7125.10,6990.40,1432976,178296060000,1.74,7124.85,sh000852,中证1000
2022-02-14,6991.63,7096.55,6961.30,1472178,177109080000,1.79,7006.08,sh000852,中证1000
2022-02-11,7140.93,7151.24,7024.79,1686152,207661880000,2.04,7033.85,sh000852,中证1000
2022-02-10,7208.57,7222.19,7126.07,1657815,197454790000,2.01,7175.62,sh000852,中证1000
2022-02-09,7083.43,7212.75,7056.62,1723997,208591950000,2.09,7211.43,sh000852,中证1000
2022-02-08,7058.25,7080.62,6928.90,1609004,181069630000,1.95,7080.62,sh000852,中证1000
2022-02-07,7080.61,7102.42,7037.16,1455063,172407920000,1.77,7061.62,sh000852,中证1000
2022-01-28,6996.77,7071.32,6861.47,1389843,170642750000,1.69,6973.01,sh000852,中证1000
2022-01-27,7178.54,7191.48,6959.46,1467864,176645970000,1.78,6960.11,sh000852,中证1000
2022-01-26,7158.57,7226.64,7071.47,1430725,177201520000,1.74,7171.03,sh000852,中证1000
2022-01-25,7398.76,7440.55,7133.07,1785770,220574270000,2.17,7133.07,sh000852,中证1000
2022-01-24,7346.39,7462.53,7333,1544158,208467430000,1.88,7425.40,sh000852,中证1000
2022-01-21,7474.76,7493.02,7384.40,1766286,229180680000,2.15,7388.74,sh000852,中证1000
2022-01-20,7664.12,7672.76,7488.86,1998762,262493950000,2.43,7492.61,sh000852,中证1000
2022-01-19,7728.16,7745.81,7617.06,1881708,252520830000,2.29,7665.18,sh000852,中证1000
2022-01-18,7808.99,7827.19,7743.72,2219452,298301900000,2.70,7758.60,sh000852,中证1000
2022-01-17,7687.71,7815.66,7683.38,1990487,283638420000,2.42,7808.09,sh000852,中证1000
2022-01-14,7611.29,7714.50,7590.19,1954373,258256240000,2.38,7675.37,sh000852,中证1000
2022-01-13,7781.31,7781.31,7644.79,1967188,258476510000,2.39,7644.79,sh000852,中证1000
2022-01-12,7691.85,7779.52,7682.55,1790288,249094030000,2.18,7779.52,sh000852,中证1000
2022-01-11,7734.54,7768.74,7632.07,1842567,246010050000,2.24,7646.69,sh000852,中证1000
2022-01-10,7669.05,7756.97,7624.93,1831185,243826240000,2.23,7734.19,sh000852,中证1000
2022-01-07,7841.13,7867.49,7681.13,2144413,276004630000,2.61,7682.70,sh000852,中证1000
2022-01-06,7743.86,7863.55,7721.78,1927350,259362890000,2.35,7844.52,sh000852,中证1000
2022-01-05,7968.74,7968.92,7733.51,2187915,299531730000,2.66,7781.68,sh000852,中证1000
2022-01-04,8045.10,8060.99,7948.91,2259577,309512980000,2.75,7983.07,sh000852,中证1000
2021-12-31,7946.94,8016.40,7946.94,1896029,264776590000,2.31,8010.32,sh000852,中证1000
2021-12-30,7863.17,7949.96,7861.54,1785459,250673280000,2.17,7924.53,sh000852,中证1000
2021-12-29,7858.94,7886.71,7838.28,1722731,244249910000,2.10,7855.43,sh000852,中证1000
2021-12-28,7794.03,7863.53,7783.10,1707446,237637910000,2.08,7863.53,sh000852,中证1000
2021-12-27,7768.38,7833.58,7739.29,1754319,232653040000,2.14,7776.43,sh000852,中证1000
2021-12-24,7940.38,7940.43,7771.42,2121323,278501100000,2.59,7776.61,sh000852,中证1000
2021-12-23,7932.10,7947.13,7892.89,2029106,267757760000,2.48,7932.66,sh000852,中证1000
2021-12-22,7868.30,7943.24,7854.36,2059422,255276250000,2.51,7930.81,sh000852,中证1000
2021-12-21,7749.82,7849.03,7749.82,1914606,226989100000,2.34,7849.03,sh000852,中证1000
2021-12-20,7873.67,7920.65,7747.36,1990083,263220860000,2.43,7751.95,sh000852,中证1000
2021-12-17,7997.47,7997.47,7894.10,2023037,264934150000,2.47,7894.10,sh000852,中证1000
2021-12-16,7966.50,8005.98,7959.18,1948652,259653990000,2.38,8005.98,sh000852,中证1000
2021-12-15,7982.10,8019.30,7942.94,2002070,277025960000,2.44,7955.58,sh000852,中证1000
2021-12-14,7969.60,7997.18,7952.75,1932125,277460580000,2.36,7981.83,sh000852,中证1000
2021-12-13,7963.48,8000.11,7936.62,1895221,274566340000,2.31,7984.90,sh000852,中证1000
2021-12-10,7898.64,7964.35,7886.13,1734658,257041900000,2.22,7949.12,sh000852,中证1000
2021-12-09,7924.53,7948.03,7903.68,1812522,261370670000,2.32,7931.76,sh000852,中证1000
2021-12-08,7806.38,7922.55,7803.44,1613071,242658250000,2.06,7922.55,sh000852,中证1000
2021-12-07,7937.23,7948.17,7713.92,1823900,272840130000,2.33,7781.44,sh000852,中证1000
2021-12-06,8018.46,8029.83,7899.91,1915203,274404840000,2.45,7906.76,sh000852,中证1000
2021-12-03,7973.62,8034.69,7952.37,1790630,265004140000,2.30,8023.96,sh000852,中证1000
2021-12-02,8045.73,8046.25,7964.74,1846724,273790810000,2.37,7968.24,sh000852,中证1000
2021-12-01,8050.89,8068.38,8000.81,1890749,288748400000,2.43,8055.82,sh000852,中证1000
2021-11-30,8037.26,8082.90,7991.19,1975626,309404450000,2.53,8054.29,sh000852,中证1000
2021-11-29,7837.39,7999.94,7828.92,1764534,289465060000,2.26,7999.83,sh000852,中证1000
2021-11-26,7912.89,7954.79,7906.35,1739168,277650500000,2.23,7940.79,sh000852,中证1000
2021-11-25,7937.40,7959.84,7919.66,1758382,273718380000,2.26,7925.76,sh000852,中证1000
2021-11-24,7939.59,7971.44,7917.68,1886057,289619720000,2.42,7938.77,sh000852,中证1000
2021-11-23,7950.25,7974.51,7933.20,1934220,303524170000,2.48,7941.56,sh000852,中证1000
2021-11-22,7822.96,7948.02,7822.96,1904003,305323560000,2.44,7947.37,sh000852,中证1000
2021-11-19,7709.31,7806.03,7705.84,1880011,276256500000,2.41,7803.76,sh000852,中证1000
2021-11-18,7724.03,7765.74,7686.14,1985044,286034810000,2.55,7714.80,sh000852,中证1000
2021-11-17,7603.33,7725.09,7603.33,1748243,252238410000,2.24,7725.09,sh000852,中证1000
2021-11-16,7659.02,7691.65,7579.68,1770131,259612340000,2.27,7589.18,sh000852,中证1000
2021-11-15,7713.85,7727.02,7653.71,1895536,282613800000,2.43,7676.48,sh000852,中证1000
2021-11-12,7593.45,7705.05,7593.45,1737468,262031370000,2.23,7697.81,sh000852,中证1000
2021-11-11,7524.16,7601.20,7515.71,1711532,251993410000,2.20,7593.73,sh000852,中证1000
2021-11-10,7516,7535.24,7425.23,1668093,247966820000,2.14,7535.23,sh000852,中证1000
2021-11-09,7443.45,7532.25,7435.51,1555702,238368110000,2.00,7531.96,sh000852,中证1000
2021-11-08,7376.71,7423.01,7351.50,1520517,232399370000,1.95,7422.91,sh000852,中证1000
2021-11-05,7476.14,7488.12,7388.20,1816776,263997510000,2.33,7389.59,sh000852,中证1000
2021-11-04,7402.66,7483.69,7402.66,1617179,250815030000,2.08,7483.69,sh000852,中证1000
2021-11-03,7362.12,7391.05,7312.25,1456190,217571920000,1.87,7385.20,sh000852,中证1000
2021-11-02,7462.13,7501.96,7301.65,1875134,275960320000,2.41,7368.60,sh000852,中证1000
2021-11-01,7374.45,7488.48,7357.67,1720333,261518590000,2.21,7455.61,sh000852,中证1000
2021-10-29,7276.51,7385.41,7234.50,1585346,242992420000,2.04,7385.30,sh000852,中证1000
2021-10-28,7395.49,7422.10,7253.11,1659251,245016890000,2.13,7267.85,sh000852,中证1000
2021-10-27,7490.69,7501.54,7408.58,1620863,237450350000,2.08,7433.55,sh000852,中证1000
2021-10-26,7547.75,7583.13,7492.39,1614275,247127100000,2.08,7508.69,sh000852,中证1000
2021-10-25,7438.43,7532.37,7417.20,1504722,229352710000,1.94,7532.37,sh000852,中证1000
2021-10-22,7506.87,7530.58,7436.14,1676570,234923340000,2.16,7438.48,sh000852,中证1000
2021-10-21,7520.93,7548.82,7481.44,1587425,231495320000,2.04,7503.53,sh000852,中证1000
2021-10-20,7467.34,7560.85,7456.81,1557437,233243180000,2.00,7523.56,sh000852,中证1000
2021-10-19,7420.48,7506.09,7408.12,1524081,218453950000,1.96,7504.05,sh000852,中证1000
2021-10-18,7344.57,7429.63,7322.70,1449482,210714460000,1.87,7429.63,sh000852,中证1000
2021-10-15,7321.58,7374.34,7288.28,1453349,205628060000,1.87,7350.41,sh000852,中证1000
2021-10-14,7276.51,7362.46,7256.98,1289307,180774920000,1.66,7342.25,sh000852,中证1000
2021-10-13,7213.01,7297.30,7147.01,1311915,181326970000,1.69,7289.36,sh000852,中证1000
2021-10-12,7366.16,7376.73,7125.54,1566437,210114890000,2.02,7208.47,sh000852,中证1000
2021-10-11,7441.62,7442.35,7346.86,1506012,206333880000,1.94,7384.84,sh000852,中证1000
2021-10-08,7501.24,7514.24,7382.02,1594603,220528170000,2.05,7425.67,sh000852,中证1000
2021-09-30,7237.54,7411.28,7237.54,1464422,199724660000,1.89,7405.46,sh000852,中证1000
2021-09-29,7409.96,7413.80,7199.11,1725501,227988710000,2.22,7199.18,sh000852,中证1000
2021-09-28,7428.41,7496.33,7409.37,1580649,220715360000,2.04,7468.73,sh000852,中证1000
2021-09-27,7717.10,7733.21,7399.81,2131836,291997510000,2.75,7467.82,sh000852,中证1000
2021-09-24,7799.92,7806.81,7685.11,2064634,286416520000,2.66,7695.62,sh000852,中证1000
2021-09-23,7818.73,7850.24,7792.59,2124001,294020860000,2.74,7806.80,sh000852,中证1000
2021-09-22,7640.47,7774.51,7633.28,1827339,252891870000,2.36,7769.06,sh000852,中证1000
2021-09-17,7740.56,7786.19,7575.08,2142380,302870260000,2.77,7730.22,sh000852,中证1000
2021-09-16,7974.08,7993.22,7749.66,2366666,335038220000,3.06,7754.95,sh000852,中证1000
2021-09-15,7900.69,7988.37,7862.31,2134539,315047720000,2.76,7972.23,sh000852,中证1000
2021-09-14,7927.89,8042.52,7895.18,2432256,353788170000,3.14,7916.90,sh000852,中证1000
2021-09-13,7941.21,7955.98,7875,2306852,331165030000,2.98,7947.48,sh000852,中证1000
2021-09-10,7897.33,7954.48,7832.96,2400163,335009100000,3.08,7932.65,sh000852,中证1000
2021-09-09,7888.83,7922.41,7835.15,2382017,318584830000,3.06,7900.24,sh000852,中证1000
2021-09-08,7886.27,7911.02,7854.89,2543218,333805400000,3.26,7894.25,sh000852,中证1000
2021-09-07,7735.22,7881.87,7718.59,2285596,314304830000,2.93,7878.35,sh000852,中证1000
2021-09-06,7625.74,7735.55,7552.95,2279541,314079150000,2.93,7735.10,sh000852,中证1000
2021-09-03,7696.46,7766.46,7561.23,2670445,357957530000,3.43,7630.84,sh000852,中证1000
2021-09-02,7572.05,7703.72,7568.07,2260865,307631330000,2.90,7690.86,sh000852,中证1000
2021-09-01,7738.27,7743.18,7495.76,2677235,372375970000,3.44,7606.87,sh000852,中证1000
2021-08-31,7714.17,7728.42,7636.77,2354555,325712850000,3.02,7728.42,sh000852,中证1000
2021-08-30,7701.42,7792.52,7687.15,2368418,350488460000,3.04,7727.75,sh000852,中证1000
2021-08-27,7634.93,7686.34,7584.28,2128912,302869380000,2.74,7680.08,sh000852,中证1000
2021-08-26,7754.68,7771.85,7662.38,2282214,319065760000,2.94,7669.53,sh000852,中证1000
2021-08-25,7707.09,7769.70,7664.29,2063983,303214020000,2.66,7769.63,sh000852,中证1000
2021-08-24,7654.19,7737.60,7614.94,2126585,322685540000,2.74,7715.07,sh000852,中证1000
2021-08-23,7501.41,7668.89,7501.41,2014917,305726380000,2.60,7652.56,sh000852,中证1000
2021-08-20,7438.70,7505.55,7354.17,1768224,260935230000,2.28,7467.36,sh000852,中证1000
2021-08-19,7387.44,7511.19,7330.60,1828903,261439120000,2.36,7468.77,sh000852,中证1000
2021-08-18,7352.97,7454.03,7338.82,1789405,248677520000,2.31,7405.49,sh000852,中证1000
2021-08-17,7559.30,7578.43,7338.02,2074268,283827880000,2.67,7360.03,sh000852,中证1000
2021-08-16,7628.16,7633.66,7546.54,2015695,292491130000,2.60,7568.14,sh000852,中证1000
2021-08-13,7635.49,7724.44,7605.86,2080065,310770380000,2.68,7641.92,sh000852,中证1000
2021-08-12,7595.26,7677.74,7588.74,2102505,307992400000,2.71,7657.53,sh000852,中证1000
2021-08-11,7538.82,7611.65,7498.58,1963504,293467650000,2.53,7605.92,sh000852,中证1000
2021-08-10,7489.16,7566.73,7467.06,1890485,303106790000,2.44,7549.55,sh000852,中证1000
2021-08-09,7459.35,7509.33,7386.31,1811089,287557700000,2.34,7507.08,sh000852,中证1000
2021-08-06,7462.86,7490.98,7419.73,1860151,291705910000,2.40,7482.17,sh000852,中证1000
2021-08-05,7454.28,7494.33,7402.38,1988312,303102910000,2.79,7447.94,sh000852,中证1000
2021-08-04,7295.57,7478.21,7295.45,1863341,297192360000,2.41,7478.21,sh000852,中证1000
2021-08-03,7375.22,7419.34,7284.18,2094708,318057360000,2.71,7308.96,sh000852,中证1000
2021-08-02,7264.37,7402.40,7248.89,2133001,338912940000,2.75,7402.35,sh000852,中证1000
2021-07-30,7209.04,7279.06,7155.22,2029173,315095880000,2.62,7262.38,sh000852,中证1000
2021-07-29,7057.88,7226.50,7057.88,1826922,284565750000,2.36,7207.48,sh000852,中证1000
2021-07-28,7019.05,7058.51,6750.59,1972761,282261770000,2.55,6945.51,sh000852,中证1000
2021-07-27,7298.33,7373.09,7093.86,2219267,340951420000,2.87,7093.87,sh000852,中证1000
2021-07-26,7368.13,7395.27,7140.73,2128579,311265250000,2.75,7286.15,sh000852,中证1000
2021-07-23,7442.62,7473.14,7348.32,2192213,317119670000,2.83,7379.79,sh000852,中证1000
2021-07-22,7405.65,7447.03,7349.13,2037286,301835550000,2.63,7446.48,sh000852,中证1000
2021-07-21,7285.41,7416.47,7285.41,1904689,283891000000,2.46,7398.81,sh000852,中证1000
2021-07-20,7145.54,7253.37,7137.89,1631461,235171690000,2.11,7253.28,sh000852,中证1000
2021-07-19,7213.63,7259.03,7174.11,1770303,263845390000,2.29,7205.27,sh000852,中证1000
2021-07-16,7230.85,7311.45,7214.04,1827707,275657930000,2.37,7228.36,sh000852,中证1000
2021-07-15,7218.34,7250.03,7103.97,1818735,269135630000,2.35,7241.62,sh000852,中证1000
2021-07-14,7301.61,7338.31,7240.98,1886935,284232590000,2.45,7243.82,sh000852,中证1000
2021-07-13,7285.96,7331.73,7263.16,1920942,289353540000,2.49,7331.73,sh000852,中证1000
2021-07-12,7184.09,7301.10,7171.04,1924656,291238640000,2.50,7284.23,sh000852,中证1000
2021-07-09,7064.99,7165.88,7000.59,1694014,253401300000,2.20,7142.90,sh000852,中证1000
2021-07-08,7102.67,7138.76,7082.39,1740407,265135000000,2.26,7099.41,sh000852,中证1000
2021-07-07,6932.94,7093.05,6913.50,1536714,233955800000,1.99,7089.66,sh000852,中证1000
2021-07-06,7013.99,7045.19,6885.09,1621355,248979390000,0,6979.06,sh000852,中证1000
2021-07-05,6930.26,7006.72,6930.26,1507629,223489240000,0,7006.70,sh000852,中证1000
2021-07-02,6947.45,6960.48,6891.47,1442285,216582550000,0,6908.93,sh000852,中证1000
2021-07-01,7094.19,7099.13,6969.53,1551702,223812260000,0,6969.53,sh000852,中证1000
2021-06-30,7011.18,7083.99,7004.75,1486203,218687130000,0,7083.70,sh000852,中证1000
2021-06-29,7068.40,7082.07,6999.75,1559500,221964400000,0,7004.30,sh000852,中证1000
2021-06-28,7007.43,7081.05,7005.93,1521139,212154420000,0,7063.47,sh000852,中证1000
2021-06-25,6975.49,7016.08,6947.12,1637740,216200620000,0,7000.43,sh000852,中证1000
2021-06-24,7045.05,7045.05,6969.55,1620630,212191570000,0,6974.64,sh000852,中证1000
2021-06-23,6997.41,7060.40,6978.77,1626495,222684710000,0,7046.17,sh000852,中证1000
2021-06-22,6987.51,7010.62,6947.87,1683341,222850110000,0,7000.25,sh000852,中证1000
2021-06-21,6844.34,6970.64,6833.36,1578690,220549420000,0,6968.30,sh000852,中证1000
2021-06-18,6783.99,6869.26,6765.96,1579589,213850200000,0,6863.72,sh000852,中证1000
2021-06-17,6669.67,6790.71,6669.67,1484768,206785950000,0,6787.67,sh000852,中证1000
2021-06-16,6808.63,6810.20,6668.04,1560863,208080320000,0,6673.24,sh000852,中证1000
2021-06-15,6854.81,6866.18,6796.88,1637786,214928430000,0,6815.12,sh000852,中证1000
2021-06-11,6907.83,6907.95,6852.97,1902308,238809080000,0,6852.97,sh000852,中证1000
2021-06-10,6817.59,6903.88,6808.66,1781167,219424600000,0,6898.21,sh000852,中证1000
2021-06-09,6807.48,6834.04,6783.01,1590672,189042240000,0,6823.41,sh000852,中证1000
2021-06-08,6865.76,6886.94,6779.93,1677774,210928240000,0,6809.86,sh000852,中证1000
2021-06-07,6811.04,6861.85,6807.93,1588715,203918220000,0,6861.85,sh000852,中证1000
2021-06-04,6725.82,6803.78,6718.76,1596056,192969530000,0,6785.80,sh000852,中证1000
2021-06-03,6754.78,6824.98,6729.56,1630471,192981420000,0,6754.07,sh000852,中证1000
2021-06-02,6844.85,6852.64,6742.03,1715538,208753900000,0,6759.46,sh000852,中证1000
2021-06-01,6810.47,6854.75,6782.66,1727118,212099120000,0,6854.73,sh000852,中证1000
2021-05-31,6712.75,6814.36,6712.75,1618918,202848610000,0,6814.36,sh000852,中证1000
2021-05-28,6709.89,6735.55,6669.92,1686725,201076410000,0,6694.35,sh000852,中证1000
2021-05-27,6636.77,6706.38,6630.03,1544653,183790790000,0,6705.05,sh000852,中证1000
2021-05-26,6618.18,6666.21,6609.91,1557169,176675030000,0,6644.75,sh000852,中证1000
2021-05-25,6542.68,6617.43,6532.90,1491276,171576240000,0,6615.71,sh000852,中证1000
2021-05-24,6480.55,6537.86,6471.22,1381095,153822850000,0,6537.86,sh000852,中证1000
2021-05-21,6492.85,6509.37,6468.45,1309684,147932910000,0,6480.37,sh000852,中证1000
2021-05-20,6455.72,6505.52,6445.97,1429466,162941000000,0,6482.84,sh000852,中证1000
2021-05-19,6470.29,6500.12,6455.82,1330084,153000630000,0,6488.95,sh000852,中证1000
2021-05-18,6451.07,6486.92,6431.24,1290483,148691020000,0,6486.82,sh000852,中证1000
2021-05-17,6456.92,6496.38,6438.87,1461566,166775850000,0,6457.28,sh000852,中证1000
2021-05-14,6395.51,6462.50,6374.87,1526643,164857670000,0,6462.48,sh000852,中证1000
2021-05-13,6365,6432.63,6354.23,1530017,160167350000,0,6375.01,sh000852,中证1000
2021-05-12,6321.98,6420.34,6311.91,1388504,146828430000,0,6420.34,sh000852,中证1000
2021-05-11,6303.58,6354.24,6239.26,1494548,157533780000,0,6343.86,sh000852,中证1000
2021-05-10,6330.15,6351.42,6300.86,1505157,161260350000,0,6338.57,sh000852,中证1000
2021-05-07,6403.98,6409.35,6320.07,1531253,164129200000,0,6320.25,sh000852,中证1000
2021-05-06,6385.32,6420.42,6347.99,1292836,151692890000,0,6398.44,sh000852,中证1000
2021-04-30,6389.17,6397.27,6348.80,1300277,152175450000,0,6382.14,sh000852,中证1000
2021-04-29,6419.04,6441.85,6394.37,1209273,146138220000,0,6405.10,sh000852,中证1000
2021-04-28,6395.02,6437.27,6366.01,1219180,145603700000,0,6437.25,sh000852,中证1000
2021-04-27,6423.79,6429.86,6338.13,1213144,138737720000,0,6400.90,sh000852,中证1000
2021-04-26,6467.88,6527.33,6427.76,1334061,161805680000,0,6431.09,sh000852,中证1000
2021-04-23,6478.93,6478.93,6425.66,1216691,142037770000,0,6453.30,sh000852,中证1000
2021-04-22,6470.46,6496.44,6463.14,1185462,139471180000,0,6485.21,sh000852,中证1000
2021-04-21,6425.34,6470.94,6408.04,1194771,136567830000,0,6457.71,sh000852,中证1000
2021-04-20,6460.52,6506.88,6450.39,1397205,158701520000,0,6457.63,sh000852,中证1000
2021-04-19,6368.86,6477.41,6357.50,1436429,155002380000,0,6477.39,sh000852,中证1000
2021-04-16,6295.53,6379.97,6295.53,1352667,134720830000,0,6368.85,sh000852,中证1000
2021-04-15,6304.74,6304.79,6258.95,1187424,117020360000,0,6296.61,sh000852,中证1000
2021-04-14,6227.25,6320.57,6225.56,1169198,118610600000,0,6320.07,sh000852,中证1000
2021-04-13,6252.71,6282.97,6216.19,1228700,120402630000,0,6231.14,sh000852,中证1000
2021-04-12,6398.51,6402.33,6251.49,1320525,139761860000,0,6263.40,sh000852,中证1000
2021-04-09,6399.15,6410.53,6378.27,1226910,130323910000,0,6399.52,sh000852,中证1000
2021-04-08,6411.03,6435.36,6387.91,1367418,138981360000,0,6404.13,sh000852,中证1000
2021-04-07,6419.99,6422.77,6372.25,1251347,128879010000,0,6422.76,sh000852,中证1000
2021-04-06,6376.72,6425.39,6374.72,1128825,123752510000,0,6421.49,sh000852,中证1000
2021-04-02,6354.71,6383.46,6337.98,1151896,127464870000,0,6361.25,sh000852,中证1000
2021-04-01,6302.56,6341.24,6286.06,1109593,116301200000,0,6335.79,sh000852,中证1000
2021-03-31,6289.60,6298.79,6252.40,1098106,118374100000,0,6293.39,sh000852,中证1000
2021-03-30,6313.48,6316.82,6268.25,1270302,135741010000,0,6301.58,sh000852,中证1000
2021-03-29,6323.94,6364.54,6309.77,1264498,138044290000,0,6326.61,sh000852,中证1000
2021-03-26,6198.53,6309.59,6198.53,1246418,131109120000,0,6301.34,sh000852,中证1000
2021-03-25,6172.40,6233.69,6130.25,1253929,123533450000,0,6190.71,sh000852,中证1000
2021-03-24,6249.23,6286.85,6183.20,1379850,138421520000,0,6196.27,sh000852,中证1000
2021-03-23,6364.82,6372.66,6259.80,1483046,151761500000,0,6289,sh000852,中证1000
2021-03-22,6256.52,6359.67,6253.62,1360967,138130220000,0,6359.60,sh000852,中证1000
2021-03-19,6230.07,6307.22,6208.76,1252901,128556100000,0,6250.81,sh000852,中证1000
2021-03-18,6276.80,6322.46,6268.86,1276011,130271870000,0,6298.89,sh000852,中证1000
2021-03-17,6225.52,6283.60,6184.06,1255045,124790970000,0,6277.58,sh000852,中证1000
2021-03-16,6182.52,6233.46,6145.52,1377259,134210910000,0,6233.46,sh000852,中证1000
2021-03-15,6204.82,6238.20,6130.40,1335970,131813840000,0,6177.74,sh000852,中证1000
2021-03-12,6231.69,6234.34,6155.70,1376752,136378730000,0,6220.48,sh000852,中证1000
2021-03-11,6086.09,6219.66,6055.40,1249641,128575420000,0,6219.66,sh000852,中证1000
2021-03-10,6192.15,6208.77,6069.91,1179634,120671600000,0,6078.24,sh000852,中证1000
2021-03-09,6314.35,6321.02,6035.91,1617532,161655180000,0,6126.28,sh000852,中证1000
2021-03-08,6496.21,6529.87,6327.65,1568118,164778680000,0,6327.65,sh000852,中证1000
2021-03-05,6369.23,6484.30,6366.47,1399057,147790490000,0,6456.28,sh000852,中证1000
2021-03-04,6519.04,6534.60,6417.89,1501910,167852360000,0,6434.89,sh000852,中证1000
2021-03-03,6456.71,6553.95,6446.84,1367662,151718890000,0,6553.60,sh000852,中证1000
2021-03-02,6518.32,6518.99,6423.95,1362223,160394830000,0,6466.63,sh000852,中证1000
2021-03-01,6362.94,6495.19,6362.94,1289604,148068660000,0,6495.16,sh000852,中证1000
2021-02-26,6287.49,6381.32,6276.71,1232052,138979960000,0,6325.40,sh000852,中证1000
2021-02-25,6480.92,6492.42,6390.41,1350723,150532550000,0,6399.35,sh000852,中证1000
2021-02-24,6490.38,6542.28,6378.67,1493917,174898930000,0,6437.84,sh000852,中证1000
2021-02-23,6496.75,6545.54,6447.97,1584814,177899890000,0,6489.96,sh000852,中证1000
2021-02-22,6553.91,6659.41,6534.57,2035942,229273520000,0,6534.57,sh000852,中证1000
2021-02-19,6395.58,6527.90,6374.58,1554936,174247210000,0,6527.65,sh000852,中证1000
2021-02-18,6405.02,6441.51,6363.20,1391188,172637700000,0,6404.59,sh000852,中证1000
2021-02-10,6265.41,6316.79,6236.35,1054473,135598370000,0,6303.31,sh000852,中证1000
2021-02-09,6101.68,6264.18,6097.09,1114169,136524990000,0,6254.01,sh000852,中证1000
2021-02-08,6056.91,6122.32,6000.96,1035760,125072580000,0,6088.82,sh000852,中证1000
2021-02-05,6179.49,6214.28,6044.61,1197982,146098530000,0,6045.30,sh000852,中证1000
2021-02-04,6277.97,6295.70,6077.28,1395966,166461910000,0,6167.75,sh000852,中证1000
2021-02-03,6404.07,6404.07,6306.09,1311925,168984840000,0,6307.39,sh000852,中证1000
2021-02-02,6351.66,6419.03,6307.81,1280408,163105370000,0,6417.46,sh000852,中证1000
2021-02-01,6282.03,6347.17,6280.37,1310868,155005220000,0,6345.81,sh000852,中证1000
2021-01-29,6438.61,6459.34,6221.87,1455465,178522470000,0,6304.12,sh000852,中证1000
2021-01-28,6466.57,6545.72,6395.76,1323208,166111950000,0,6399.13,sh000852,中证1000
2021-01-27,6519.45,6552.43,6449.37,1307898,174269120000,0,6537.75,sh000852,中证1000
2021-01-26,6630.36,6645.81,6525.38,1420663,195248480000,0,6534.10,sh000852,中证1000
2021-01-25,6710.80,6728.45,6631.69,1661340,226714690000,0,6657.27,sh000852,中证1000
2021-01-22,6736.01,6737.55,6671.29,1586680,210019030000,0,6721.92,sh000852,中证1000
2021-01-21,6670.18,6770.87,6669.41,1593607,203918040000,0,6745.11,sh000852,中证1000
2021-01-20,6606.73,6671.45,6584.88,1307488,171733990000,0,6671.45,sh000852,中证1000
2021-01-19,6647.95,6677.41,6602.78,1550294,198089390000,0,6614.07,sh000852,中证1000
2021-01-18,6515.58,6655.05,6511,1373932,185540400000,0,6652.10,sh000852,中证1000
2021-01-15,6496.91,6539.17,6435.46,1319546,177611580000,0,6528.46,sh000852,中证1000
2021-01-14,6488.75,6557.26,6414.74,1471968,199066140000,0,6506.83,sh000852,中证1000
2021-01-13,6567.60,6567.60,6471.78,1621280,213667980000,0,6513.64,sh000852,中证1000
2021-01-12,6453.01,6566.14,6433.22,1403653,187562420000,0,6564.74,sh000852,中证1000
2021-01-11,6579.64,6584.22,6437.03,1667069,214024720000,0,6475.95,sh000852,中证1000
2021-01-08,6603.51,6638.86,6514.18,1618160,208803740000,0,6585.36,sh000852,中证1000
2021-01-07,6708.72,6709.07,6557.27,1936801,238048920000,0,6616.55,sh000852,中证1000
2021-01-06,6803.69,6816.26,6686.13,1790802,234002450000,0,6724.95,sh000852,中证1000
2021-01-05,6785.52,6827.50,6726.46,1972476,250731500000,0,6807.45,sh000852,中证1000
2021-01-04,6671.93,6809.43,6662.80,1832048,227626020000,0,6798.76,sh000852,中证1000
2020-12-31,6536.86,6646.50,6536.86,1563072,187774930000,0,6646.47,sh000852,中证1000
2020-12-30,6469.89,6549.38,6465.39,1502991,175274040000,0,6526.88,sh000852,中证1000
2020-12-29,6514.91,6548.71,6473.40,1650031,190483180000,0,6477.26,sh000852,中证1000
2020-12-28,6561.77,6566.65,6484.44,1742738,199661750000,0,6519.47,sh000852,中证1000
2020-12-25,6466.35,6570.30,6454.28,1545635,179694540000,0,6561.27,sh000852,中证1000
2020-12-24,6591.79,6596.59,6484.41,1608866,191348350000,0,6496.33,sh000852,中证1000
2020-12-23,6552.27,6615.20,6551.07,1630146,206344940000,0,6601.24,sh000852,中证1000
2020-12-22,6668.21,6684.70,6545.84,1614115,201278430000,0,6549.97,sh000852,中证1000
2020-12-21,6576.71,6692.38,6571.59,1436013,183389850000,0,6691.59,sh000852,中证1000
2020-12-18,6604.03,6625.97,6564.18,1337042,164303650000,0,6573.40,sh000852,中证1000
2020-12-17,6530.66,6599.11,6460.63,1357801,163044630000,0,6597.86,sh000852,中证1000
2020-12-16,6597.31,6598.93,6538.97,1185616,144189420000,0,6543.36,sh000852,中证1000
2020-12-15,6565.50,6603.40,6548.79,1071348,140803860000,0,6596.50,sh000852,中证1000
2020-12-14,6493.65,6578.41,6459.92,1164928,140696280000,0,6576.82,sh000852,中证1000
2020-12-11,6610.55,6617.44,6441.29,1445863,160582020000,0,6498.24,sh000852,中证1000
2020-12-10,6576.06,6647.45,6552.11,1208500,137778940000,0,6605.19,sh000852,中证1000
2020-12-09,6734.12,6736.17,6602.52,1407475,158766770000,0,6602.52,sh000852,中证1000
2020-12-08,6735.23,6753.70,6720.60,1195589,138808510000,0,6734.37,sh000852,中证1000
2020-12-07,6760.10,6770.84,6731.68,1300510,147139610000,0,6733,sh000852,中证1000
2020-12-04,6700.69,6755.58,6688.63,1190051,135066140000,0,6746.63,sh000852,中证1000
2020-12-03,6726.26,6736.42,6679.52,1372042,147926080000,0,6711.84,sh000852,中证1000
2020-12-02,6712.89,6741.54,6699.75,1493845,161755620000,0,6735.71,sh000852,中证1000
2020-12-01,6608.62,6717.25,6600.73,1345460,147694520000,0,6713.23,sh000852,中证1000
2020-11-30,6642.15,6674.26,6591.69,1308053,149582270000,0,6622.36,sh000852,中证1000
2020-11-27,6639.60,6644.35,6578.72,1190546,133606290000,0,6641.77,sh000852,中证1000
2020-11-26,6678.14,6693.87,6597.77,1249483,142739210000,0,6643.18,sh000852,中证1000
2020-11-25,6816.23,6817.76,6691.87,1516672,170841520000,0,6691.87,sh000852,中证1000
2020-11-24,6798.83,6827.47,6785.25,1434565,167896340000,0,6808,sh000852,中证1000
2020-11-23,6776.24,6833.62,6738.65,1660305,183405820000,0,6807.72,sh000852,中证1000
2020-11-20,6713.65,6770.06,6701.49,1331675,152519870000,0,6766.06,sh000852,中证1000
2020-11-19,6664.83,6725.49,6625.09,1349318,154146750000,0,6718.46,sh000852,中证1000
2020-11-18,6673.60,6723.61,6653.65,1344463,151152450000,0,6682.12,sh000852,中证1000
2020-11-17,6743.87,6743.87,6637.52,1433211,167286790000,0,6681.72,sh000852,中证1000
2020-11-16,6703.18,6747.81,6668.42,1356526,159852460000,0,6747.81,sh000852,中证1000
2020-11-13,6663.22,6700.20,6621.50,1093450,138023820000,0,6686.39,sh000852,中证1000
2020-11-12,6680.20,6702.30,6647.77,1126419,137048410000,0,6676.42,sh000852,中证1000
2020-11-11,6761.35,6771.53,6659.28,1309253,161158470000,0,6663.73,sh000852,中证1000
2020-11-10,6854.70,6854.77,6747.74,1463704,183639150000,0,6779.49,sh000852,中证1000
2020-11-09,6723.43,6873.44,6723.43,1676740,208255330000,0,6851.98,sh000852,中证1000
2020-11-06,6771.18,6771.18,6645.57,1386082,168933510000,0,6688.66,sh000852,中证1000
2020-11-05,6685.20,6756.90,6665.81,1365346,164787760000,0,6754.95,sh000852,中证1000
2020-11-04,6652.58,6658.58,6585.80,1130336,138683940000,0,6632.68,sh000852,中证1000
2020-11-03,6538.28,6647.58,6518.66,1253396,153123640000,0,6647.58,sh000852,中证1000
2020-11-02,6517.42,6537.32,6461.71,1231873,150018710000,0,6513.79,sh000852,中证1000
2020-10-30,6685.59,6694.52,6502.12,1365452,165146550000,0,6511.16,sh000852,中证1000
2020-10-29,6592.89,6698.72,6573.70,1161754,142806410000,0,6674.74,sh000852,中证1000
2020-10-28,6680.44,6700.47,6589.77,1153499,139876950000,0,6685.43,sh000852,中证1000
2020-10-27,6630.72,6689.03,6620.09,1007070,122904860000,0,6682.54,sh000852,中证1000
2020-10-26,6620.19,6674.57,6545.79,986615,119290490000,0,6648.52,sh000852,中证1000
2020-10-23,6774.77,6811.33,6627.70,1107088,137054190000,0,6641.33,sh000852,中证1000
2020-10-22,6788,6800.04,6714.15,1076606,130130460000,0,6771.81,sh000852,中证1000
2020-10-21,6926.53,6926.69,6793.49,1157873,143322050000,0,6815.09,sh000852,中证1000
2020-10-20,6846.36,6923.38,6804.84,1137265,136913520000,0,6923.38,sh000852,中证1000
2020-10-19,6943.80,6947.95,6843,1200846,148409260000,0,6858.36,sh000852,中证1000
2020-10-16,6924.81,6942.63,6846.17,1163922,143600860000,0,6906.39,sh000852,中证1000
2020-10-15,6991.74,6992.29,6924.19,1295636,160593830000,0,6926.85,sh000852,中证1000
2020-10-14,7036.87,7036.87,6975.19,1383357,177624660000,0,6988.61,sh000852,中证1000
2020-10-13,7023.44,7059.24,6989.67,1455849,182425640000,0,7053.87,sh000852,中证1000
2020-10-12,6881.63,7036.28,6875.70,1712672,211054930000,0,7036.28,sh000852,中证1000
2020-10-09,6737.53,6828.98,6727.39,1269732,150455880000,0,6822.36,sh000852,中证1000
2020-09-30,6641.38,6665.88,6584.89,950185,111390910000,0,6617.16,sh000852,中证1000
2020-09-29,6585.18,6651.74,6562.82,950515,114719730000,0,6621.03,sh000852,中证1000
2020-09-28,6649.18,6660.18,6550,962642,111085960000,0,6550.37,sh000852,中证1000
2020-09-25,6703.62,6717.24,6604.67,1034109,120179720000,0,6634.39,sh000852,中证1000
2020-09-24,6814.01,6814.01,6675.06,1312681,144666430000,0,6675.15,sh000852,中证1000
2020-09-23,6839.47,6881.48,6805.13,1185407,140615000000,0,6862.97,sh000852,中证1000
2020-09-22,6862.34,6912.10,6793.68,1355345,149668910000,0,6815.78,sh000852,中证1000
2020-09-21,6951.75,6975.13,6912.04,1476893,167830650000,0,6927.19,sh000852,中证1000
2020-09-18,6822.97,6933.66,6811.90,1519946,168901950000,0,6929.77,sh000852,中证1000
2020-09-17,6800.35,6876.01,6746.22,1389637,154602840000,0,6825.15,sh000852,中证1000
2020-09-16,6871.07,6871.07,6777.43,1368294,147270150000,0,6812.91,sh000852,中证1000
2020-09-15,6861.03,6883.02,6818.22,1544980,169021320000,0,6881.59,sh000852,中证1000
2020-09-14,6781.70,6871.05,6762.24,1710652,181353460000,0,6848.36,sh000852,中证1000
2020-09-11,6592.90,6746.17,6591.31,1511399,153052040000,0,6742.06,sh000852,中证1000
2020-09-10,6921.46,6938.08,6615.56,2150576,209888700000,0,6633.89,sh000852,中证1000
2020-09-09,7023.30,7034.49,6871.77,2587149,263183140000,0,6877.60,sh000852,中证1000
2020-09-08,7070.68,7108.65,6981.57,2109105,222397710000,0,7103.09,sh000852,中证1000
2020-09-07,7189.97,7240.05,7027.92,2112600,240337420000,0,7057.19,sh000852,中证1000
2020-09-04,7064.28,7189.13,7045.55,1706378,195514690000,0,7182.11,sh000852,中证1000
2020-09-03,7263.60,7265.90,7165.77,1898638,213757370000,0,7189.86,sh000852,中证1000
2020-09-02,7270.95,7301.27,7197.21,1992560,222937860000,0,7272.62,sh000852,中证1000
2020-09-01,7216.65,7258.89,7169.40,1640727,193143480000,0,7258.89,sh000852,中证1000
2020-08-31,7238.66,7308.60,7221.55,1847668,226598190000,0,7224.05,sh000852,中证1000
2020-08-28,7102.27,7208.41,7083.13,1747133,205452190000,0,7204.78,sh000852,中证1000
2020-08-27,7041.52,7125.88,6998.03,1715592,195256210000,0,7113.80,sh000852,中证1000
2020-08-26,7209.51,7211.30,7010.08,1998596,228341900000,0,7037.98,sh000852,中证1000
2020-08-25,7258.01,7283.28,7188.17,1951157,224709860000,0,7213.68,sh000852,中证1000
2020-08-24,7212.53,7267.09,7119.94,1675519,198458100000,0,7253.64,sh000852,中证1000
2020-08-21,7182.30,7244.16,7137.05,1737746,198408320000,0,7194.27,sh000852,中证1000
2020-08-20,7196.35,7257.01,7126.04,1833968,206434710000,0,7151.26,sh000852,中证1000
2020-08-19,7397.88,7397.88,7248.89,2167844,253768040000,0,7256.13,sh000852,中证1000
2020-08-18,7348.42,7422.14,7339.89,2155554,260025320000,0,7410.24,sh000852,中证1000
2020-08-17,7206.38,7339.69,7194.12,2071924,243906640000,0,7339.69,sh000852,中证1000
2020-08-14,7103.07,7183.96,7058.54,1757578,196519350000,0,7183.96,sh000852,中证1000
2020-08-13,7112.34,7158.95,7076.78,1912699,210659780000,0,7113.93,sh000852,中证1000
2020-08-12,7176.89,7196.28,6932.30,2107263,250760810000,0,7092.36,sh000852,中证1000
2020-08-11,7358.73,7377.82,7203.79,2299280,279826490000,0,7213.45,sh000852,中证1000
2020-08-10,7319.54,7414.10,7288.75,2258929,284390440000,0,7358.86,sh000852,中证1000
2020-08-07,7407.68,7417.09,7209.94,2439462,304012180000,0,7339.81,sh000852,中证1000
2020-08-06,7425.55,7457.16,7309.36,2545267,315215470000,0,7432.77,sh000852,中证1000
2020-08-05,7340.55,7442.39,7284.67,2464111,301601520000,0,7427.19,sh000852,中证1000
2020-08-04,7398.99,7406.26,7296.12,2762321,331413490000,0,7326.19,sh000852,中证1000
2020-08-03,7204.17,7373.36,7193.07,2739515,323209870000,0,7373.34,sh000852,中证1000
2020-07-31,7030.31,7143.59,6997.63,2323312,270041730000,0,7141.59,sh000852,中证1000
2020-07-30,7082.72,7107.48,7029.02,2341987,268238850000,0,7048.98,sh000852,中证1000
2020-07-29,6843.84,7060.53,6816.31,2043127,238009410000,0,7060.53,sh000852,中证1000
2020-07-28,6835.56,6886.44,6796.82,1848679,212545890000,0,6857.94,sh000852,中证1000
2020-07-27,6807.98,6839.83,6717.32,1914645,220049470000,0,6786.53,sh000852,中证1000
2020-07-24,7098.51,7133.70,6766.51,2654818,311932210000,0,6784.63,sh000852,中证1000
2020-07-23,7068.40,7130.45,6921.19,2447834,288563970000,0,7119.67,sh000852,中证1000
2020-07-22,7050.40,7181.19,7020.55,2284989,272397060000,0,7125.57,sh000852,中证1000
2020-07-21,7026.98,7067.32,6977.47,2175366,252381390000,0,7058.79,sh000852,中证1000
2020-07-20,6851.32,7003.67,6789.31,2194506,252685850000,0,7003.67,sh000852,中证1000
2020-07-17,6759.10,6885.85,6690.45,2081764,240558180000,0,6772.53,sh000852,中证1000
2020-07-16,7130.04,7165.77,6748.50,2807555,324154550000,0,6758.14,sh000852,中证1000
2020-07-15,7355.56,7368,7096.58,3073010,366699100000,0,7131.46,sh000852,中证1000
2020-07-14,7412.27,7447.51,7201.49,3343281,411063730000,0,7344.99,sh000852,中证1000
2020-07-13,7179.97,7403.09,7179.97,3155443,381440420000,0,7403.09,sh000852,中证1000
2020-07-10,7161.62,7238.38,7105.76,3169091,379011160000,0,7150.42,sh000852,中证1000
2020-07-09,6976.72,7187.76,6972,3444389,406142790000,0,7182.18,sh000852,中证1000
2020-07-08,6817.83,6974,6769.21,3038830,351470290000,0,6974,sh000852,中证1000
2020-07-07,6784.82,6917.54,6711.31,3312051,374657720000,0,6817.87,sh000852,中证1000
2020-07-06,6516.92,6732.62,6516.92,3048902,331901730000,0,6726,sh000852,中证1000
2020-07-03,6424.09,6479.25,6397.51,2210481,249939760000,0,6478.35,sh000852,中证1000
2020-07-02,6341.95,6416.96,6316.96,2081719,241364270000,0,6413.95,sh000852,中证1000
2020-07-01,6341.54,6357.10,6267.14,1761087,213263390000,0,6339.37,sh000852,中证1000
2020-06-30,6239.61,6330.09,6236.64,1445838,181632340000,0,6319.56,sh000852,中证1000
2020-06-29,6214.88,6233.27,6190.41,1434076,173959850000,0,6211.38,sh000852,中证1000
2020-06-24,6242.56,6258.83,6210.97,1445405,178738790000,0,6227.57,sh000852,中证1000
2020-06-23,6229.65,6245.15,6196.69,1523638,181644240000,0,6238.90,sh000852,中证1000
2020-06-22,6204.50,6246.05,6204.50,1609448,192810180000,0,6228.02,sh000852,中证1000
2020-06-19,6147.88,6198.05,6140.52,1522060,173462470000,0,6187.11,sh000852,中证1000
2020-06-18,6168.05,6168.24,6121.07,1621122,183028640000,0,6149.29,sh000852,中证1000
2020-06-17,6160.20,6178.14,6124.22,1735397,193744330000,0,6178.14,sh000852,中证1000
2020-06-16,6076.60,6151.69,6064.26,1600146,180425930000,0,6151.69,sh000852,中证1000
2020-06-15,6031.09,6106.45,6028.94,1690848,189672190000,0,6028.96,sh000852,中证1000
2020-06-12,5901.07,6058.77,5888.23,1587179,167290670000,0,6031.17,sh000852,中证1000
2020-06-11,6050.12,6107.34,5999.51,1612811,172161070000,0,6027.41,sh000852,中证1000
2020-06-10,6033.49,6049.69,6007.98,1456702,151981630000,0,6049.32,sh000852,中证1000
2020-06-09,6005.84,6042.36,5979.23,1473051,152026370000,0,6042.34,sh000852,中证1000
2020-06-08,6039.25,6049.86,5993.17,1574697,163815210000,0,6001.43,sh000852,中证1000
2020-06-05,6009.88,6029,5970.15,1631232,161508820000,0,6015.33,sh000852,中证1000
2020-06-04,6004.46,6016.12,5973.20,1720278,168485470000,0,6006.76,sh000852,中证1000
2020-06-03,6010.41,6043.10,5987.57,1929548,195243570000,0,5994.64,sh000852,中证1000
2020-06-02,6012.57,6021.27,5978.77,1949548,197788390000,0,6002.84,sh000852,中证1000
2020-06-01,5855.33,5996.42,5855.33,1828045,188451520000,0,5993.79,sh000852,中证1000
2020-05-29,5744.23,5834.62,5732.38,1462347,150136750000,0,5816.40,sh000852,中证1000
2020-05-28,5769.79,5790.18,5675.49,1490119,149103390000,0,5758.93,sh000852,中证1000
2020-05-27,5813.98,5817.06,5758.18,1459446,150578070000,0,5772.08,sh000852,中证1000
2020-05-26,5690.40,5808.55,5690.40,1250795,132765360000,0,5808.55,sh000852,中证1000
2020-05-25,5674.30,5691.14,5640.28,1158736,120563570000,0,5671.97,sh000852,中证1000
2020-05-22,5782.62,5782.66,5643.40,1438449,145612130000,0,5684,sh000852,中证1000
2020-05-21,5878.72,5883.78,5780.11,1522931,158337080000,0,5791.64,sh000852,中证1000
2020-05-20,5928.47,5928.47,5844.58,1617178,180294650000,0,5865.84,sh000852,中证1000
2020-05-19,5896.15,5936.66,5886.90,1517792,167009750000,0,5936.60,sh000852,中证1000
2020-05-18,5905.92,5916.71,5841.72,1757860,189759010000,0,5860.04,sh000852,中证1000
2020-05-15,5886.78,5924.77,5859.90,1551878,166475100000,0,5889.98,sh000852,中证1000
2020-05-14,5889.14,5915.61,5861.78,1589742,160866270000,0,5863.24,sh000852,中证1000
2020-05-13,5849.46,5923.26,5835.33,1395783,147515060000,0,5917.03,sh000852,中证1000
2020-05-12,5847.70,5869.59,5780.09,1418357,147147230000,0,5869.51,sh000852,中证1000
2020-05-11,5892.57,5902.16,5813.67,1580653,163332600000,0,5851.80,sh000852,中证1000
2020-05-08,5825.74,5886,5822.81,1613926,165949770000,0,5862.77,sh000852,中证1000
2020-05-07,5809.54,5837.33,5787.61,1623163,167389810000,0,5795.87,sh000852,中证1000
2020-05-06,5636.87,5802.46,5632.03,1605154,168544770000,0,5802.42,sh000852,中证1000
2020-04-30,5572.57,5695.21,5572.57,1601861,161685980000,0,5678.17,sh000852,中证1000
2020-04-29,5533,5600.76,5524.87,1437243,132053810000,0,5547.63,sh000852,中证1000
2020-04-28,5641.29,5644.35,5395.57,1839521,169968470000,0,5561.20,sh000852,中证1000
2020-04-27,5675.57,5699.77,5617.52,1468744,138599120000,0,5645.66,sh000852,中证1000
2020-04-24,5782.29,5784.11,5654.22,1815721,169234200000,0,5675.51,sh000852,中证1000
2020-04-23,5841.40,5846.38,5789.10,1878864,183378210000,0,5789.48,sh000852,中证1000
2020-04-22,5721.53,5826.58,5710.81,1684396,163030610000,0,5826.56,sh000852,中证1000
2020-04-21,5780.86,5780.86,5711.17,1750015,174277550000,0,5773.01,sh000852,中证1000
2020-04-20,5722.73,5803.40,5714.32,1636800,166394710000,0,5803.40,sh000852,中证1000
2020-04-17,5735.90,5764.79,5702.01,1855520,188354570000,0,5710.05,sh000852,中证1000
2020-04-16,5626.84,5711.72,5617.05,1562942,156510140000,0,5700.96,sh000852,中证1000
2020-04-15,5689.73,5720.42,5655.22,1644019,163166370000,0,5657.95,sh000852,中证1000
2026-06-24,1896.34,1955.16,1886.74,5993247,58852039820,0.87,1944.98,sh000688,科创50
2026-06-23,1929.27,1982.91,1890.16,181373,186831990000,2.63,1916.21,sh000688,科创50
2026-06-22,1922.47,1963.33,1879.59,191913,200856210000,2.78,1948.93,sh000688,科创50
2026-06-18,1837.07,1937.30,1836.04,177110,209534840000,2.57,1911.51,sh000688,科创50
2026-06-17,1729.23,1841.37,1725.90,180183,176921690000,2.61,1840.82,sh000688,科创50
2026-06-16,1751.71,1766.14,1729.04,150182,142643110000,2.18,1758.42,sh000688,科创50
2026-06-15,1687.67,1748.51,1658.32,161409,158477480000,2.34,1748.33,sh000688,科创50
2026-06-12,1726.01,1730.89,1656.85,210186,175820240000,2.97,1663.22,sh000688,科创50
2026-06-11,1644.60,1676.53,1631.94,142207,117155580000,2.01,1662.44,sh000688,科创50
2026-06-10,1662.85,1722.33,1632.33,159117,139088830000,2.25,1652.22,sh000688,科创50
2026-06-09,1630.23,1666.48,1607.58,140990,112366430000,1.99,1663.11,sh000688,科创50
2026-06-08,1587.97,1634.03,1578.18,157075,119405020000,2.30,1596.57,sh000688,科创50
2026-06-05,1706.53,1735.08,1659.48,168357,136854200000,2.46,1668.33,sh000688,科创50
2026-06-04,1700.31,1759.98,1697.22,149677,132618430000,2.19,1738.06,sh000688,科创50
2026-06-03,1697.66,1776.20,1697.36,168256,166311010000,2.46,1726.18,sh000688,科创50
2026-06-02,1676.31,1710.98,1641.17,155762,133709240000,2.28,1690.56,sh000688,科创50
2026-06-01,1751.23,1753.02,1662.82,169418,149900670000,2.48,1663.69,sh000688,科创50
2026-05-29,1850.27,1855.26,1727.62,234314,182139560000,3.43,1751.32,sh000688,科创50
2026-05-28,1805.11,1854.52,1796.04,215401,177051080000,3.16,1844.25,sh000688,科创50
2026-05-27,1875.42,1901.97,1809.70,216097,192835610000,3.17,1815.45,sh000688,科创50
2026-05-26,1877.39,1880.65,1824.32,194089,193152890000,2.85,1867.71,sh000688,科创50
2026-05-25,1791.67,1899.97,1774.19,214979,221953930000,3.16,1896.04,sh000688,科创50
2026-05-22,1790.74,1797.65,1747.14,176039,162025310000,2.59,1790.77,sh000688,科创50
2026-05-21,1866.29,1892.60,1759.94,212740,216374430000,3.13,1764.17,sh000688,科创50
2026-05-20,1764.21,1835.22,1764.21,184525,190386610000,2.71,1832.02,sh000688,科创50
2026-05-19,1697.40,1776.26,1670.36,171044,169324580000,2.51,1775.13,sh000688,科创50
2026-05-18,1690.38,1748.10,1684.90,159140,152427300000,2.34,1709.96,sh000688,科创50
2026-05-15,1724.36,1769.80,1669.99,216012,191146070000,3.18,1696.26,sh000688,科创50
2026-05-14,1792.34,1800.61,1723.70,210710,170925240000,3.10,1725.09,sh000688,科创50
2026-05-13,1684.37,1771.49,1677.54,177732,158688700000,2.61,1770.15,sh000688,科创50
2026-05-12,1708.21,1747.17,1687.96,169271,163162220000,2.49,1723.78,sh000688,科创50
2026-05-11,1687.64,1727.30,1669.73,182941,183091750000,2.69,1716.69,sh000688,科创50
2026-05-08,1653.31,1655.57,1625.61,150051,134384680000,2.25,1640.46,sh000688,科创50
2026-05-07,1663.16,1682.22,1646.94,139301,147148540000,2.10,1678.89,sh000688,科创50
2026-05-06,1634.31,1715.08,1631.65,183010,202263530000,2.76,1656.95,sh000688,科创50
2026-04-30,1511.39,1580.52,1511.39,151096,143368850000,2.28,1571.07,sh000688,科创50
2026-04-29,1474.12,1495.01,1451.71,114572,96264960000,1.73,1493.50,sh000688,科创50
2026-04-28,1497.32,1525.34,1479.67,119255,101929730000,1.80,1488.66,sh000688,科创50
2026-04-27,1478.31,1515.28,1466.66,135605,123536460000,2.04,1508.38,sh000688,科创50
2026-04-24,1443.04,1472.96,1417.21,114134,112276770000,1.72,1453.69,sh000688,科创50
2026-04-23,1466.12,1467.70,1419.01,114465,96366140000,1.73,1432.59,sh000688,科创50
2026-04-22,1420.78,1451.46,1420.24,98060,83400640000,1.48,1451.14,sh000688,科创50
2026-04-21,1445.20,1445.54,1415.60,96516,80219230000,1.46,1426.68,sh000688,科创50
2026-04-20,1426.89,1451.39,1426.03,112758,88429000000,1.70,1450.52,sh000688,科创50
2026-04-17,1414.87,1433.80,1413.58,96351,88251590000,1.45,1423.35,sh000688,科创50
2026-04-16,1406.32,1424.17,1402.20,100058,86332970000,1.51,1422.23,sh000688,科创50
2026-04-15,1415.39,1433.35,1399.75,95477,96267870000,1.44,1406.32,sh000688,科创50
2026-04-14,1398.40,1409.85,1387.42,93027,91340080000,1.40,1405.07,sh000688,科创50
2026-04-13,1358.46,1396,1358.46,90189,79738290000,1.36,1375.29,sh000688,科创50
2026-04-10,1363.58,1382.94,1362.40,84717,75598570000,1.28,1364.49,sh000688,科创50
2026-04-09,1335.29,1362.91,1333.01,78465,67718590000,1.18,1343.95,sh000688,科创50
2026-04-08,1317.28,1352.69,1316.63,114226,86413140000,1.72,1352.69,sh000688,科创50
2026-04-07,1261.71,1286.53,1261.71,63223,58642410000,0.95,1274.01,sh000688,科创50
2026-04-03,1270.94,1272.84,1254.76,67064,43238390000,1.01,1256.21,sh000688,科创50
2026-04-02,1294.63,1294.63,1254.62,75881,52627580000,1.14,1262.18,sh000688,科创50
2026-04-01,1290.64,1302.87,1282.31,98265,67776530000,1.48,1298.20,sh000688,科创50
2026-03-31,1283.90,1296.03,1256.33,95832,57608800000,1.45,1256.33,sh000688,科创50
2026-03-30,1278.99,1294.54,1269.32,93572,53432650000,1.41,1289.78,sh000688,科创50
2026-03-27,1265.53,1308.94,1265.53,86031,52752420000,1.30,1300.76,sh000688,科创50
2026-03-26,1313.97,1316.46,1285.38,86318,55519450000,1.30,1288.81,sh000688,科创50
2026-03-25,1299.63,1326.65,1299.63,110057,71581280000,1.66,1315.41,sh000688,科创50
2026-03-24,1281.58,1291.92,1249.01,117166,67331740000,1.77,1290.79,sh000688,科创50
2026-03-23,1292.89,1305.79,1254.85,142481,73743210000,2.15,1261.44,sh000688,科创50
2026-03-20,1344.93,1347.37,1317.40,140911,72635990000,2.13,1318.31,sh000688,科创50
2026-03-19,1348.55,1354.72,1333.68,110529,62007190000,1.67,1339.03,sh000688,科创50
2026-03-18,1363.54,1373.86,1348.23,97999,63648190000,1.48,1372.58,sh000688,科创50
2026-03-17,1386.26,1390.84,1354.15,91847,58419450000,1.39,1354.15,sh000688,科创50
2026-03-16,1370.70,1386.55,1349.27,109538,73815880000,1.66,1384.99,sh000688,科创50
2026-03-13,1374.65,1392.43,1365.62,120023,66780730000,1.78,1373.64,sh000688,科创50
2026-03-12,1397.78,1412.53,1372.97,117592,62958790000,1.75,1383.65,sh000688,科创50
2026-03-11,1421.35,1427.10,1400.45,129737,65494490000,1.93,1401.08,sh000688,科创50
2026-03-10,1417.26,1424.72,1402.63,121534,65103800000,1.80,1420.54,sh000688,科创50
2026-03-09,1373.82,1398.25,1351.88,118401,74328800000,1.76,1390.48,sh000688,科创50
2026-03-06,1396.59,1422,1396.59,96905,60117750000,1.44,1414.39,sh000688,科创50
2026-03-05,1418.88,1423.61,1397.76,110070,82290370000,1.63,1405.35,sh000688,科创50
2026-03-04,1380.13,1407,1376.11,107056,65494660000,1.59,1381.56,sh000688,科创50
2026-03-03,1467.76,1469.60,1385.59,143024,88181850000,2.12,1388.41,sh000688,科创50
2026-03-02,1459.78,1486.55,1459.51,134273,79348050000,1.99,1464.77,sh000688,科创50
2026-02-27,1468.08,1493.52,1463.73,99998,78394900000,1.48,1488.02,sh000688,科创50
2026-02-26,1478.73,1494.75,1456.03,111541,83624470000,1.66,1485.86,sh000688,科创50
2026-02-25,1468.51,1481.29,1454.41,110759,70042250000,1.64,1473.28,sh000688,科创50
2026-02-24,1493.45,1493.77,1453.55,102960,68936000000,1.53,1465.37,sh000688,科创50
2026-02-13,1470.26,1492.09,1466.71,98966,61592830000,1.47,1470.33,sh000688,科创50
2026-02-12,1463.61,1481.98,1454.63,100152,69329190000,1.49,1480.99,sh000688,科创50
2026-02-11,1462,1467.28,1453.01,89785,48644900000,1.33,1455.11,sh000688,科创50
2026-02-10,1463.35,1485.97,1463.35,117704,68410380000,1.75,1471.50,sh000688,科创50
2026-02-09,1453.54,1458.93,1441.90,157478,72909860000,2.34,1458.16,sh000688,科创50
2026-02-06,1415.05,1440.81,1405.87,130351,62257700000,1.94,1422.41,sh000688,科创50
2026-02-05,1423.66,1441.16,1416.26,151993,67731470000,2.26,1432.52,sh000688,科创50
2026-02-04,1452.98,1455.12,1432.60,156391,76593070000,2.32,1453.48,sh000688,科创50
2026-02-03,1475.57,1478.05,1430,138915,98826240000,2.06,1471.07,sh000688,科创50
2026-02-02,1492.81,1508.54,1450.10,131540,86595570000,1.95,1450.90,sh000688,科创50
2026-01-30,1501.51,1522.33,1465.32,148656,92994630000,2.21,1509.40,sh000688,科创50
2026-01-29,1550.99,1560.64,1507.30,164083,98586260000,2.44,1507.64,sh000688,科创50
2026-01-28,1566.19,1569.44,1535.90,155436,104613180000,2.31,1554.80,sh000688,科创50
2026-01-27,1530.07,1562.58,1507.41,197873,102142700000,2.94,1555.98,sh000688,科创50
2026-01-26,1556.57,1575.45,1529.32,212316,108916690000,3.15,1532.80,sh000688,科创50
2026-01-23,1530.28,1553.71,1523.50,212447,110767210000,3.15,1553.71,sh000688,科创50
2026-01-22,1563.38,1574.97,1530.25,152122,114471730000,2.26,1541.64,sh000688,科创50
2026-01-21,1482.66,1546.05,1482.66,144474,117311200000,2.15,1535.39,sh000688,科创50
2026-01-20,1508.37,1525.81,1473.19,140307,97763530000,2.08,1482.99,sh000688,科创50
2026-01-19,1513.59,1525.12,1502.72,128763,93307390000,1.91,1506.86,sh000688,科创50
2026-01-16,1509.70,1528.78,1495.68,167658,116789710000,2.49,1514.07,sh000688,科创50
2026-01-15,1491.23,1504.84,1468.02,140882,95846400000,2.09,1493.95,sh000688,科创50
2026-01-14,1479.30,1532.58,1479.30,177797,123880670000,2.64,1500.91,sh000688,科创50
2026-01-13,1508.18,1511.65,1460.41,152347,104449150000,2.26,1469.57,sh000688,科创50
2026-01-12,1490.50,1515.11,1478.85,156759,106640240000,2.33,1511.84,sh000688,科创50
2026-01-09,1442.22,1477.24,1437.58,133064,91006170000,1.98,1475.97,sh000688,科创50
2026-01-08,1441.19,1483.23,1441.19,134823,99247980000,2,1455.17,sh000688,科创50
2026-01-07,1442.51,1452.04,1427.98,123385,87127780000,1.83,1443.39,sh000688,科创50
2026-01-06,1401.79,1442.10,1400.40,118203,80797910000,1.76,1429.30,sh000688,科创50
2026-01-05,1360.90,1403.53,1360.90,103455,81187610000,1.54,1403.41,sh000688,科创50
2025-12-31,1367.17,1368.48,1342.68,73069,49284580000,1.09,1344.20,sh000688,科创50
2025-12-30,1346.13,1367.01,1346.03,79415,59271330000,1.18,1359.87,sh000688,科创50
2025-12-29,1345.98,1364.27,1341.94,103903,58488940000,1.55,1346.32,sh000688,科创50
2025-12-26,1346.11,1356.11,1339.14,85216,45190360000,1.28,1345.83,sh000688,科创50
2025-12-25,1347.78,1356.60,1339.97,72623,44828070000,1.09,1349.06,sh000688,科创50
2025-12-24,1342.13,1352.74,1332.92,73391,51088300000,1.10,1352.13,sh000688,科创50
2025-12-23,1333.54,1348.54,1331.39,76276,52823800000,1.15,1340.02,sh000688,科创50
2025-12-22,1314.07,1338.14,1314.07,80187,55138660000,1.22,1335.25,sh000688,科创50
2025-12-19,1314.75,1323.86,1306.80,64366,38885170000,0.98,1308.59,sh000688,科创50
2025-12-18,1314.67,1323.68,1305.97,62705,38718650000,0.96,1305.97,sh000688,科创50
2025-12-17,1294.70,1327.76,1289.24,77389,50178490000,1.18,1325.33,sh000688,科创50
2025-12-16,1313.53,1317.15,1286.25,73307,47152140000,1.12,1293.38,sh000688,科创50
2025-12-15,1333.36,1343.78,1318.53,84701,58345710000,1.29,1318.91,sh000688,科创50
2025-12-12,1324.30,1351.56,1314.01,121897,83865890000,1.86,1348.88,sh000688,科创50
2025-12-11,1349.67,1350.87,1325.83,81250,53240110000,1.24,1325.83,sh000688,科创50
2025-12-10,1337.52,1350.65,1317.71,82736,55356790000,1.26,1346.70,sh000688,科创50
2025-12-09,1338.85,1358.90,1337.32,70571,54818700000,1.07,1347.11,sh000688,科创50
2025-12-08,1325.97,1360.71,1325.74,83111,63951610000,1.27,1350.80,sh000688,科创50
2025-12-05,1319.72,1330.59,1303.72,70917,49821500000,1.08,1326.10,sh000688,科创50
2025-12-04,1303.99,1326.23,1294.76,67788,48747630000,1.03,1326.16,sh000688,科创50
2025-12-03,1317.58,1324.71,1303.34,70271,43255410000,1.07,1308.37,sh000688,科创50
2025-12-02,1334,1335.75,1315.46,76215,47078540000,1.16,1320.16,sh000688,科创50
2025-12-01,1329.42,1341.95,1310.42,111920,65492750000,1.70,1336.76,sh000688,科创50
2025-11-28,1307.96,1329.33,1303.20,88247,49577480000,1.34,1327.15,sh000688,科创50
2025-11-27,1325.85,1351.44,1308.85,80305,61809590000,1.22,1310.70,sh000688,科创50
2025-11-26,1296.46,1327.54,1293.18,78158,57575970000,1.19,1315.04,sh000688,科创50
2025-11-25,1309.67,1323.21,1298.85,82730,52735460000,1.26,1302.17,sh000688,科创50
2025-11-24,1295.88,1306.04,1273.49,88137,50827080000,1.34,1296.60,sh000688,科创50
2025-11-21,1300.48,1311.32,1282.45,100706,56030260000,1.53,1285.83,sh000688,科创50
2025-11-20,1362.85,1364.48,1327.29,77470,43744810000,1.18,1328.19,sh000688,科创50
2025-11-19,1355.13,1363.86,1338.45,90061,45504670000,1.38,1344.80,sh000688,科创50
2025-11-18,1350.51,1374.03,1348.10,115360,61223640000,1.76,1357.93,sh000688,科创50
2025-11-17,1363.48,1377.55,1344.91,113060,59542320000,1.73,1354.04,sh000688,科创50
2025-11-14,1379.44,1390.62,1361.23,115259,61292060000,1.76,1361.23,sh000688,科创50
2025-11-13,1376.37,1404.63,1373.49,121116,62760070000,1.85,1399.29,sh000688,科创50
2025-11-12,1377.15,1388.51,1362.38,127240,61853440000,1.94,1379.45,sh000688,科创50
2025-11-11,1416.86,1423.68,1385.07,117521,64848480000,1.79,1387.53,sh000688,科创50
2025-11-10,1422.32,1431.77,1389.77,134476,72773490000,2.05,1407.56,sh000688,科创50
2025-11-07,1420.23,1434.39,1414.47,131992,64751080000,2.02,1415.69,sh000688,科创50
2025-11-06,1405.15,1442.81,1403.07,137044,90991810000,2.09,1436.86,sh000688,科创50
2025-11-05,1355.72,1398.37,1355.72,118057,62705430000,1.80,1390.39,sh000688,科创50
2025-11-04,1406.86,1415.73,1378.64,107823,68382290000,1.65,1387.24,sh000688,科创50
2025-11-03,1403.46,1406.01,1372.25,134334,77516250000,2.05,1400.86,sh000688,科创50
2025-10-31,1451.06,1452.24,1415.53,140753,94950540000,2.15,1415.53,sh000688,科创50
2025-10-30,1485.94,1494.40,1461.30,135814,98812180000,2.07,1461.30,sh000688,科创50
2025-10-29,1466.44,1495.38,1465.31,126659,86154050000,1.93,1489.12,sh000688,科创50
2025-10-28,1470.48,1496.06,1463.46,108548,87813330000,1.66,1471.73,sh000688,科创50
2025-10-27,1489.66,1491.11,1457.65,132070,107028880000,2.02,1484.21,sh000688,科创50
2025-10-24,1421.21,1466.85,1416.46,108179,98926190000,1.65,1462.22,sh000688,科创50
2025-10-23,1396.09,1403.94,1375.75,77745,55402360000,1.19,1401.26,sh000688,科创50
2025-10-22,1392.59,1424.23,1380.98,81668,70472600000,1.25,1405.41,sh000688,科创50
2025-10-21,1374.98,1410.07,1368.01,95133,76299650000,1.45,1406.32,sh000688,科创50
2025-10-20,1390.71,1397.73,1358.69,93695,68934850000,1.43,1367.90,sh000688,科创50
2025-10-17,1411.74,1415.66,1360.45,116792,72841740000,1.78,1363.17,sh000688,科创50
2025-10-16,1419.55,1444.23,1409.70,108981,74172170000,1.66,1416.58,sh000688,科创50
2025-10-15,1409.53,1430.28,1390.99,128893,79721090000,1.97,1430,sh000688,科创50
2025-10-14,1488.05,1489.17,1399.97,184689,117052460000,2.82,1410.30,sh000688,科创50
2025-10-13,1409.68,1476.13,1409.68,167740,111559790000,2.56,1473.02,sh000688,科创50
2025-10-10,1511.16,1512.34,1444.99,179765,119486420000,2.75,1452.68,sh000688,科创50
2025-10-09,1526.92,1588.83,1522.79,221497,146061490000,3.38,1539.08,sh000688,科创50
2025-09-30,1488.29,1505.91,1478.42,147315,99799140000,2.25,1495.29,sh000688,科创50
2025-09-29,1448.55,1470.41,1424.84,154141,96297210000,2.36,1470.41,sh000688,科创50
2025-09-26,1461.95,1485.88,1448.96,172510,93897740000,2.64,1450.82,sh000688,科创50
2025-09-25,1449.65,1486.43,1448.69,165472,102948520000,2.53,1474.49,sh000688,科创50
2025-09-24,1395.37,1479.70,1394.68,197803,126825420000,3.02,1456.47,sh000688,科创50
2025-09-23,1406.61,1419.28,1364.44,151837,115457330000,2.32,1407.30,sh000688,科创50
2025-09-22,1361.25,1422.74,1353.71,126520,114241890000,1.93,1408.64,sh000688,科创50
2025-09-19,1388.86,1400.69,1359.29,121391,101284460000,1.85,1362.65,sh000688,科创50
2025-09-18,1385.50,1433.57,1351.14,174290,139607850000,2.66,1380.35,sh000688,科创50
2025-09-17,1351.64,1378.87,1338.95,125601,92229460000,1.92,1370.43,sh000688,科创50
2025-09-16,1347.20,1370.29,1347.20,115861,94773300000,1.77,1358.05,sh000688,科创50
2025-09-15,1362.85,1366.46,1332.43,142489,97644990000,2.18,1340.40,sh000688,科创50
2025-09-12,1324.84,1360.07,1323.45,136960,115807800000,2.10,1338.02,sh000688,科创50
2025-09-11,1254.19,1332.76,1244.14,135435,106001670000,2.07,1326.03,sh000688,科创50
2025-09-10,1253.50,1272.91,1246.26,98964,71142420000,1.52,1259.10,sh000688,科创50
2025-09-09,1250.96,1271.96,1239.94,112062,68963450000,1.72,1245.53,sh000688,科创50
2025-09-08,1266.47,1280.82,1253.73,129536,70266200000,1.99,1275.87,sh000688,科创50
2025-09-05,1232.21,1275.10,1220.78,136592,74741460000,2.12,1268.55,sh000688,科创50
2025-09-04,1301.98,1304.05,1210.87,152961,90476810000,2.37,1226.98,sh000688,科创50
2025-09-03,1318.51,1325.75,1296.71,109379,68153420000,1.70,1306.48,sh000688,科创50
2025-09-02,1353.94,1364.20,1314.12,133936,90061910000,2.08,1328.28,sh000688,科创50
2025-09-01,1348.53,1366.92,1322.80,154382,95841460000,2.39,1357.15,sh000688,科创50
2025-08-29,1335.65,1346.76,1314.74,156168,111147790000,2.42,1341.31,sh000688,科创50
2025-08-28,1280.24,1365.92,1275.50,190094,135515370000,2.95,1364.60,sh000688,科创50
2025-08-27,1285.44,1332.82,1272.55,161189,121089070000,2.50,1272.56,sh000688,科创50
2025-08-26,1266.59,1284.07,1257.44,113764,82091140000,1.76,1270.87,sh000688,科创50
2025-08-25,1282.05,1320.72,1252.84,188380,134540230000,2.92,1287.73,sh000688,科创50
2025-08-22,1162.29,1248.07,1162.29,162478,110430320000,2.52,1247.86,sh000688,科创50
2025-08-21,1150.98,1173.28,1143.16,98113,65718250000,1.53,1149.15,sh000688,科创50
2025-08-20,1109.70,1148.74,1105.27,100049,65459160000,1.56,1148.15,sh000688,科创50
2025-08-19,1122.64,1133.63,1111.66,84258,54923340000,1.31,1112.27,sh000688,科创50
2025-08-18,1114.32,1138.42,1105.58,126055,68521270000,1.96,1124.82,sh000688,科创50
2025-08-15,1079.16,1104.50,1077,95271,53157190000,1.51,1101.29,sh000688,科创50
2025-08-14,1079.22,1109.85,1079.22,96400,65652300000,1.53,1085.74,sh000688,科创50
2025-08-13,1069.52,1079.14,1067.50,74969,47687320000,1.19,1077.70,sh000688,科创50
2025-08-12,1048.21,1077.88,1044.33,77446,53180290000,1.23,1069.81,sh000688,科创50
2025-08-11,1043.23,1053.70,1043.08,63431,30339850000,1.03,1049.73,sh000688,科创50
2025-08-08,1052.46,1052.74,1042.84,67927,33381500000,1.10,1043.54,sh000688,科创50
2025-08-07,1059.84,1069.04,1053.73,61838,38436150000,1,1058.21,sh000688,科创50
2025-08-06,1051.87,1060.40,1049.60,60704,34761260000,0.98,1059.76,sh000688,科创50
2025-08-05,1048.71,1054.11,1046.53,54871,26801640000,0.89,1053.65,sh000688,科创50
2025-08-04,1034.13,1049.46,1033.85,59284,33222280000,0.96,1049.41,sh000688,科创50
2025-08-01,1047.38,1056.42,1029.53,62631,33049270000,1.01,1036.77,sh000688,科创50
2025-07-31,1057.32,1070.76,1045.45,83600,45684320000,1.35,1047.87,sh000688,科创50
2025-07-30,1065.94,1073.82,1051.11,68325,35323140000,1.11,1058.57,sh000688,科创50
2025-07-29,1053.12,1071.44,1051.55,69133,40516760000,1.12,1070.45,sh000688,科创50
2025-07-28,1054.91,1059.05,1048.55,63193,35094150000,1.02,1055.11,sh000688,科创50
2025-07-25,1032.45,1059.73,1028.79,74339,41937230000,1.20,1054.20,sh000688,科创50
2025-07-24,1019.72,1032.84,1019.31,72145,32633730000,1.20,1032.84,sh000688,科创50
2025-07-23,1016.58,1030.54,1014.84,70539,33385940000,1.17,1020.86,sh000688,科创50
2025-07-22,1007.51,1019.03,1005.84,69770,31505200000,1.16,1016.27,sh000688,科创50
2025-07-21,1007.58,1010.34,1005.03,58087,26906560000,0.97,1007.89,sh000688,科创50
2025-07-18,1008.13,1013.12,1003.09,49764,26946170000,0.83,1007.53,sh000688,科创50
2025-07-17,997.71,1005.67,992.56,53535,28343840000,0.89,1005.65,sh000688,科创50
2025-07-16,996.33,1008.47,994.38,42621,26893240000,0.71,997.63,sh000688,科创50
2025-07-15,990.73,998.08,986.50,51679,26658720000,0.86,996.25,sh000688,科创50
2025-07-14,995.29,998.97,992.39,45765,22922460000,0.76,992.39,sh000688,科创50
2025-07-11,980.38,1000.03,979.18,60026,31328300000,1.01,994.45,sh000688,科创50
2025-07-10,981.74,986.31,978.89,54372,22167640000,0.91,979.99,sh000688,科创50
2025-07-09,991.34,993.61,981.50,47023,20413680000,0.79,983.11,sh000688,科创50
2025-07-08,978.90,993.19,977.60,61575,23087550000,1.03,991.95,sh000688,科创50
2025-07-07,983.20,987.11,976.90,37911,17519390000,0.63,978.29,sh000688,科创50
2025-07-04,984.53,997.41,976.83,53048,24524010000,0.89,984.80,sh000688,科创50
2025-07-03,984.34,987.09,980.81,46108,19704360000,0.77,984.95,sh000688,科创50
2025-07-02,992.38,992.47,981.22,59513,23991640000,1,982.64,sh000688,科创50
2025-07-01,1002.09,1002.09,992.55,48808,28040480000,0.82,994.80,sh000688,科创50
2025-06-30,992.30,1004.47,992.30,57367,29554500000,0.96,1003.41,sh000688,科创50
2025-06-27,996.68,998.58,987.83,49737,27908260000,0.84,988.21,sh000688,科创50
2025-06-26,995.57,1005.89,989.97,52501,30735300000,0.89,989.97,sh000688,科创50
2025-06-25,979.97,996.66,976.16,57609,32673750000,0.97,995.61,sh000688,科创50
2025-06-24,963.79,980.52,963.79,49552,26980340000,0.84,978.71,sh000688,科创50
2025-06-23,952.33,966.19,952.33,46647,24994970000,0.79,961.49,sh000688,科创50
2025-06-20,963.78,967.98,956.87,43741,18132950000,0.74,957.87,sh000688,科创50
2025-06-19,966.92,974.48,960.54,40563,19631900000,0.69,962.94,sh000688,科创50
2025-06-18,962.24,971.80,960.02,41884,20442750000,0.71,968.18,sh000688,科创50
2025-06-17,971.53,972.20,960.64,44451,20720640000,0.76,963.08,sh000688,科创50
2025-06-16,968.19,975.54,968.19,49084,22286790000,0.83,970.89,sh000688,科创50
2025-06-13,971.69,978.42,966.87,90990,34036180000,1.53,972.94,sh000688,科创50
2025-06-12,978.69,982.12,974.63,46889,22227390000,0.79,977.97,sh000688,科创50
2025-06-11,982.60,990.14,980.29,43169,21328050000,0.73,980.93,sh000688,科创50
2025-06-10,1004.55,1004.78,978.79,57909,31553160000,0.98,982.90,sh000688,科创50
2025-06-09,991.31,1002.40,989.53,42886,19531470000,0.72,997.61,sh000688,科创50
2025-06-06,995.31,995.70,989.15,36930,17534380000,0.62,991.64,sh000688,科创50
2025-06-05,987.53,997.93,982.85,41600,21630240000,0.70,996.41,sh000688,科创50
2025-06-04,982.36,988.16,981.62,38834,18281800000,0.66,986.11,sh000688,科创50
2025-06-03,977.23,987.62,976.11,58852,23096820000,0.99,981.71,sh000688,科创50
2025-05-30,981.35,981.35,974.11,34910,17632790000,0.59,977.03,sh000688,科创50
2025-05-29,972.26,986.45,970.69,35883,17867660000,0.61,986.30,sh000688,科创50
2025-05-28,973.90,975.86,969.68,29989,14636470000,0.51,970.64,sh000688,科创50
2025-05-27,982.02,983.43,972.67,34627,16420110000,0.59,972.92,sh000688,科创50
2025-05-26,982.07,985.47,978.14,33300,16183740000,0.56,982.26,sh000688,科创50
2025-05-23,989.71,997.02,980.58,39666,18695830000,0.67,980.58,sh000688,科创50
2025-05-22,994.08,1000.38,989.06,34831,16440070000,0.59,990.71,sh000688,科创50
2025-05-21,996.66,999.96,993.74,39859,17383220000,0.67,995.49,sh000688,科创50
2025-05-20,995.75,1002,993.69,36599,17515020000,0.62,997.68,sh000688,科创50
2025-05-19,994.28,998.62,985.98,43133,17660740000,0.73,995.25,sh000688,科创50
2025-05-16,997.45,999.41,991.42,36352,17183730000,0.61,995.24,sh000688,科创50
2025-05-15,1011.57,1011.69,999.26,38086,18253500000,0.64,1000.97,sh000688,科创50
2025-05-14,1014.10,1021.39,1006.51,48679,21853070000,0.82,1013.77,sh000688,科创50
2025-05-13,1020.34,1021.53,1009.63,58507,22751580000,0.99,1009.68,sh000688,科创50
2025-05-12,1008.96,1016.73,1004.49,51279,26523880000,0.87,1011.23,sh000688,科创50
2025-05-09,1020.79,1020.79,1006.32,45596,23619030000,0.77,1006.32,sh000688,科创50
2025-05-08,1024.97,1030.09,1022.49,43993,21702340000,0.74,1026.44,sh000688,科创50
2025-05-07,1044.17,1044.57,1021.79,55562,27590480000,0.94,1030.19,sh000688,科创50
2025-05-06,1016.44,1027.02,1013.58,53968,27521100000,0.91,1026.52,sh000688,科创50
2025-04-30,1000.65,1014.37,1000.65,55214,26295610000,0.93,1012.42,sh000688,科创50
2025-04-29,996.97,1005.71,994.22,40042,18713610000,0.68,1003.87,sh000688,科创50
2025-04-28,1004.05,1008.59,997.90,35723,18698560000,0.60,1002.83,sh000688,科创50
2025-04-25,1003.87,1011.59,997.98,38869,20273710000,0.66,1004.57,sh000688,科创50
2025-04-24,1012.33,1012.40,1000.46,36062,20050770000,0.61,1003.32,sh000688,科创50
2025-04-23,1019.02,1022.66,1010.09,40551,23097080000,0.69,1012.65,sh000688,科创50
2025-04-22,1018.42,1023.50,1012.60,42755,23588920000,0.72,1016.22,sh000688,科创50
2025-04-21,1012.81,1021.38,1008.56,33941,22950800000,0.57,1019.41,sh000688,科创50
2025-04-18,1011.51,1012.93,1003.43,186742,62009940000,0.51,1008.60,sh000688,科创50
2025-04-17,1007.63,1024.04,1006.77,214835,81028250000,0.64,1016.81,sh000688,科创50
2025-04-16,1016.76,1017.14,996.40,232386,84979610000,0.78,1014.51,sh000688,科创50
2025-04-15,1011.67,1012.02,995.82,219630,78894030000,0.70,1006.34,sh000688,科创50
2025-04-14,1018.26,1025.44,1006.17,285635,104061750000,0.94,1014.28,sh000688,科创50
2025-04-11,990.83,1027.54,987.83,340626,127576910000,1.28,1011.71,sh000688,科创50
2025-04-10,1003.68,1006.15,985.71,338219,115770670000,1.18,991.22,sh000688,科创50
2025-04-09,922.86,992.34,917.35,398237,133563650000,1.57,980.57,sh000688,科创50
2025-04-08,932.24,950.74,923.67,380275,118792630000,1.52,940.09,sh000688,科创50
2025-04-07,960.49,982.77,877.71,478503,154459670000,1.98,924.17,sh000688,科创50
2025-04-03,1011.60,1030.55,1011.60,240545,91093140000,0.79,1018.07,sh000688,科创50
2025-04-02,1021.82,1030.91,1020.38,209672,73435120000,0.61,1022.75,sh000688,科创50
2025-04-01,1027.96,1037.32,1022.78,263236,95496150000,0.87,1024.38,sh000688,科创50
2025-03-31,1024.26,1031.34,1011.97,259553,92602900000,0.87,1022.71,sh000688,科创50
2025-03-28,1037.76,1044.92,1029.46,227595,82325660000,0.73,1029.48,sh000688,科创50
2025-03-27,1028.69,1053.22,1026.20,252748,96674690000,0.91,1040.57,sh000688,科创50
2025-03-26,1029.81,1040.22,1028.80,215897,77658210000,0.72,1029.05,sh000688,科创50
2025-03-25,1045.85,1049.31,1028.54,235734,86424450000,0.86,1031.70,sh000688,科创50
2025-03-24,1042.33,1048.17,1029.91,290767,101678430000,1.02,1045.94,sh000688,科创50
2025-03-21,1063.33,1065.41,1036.37,302484,112660330000,1.06,1042.89,sh000688,科创50
2025-03-20,1075.13,1076.37,1064.25,275748,101227660000,0.87,1064.79,sh000688,科创50
2025-03-19,1084.90,1089.63,1075.10,288071,107718690000,0.92,1076.94,sh000688,科创50
2025-03-18,1087.34,1103.48,1087.34,305491,114013740000,1.11,1089.83,sh000688,科创50
2025-03-17,1090,1090.11,1077.49,298059,111824650000,1.09,1083.21,sh000688,科创50
2025-03-14,1070.80,1089.26,1069.01,331963,127738220000,1.25,1088.11,sh000688,科创50
2025-03-13,1093.59,1094.89,1064.25,350287,128494130000,1.24,1069.70,sh000688,科创50
2025-03-12,1107.96,1112.16,1092.67,327972,129620330000,1.13,1092.71,sh000688,科创50
2025-03-11,1086.38,1102.91,1085.46,324943,123402790000,1.18,1100.74,sh000688,科创50
2025-03-10,1107.31,1111.74,1088.34,350681,133821220000,1.27,1105.16,sh000688,科创50
2025-03-07,1113.84,1120.98,1102.61,386490,146625780000,1.38,1107.62,sh000688,科创50
2025-03-06,1100.44,1125.64,1099.72,449175,179760330000,1.64,1121.58,sh000688,科创50
2025-03-05,1081.10,1090.47,1072.06,350612,133456010000,1.23,1083.82,sh000688,科创50
2025-03-04,1052.47,1088.53,1050.25,365763,144478160000,1.39,1080.66,sh000688,科创50
2025-03-03,1079.64,1087.72,1055.77,404442,154112110000,1.54,1062.35,sh000688,科创50
2025-02-28,1118.52,1123.56,1076.01,486275,189935330000,1.89,1078.80,sh000688,科创50
2025-02-27,1127.25,1140.37,1101.52,484141,193077570000,1.82,1126.29,sh000688,科创50
2025-02-26,1108.58,1129.63,1093.27,481886,193425000000,2.02,1126.82,sh000688,科创50
2025-02-25,1083.94,1119.30,1079.49,440290,181408470000,1.70,1102.90,sh000688,科创50
2025-02-24,1093.03,1110.06,1084.57,473341,189388060000,1.73,1100.05,sh000688,科创50
2025-02-21,1042.40,1098.60,1038.85,512056,214169430000,2.16,1094.77,sh000688,科创50
2025-02-20,1034.79,1041.62,1025.92,401608,148449950000,1.43,1033.09,sh000688,科创50
2025-02-19,1010.67,1035.06,1010.37,417858,157103940000,1.65,1034.57,sh000688,科创50
2025-02-18,1034.63,1036.50,1006.94,386000,142454460000,1.34,1011.17,sh000688,科创50
2025-02-17,1030.86,1039.75,1026.89,406748,155213370000,1.37,1037.31,sh000688,科创50
2025-02-14,1012.61,1024.96,1008.28,371626,141312510000,1.25,1022.46,sh000688,科创50
2025-02-13,1040.42,1041.98,1016.23,371693,144838370000,1.21,1017.09,sh000688,科创50
2025-02-12,1026.87,1042.13,1021.57,375318,143393490000,1.40,1041.14,sh000688,科创50
2025-02-11,1034.95,1038.60,1018.39,379581,138741060000,1.24,1024.41,sh000688,科创50
2025-02-10,1023.02,1038.02,1018.37,408975,155886580000,1.41,1036.77,sh000688,科创50
2025-02-07,1011.06,1035.17,1003.24,433829,168504030000,1.79,1018.80,sh000688,科创50
2025-02-06,977.02,1012.88,975.37,370251,146610700000,1.55,1011.22,sh000688,科创50
2025-02-05,989.12,989.53,974.99,316588,130436590000,1.35,982.83,sh000688,科创50
2025-01-27,972.19,975.96,954.90,247549,94211960000,0.92,955.09,sh000688,科创50
2025-01-24,966.09,980.43,966.09,267685,99731910000,1.06,974.83,sh000688,科创50
2025-01-23,987.26,994.77,966.11,281556,108833580000,1.29,966.11,sh000688,科创50
2025-01-22,972.21,980.41,967.67,238097,93984660000,1.06,975.34,sh000688,科创50
2025-01-21,973.91,980.15,964.86,259908,105756130000,1.25,976.30,sh000688,科创50
2025-01-20,969.84,978.22,962.40,245529,92288370000,1.10,968.27,sh000688,科创50
2025-01-17,949.84,977.81,947.84,256533,102101000000,1.29,965.90,sh000688,科创50
2025-01-16,982.09,991.90,954.15,260520,107384600000,1.45,956.40,sh000688,科创50
2025-01-15,976.13,988.86,970.82,247710,93899620000,1.28,977.66,sh000688,科创50
2025-01-14,958.49,984.03,946.63,293477,110211150000,1.39,981.78,sh000688,科创50
2025-01-13,938.38,955.08,936.78,218847,81206620000,1.01,952.19,sh000688,科创50
2025-01-10,962.22,980.75,950.59,254674,97362660000,1.27,950.59,sh000688,科创50
2025-01-09,962.23,972.47,960.54,230926,84170640000,1.06,961.44,sh000688,科创50
2025-01-08,956.71,976.62,937.82,270638,98099620000,1.20,965.12,sh000688,科创50
2025-01-07,938.60,966.07,936.65,229478,84471210000,1.09,965.53,sh000688,科创50
2025-01-06,943.76,949.59,931,227727,75930450000,0.96,938.71,sh000688,科创50
2025-01-03,955.72,963.23,941.25,263135,85624450000,1.18,941.82,sh000688,科创50
2025-01-02,986.82,986.82,945.45,281576,100406120000,1.46,955.33,sh000688,科创50
2024-12-31,1020.52,1021.41,988.93,277510,98733520000,1.42,988.93,sh000688,科创50
2024-12-30,1014.78,1031.46,1011.10,254873,100134360000,1.34,1020.63,sh000688,科创50
2024-12-27,1026.71,1044.15,1016.98,299079,122491040000,1.65,1018.58,sh000688,科创50
2024-12-26,1014.07,1030.67,1010.94,278154,115065080000,1.41,1027.02,sh000688,科创50
2024-12-25,1018.57,1024.95,1009.71,272497,105231040000,1.36,1017.36,sh000688,科创50
2024-12-24,1002.50,1015.87,991.30,278312,104067050000,1.32,1014.02,sh000688,科创50
2024-12-23,1011.19,1025.81,996.89,351584,133345090000,1.71,998.61,sh000688,科创50
2024-12-20,990.06,1024.72,989.41,365847,146011870000,1.85,1011.21,sh000688,科创50
2024-12-19,969.38,997.80,967.86,283760,106029620000,1.29,993,sh000688,科创50
2024-12-18,970.46,984.76,965.56,266147,96066840000,1.09,981.51,sh000688,科创50
2024-12-17,974.04,980.57,965.49,273557,88947870000,1.05,967.28,sh000688,科创50
2024-12-16,990.57,992.36,971.10,310264,110322610000,1.63,975.27,sh000688,科创50
2024-12-13,1003.99,1009.35,988.73,438541,150194970000,2.91,989.78,sh000688,科创50
2024-12-12,1008.14,1014.56,999.06,348068,120419160000,1.55,1010.90,sh000688,科创50
2024-12-11,1007.55,1016.83,1004.36,374972,124868250000,1.62,1007.19,sh000688,科创50
2024-12-10,1051.53,1051.90,1008.50,418461,144074100000,1.75,1010.91,sh000688,科创50
2024-12-09,1012.88,1016.94,995.41,321294,103544060000,1.32,1003.38,sh000688,科创50
2024-12-06,1004.77,1024.84,994.63,372733,117330570000,1.58,1014.45,sh000688,科创50
2024-12-05,993.17,1006.57,992.89,307899,100216650000,1.15,1001.84,sh000688,科创50
2024-12-04,1020.08,1023.06,995.20,342914,110881750000,1.73,999.36,sh000688,科创50
2024-12-03,1017.07,1021.70,997.11,332874,104632430000,1.51,1005.26,sh000688,科创50
2024-12-02,1008.71,1022.59,1002.06,366437,119816520000,1.72,1015.79,sh000688,科创50
2024-11-29,980.43,1024.53,978.39,338907,119104320000,1.72,1007.39,sh000688,科创50
2024-11-28,985.79,1003.42,981.37,285050,99280470000,1.37,983.68,sh000688,科创50
2024-11-27,947.95,987.98,940.87,296236,100891670000,1.43,985.97,sh000688,科创50
2024-11-26,955.58,967.92,950.51,246241,77954850000,1.01,951.59,sh000688,科创50
2024-11-25,970.82,974.29,941.21,287222,98272860000,1.33,957.92,sh000688,科创50
2024-11-22,1011.64,1018.51,968.96,360937,122679730000,1.55,969.35,sh000688,科创50
2024-11-21,1002.97,1020,999.56,330405,116565020000,1.42,1011.46,sh000688,科创50
2024-11-20,992.67,1008.56,988.26,352048,114391880000,1.33,1002.54,sh000688,科创50
2024-11-19,974,999.96,960.01,320595,105527920000,1.48,998.01,sh000688,科创50
2024-11-18,989.40,1001.99,962.83,359389,116308120000,1.69,968.71,sh000688,科创50
2024-11-15,1024.60,1030.27,986.86,387433,132762400000,1.90,986.88,sh000688,科创50
2024-11-14,1056.21,1065.20,1024.55,395791,141030820000,1.87,1027.32,sh000688,科创50
2024-11-13,1042.20,1062.65,1039.58,448721,156786810000,2.14,1061.37,sh000688,科创50
2024-11-12,1070.64,1080.57,1040.91,595739,204250790000,2.98,1050.54,sh000688,科创50
2024-11-11,1033.55,1074.52,1028.10,649388,221900130000,3.56,1073.84,sh000688,科创50
2024-11-08,1053.45,1070.95,1025.43,564449,194343120000,3.33,1025.64,sh000688,科创50
2024-11-07,986.50,1038.03,984.56,437272,144682130000,2.52,1028.44,sh000688,科创50
2024-11-06,1002.06,1017.12,986.43,477299,162903150000,2.49,998.09,sh000688,科创50
2024-11-05,954.14,997.89,950.39,442456,150901910000,2.31,996.17,sh000688,科创50
2024-11-04,938.19,955.90,937.97,292951,95391920000,1.23,954.67,sh000688,科创50
2024-11-01,960.21,967.84,939.76,397712,123726270000,1.71,939.76,sh000688,科创50
2024-10-31,960.68,978.18,947.58,416399,140093290000,2.13,969.45,sh000688,科创50
2024-10-30,967.84,976.40,949.33,355427,119155250000,1.90,958.82,sh000688,科创50
2024-10-29,988.50,1006.86,975.03,410616,136569010000,2.05,975.37,sh000688,科创50
2024-10-28,988.43,991.13,976.52,368365,115390610000,1.79,986.56,sh000688,科创50
2024-10-25,981.41,1016.08,974.48,402107,131637410000,2.29,991.22,sh000688,科创50
2024-10-24,968.99,988.04,968.49,319443,108835410000,1.72,977.60,sh000688,科创50
2024-10-23,976.25,1003.96,971.69,432367,141111570000,2.49,979.15,sh000688,科创50
2024-10-22,988.70,1002.96,969.86,462551,157574280000,2.57,985.83,sh000688,科创50
2024-10-21,999.54,1063.85,977.88,581866,218349270000,3.65,1000.37,sh000688,科创50
2024-10-18,879.95,1008.07,876.68,495146,173380120000,3.02,978.66,sh000688,科创50
2024-10-17,897.20,901.12,878.74,288304,92939840000,1.48,879.10,sh000688,科创50
2024-10-16,874.27,896.31,872.16,257078,79628160000,1.45,875.69,sh000688,科创50
2024-10-15,920.99,942.25,898.83,334952,111598830000,1.84,898.83,sh000688,科创50
2024-10-14,904.14,931.81,873.52,361517,118134950000,2.13,925.96,sh000688,科创50
2024-10-11,939.57,946.52,889.11,381922,120852430000,2.09,898.90,sh000688,科创50
2024-10-10,1014.36,1016.57,940.09,488010,170515760000,3.05,954.17,sh000688,科创50
2024-10-09,993.78,1084.68,958.46,740282,277167650000,4.68,997.85,sh000688,科创50
2024-10-08,1045.05,1045.05,972.34,811025,253004230000,4.53,1023.97,sh000688,科创50
2024-09-30,782.31,872.37,776.45,599129,162619910000,3.24,872.37,sh000688,科创50
2024-09-27,704.52,742.96,704.29,199266,50178960000,0.99,740.02,sh000688,科创50
2024-09-26,667.55,693.46,663.16,212007,53809800000,1.06,693.15,sh000688,科创50
2024-09-25,673.18,684.43,667.07,215464,52332380000,1.03,667.34,sh000688,科创50
2024-09-24,648.13,667.27,640.35,197706,47471810000,1.01,667.05,sh000688,科创50
2024-09-23,649,654.24,643.04,111948,27395550000,0.54,643.04,sh000688,科创50
2024-09-20,651.82,654.16,642.60,115466,27211150000,0.57,648.36,sh000688,科创50
2024-09-19,649.73,658.36,642.79,132184,30881080000,0.69,651.47,sh000688,科创50
2024-09-18,654.51,654.51,641.91,117806,27742340000,0.59,647.41,sh000688,科创50
2024-09-13,658.98,662.89,650.70,124777,32343730000,0.69,655.05,sh000688,科创50
2024-09-12,666.22,671.87,658.67,111756,27667530000,0.60,658.85,sh000688,科创50
2024-09-11,657.39,665.77,656.82,109206,28070310000,0.58,664.33,sh000688,科创50
2024-09-10,656.04,663.83,648.62,111537,27006560000,0.50,660.01,sh000688,科创50
2024-09-09,659.50,665.67,652.93,106227,25991360000,0.50,654.94,sh000688,科创50
2024-09-06,672.62,673.97,662.34,120147,28831010000,0.49,662.34,sh000688,科创50
2024-09-05,673,680.79,668.46,112481,29712220000,0.48,671.26,sh000688,科创50
2024-09-04,668.93,679.17,666.90,118827,28422960000,0.48,672.28,sh000688,科创50
2024-09-03,670.06,681.48,670.06,130422,32553920000,0.61,674.96,sh000688,科创50
2024-09-02,693.67,694.42,670.01,172056,41063770000,0.81,670.01,sh000688,科创50
2024-08-30,678.61,700.03,677.54,191567,48194270000,0.93,694.16,sh000688,科创50
2024-08-29,667.88,683.33,666.41,139548,32799380000,0.59,679.59,sh000688,科创50
2024-08-28,672.97,675.11,669.13,109151,25778610000,0.48,671.22,sh000688,科创50
2024-08-27,679.75,679.75,672.46,116120,27088350000,0.55,674.35,sh000688,科创50
2024-08-26,684.77,688.92,679.61,121515,29261550000,0.53,682.50,sh000688,科创50
2024-08-23,683.59,688.33,676.23,116509,30230590000,0.50,685.76,sh000688,科创50
2024-08-22,692.19,695.48,683.88,118415,29952390000,0.56,685.53,sh000688,科创50
2024-08-21,691.13,698.52,689.38,103227,28306710000,0.45,691.64,sh000688,科创50
2024-08-20,704.12,705.01,691.65,121410,30373940000,0.50,693.52,sh000688,科创50
2024-08-19,705.04,712.01,703,128253,32339700000,0.54,703.32,sh000688,科创50
2024-08-16,707.39,710.99,703.58,132766,32679510000,0.54,705.22,sh000688,科创50
2024-08-15,699.09,714.46,697.86,140076,34338030000,0.69,707.55,sh000688,科创50
2024-08-14,711.66,711.94,700.85,105268,27637300000,0.49,700.93,sh000688,科创50
2024-08-13,707.70,710.89,702.91,106475,26518290000,0.53,710.75,sh000688,科创50
2024-08-12,704.37,709.21,702.95,120022,29970420000,0.54,707.33,sh000688,科创50
2024-08-09,717.14,719.43,705.55,128953,34508480000,0.59,705.55,sh000688,科创50
2024-08-08,703.06,716.60,699.70,138913,35912740000,0.63,708.92,sh000688,科创50
2024-08-07,712.74,716.26,706.83,128969,33983700000,0.55,707.59,sh000688,科创50
2024-08-06,714.49,717.19,705.02,147151,38786490000,0.76,713.86,sh000688,科创50
2024-08-05,719.16,730.29,704.26,188025,50043040000,0.92,704.30,sh000688,科创50
2024-08-02,730.65,742.23,723.56,165864,45476230000,0.74,725.66,sh000688,科创50
2024-08-01,745.96,748.77,735.58,182944,50371890000,0.86,738.87,sh000688,科创50
2024-07-31,707.66,744,707.20,205862,55888600000,1.01,743.37,sh000688,科创50
2024-07-30,706.86,712.15,699.90,130695,34773520000,0.66,710.01,sh000688,科创50
2024-07-29,719.55,721.22,707.60,132926,34795510000,0.69,707.60,sh000688,科创50
2024-07-26,713.89,723.49,710.33,134754,36114060000,0.65,719.87,sh000688,科创50
2024-07-25,708.94,722.60,708.94,140319,37330940000,0.77,713.88,sh000688,科创50
2024-07-24,720.47,726.31,712.33,155220,43188460000,0.75,713.32,sh000688,科创50
2024-07-23,750.13,750.13,720.88,162604,48354140000,0.86,721.11,sh000688,科创50
2024-07-22,749.32,756.68,747.38,170219,52125190000,0.97,752,sh000688,科创50
2024-07-19,731.41,751.20,731.40,189281,57974840000,1.17,749.47,sh000688,科创50
2024-07-18,721.76,738.73,718.52,177607,52062450000,1.06,735.41,sh000688,科创50
2024-07-17,733.07,735.71,729,151972,46109580000,0.91,729,sh000688,科创50
2024-07-16,712.76,732.69,711.71,155410,49339980000,0.91,732.06,sh000688,科创50
2024-07-15,716.48,720.42,712.79,141579,41286230000,0.72,715.86,sh000688,科创50
2024-07-12,713.31,721.46,711.16,151209,42161530000,0.76,718.37,sh000688,科创50
2024-07-11,722.04,725.02,712,184398,51276560000,0.94,718.04,sh000688,科创50
2024-07-10,707.19,715.71,706.79,150194,41921460000,0.77,710.37,sh000688,科创50
2024-07-09,689.79,712.19,689.42,189966,49260750000,1.04,709.89,sh000688,科创50
2024-07-08,700.02,703.63,689.85,151368,39204290000,0.82,692.49,sh000688,科创50
2024-07-05,688.53,699.97,683.40,142547,38188390000,0.67,698.85,sh000688,科创50
2024-07-04,702.09,704.78,689.92,146330,36345300000,0.65,690.38,sh000688,科创50
2024-07-03,698.96,707.36,692.81,150222,40225650000,0.74,701.78,sh000688,科创50
2024-07-02,709.15,709.17,697.54,145085,39357460000,0.67,699.12,sh000688,科创50
2024-07-01,711.65,714.13,699.42,171287,45399160000,0.73,709.60,sh000688,科创50
2024-06-28,713.36,724.90,710.54,177095,47209570000,0.88,712.08,sh000688,科创50
2024-06-27,725.52,727.39,715.17,160916,42171530000,0.73,715.36,sh000688,科创50
2024-06-26,719.84,732.13,713,185302,46979520000,0.96,729.64,sh000688,科创50
2024-06-25,738.32,738.80,713.42,194693,52283250000,1.09,717.75,sh000688,科创50
2024-06-24,754.41,762.15,738.21,232390,60440040000,1.22,739.14,sh000688,科创50
2024-06-21,749.73,758.67,744.50,203876,55501980000,0.91,758.37,sh000688,科创50
2024-06-20,752.15,766.12,749.82,269053,73310760000,1.24,755.15,sh000688,科创50
2024-06-19,758.41,759.14,747.74,192075,56055140000,0.99,751.69,sh000688,科创50
2024-06-18,757.85,763.82,753.55,196538,55349390000,1.01,756.90,sh000688,科创50
2024-06-17,749.94,759.93,748.70,220196,62198000000,1.31,757.11,sh000688,科创50
2024-06-14,756.41,756.53,750.49,295062,77877050000,2.05,754.26,sh000688,科创50
2024-06-13,758.61,765.95,755.61,259790,69949750000,1.28,758.98,sh000688,科创50
2024-06-12,758.38,761.60,753.61,182276,53808240000,1.08,754.93,sh000688,科创50
2024-06-11,735.84,756.53,734.76,195877,55350330000,1.15,755.83,sh000688,科创50
2024-06-07,744.39,749.42,731.52,167205,45120130000,0.89,737.93,sh000688,科创50
2024-06-06,756.79,759.24,741.68,225502,55803510000,1.10,743.23,sh000688,科创50
2024-06-05,752.05,762.26,751.35,164985,45466640000,0.93,752.04,sh000688,科创50
2024-06-04,748.30,755.25,746.53,192034,48176420000,0.96,753.64,sh000688,科创50
2024-06-03,743.61,754.65,742.20,240233,60802200000,1.44,750.43,sh000688,科创50
2024-05-31,743.18,751.40,741.35,172564,46039610000,0.92,743.23,sh000688,科创50
2024-05-30,733.55,746.26,730.34,164724,44808110000,0.95,742.70,sh000688,科创50
2024-05-29,734.29,741.34,731.53,156062,40101000000,0.96,734.33,sh000688,科创50
2024-05-28,736.70,746.30,734.58,162524,46263620000,0.83,734.85,sh000688,科创50
2024-05-27,726.37,739.45,719.54,180330,52737530000,0.94,738.65,sh000688,科创50
2024-05-24,741.68,746.40,726.87,170353,48144600000,0.88,727.21,sh000688,科创50
2024-05-23,754.40,755.40,741.41,173605,47237910000,0.89,742.40,sh000688,科创50
2024-05-22,749.91,756.70,743.68,178753,47104990000,1.22,754.97,sh000688,科创50
2024-05-21,752.29,755.46,747.31,147973,43757020000,0.62,748.24,sh000688,科创50
2024-05-20,752.20,761.17,749.81,182558,54188050000,0.92,753.54,sh000688,科创50
2024-05-17,743.79,754.56,741.86,168104,45479410000,0.85,754.42,sh000688,科创50
2024-05-16,753.45,755.17,745.02,150608,43341760000,0.67,746.47,sh000688,科创50
2024-05-15,758.80,760.08,749.22,134911,39431830000,0.61,749.47,sh000688,科创50
2024-05-14,766.65,769.42,759.43,154730,45269220000,0.61,760.30,sh000688,科创50
2024-05-13,760.10,769.21,757.96,187916,53977390000,0.81,763.69,sh000688,科创50
2024-05-10,778.15,778.56,764.44,184403,54642290000,0.84,767.17,sh000688,科创50
2024-05-09,762.40,779.48,762.40,195904,59636600000,1.09,778.87,sh000688,科创50
2024-05-08,769.69,769.70,760.57,173010,51592350000,0.72,761.66,sh000688,科创50
2024-05-07,776.82,779.59,768.40,190463,58001960000,0.83,769.79,sh000688,科创50
2024-05-06,778.99,785.07,774.04,212610,63895180000,1.04,777.66,sh000688,科创50
2024-04-30,773.84,775.92,765.60,212920,60792510000,1.04,767.46,sh000688,科创50
2024-04-29,752.92,780.20,752.62,256076,75786390000,1.45,776.15,sh000688,科创50
2024-04-26,733.02,753.15,733.02,218955,66261570000,1.12,752.25,sh000688,科创50
2024-04-25,735.56,740.47,730.61,161530,46147080000,0.69,733.34,sh000688,科创50
2024-04-24,731.71,739.01,728.38,165258,46672060000,0.72,738.63,sh000688,科创50
2024-04-23,732.87,736.36,724.90,154111,41379630000,0.66,727.85,sh000688,科创50
2024-04-22,723.41,735.97,719.12,159655,44367610000,0.75,731.81,sh000688,科创50
2024-04-19,741.29,741.92,729.57,166036,46251640000,0.80,730.56,sh000688,科创50
2024-04-18,747.13,757.75,741.20,190803,53434000000,0.80,745.69,sh000688,科创50
2024-04-17,737.66,751.20,735.21,203438,54149430000,0.86,750.89,sh000688,科创50
2024-04-16,746.88,749.12,732.89,217512,53091970000,0.81,733.15,sh000688,科创50
2024-04-15,739.20,755.18,738.54,218978,56927700000,0.97,750.90,sh000688,科创50
2024-04-12,742.93,747.50,738.33,158761,45358170000,0.89,738.43,sh000688,科创50
2024-04-11,735.67,746.91,735.67,164171,48413930000,0.82,738.67,sh000688,科创50
2024-04-10,749.22,749.58,732.47,165642,45499390000,0.64,735.73,sh000688,科创50
2024-04-09,739.39,749.86,736.89,159953,43838310000,0.67,749.63,sh000688,科创50
2024-04-08,753.83,757.13,740.67,177078,48189700000,0.80,740.67,sh000688,科创50
2024-04-03,768.21,769.23,755.21,176338,51899250000,0.77,756.76,sh000688,科创50
2024-04-02,774.73,774.73,764.32,176267,51531090000,0.69,768.79,sh000688,科创50
2024-04-01,765.63,776.74,765.63,191591,56986270000,0.79,775.53,sh000688,科创50
2024-03-29,761.65,763.56,751.24,168353,49138290000,0.65,762.74,sh000688,科创50
2024-03-28,753.90,771.48,753.23,188670,56229250000,0.79,763.27,sh000688,科创50
2024-03-27,771.54,772.47,752.72,178343,51275160000,0.80,752.82,sh000688,科创50
2024-03-26,781.73,787.60,768.68,185391,57718130000,0.78,772.09,sh000688,科创50
2024-03-25,792.85,797.66,781.62,209127,66726760000,0.83,781.65,sh000688,科创50
2024-03-22,804.02,808.71,793.10,220912,69921210000,0.93,794.20,sh000688,科创50
2024-03-21,820.14,824.18,805.55,227305,74168730000,0.89,806.14,sh000688,科创50
2024-03-20,810.69,815.73,806.58,207886,65322770000,0.75,814.03,sh000688,科创50
2024-03-19,822.18,823.90,811.77,215794,68514020000,0.88,811.77,sh000688,科创50
2024-03-18,810.39,825.90,809.83,234496,73094400000,1.01,825.40,sh000688,科创50
2024-03-15,802.91,809.40,794.75,197345,57967230000,0.87,808.67,sh000688,科创50
2024-03-14,811.51,815.55,797.78,217410,64940750000,0.89,804.86,sh000688,科创50
2024-03-13,821.32,824.81,813.09,208033,63767090000,0.96,814.93,sh000688,科创50
2024-03-12,818.52,827.63,813.05,219463,66674860000,1.13,817.75,sh000688,科创50
2024-03-11,800.90,818.71,797.26,221294,65259230000,1.20,818.44,sh000688,科创50
2024-03-08,795.32,805.57,791.73,203104,57902910000,1.13,803.20,sh000688,科创50
2024-03-07,814.17,817.78,793.59,214033,60500810000,1.18,794.24,sh000688,科创50
2024-03-06,816.14,822.79,803.99,199736,58780250000,1.05,811.90,sh000688,科创50
2024-03-05,812.62,824.12,810.32,223490,69594820000,1.11,817.77,sh000688,科创50
2024-03-04,819.96,822.65,807.39,231311,70764260000,1.12,818.51,sh000688,科创50
2024-03-01,809.40,818.11,803.53,239831,72454210000,1.24,815.49,sh000688,科创50
2024-02-29,769.56,807.71,769.56,260531,76229770000,1.39,807.71,sh000688,科创50
2024-02-28,797.83,811.65,771.59,336344,92170370000,1.42,771.59,sh000688,科创50
2024-02-27,763.66,797.15,761.26,242146,71354650000,1.13,796.91,sh000688,科创50
2024-02-26,764.03,776.98,761.22,267157,69780230000,1.08,768.49,sh000688,科创50
2024-02-23,768.51,769.81,754.35,212882,57385790000,0.87,764.48,sh000688,科创50
2024-02-22,757.26,768.66,755.90,184352,49712670000,0.84,762.38,sh000688,科创50
2024-02-21,747.25,769.15,744.26,222727,57035200000,0.95,755.16,sh000688,科创50
2024-02-20,756.08,758.06,748.60,197034,51408510000,0.79,754.70,sh000688,科创50
2024-02-19,762.64,763.36,748.29,274260,68655870000,1.16,763.32,sh000688,科创50
2024-02-08,749.64,767.86,745.24,310376,72357930000,1.31,751.50,sh000688,科创50
2024-02-07,723.31,744.34,717.70,309934,72213970000,1.46,743.42,sh000688,科创50
2024-02-06,675.45,721.38,665.63,275281,60143380000,1.23,720.80,sh000688,科创50
2024-02-05,675.40,687.62,635.74,277770,58729670000,1.29,676.79,sh000688,科创50
2024-02-02,693.02,694.75,653.62,209665,50348540000,1.00,673.41,sh000688,科创50
2024-02-01,680.72,704.66,678.97,177368,45872360000,0.83,690.01,sh000688,科创50
2024-01-31,693.85,699.67,681.38,187905,46792280000,0.95,684.85,sh000688,科创50
2024-01-30,720.19,722.63,696.56,151845,41612060000,0.81,697.85,sh000688,科创50
2024-01-29,748.26,754.59,725.31,180993,47533300000,1.06,725.31,sh000688,科创50
2024-01-26,759.94,762.18,742.93,156531,44413800000,0.82,746.10,sh000688,科创50
2024-01-25,749.13,768.02,742.93,188678,51522100000,1.07,765.79,sh000688,科创50
2024-01-24,753.01,754.22,728.37,164562,46725960000,0.85,750.27,sh000688,科创50
2024-01-23,738.38,754.65,733.48,161241,46270920000,0.85,749.74,sh000688,科创50
2024-01-22,763.60,764.62,735.41,171158,49925570000,0.85,742.23,sh000688,科创50
2024-01-19,767.24,773.15,762.26,128804,40209640000,0.75,765.47,sh000688,科创50
2024-01-18,752.29,769.12,741.34,173441,51152320000,0.97,768.28,sh000688,科创50
2024-01-17,775.86,776.23,757.04,117541,37491850000,0.60,757.04,sh000688,科创50
2024-01-16,771.84,777.53,765.43,131529,41839700000,0.74,777.40,sh000688,科创50
2024-01-15,774.96,784.19,770.98,121905,41242680000,0.63,773.41,sh000688,科创50
2024-01-12,788.03,790.38,778.11,131065,41960110000,0.72,778.36,sh000688,科创50
2024-01-11,775.37,793.14,775.18,135472,44546850000,0.68,789.86,sh000688,科创50
2024-01-10,779.08,790.36,771.58,127408,41242510000,0.68,777.15,sh000688,科创50
2024-01-09,786.48,793.60,777.56,137031,44711060000,0.72,782.93,sh000688,科创50
2024-01-08,802.90,804.60,783.74,132042,41757660000,0.71,784.43,sh000688,科创50
2024-01-05,820.40,825.94,803.40,138314,45426510000,0.67,807.73,sh000688,科创50
2024-01-04,831.23,831.55,817.75,124659,42807370000,0.63,823.85,sh000688,科创50
2024-01-03,838.30,842.20,827.18,142856,50256540000,0.62,829.77,sh000688,科创50
2024-01-02,850.97,850.97,839.80,151380,51299040000,0.67,839.80,sh000688,科创50
2023-12-29,849.61,854.88,848.33,171815,58228340000,0.82,852,sh000688,科创50
2023-12-28,828.40,853.49,828.34,179209,58015100000,1.11,850.39,sh000688,科创50
2023-12-27,826.83,833.81,826.17,120357,41133740000,0.65,830.06,sh000688,科创50
2023-12-26,836.53,836.66,822.44,116933,39113940000,0.56,825.26,sh000688,科创50
2023-12-25,840.38,845.56,834.43,118530,40991520000,0.67,837.22,sh000688,科创50
2023-12-22,846.67,851.48,839.79,145119,47822790000,0.81,843.32,sh000688,科创50
2023-12-21,832.37,850.99,831.93,143256,47125390000,0.77,847.82,sh000688,科创50
2023-12-20,847.27,847.59,835.31,121120,40050630000,0.56,835.71,sh000688,科创50
2023-12-19,839.64,850.41,838.21,121525,40580500000,0.61,845.86,sh000688,科创50
2023-12-18,845.54,847.59,838.32,126095,42225500000,0.63,840.68,sh000688,科创50
2023-12-15,857.01,859.25,846.82,129392,44681230000,0.67,847.51,sh000688,科创50
2023-12-14,865.09,869.29,855.43,131540,47653500000,0.64,855.90,sh000688,科创50
2023-12-13,868.87,875.19,861.03,145669,53321370000,0.80,861.25,sh000688,科创50
2023-12-12,876.69,877.83,866.84,156316,57226810000,0.82,869.97,sh000688,科创50
2023-12-11,859.97,880.03,854.81,206412,72770200000,1.16,878.52,sh000688,科创50
2023-12-08,849.16,868.23,847.93,244784,94208680000,1.85,868.23,sh000688,科创50
2023-12-07,847.10,850.08,839.03,173859,64466060000,1.11,847.48,sh000688,科创50
2023-12-06,843.82,852.31,842.59,158827,55914810000,0.95,848.79,sh000688,科创50
2023-12-05,859.49,859.49,845.60,152184,53166200000,0.81,845.80,sh000688,科创50
2023-12-04,867.83,873.51,861.92,164547,59449570000,0.80,861.92,sh000688,科创50
2023-12-01,863.33,869.82,856.44,158604,55550960000,0.88,867.54,sh000688,科创50
2023-11-30,861.51,865.68,857.63,161900,54908400000,1.08,865.68,sh000688,科创50
2023-11-29,870.40,872.90,862.04,163635,58283070000,0.88,862.04,sh000688,科创50
2023-11-28,868.81,873.66,863.81,166217,56020310000,0.87,871.91,sh000688,科创50
2023-11-27,864.27,869.87,861.38,166349,56784290000,0.93,868.03,sh000688,科创50
2023-11-24,875.58,876.26,863.85,146032,49262060000,0.62,864.77,sh000688,科创50
2023-11-23,869.85,878.45,866.63,151877,49653210000,0.66,877.77,sh000688,科创50
2023-11-22,881.96,884.71,870.76,169156,55664320000,0.65,870.76,sh000688,科创50
2023-11-21,892.92,896.96,884.60,196302,66923770000,0.74,884.89,sh000688,科创50
2023-11-20,890.90,896.07,883.03,215011,75556510000,0.83,892.63,sh000688,科创50
2023-11-17,886.67,891.95,884.51,181349,60121510000,0.59,891.38,sh000688,科创50
2023-11-16,898.74,900.15,886.77,187188,62487620000,0.76,887.11,sh000688,科创50
2023-11-15,912.63,913.20,900.62,229183,78400200000,0.98,902.18,sh000688,科创50
2023-11-14,895.81,904.71,893.28,211013,71383850000,1.00,904.34,sh000688,科创50
2023-11-13,893.50,897.11,888.55,178755,60665810000,0.79,896.55,sh000688,科创50
2023-11-10,888.99,894.63,885.30,168830,59495470000,0.88,889.75,sh000688,科创50
2023-11-09,897.93,904.59,891.49,207117,67535790000,1.27,893.80,sh000688,科创50
2023-11-08,890.87,905.94,889.89,221468,77396460000,1.33,899.63,sh000688,科创50
2023-11-07,887.20,892.99,883.75,197981,69716350000,1.00,891.46,sh000688,科创50
2023-11-06,880.60,891.56,880.60,225888,78633610000,1.22,890.21,sh000688,科创50
2023-11-03,861.54,877.09,861.54,173617,59698610000,0.88,875.37,sh000688,科创50
2023-11-02,871.55,875.26,859.89,146964,49198120000,0.75,859.93,sh000688,科创50
2023-11-01,874.04,878.33,868.45,160862,54896210000,0.86,869.92,sh000688,科创50
2023-10-31,882.43,882.56,869.02,203241,66543150000,0.92,874.41,sh000688,科创50
2023-10-30,862.12,881.88,860.40,242622,83269630000,1.20,878.13,sh000688,科创50
2023-10-27,843.88,866.54,842.60,199762,65500330000,0.91,861.85,sh000688,科创50
2023-10-26,841.99,850.99,837.47,154650,50289360000,0.71,849.31,sh000688,科创50
2023-10-25,859.77,862.20,848.65,156899,52342580000,0.73,848.65,sh000688,科创50
2023-10-24,844.09,858.29,839.08,154200,52744230000,0.84,850.61,sh000688,科创50
2023-10-23,857.48,859.99,836.64,153044,50846720000,0.84,840.14,sh000688,科创50
2023-10-20,865.78,872.80,861.08,153197,54246920000,0.98,861.81,sh000688,科创50
2023-10-19,864.46,879.55,864.06,166041,58463260000,1.03,870.10,sh000688,科创50
2023-10-18,884.71,884.93,869.45,140092,49971190000,0.73,869.76,sh000688,科创50
2023-10-17,874.28,884.91,871.79,144058,47364530000,0.60,882.19,sh000688,科创50
2023-10-16,890.48,890.94,870.61,169098,55207430000,0.68,874.03,sh000688,科创50
2023-10-13,895.47,897.15,888.54,163654,53521880000,0.68,891.72,sh000688,科创50
2023-10-12,896,901.47,891.17,160061,56574940000,0.81,899.98,sh000688,科创50
2023-10-11,885.63,895.16,883.66,176949,60569820000,0.87,893.45,sh000688,科创50
2023-10-10,888.15,892.48,881.84,147281,48711870000,0.76,882.04,sh000688,科创50
2023-10-09,884.20,890.95,880.34,145327,48920930000,0.62,887.21,sh000688,科创50
2023-09-28,880.39,890.07,878.59,146578,50815140000,0.61,887.80,sh000688,科创50
2023-09-27,875.43,886.67,875.43,158414,52175530000,0.69,880.17,sh000688,科创50
2023-09-26,876.26,884.02,873.98,140888,48004380000,0.56,876.05,sh000688,科创50
2023-09-25,880.32,881.70,874.21,150433,48847700000,0.59,874.55,sh000688,科创50
2023-09-22,860.73,883.26,859.09,151681,51202090000,0.71,882.88,sh000688,科创50
2023-09-21,862.64,869.86,860.31,107566,34167410000,0.45,860.39,sh000688,科创50
2023-09-20,870.03,876.90,865.79,115263,36777830000,0.44,866.02,sh000688,科创50
2023-09-19,879.35,880.26,870.66,125307,41605740000,0.50,873.62,sh000688,科创50
2023-09-18,881.38,888.68,876.91,143897,48388340000,0.70,879.53,sh000688,科创50
2023-09-15,883.07,893.91,876.62,159450,53692600000,0.82,887.01,sh000688,科创50
2023-09-14,888.26,892.79,877.82,131081,43523770000,0.55,880.80,sh000688,科创50
2023-09-13,900,902.52,882.91,152905,50077710000,0.61,889.13,sh000688,科创50
2023-09-12,905.92,909.84,901.38,156862,52651460000,0.57,901.62,sh000688,科创50
2023-09-11,901.54,915.99,895.62,209683,69278650000,0.83,907.51,sh000688,科创50
2023-09-08,895.50,906.34,894.40,175105,58216340000,0.70,901.51,sh000688,科创50
2023-09-07,929.36,929.36,899.30,179501,63522800000,1.05,899.83,sh000688,科创50
2023-09-06,926.25,936.88,920.25,182273,66686480000,0.91,934.60,sh000688,科创50
2023-09-05,942.56,947.95,929.25,172120,63083340000,0.94,930.63,sh000688,科创50
2023-09-04,935.82,942.45,927.58,180123,62949000000,0.93,942.43,sh000688,科创50
2023-09-01,944.25,945.72,927.21,175569,61217260000,0.78,934.79,sh000688,科创50
2023-08-31,936.19,949.46,932.34,239257,80642220000,1.22,942.61,sh000688,科创50
2023-08-30,935.82,950.70,928.42,277268,91282950000,1.38,939.65,sh000688,科创50
2023-08-29,878.78,920.54,878.78,238307,77816830000,1.16,916.46,sh000688,科创50
2023-08-28,926,927.63,878.26,200519,66689860000,1.05,880.19,sh000688,科创50
2023-08-25,880.17,882.44,865.09,156256,49567130000,0.70,870.40,sh000688,科创50
2023-08-24,883.80,895.91,880.03,144586,47154850000,0.78,885.48,sh000688,科创50
2023-08-23,899.96,899.96,879.46,126816,41786240000,0.58,879.46,sh000688,科创50
2023-08-22,896.74,903.78,877.62,158814,53800960000,0.79,901.13,sh000688,科创50
2023-08-21,900.22,907.60,891.74,136153,44318670000,0.62,892.09,sh000688,科创50
2023-08-18,924.30,924.30,904.25,168188,54330560000,0.66,904.25,sh000688,科创50
2023-08-17,899.80,913.85,896.44,133043,46633890000,0.67,910.38,sh000688,科创50
2023-08-16,916.59,920.35,901.68,126459,44632970000,0.68,901.79,sh000688,科创50
2023-08-15,933.06,935.01,911.59,143488,46272070000,0.89,917.45,sh000688,科创50
2023-08-14,932.09,934.25,919.94,122505,43659130000,0.69,930.50,sh000688,科创50
2023-08-11,960.10,960.65,938.77,117832,42513960000,0.64,938.77,sh000688,科创50
2023-08-10,957.22,961.86,954.42,106199,41773780000,0.49,959.17,sh000688,科创50
2023-08-09,961.50,966.70,956.40,117071,44714810000,0.49,957.37,sh000688,科创50
2023-08-08,967.43,971.72,965.04,117237,45735850000,0.55,965.53,sh000688,科创50
2023-08-07,973.29,977.41,967.16,142259,54452520000,0.62,968.90,sh000688,科创50
2023-08-04,972.48,976.98,968.82,135885,51908720000,0.74,975.78,sh000688,科创50
2023-08-03,962.55,972.16,962.05,119627,46198270000,0.71,970.37,sh000688,科创50
2023-08-02,967.69,973.39,965.99,124038,50385000000,0.68,968.44,sh000688,科创50
2023-08-01,969.41,971.52,966.13,131677,51472020000,0.74,969.68,sh000688,科创50
2023-07-31,961.69,973.90,961.69,152539,59277040000,0.84,968.99,sh000688,科创50
2023-07-28,950.51,963.01,948.20,138560,52912710000,0.67,962.64,sh000688,科创50
2023-07-27,962.61,964.62,950.81,124737,47454830000,0.61,952.30,sh000688,科创50
2023-07-26,963.55,967.67,959.32,121892,48745040000,0.55,961.60,sh000688,科创50
2023-07-25,961.52,965.69,956.37,132041,51279640000,0.61,964.40,sh000688,科创50
2023-07-24,953.96,961.40,949.64,115884,44365970000,0.51,950.55,sh000688,科创50
2023-07-21,958.89,963.97,953.93,127928,48045110000,0.60,955.55,sh000688,科创50
2023-07-20,978.38,978.63,960.29,144046,52725930000,0.58,961.13,sh000688,科创50
2023-07-19,987,988.55,973.34,129392,54719450000,0.58,975.11,sh000688,科创50
2023-07-18,985.24,987.71,980.02,141283,56962130000,0.68,980.02,sh000688,科创50
2023-07-17,988.88,988.88,982.05,140460,56196970000,0.72,984.82,sh000688,科创50
2023-07-14,999.79,1002.82,990.62,168043,68045980000,0.84,991.56,sh000688,科创50
2023-07-13,988.70,997.70,988.59,158963,64678820000,0.77,995.97,sh000688,科创50
2023-07-12,999.24,1000.01,984.03,166312,67191090000,0.91,984.98,sh000688,科创50
2023-07-11,996.56,1003.22,994.26,151459,61331460000,0.78,1001.41,sh000688,科创50
2023-07-10,992.74,1001.03,990.25,141490,54344820000,0.72,993.73,sh000688,科创50
2023-07-07,1001.02,1002.45,989.66,155910,60289680000,0.75,991.85,sh000688,科创50
2023-07-06,1004.67,1012.85,1001.37,152316,64287380000,0.74,1002.11,sh000688,科创50
2023-07-05,1013.38,1016.81,1004.54,177584,69501070000,0.74,1005.73,sh000688,科创50
2023-07-04,1008.43,1022.46,1004.12,195901,78168880000,0.92,1015.40,sh000688,科创50
2023-07-03,1006.58,1013.19,999.16,203823,85011400000,1.10,1008.40,sh000688,科创50
2023-06-30,999.18,1009.10,997.54,189644,75156530000,0.81,1005.15,sh000688,科创50
2023-06-29,1004.54,1012.06,1001.46,175831,70478460000,0.81,1001.46,sh000688,科创50
2023-06-28,1017.08,1019.67,996.14,185866,73973360000,0.90,1008.22,sh000688,科创50
2023-06-27,1011.08,1018.90,1006.79,177880,66973510000,0.90,1011.35,sh000688,科创50
2023-06-26,1011.15,1029.94,1006.35,198842,78401880000,1.03,1010.31,sh000688,科创50
2023-06-21,1050.12,1051.02,1020.14,210234,86510630000,0.89,1020.22,sh000688,科创50
2023-06-20,1054.51,1058.60,1043.50,237946,98210000000,1.10,1055.41,sh000688,科创50
2023-06-19,1053.34,1059.98,1044.98,237032,97506850000,0.99,1055.45,sh000688,科创50
2023-06-16,1034.42,1055.08,1032.31,211328,85733410000,1.12,1052.88,sh000688,科创50
2023-06-15,1036.31,1038.72,1029.74,212239,86008110000,1.07,1033.85,sh000688,科创50
2023-06-14,1038.89,1040.33,1031.07,190490,76346610000,0.88,1035.31,sh000688,科创50
2023-06-13,1025.21,1043.96,1021.27,189885,76481120000,1.06,1039.46,sh000688,科创50
2023-06-12,1030.26,1032.09,1022.40,201109,79144450000,1.15,1026.64,sh000688,科创50
2023-06-09,1008.90,1032.55,1003.32,246843,92922140000,1.83,1032.55,sh000688,科创50
2023-06-08,1012.66,1014.57,1001.75,177275,67639670000,1.09,1007.12,sh000688,科创50
2023-06-07,1023.95,1026.46,1015.34,157785,63693250000,0.87,1019.05,sh000688,科创50
2023-06-06,1047.92,1048.30,1021,184264,74379920000,0.99,1022.98,sh000688,科创50
2023-06-05,1063.15,1068.30,1049.45,175022,73780940000,1.01,1051.73,sh000688,科创50
2023-06-02,1055.95,1059.25,1047.37,181129,72564650000,1.01,1053.29,sh000688,科创50
2023-06-01,1048.95,1067.23,1044.98,204263,81363290000,1.06,1053.55,sh000688,科创50
2023-05-31,1040.34,1053.91,1037.63,188044,77601950000,1.31,1053.91,sh000688,科创50
2023-05-30,1025.83,1047.47,1022.15,174580,69227150000,1.06,1044.43,sh000688,科创50
2023-05-29,1041.27,1047.36,1026.83,186599,78556840000,1.35,1028.38,sh000688,科创50
2023-05-26,1023.86,1040.67,1022.11,156344,65742720000,0.93,1038.66,sh000688,科创50
2023-05-25,1016.92,1023.42,1006.79,166428,66550870000,1.07,1021.72,sh000688,科创50
2023-05-24,1011.12,1024.07,1006.71,172531,66555090000,1.15,1011.77,sh000688,科创50
2023-05-23,1029.14,1029.33,1016.11,152404,56630550000,0.75,1016.11,sh000688,科创50
2023-05-22,1040.83,1048.47,1027.44,165548,63112310000,0.74,1032.11,sh000688,科创50
2023-05-19,1040.35,1048.90,1036.97,203032,78787510000,0.89,1040.16,sh000688,科创50
2023-05-18,1031.40,1038.52,1027.76,191188,71590900000,0.91,1034.82,sh000688,科创50
2023-05-17,1025.45,1035.15,1024.18,168649,60956850000,0.81,1029.65,sh000688,科创50
2023-05-16,1029.33,1033.82,1022.34,176141,64673410000,0.91,1025.87,sh000688,科创50
2023-05-15,1013.53,1025.91,1006.30,168361,63962740000,1.11,1025.79,sh000688,科创50
2023-05-12,1028.36,1036.88,1014.02,159564,59112340000,1.03,1014.11,sh000688,科创50
2023-05-11,1035.18,1042.32,1025.57,175883,61442550000,0.90,1025.97,sh000688,科创50
2023-05-10,1031.13,1038.11,1018.08,228857,71446870000,1.32,1025.71,sh000688,科创50
2023-05-09,1058.37,1063.02,1034.19,190306,78166980000,1.46,1034.21,sh000688,科创50
2023-05-08,1050.10,1063.89,1046.26,179742,71848730000,1.10,1057.21,sh000688,科创50
2023-05-05,1062.66,1067.41,1047.09,196373,79294810000,1.17,1049.09,sh000688,科创50
2023-05-04,1077.85,1082.84,1060.30,200842,84227250000,1.49,1064.20,sh000688,科创50
2023-04-28,1060.71,1089.74,1060.71,206040,95217180000,1.57,1087.87,sh000688,科创50
2023-04-27,1063.53,1082.03,1059.95,189873,88951330000,1.44,1068.01,sh000688,科创50
2023-04-26,1072.70,1085.97,1060.13,227458,101368660000,1.95,1069.01,sh000688,科创50
2023-04-25,1095.95,1102.39,1068.72,225976,101866670000,1.82,1076.86,sh000688,科创50
2023-04-24,1116.67,1118.77,1089.96,231016,101253180000,1.87,1096.38,sh000688,科创50
2023-04-21,1162.94,1167.54,1116.83,286510,123461130000,2.17,1116.83,sh000688,科创50
2023-04-20,1134.94,1165.68,1134.94,272291,125797260000,2.30,1164.95,sh000688,科创50
2023-04-19,1131.74,1151.68,1127.71,201146,104122560000,1.66,1134.40,sh000688,科创50
2023-04-18,1130.81,1137.83,1114.83,193474,96219150000,1.44,1129.82,sh000688,科创50
2023-04-17,1134.05,1151.40,1134.05,221162,106058780000,1.57,1140.13,sh000688,科创50
2023-04-14,1107.62,1137.95,1095.96,236256,116304150000,1.78,1136.21,sh000688,科创50
2023-04-13,1122.37,1124.71,1098.12,216420,104596740000,1.40,1100.13,sh000688,科创50
2023-04-12,1118.13,1139.09,1112.45,212882,107404480000,1.62,1129.41,sh000688,科创50
2023-04-11,1132.22,1138.62,1109.22,213024,109725200000,1.63,1121.74,sh000688,科创50
2023-04-10,1164.98,1171.30,1126.05,260757,132660480000,1.88,1129.17,sh000688,科创50
2023-04-07,1149.54,1162.57,1141.83,224247,112598690000,1.65,1161.02,sh000688,科创50
2023-04-06,1127.03,1165.34,1127.03,265389,137333130000,2.26,1146.96,sh000688,科创50
2023-04-04,1122.38,1147.73,1115.74,269058,133820020000,2.30,1129.08,sh000688,科创50
2023-04-03,1093.08,1128.23,1090.75,223457,112681540000,1.94,1126.49,sh000688,科创50
2023-03-31,1063.29,1083.16,1059.36,160562,79942700000,1.26,1081.54,sh000688,科创50
2023-03-30,1065.39,1070.11,1053.53,162526,78790290000,1.28,1065.69,sh000688,科创50
2023-03-29,1039.79,1076.06,1035.68,180784,87270620000,1.45,1062.14,sh000688,科创50
2023-03-28,1059.67,1065.95,1037.01,174701,79848090000,1.22,1038.63,sh000688,科创50
2023-03-27,1057.17,1070.18,1044.70,208959,95171920000,1.51,1057.49,sh000688,科创50
2023-03-24,1058.12,1064.12,1051.05,200053,91345730000,1.41,1060.99,sh000688,科创50
2023-03-23,1030.47,1058.99,1030.47,200855,92513370000,1.62,1058.99,sh000688,科创50
2023-03-22,1031.61,1039.16,1028.31,170596,75836220000,1.24,1034.05,sh000688,科创50
2023-03-21,1024.53,1030.19,1020.52,159832,68357470000,1.18,1030.19,sh000688,科创50
2023-03-20,1016.23,1035.28,1012.45,202096,88801510000,1.66,1025.32,sh000688,科创50
2023-03-17,1002.37,1021.83,995.08,197072,83230830000,1.75,1015.76,sh000688,科创50
2023-03-16,1001.52,1010.28,990.16,160821,62856060000,1.39,992.44,sh000688,科创50
2023-03-15,1016.18,1027.17,1007.18,172026,69700210000,1.33,1007.30,sh000688,科创50
2023-03-14,997.77,1017.69,989.33,188441,74141320000,1.58,1013.39,sh000688,科创50
2023-03-13,992.94,1000.02,991.16,154441,59463130000,0.96,998.91,sh000688,科创50
2023-03-10,990.90,1003.89,987.50,156582,61260190000,1.10,993.55,sh000688,科创50
2023-03-09,996.56,1003.20,992.21,145636,59155880000,0.79,998.30,sh000688,科创50
2023-03-08,989.71,996.81,987.97,139185,51460670000,0.74,994.89,sh000688,科创50
2023-03-07,1005.62,1008.08,990.21,165611,58853540000,1.00,990.58,sh000688,科创50
2023-03-06,999.72,1011.03,991.66,168947,67507760000,1.09,1007.63,sh000688,科创50
2023-03-03,996.10,1002.48,990.27,157296,59048270000,1.01,998.90,sh000688,科创50
2023-03-02,994.54,997.46,987.91,169874,60486330000,0.83,988.89,sh000688,科创50
2023-03-01,989.11,998.06,984.59,169235,59409790000,1.05,994.63,sh000688,科创50
2023-02-28,991.44,994.73,980.10,130302,52437860000,0.83,990.47,sh000688,科创50
2023-02-27,988.11,996.12,983.92,131057,51998040000,0.77,986.28,sh000688,科创50
2023-02-24,996.03,999.80,988.33,103651,45187500000,0.70,990.63,sh000688,科创50
2023-02-23,988.20,997.76,988.20,115551,48375300000,0.73,992.46,sh000688,科创50
2023-02-22,988.79,993.52,987.28,114710,46779730000,0.55,989.65,sh000688,科创50
2023-02-21,997.55,1003.18,989.98,125608,52558320000,0.74,995.73,sh000688,科创50
2023-02-20,985.11,999.98,979.83,129407,54599230000,0.79,998.83,sh000688,科创50
2023-02-17,1002.08,1005.38,986.33,133151,56090800000,0.82,986.33,sh000688,科创50
2023-02-16,1024.12,1030.43,998.96,187160,75322340000,1.09,1005.18,sh000688,科创50
2023-02-15,1022.79,1026.20,1016.25,145131,63242880000,0.98,1024.22,sh000688,科创50
2023-02-14,1026.45,1032.59,1016.93,133360,58720170000,0.76,1022.67,sh000688,科创50
2023-02-13,1020.55,1031.47,1017.59,146800,66450340000,0.86,1024.04,sh000688,科创50
2023-02-10,1034.22,1038.60,1018.76,155009,66056250000,0.91,1024.54,sh000688,科创50
2023-02-09,1007.84,1037.70,1004.67,152503,66019210000,0.96,1036.86,sh000688,科创50
2023-02-08,1021.16,1026.22,1010.69,124120,52605680000,0.66,1010.69,sh000688,科创50
2023-02-07,1024.24,1027.76,1014.48,134682,58821990000,0.72,1020.17,sh000688,科创50
2023-02-06,1031.92,1038.27,1020.81,134721,59600660000,0.78,1024.43,sh000688,科创50
2023-02-03,1029.12,1034.26,1016.91,134365,57900360000,0.75,1033.87,sh000688,科创50
2023-02-02,1030.33,1041.24,1028.37,150896,67219070000,1.03,1031.68,sh000688,科创50
2023-02-01,1016.31,1026.87,1010.40,132652,59104190000,0.92,1026.40,sh000688,科创50
2023-01-31,1027.82,1029.62,1014.13,119507,54352160000,0.87,1014.36,sh000688,科创50
2023-01-30,1046.44,1051.67,1031.36,147716,65873910000,1.22,1031.61,sh000688,科创50
2023-01-20,1025,1034.59,1024.16,98786,45914400000,0.81,1029.14,sh000688,科创50
2023-01-19,1004.79,1023.71,1004.08,104290,47849460000,0.82,1023.65,sh000688,科创50
2023-01-18,1006.69,1009.87,1001.75,93844,40107880000,0.72,1006.75,sh000688,科创50
2023-01-17,994.64,1006.59,993.45,105301,49292820000,0.88,1003.68,sh000688,科创50
2023-01-16,972.70,1000.27,971.90,132955,60220010000,1.31,992.61,sh000688,科创50
2023-01-13,976.58,977.06,967.11,91322,41421090000,0.75,974.31,sh000688,科创50
2023-01-12,978.36,979.36,971.50,91567,40898130000,0.82,974.19,sh000688,科创50
2023-01-11,990.15,993.47,973.56,99356,45956910000,0.81,973.96,sh000688,科创50
2023-01-10,989.85,998.16,985.22,95459,43450200000,0.78,990.32,sh000688,科创50
2023-01-09,994.74,1000.07,986.17,103818,47866650000,0.93,988.67,sh000688,科创50
2023-01-06,985.99,1003.05,984.02,114446,51540930000,1.27,991.10,sh000688,科创50
2023-01-05,972.61,985.82,969.32,104319,46691750000,0.96,983.52,sh000688,科创50
2023-01-04,982.03,983.84,966.29,99696,43347500000,0.86,972.38,sh000688,科创50
2023-01-03,960.51,982.24,956.70,112607,47137520000,0.93,979.91,sh000688,科创50
2022-12-30,963.29,971.04,958.99,78694,33026100000,0.66,959.90,sh000688,科创50
2022-12-29,956.10,970.57,954.74,83026,34525920000,0.73,962.25,sh000688,科创50
2022-12-28,960.39,963.36,955.49,87311,35621600000,0.74,957.27,sh000688,科创50
2022-12-27,951.86,965.49,947.17,92590,40610310000,0.87,963.14,sh000688,科创50
2022-12-26,920.74,951.66,920.56,96123,39871940000,0.94,951.11,sh000688,科创50
2022-12-23,925.14,930.06,915.35,86930,35106250000,0.75,920.35,sh000688,科创50
2022-12-22,944.57,946.04,928.91,81300,32608080000,0.78,930.80,sh000688,科创50
2022-12-21,950.56,954.62,937.52,77096,30957800000,0.67,940.84,sh000688,科创50
2022-12-20,955.08,959.96,950.47,80046,32159830000,0.83,952.77,sh000688,科创50
2022-12-19,973.60,980.47,954.02,97671,39036090000,0.94,956.19,sh000688,科创50
2022-12-16,984.25,985.87,973.70,108971,43501230000,0.99,978.36,sh000688,科创50
2022-12-15,985.15,992.97,979.53,96080,42405130000,0.89,989.20,sh000688,科创50
2022-12-14,1003.57,1004.74,983.09,112591,51369090000,1.21,984.22,sh000688,科创50
2022-12-13,1002.54,1004.21,989.18,112663,49186630000,1.12,989.31,sh000688,科创50
2022-12-12,1000.29,1011.76,996.23,140164,60996960000,1.39,1004.62,sh000688,科创50
2022-12-09,998.74,1004.36,992.63,168372,74626340000,2.13,1001.69,sh000688,科创50
2022-12-08,999.75,1005.88,995.88,123587,51482310000,1.27,997.31,sh000688,科创50
2022-12-07,999.28,1008.85,996.94,121051,52188810000,1.15,1000.47,sh000688,科创50
2022-12-06,1003.31,1014.33,999.52,130598,58502180000,1.37,1003.14,sh000688,科创50
2022-12-05,1011.28,1011.29,999.49,150412,59767180000,1.40,1003.60,sh000688,科创50
2022-12-02,1005.63,1021.40,1005.16,126012,54808410000,1.05,1008.14,sh000688,科创50
2022-12-01,1008.71,1017.01,1004.32,131355,60853590000,1.08,1009.33,sh000688,科创50
2022-11-30,999.61,1003.73,991.49,121951,53338140000,1.09,1000.26,sh000688,科创50
2022-11-29,995.34,1003.61,988.07,126193,56866580000,1.12,1002.45,sh000688,科创50
2022-11-28,983.59,997.90,980.76,114522,46834650000,1.05,992.81,sh000688,科创50
2022-11-25,1012.80,1012.80,999.84,113433,46271770000,1.06,999.99,sh000688,科创50
2022-11-24,1019.18,1024.24,1013.48,114875,48954380000,1.03,1015.36,sh000688,科创50
2022-11-23,1014.74,1021.91,994.50,141272,57082920000,1.17,1017.02,sh000688,科创50
2022-11-22,1029.50,1030.37,1015.14,141991,57460490000,1.23,1017.82,sh000688,科创50
2022-11-21,1023.90,1032.95,1020.06,122218,56253930000,0.90,1032.47,sh000688,科创50
2022-11-18,1039.85,1045.95,1030.74,142996,65644950000,1.16,1031.99,sh000688,科创50
2022-11-17,1029.31,1041.75,1015.05,134084,64055720000,1.11,1041.67,sh000688,科创50
2022-11-16,1052.41,1054.34,1034.20,133165,61449960000,0.99,1036.49,sh000688,科创50
2022-11-15,1022.04,1054.36,1021.14,159399,75640210000,1.43,1052.04,sh000688,科创50
2022-11-14,1021.41,1031.71,1012.67,135529,63849570000,1.14,1022.91,sh000688,科创50
2022-11-11,1053.86,1059.76,1023.26,176543,79191790000,1.25,1023.26,sh000688,科创50
2022-11-10,1033.13,1044.72,1021.11,147361,63967960000,0.94,1023.06,sh000688,科创50
2022-11-09,1049.72,1053.14,1036.95,114872,53488850000,0.85,1037.53,sh000688,科创50
2022-11-08,1061.71,1062.72,1040.87,125065,60431000000,0.98,1051.71,sh000688,科创50
2022-11-07,1070.14,1080.79,1058.13,151121,74259240000,1.30,1061.35,sh000688,科创50
2022-11-04,1048.89,1077.49,1048.89,155344,79527010000,1.45,1072.87,sh000688,科创50
2022-11-03,1028.43,1055.12,1027.04,145970,76118260000,1.37,1048.07,sh000688,科创50
2022-11-02,1020.07,1046.82,1017.99,169174,81747990000,1.53,1037.18,sh000688,科创50
2022-11-01,1011.96,1029.64,1000.97,150262,71564080000,1.47,1024.52,sh000688,科创50
2022-10-31,991.89,1022.23,991.89,165467,77376670000,1.62,1010.33,sh000688,科创50
2022-10-28,996.61,1015.42,989.23,144423,70834060000,1.43,993.72,sh000688,科创50
2022-10-27,1008.71,1021.56,995.55,151046,72737470000,1.51,1004.91,sh000688,科创50
2022-10-26,972.45,1010.98,963.36,149449,71704250000,1.37,1003.25,sh000688,科创50
2022-10-25,962.97,984.48,955.57,120323,59056660000,1.07,971.33,sh000688,科创50
2022-10-24,967.56,989.65,960.62,132638,62747450000,1.13,969.49,sh000688,科创50
2022-10-21,961.48,972.81,951.67,123393,56998120000,1.11,967.98,sh000688,科创50
2022-10-20,944.16,976.71,938.33,134922,65795800000,1.21,963.95,sh000688,科创50
2022-10-19,957.73,963.11,949.50,118243,53369640000,0.89,949.50,sh000688,科创50
2022-10-18,964.97,968.13,952.99,132545,59066110000,0.91,960,sh000688,科创50
2022-10-17,948.64,964.95,946.94,144047,66314340000,1.14,963.22,sh000688,科创50
2022-10-14,936.42,961.50,925.93,137553,62532100000,1.30,954.92,sh000688,科创50
2022-10-13,917.40,942.87,916.37,112100,49018810000,0.93,926.52,sh000688,科创50
2022-10-12,890.29,926.19,871.45,107891,47861040000,1.02,924.91,sh000688,科创50
2022-10-11,898.37,904.47,889.45,80026,38268250000,0.79,892.74,sh000688,科创50
2022-10-10,933.02,934.96,895.20,92266,44637060000,0.86,897.34,sh000688,科创50
2022-09-30,956.40,961.89,937.86,80646,34938530000,0.67,939.38,sh000688,科创50
2022-09-29,962.45,970.11,955.61,88172,39256420000,0.71,961.47,sh000688,科创50
2022-09-28,973.47,977.66,955.32,94507,38121210000,0.69,956.19,sh000688,科创50
2022-09-27,963.49,976.45,959.20,102651,42069800000,0.81,976.45,sh000688,科创50
2022-09-26,955.04,978.49,952.18,108790,40592620000,0.80,961.83,sh000688,科创50
2022-09-23,975.58,984.11,956.11,92233,41107570000,0.83,960.94,sh000688,科创50
2022-09-22,964.96,986.43,963.89,80754,37964850000,0.68,975.87,sh000688,科创50
2022-09-21,980.62,983.80,968.71,86499,37244800000,0.76,970.39,sh000688,科创50
2022-09-20,982.37,997.22,977.27,76703,38547530000,0.79,985.15,sh000688,科创50
2022-09-19,997.53,1003.15,970.87,92226,44995900000,0.87,975.55,sh000688,科创50
2022-09-16,997.36,1018.72,997.36,92954,46181300000,0.96,998.52,sh000688,科创50
2022-09-15,1035.76,1037.63,990.85,113377,55344210000,1.11,1000.08,sh000688,科创50
2022-09-14,1018.07,1033.45,1016.87,83143,42714100000,0.74,1031.30,sh000688,科创50
2022-09-13,1034.50,1046.18,1028.77,83622,42605920000,0.76,1031.17,sh000688,科创50
2022-09-09,1039.59,1042.11,1022.68,81875,44467570000,0.79,1033.78,sh000688,科创50
2022-09-08,1050.32,1054.74,1040.05,90815,44011260000,0.86,1040.77,sh000688,科创50
2022-09-07,1032.02,1065.17,1031.90,106876,54679960000,1.08,1049.58,sh000688,科创50
2022-09-06,1025.86,1038.97,1016.65,99980,49119090000,1.03,1035.78,sh000688,科创50
2022-09-05,1030.60,1034.95,1018.56,100612,49789710000,1.00,1024.39,sh000688,科创50
2022-09-02,1027.47,1040.46,1022.58,99118,49552630000,0.95,1030.12,sh000688,科创50
2022-09-01,1032.78,1041.92,1023.54,102611,49633950000,1.00,1025.66,sh000688,科创50
2022-08-31,1048.40,1057.84,1023.47,119074,57851110000,1.03,1029.66,sh000688,科创50
2022-08-30,1054.26,1064.76,1047.73,97944,48853060000,0.92,1050.28,sh000688,科创50
2022-08-29,1032.04,1058.72,1029.89,107697,54207050000,1.10,1054.28,sh000688,科创50
2022-08-26,1064.71,1069.26,1044.40,113057,55974920000,0.88,1045.99,sh000688,科创50
2022-08-25,1071.98,1077.66,1044.77,123171,56989520000,1.05,1055.89,sh000688,科创50
2022-08-24,1110.01,1112.75,1068.98,146118,67970770000,1.22,1068.98,sh000688,科创50
2022-08-23,1109.25,1117.71,1105.68,124446,61849890000,1.07,1107.30,sh000688,科创50
2022-08-22,1103.15,1111.40,1096.99,135886,69538800000,1.35,1107.28,sh000688,科创50
2022-08-19,1146.33,1155.78,1108.16,165891,77789160000,1.69,1108.45,sh000688,科创50
2022-08-18,1132.60,1148.38,1129.32,152363,73948370000,1.36,1146.63,sh000688,科创50
2022-08-17,1136.80,1140.66,1127.89,127245,63741210000,1.17,1132.31,sh000688,科创50
2022-08-16,1143.70,1154.43,1134.21,125722,62751820000,1.17,1137.30,sh000688,科创50
2022-08-15,1145.02,1155.45,1138.06,121724,60283770000,1.13,1143.75,sh000688,科创50
2022-08-12,1169.66,1174.40,1146.02,145924,70866060000,1.16,1146.19,sh000688,科创50
2022-08-11,1163.54,1176.06,1150.98,143747,70481100000,1.40,1173.14,sh000688,科创50
2022-08-10,1154.17,1170.52,1152.97,142728,70954180000,1.50,1156.16,sh000688,科创50
2022-08-09,1152.91,1163.70,1141.34,145088,70148670000,1.57,1162.32,sh000688,科创50
2022-08-08,1161.04,1161.04,1144.32,161187,79867490000,1.71,1152.58,sh000688,科创50
2022-08-05,1115.02,1158.51,1112.92,181710,85412060000,1.89,1157.33,sh000688,科创50
2022-08-04,1106.15,1119.50,1099.10,128934,60576170000,1.26,1110.92,sh000688,科创50
2022-08-03,1099.44,1127,1090.61,160864,77772830000,1.77,1100.35,sh000688,科创50
2022-08-02,1084.98,1107.24,1074.97,147106,67156860000,1.46,1094.91,sh000688,科创50
2022-08-01,1081.62,1100.96,1068.19,117740,57619550000,1.13,1100.18,sh000688,科创50
2022-07-29,1113.08,1113.32,1086.71,119993,58274580000,1.04,1088.91,sh000688,科创50
2022-07-28,1102.44,1116.16,1094.66,129655,61601590000,1.34,1108.79,sh000688,科创50
2022-07-27,1083.67,1098.37,1083.32,107819,52157860000,1.11,1095.70,sh000688,科创50
2022-07-26,1072.54,1087.86,1066.13,99353,46607280000,1.09,1084.66,sh000688,科创50
2022-07-25,1082.62,1095.69,1070.81,105450,50634310000,1.01,1073.76,sh000688,科创50
2022-07-22,1099.62,1101.37,1076.35,113455,52962940000,1.14,1084.97,sh000688,科创50
2022-07-21,1080.65,1109.54,1075.67,119411,57898830000,1.60,1091.41,sh000688,科创50
2022-07-20,1066.20,1082.62,1066.20,108698,47975810000,1.16,1079.53,sh000688,科创50
2022-07-19,1068.69,1073.06,1052.95,107696,49932960000,1.26,1061.85,sh000688,科创50
2022-07-18,1075.71,1078.30,1053.35,107026,52866490000,1.37,1069.33,sh000688,科创50
2022-07-15,1072.99,1093.82,1071.97,100024,49883620000,1.12,1072.26,sh000688,科创50
2022-07-14,1052.43,1086.33,1049.65,103865,51528960000,1.29,1076.81,sh000688,科创50
2022-07-13,1051.78,1061.41,1041.65,89954,46314540000,1.12,1052.79,sh000688,科创50
2022-07-12,1081.90,1084.94,1049.21,99169,50931140000,1.16,1049.24,sh000688,科创50
2022-07-11,1098.67,1098.67,1070.66,98926,50080650000,1.25,1081.16,sh000688,科创50
2022-07-08,1117.18,1120.87,1100.55,102172,52137360000,1.27,1104.02,sh000688,科创50
2022-07-07,1103.78,1113.73,1087.59,107229,55797320000,1.40,1111.67,sh000688,科创50
2022-07-06,1092.70,1116.14,1091.41,110989,55813600000,1.46,1101.75,sh000688,科创50
2022-07-05,1100.18,1106.99,1077.35,108647,53465380000,1.48,1090.93,sh000688,科创50
2022-07-04,1087.34,1098.64,1073.04,121585,60451660000,1.76,1095.09,sh000688,科创50
2022-07-01,1105.97,1107.86,1086.25,112725,51632330000,1.64,1089.03,sh000688,科创50
2022-06-30,1092.46,1116.95,1090.50,116990,56981780000,1.50,1105.67,sh000688,科创50
2022-06-29,1112.59,1121.24,1089.25,134350,64007360000,1.59,1090.68,sh000688,科创50
2022-06-28,1105.11,1119.18,1084.59,124934,59065500000,1.61,1117.28,sh000688,科创50
2022-06-27,1113.22,1121.45,1101.32,118374,58368300000,1.64,1103.40,sh000688,科创50
2022-06-24,1084.61,1107.33,1084.61,125740,60920310000,1.52,1101.48,sh000688,科创50
2022-06-23,1064.73,1083.10,1054.91,110165,51783720000,1.37,1081.84,sh000688,科创50
2022-06-22,1084.71,1090.02,1063.59,107861,50509220000,1.41,1063.69,sh000688,科创50
2022-06-21,1094.33,1098.90,1073.50,105450,48908020000,1.54,1083.02,sh000688,科创50
2022-06-20,1099.46,1109.74,1086.75,109706,53714440000,1.58,1095.33,sh000688,科创50
2022-06-17,1070.62,1094.27,1066.17,106173,50000410000,1.49,1092.09,sh000688,科创50
2022-06-16,1065.69,1094.70,1065.44,101298,45297340000,1.36,1078.95,sh000688,科创50
2022-06-15,1069.94,1085.88,1061.46,112045,47345740000,1.63,1062.71,sh000688,科创50
2022-06-14,1073.75,1076.82,1039,112741,50175250000,1.69,1070.54,sh000688,科创50
2022-06-13,1088.76,1094.79,1080.39,112427,50825750000,1.60,1088.38,sh000688,科创50
2022-06-10,1074.07,1103.15,1072.18,129236,59807400000,2.04,1102.85,sh000688,科创50
2022-06-09,1108.93,1109.73,1073.66,113776,49277060000,1.28,1081.17,sh000688,科创50
2022-06-08,1108.59,1126.46,1091.68,150566,66838050000,1.42,1111.67,sh000688,科创50
2022-06-07,1124.16,1124.52,1104.43,165278,63981170000,1.65,1111.40,sh000688,科创50
2022-06-06,1084.66,1130.76,1081.45,229404,86152860000,2.28,1121.54,sh000688,科创50
2022-06-02,1028.69,1081.92,1023.99,191611,65527460000,2.13,1079.85,sh000688,科创50
2022-06-01,1029.09,1038.70,1024.76,132575,48489690000,1.38,1031.58,sh000688,科创50
2022-05-31,1004.08,1035.32,991.75,122960,44653230000,1.57,1035.32,sh000688,科创50
2022-05-30,995.96,1007.12,984.28,71106,31716280000,0.95,1001.54,sh000688,科创50
2022-05-27,1008.06,1015.46,988.21,68358,29557920000,1.01,993.70,sh000688,科创50
2022-05-26,1006.10,1014.85,986.42,67930,30087270000,1.00,1004.26,sh000688,科创50
2022-05-25,996.75,1008.58,991.97,64080,28654570000,1.03,1006.52,sh000688,科创50
2022-05-24,1045.01,1045.03,996.65,91465,40634760000,1.54,996.65,sh000688,科创50
2022-05-23,1044.18,1050.06,1033.79,75525,35743890000,1.19,1046.15,sh000688,科创50
2022-05-20,1045.69,1049.04,1028.95,80607,38339560000,1.31,1045.38,sh000688,科创50
2022-05-19,1002.66,1036.67,999.40,79028,35414720000,1.29,1036.34,sh000688,科创50
2022-05-18,1011.53,1023.93,1007.57,67201,30256740000,1.03,1014,sh000688,科创50
2022-05-17,995.97,1013.95,993.38,73426,33454330000,1.12,1010.37,sh000688,科创50
2022-05-16,1016.94,1025.60,995.25,76128,31859900000,1.06,996.51,sh000688,科创50
2022-05-13,1020.39,1021.37,1002.27,66223,30044980000,1.01,1010.80,sh000688,科创50
2022-05-12,999.54,1021.96,996.47,81319,35773880000,1.20,1013.06,sh000688,科创50
2022-05-11,974.54,1026.49,972.86,106481,45957030000,1.64,1002.46,sh000688,科创50
2022-05-10,935.06,983.68,931.58,83745,36751720000,1.30,972.14,sh000688,科创50
2022-05-09,938.39,953.60,937.43,67653,28141800000,0.96,946.72,sh000688,科创50
2022-05-06,933.01,960.04,929.82,71835,30829290000,1.05,942.23,sh000688,科创50
2022-05-05,944.55,967.25,944.06,85904,37635410000,1.37,956.13,sh000688,科创50
2022-04-29,910.14,949.06,902.58,97389,40114880000,1.44,947.15,sh000688,科创50
2022-04-28,899.66,908.45,885.25,87933,35869710000,1.28,903.06,sh000688,科创50
2022-04-27,857.38,910.07,853.21,92871,36178190000,1.41,906.43,sh000688,科创50
2022-04-26,884.18,901.76,865.65,80595,31634770000,1.25,868.07,sh000688,科创50
2022-04-25,924.96,924.96,884.30,91360,33579640000,1.39,884.30,sh000688,科创50
2022-04-22,953.64,959.73,940.26,63600,29501740000,0.90,942.07,sh000688,科创50
2022-04-21,968.48,989.25,954.84,68655,29289050000,1.00,957.72,sh000688,科创50
2022-04-20,988.75,992.47,973.05,60786,27981630000,0.76,973.51,sh000688,科创50
2022-04-19,1002.98,1010.58,987.77,61588,28189140000,0.83,989.93,sh000688,科创50
2022-04-18,969.06,1005.89,964.49,70876,30602440000,1.01,1004.61,sh000688,科创50
2022-04-15,968.91,980.15,955.77,67248,30706160000,0.92,973.36,sh000688,科创50
2022-04-14,972.24,982.70,961.54,66240,33156220000,1.03,975.57,sh000688,科创50
2022-04-13,989.66,989.66,964.83,57285,26146130000,0.81,964.83,sh000688,科创50
2022-04-12,987.45,994.83,970.05,66435,30018160000,0.99,994.44,sh000688,科创50
2022-04-11,1022.91,1022.91,985.59,73766,30848960000,1.14,988.76,sh000688,科创50
2022-04-08,1032.84,1039.10,1017.18,71852,31345370000,0.99,1027.24,sh000688,科创50
2022-04-07,1050.43,1059.36,1036.07,71994,30482510000,1.01,1036.07,sh000688,科创50
2022-04-06,1087.76,1087.76,1054.70,75933,35342580000,1.13,1058.49,sh000688,科创50
2022-04-01,1085.31,1095.46,1074.79,65633,31147490000,0.87,1089.19,sh000688,科创50
2022-03-31,1109.55,1109.55,1086.99,74938,33701360000,0.96,1091.06,sh000688,科创50
2022-03-30,1084.76,1112.63,1084.76,73822,34920040000,0.97,1112.52,sh000688,科创50
2022-03-29,1097.36,1099.24,1078.34,69661,31442740000,0.84,1079.93,sh000688,科创50
2022-03-28,1097.87,1101.33,1085.27,67344,29905050000,0.88,1090.73,sh000688,科创50
2022-03-25,1137.80,1140.92,1106.36,73387,33573880000,0.98,1106.86,sh000688,科创50
2022-03-24,1135.85,1141.76,1121.64,81342,36435080000,0.96,1134.57,sh000688,科创50
2022-03-23,1138.73,1150.20,1130.22,89906,37533050000,1.00,1144.09,sh000688,科创50
2022-03-22,1145.08,1149.47,1131.88,101001,39676750000,1.13,1134.32,sh000688,科创50
2022-03-21,1143.55,1160.71,1137.81,92429,46531970000,1.28,1152.33,sh000688,科创50
2022-03-18,1136.98,1144.32,1124.85,85940,42491110000,1.20,1144.32,sh000688,科创50
2022-03-17,1144.98,1163.51,1138.01,119804,58802350000,1.84,1142.71,sh000688,科创50
2022-03-16,1115.84,1128.12,1070.77,115900,54132660000,1.77,1125.48,sh000688,科创50
2022-03-15,1115.19,1142.81,1093.43,106220,49802720000,1.74,1093.43,sh000688,科创50
2022-03-14,1151.97,1154.70,1126.26,89235,49002010000,1.38,1126.28,sh000688,科创50
2022-03-11,1137.61,1162.60,1125.34,105532,52556980000,1.76,1161.21,sh000688,科创50
2022-03-10,1161.99,1168.14,1149.42,102289,50046960000,1.66,1153.36,sh000688,科创50
2022-03-09,1148.18,1156.40,1097.07,109174,48790640000,1.85,1129.65,sh000688,科创50
2022-03-08,1167.59,1179.20,1135.52,96723,47418260000,1.63,1137.07,sh000688,科创50
2022-03-07,1198.01,1198.01,1164.98,81844,41972090000,1.28,1169.98,sh000688,科创50
2022-03-04,1201.12,1228.19,1197.83,77678,39930470000,1.18,1203.09,sh000688,科创50
2022-03-03,1235.96,1237.20,1208.82,76209,39447160000,1.16,1209.82,sh000688,科创50
2022-03-02,1233.10,1233.92,1216.47,72087,36213540000,1.00,1230.28,sh000688,科创50
2022-03-01,1254.57,1259.68,1232.09,85683,42394220000,1.19,1239.02,sh000688,科创50
2022-02-28,1243.98,1249.59,1230.65,98122,50069600000,1.45,1249.59,sh000688,科创50
2022-02-25,1231.54,1253.46,1230.61,86207,46247050000,1.33,1240.88,sh000688,科创50
2022-02-24,1226.95,1240.35,1199.07,113315,51365990000,1.64,1214.99,sh000688,科创50
2022-02-23,1182.42,1233.44,1181.40,90686,45910560000,1.57,1231.08,sh000688,科创50
2022-02-22,1184.84,1186.78,1168.57,76968,34764820000,1.10,1183.98,sh000688,科创50
2022-02-21,1207.15,1212.49,1191.84,75767,32960330000,0.98,1193.60,sh000688,科创50
2022-02-18,1200.34,1206.01,1195.24,63969,29866340000,0.90,1204.37,sh000688,科创50
2022-02-17,1196.60,1217.47,1191.45,74029,34088940000,0.97,1207.82,sh000688,科创50
2022-02-16,1210.42,1211.55,1195.97,70843,32165250000,0.80,1197.56,sh000688,科创50
2022-02-15,1172.77,1204.34,1171.68,74410,34578450000,1.11,1203.12,sh000688,科创50
2022-02-14,1161.84,1179.89,1148.70,62056,29024140000,0.90,1169.44,sh000688,科创50
2022-02-11,1182.87,1188.52,1168.90,89751,37864110000,1.14,1169.59,sh000688,科创50
2022-02-10,1214.98,1215.28,1182.40,90206,40602730000,1.22,1188.20,sh000688,科创50
2022-02-09,1204.24,1212.45,1195.09,86134,36392740000,1.01,1210.29,sh000688,科创50
2022-02-08,1233.66,1233.66,1191.49,82193,34922000000,1.05,1204.05,sh000688,科创50
2022-02-07,1247.58,1263.97,1230.70,81997,33876600000,0.96,1233.62,sh000688,科创50
2022-01-28,1253.94,1255.19,1229.22,90612,37089020000,1.05,1229.22,sh000688,科创50
2022-01-27,1274.63,1280.25,1239.49,111875,41994950000,1.18,1240.55,sh000688,科创50
2022-01-26,1281.51,1289.41,1261.95,151400,43889410000,1.10,1276.36,sh000688,科创50
2022-01-25,1303.93,1311.73,1276.20,82347,42025410000,1.29,1277,sh000688,科创50
2022-01-24,1286.14,1311.51,1285.04,70309,41625130000,1.23,1307.74,sh000688,科创50
2022-01-21,1304.16,1308.44,1288.78,86484,45936330000,1.26,1290.41,sh000688,科创50
2022-01-20,1326.64,1329.81,1304.69,91228,49500720000,1.15,1306.02,sh000688,科创50
2022-01-19,1340.71,1343.30,1318.31,87531,48702660000,1.12,1324.09,sh000688,科创50
2022-01-18,1340.41,1362.48,1328.40,111826,62509380000,1.54,1342.36,sh000688,科创50
2022-01-17,1317.39,1341.17,1313.62,104623,67043440000,1.49,1338.32,sh000688,科创50
2022-01-14,1289.38,1316.33,1288.85,99759,60827020000,1.50,1312.29,sh000688,科创50
2022-01-13,1319.19,1319.19,1294.65,82511,51538530000,1.15,1294.65,sh000688,科创50
2022-01-12,1298.62,1317.52,1298.62,88904,54801850000,1.18,1316.35,sh000688,科创50
2022-01-11,1317.92,1317.93,1291.51,80358,48705080000,1.15,1294.40,sh000688,科创50
2022-01-10,1306.60,1323.15,1291.41,85174,49356830000,1.21,1318.27,sh000688,科创50
2022-01-07,1322.89,1331.91,1305.14,91174,48006860000,1.21,1305.49,sh000688,科创50
2022-01-06,1327.70,1331.43,1309.90,79537,45491780000,1.19,1320.94,sh000688,科创50
2022-01-05,1364.01,1365.77,1328.29,90005,51248060000,1.39,1333.33,sh000688,科创50
2022-01-04,1403.39,1405.51,1361.43,93026,53289180000,1.56,1364.99,sh000688,科创50
2021-12-31,1384.28,1399.75,1383.84,78402,46438690000,1.19,1398.19,sh000688,科创50
2021-12-30,1355.97,1381.44,1355.41,78168,44883690000,0.99,1375.56,sh000688,科创50
2021-12-29,1370.49,1370.49,1352,63040,36993070000,0.88,1356.21,sh000688,科创50
2021-12-28,1355.65,1370.31,1355.65,66363,38673310000,0.90,1369.62,sh000688,科创50
2021-12-27,1356.41,1369.21,1349.11,63502,37254100000,0.92,1355.64,sh000688,科创50
2021-12-24,1375.18,1378.30,1353.65,76360,43953080000,1.11,1358.73,sh000688,科创50
2021-12-23,1375.83,1380.15,1366.99,70167,39277390000,0.99,1375.97,sh000688,科创50
2021-12-22,1378.31,1386.24,1373.53,75987,41126790000,1.04,1375.03,sh000688,科创50
2021-12-21,1366.27,1378.49,1363.97,67854,39417530000,1.14,1374.65,sh000688,科创50
2021-12-20,1389.18,1401.34,1363.11,77514,49468160000,1.40,1363.96,sh000688,科创50
2021-12-17,1426.79,1430.39,1395.64,80542,47203640000,1.33,1399.06,sh000688,科创50
2021-12-16,1425.53,1436.06,1419.70,74140,45586160000,1.21,1425.93,sh000688,科创50
2021-12-15,1439.12,1443.55,1424.77,82350,52994810000,1.32,1424.90,sh000688,科创50
2021-12-14,1445.05,1451.68,1435.89,79150,46923830000,1.32,1439.47,sh000688,科创50
2021-12-13,1439.19,1450.83,1434.15,85365,52692240000,1.76,1445.71,sh000688,科创50
2021-12-10,1431.85,1442.62,1425,103030,65177420000,2.58,1435.70,sh000688,科创50
2021-12-09,1417.34,1438.49,1410.15,81460,50724630000,1.73,1434.52,sh000688,科创50
2021-12-08,1394.99,1416.69,1394.99,71513,43464660000,1.27,1415.37,sh000688,科创50
2021-12-07,1413,1415.05,1380.51,87310,49753480000,1.29,1389.44,sh000688,科创50
2021-12-06,1444.93,1445.16,1405.51,92352,52675880000,1.43,1405.77,sh000688,科创50
2021-12-03,1432.23,1444.99,1431.59,84897,49199140000,1.39,1444.83,sh000688,科创50
2021-12-02,1454.74,1458.08,1427.98,90434,53134450000,1.26,1429.50,sh000688,科创50
2021-12-01,1473.52,1479.09,1452.75,89614,57971670000,1.29,1456.48,sh000688,科创50
2021-11-30,1477.80,1479.93,1463.15,102563,61559710000,1.44,1475.71,sh000688,科创50
2021-11-29,1448.50,1474.44,1444.30,104364,65692940000,1.62,1471.23,sh000688,科创50
2021-11-26,1466.36,1470.53,1450.93,91070,55082470000,1.35,1459.93,sh000688,科创50
2021-11-25,1472.64,1477.74,1465.64,98061,55635890000,1.39,1468.07,sh000688,科创50
2021-11-24,1477.96,1489.71,1471.62,100667,59766570000,1.53,1472.22,sh000688,科创50
2021-11-23,1477.67,1485.80,1473.55,105797,62351540000,1.65,1476.25,sh000688,科创50
2021-11-22,1449.45,1483.48,1449.38,112138,67432280000,1.86,1479.99,sh000688,科创50
2021-11-19,1424.76,1447.19,1424.76,93809,52706230000,1.32,1444.78,sh000688,科创50
2021-11-18,1433.51,1433.64,1417.17,102396,57006570000,1.26,1423.97,sh000688,科创50
2021-11-17,1420.99,1438.80,1414.12,97752,51587230000,1.24,1436.16,sh000688,科创50
2021-11-16,1428.48,1438.61,1418.20,103014,52554670000,1.40,1421.27,sh000688,科创50
2021-11-15,1441.41,1448.03,1429.32,114159,61527270000,1.57,1432.60,sh000688,科创50
2021-11-12,1432.71,1444.41,1425.58,107279,59031350000,1.99,1440.16,sh000688,科创50
2021-11-11,1418.48,1443.60,1416.18,102002,57249080000,2.04,1437.15,sh000688,科创50
2021-11-10,1417.66,1423.31,1398.88,87046,48751040000,1.63,1420.45,sh000688,科创50
2021-11-09,1404.89,1422.90,1397.82,87497,48290340000,1.71,1420.51,sh000688,科创50
2021-11-08,1398.57,1401.05,1381.62,80824,45547620000,1.37,1400.80,sh000688,科创50
2021-11-05,1416.24,1418.88,1396.03,91159,48447470000,1.48,1396.74,sh000688,科创50
2021-11-04,1404.66,1420.33,1404.66,84110,46770260000,1.39,1410.74,sh000688,科创50
2021-11-03,1408.20,1416.47,1386.40,73839,43143720000,1.43,1399.55,sh000688,科创50
2021-11-02,1405.87,1423.93,1395.70,98077,55141910000,1.92,1405.64,sh000688,科创50
2021-11-01,1398.59,1415.58,1392.40,91121,55378880000,1.60,1404.21,sh000688,科创50
2021-10-29,1363.25,1398.42,1355.37,82183,50999070000,1.64,1396.20,sh000688,科创50
2021-10-28,1359.07,1371.17,1354.72,88841,47427890000,1.37,1356.37,sh000688,科创50
2021-10-27,1371.79,1374.36,1354.30,88232,46287280000,1.53,1361.82,sh000688,科创50
2021-10-26,1379.79,1389.48,1372.66,77208,46384980000,1.25,1376.13,sh000688,科创50
2021-10-25,1366.21,1381.24,1359.63,70350,42113130000,1.23,1380.31,sh000688,科创50
2021-10-22,1367.06,1379.19,1359.27,67237,37975480000,1.44,1368.14,sh000688,科创50
2021-10-21,1374.65,1379.19,1355.93,65457,35526150000,1.08,1362.40,sh000688,科创50
2021-10-20,1370.21,1381.06,1363.65,72600,39490450000,1.11,1373.59,sh000688,科创50
2021-10-19,1355.07,1369.16,1352.01,62550,35742200000,0.96,1366.79,sh000688,科创50
2021-10-18,1366.55,1366.55,1338.89,65364,37979670000,1.13,1352.57,sh000688,科创50
2021-10-15,1349.40,1367.23,1341.75,67293,38052890000,1.12,1363.16,sh000688,科创50
2021-10-14,1346.99,1356.21,1339.56,56161,30878600000,0.92,1347.27,sh000688,科创50
2021-10-13,1322.89,1349.17,1322.89,52237,31080570000,1.11,1344.76,sh000688,科创50
2021-10-12,1348.22,1355.92,1312.44,59158,33115020000,1.15,1319.39,sh000688,科创50
2021-10-11,1367.21,1377.31,1348.05,51455,31268010000,1.07,1349.77,sh000688,科创50
2021-10-08,1378.53,1388.02,1361.04,55028,31614690000,1.09,1364.46,sh000688,科创50
2021-09-30,1348.65,1371.49,1348.65,54859,31771120000,1.02,1368.72,sh000688,科创50
2021-09-29,1344.89,1356.64,1336.51,69037,35658620000,1.36,1345.77,sh000688,科创50
2021-09-28,1362.33,1379.59,1350.79,58583,32249890000,1.13,1354.10,sh000688,科创50
2021-09-27,1386.52,1397.18,1354.20,84024,43661040000,1.37,1368.69,sh000688,科创50
2021-09-24,1362.98,1390.50,1359.85,71691,39188780000,1.32,1375,sh000688,科创50
2021-09-23,1359.67,1376.57,1354.21,73507,38058800000,1.18,1363.79,sh000688,科创50
2021-09-22,1338.01,1361.21,1335.50,78190,40621280000,1.28,1355.28,sh000688,科创50
2021-09-17,1349.34,1360.91,1332.10,87298,45905530000,1.39,1349.68,sh000688,科创50
2021-09-16,1378.18,1380.16,1347.90,91262,47704420000,1.47,1351.43,sh000688,科创50
2021-09-15,1395.61,1395.99,1378.95,79243,43589590000,1.25,1384.52,sh000688,科创50
2021-09-14,1384.28,1414.09,1383.41,97488,51653710000,1.60,1396.67,sh000688,科创50
2021-09-13,1426.54,1426.76,1384.02,92659,50564740000,1.64,1384.43,sh000688,科创50
2021-09-10,1398.33,1431.71,1392.21,105230,55580130000,1.81,1426.81,sh000688,科创50
2021-09-09,1414.07,1425.28,1393.61,94103,46975510000,1.49,1402.19,sh000688,科创50
2021-09-08,1439.66,1439.66,1408.72,99051,50089990000,1.35,1412.72,sh000688,科创50
2021-09-07,1435.73,1443.34,1426.03,94527,51064310000,1.29,1438.57,sh000688,科创50
2021-09-06,1398.24,1441.71,1393.54,97857,50305730000,1.46,1439,sh000688,科创50
2021-09-03,1399.47,1415.24,1382.64,113956,54303640000,1.81,1400.89,sh000688,科创50
2021-09-02,1416.16,1424.17,1395.51,114887,53149180000,1.65,1399.48,sh000688,科创50
2021-09-01,1437.26,1438.38,1400.16,127485,62190220000,1.95,1424.66,sh000688,科创50
2021-08-31,1463.13,1463.56,1423.51,107299,62148290000,2.02,1441.17,sh000688,科创50
2021-08-30,1487.90,1508.78,1463.40,118756,69044750000,2.11,1471.45,sh000688,科创50
2021-08-27,1491.34,1506.65,1476.56,104008,58225640000,1.77,1480.31,sh000688,科创50
2021-08-26,1546.32,1555.04,1494.89,107215,66111390000,1.91,1497.34,sh000688,科创50
2021-08-25,1573.74,1574.40,1535.09,108475,67461350000,1.77,1542.78,sh000688,科创50
2021-08-24,1567.70,1586.52,1550.88,117171,69500390000,1.76,1578.03,sh000688,科创50
2021-08-23,1534.39,1568.84,1524.20,115462,67456760000,1.60,1564.11,sh000688,科创50
2021-08-20,1537.91,1557.11,1514.07,103760,57383890000,1.69,1529.09,sh000688,科创50
2021-08-19,1509.72,1553.16,1508.17,98722,56067590000,1.71,1546.11,sh000688,科创50
2021-08-18,1514.46,1530.24,1501.18,103662,54323880000,1.47,1507.99,sh000688,科创50
2021-08-17,1544.40,1555.45,1506.72,109096,58317660000,1.64,1509.25,sh000688,科创50
2021-08-16,1547.39,1566,1535.35,109530,65695100000,1.72,1547.93,sh000688,科创50
2021-08-13,1580.12,1588.23,1549.68,125744,68917960000,2.24,1552.78,sh000688,科创50
2021-08-12,1572.15,1604.73,1570.35,128891,66518920000,1.88,1586.50,sh000688,科创50
2021-08-11,1589.43,1593.15,1564.97,132212,66406380000,2.00,1578.79,sh000688,科创50
2021-08-10,1574.01,1592.83,1569.28,112033,66588110000,2.33,1588.19,sh000688,科创50
2021-08-09,1567.44,1582.92,1548.69,107135,64946510000,2.16,1574.44,sh000688,科创50
2021-08-06,1630.30,1639.19,1575.42,126023,75773480000,2.87,1586.67,sh000688,科创50
2021-08-05,1606.65,1616.05,1584.31,126222,75699980000,2.50,1604.81,sh000688,科创50
2021-08-04,1566.45,1608.50,1564.46,125517,73505020000,2.38,1605.89,sh000688,科创50
2021-08-03,1586.35,1593.03,1558.10,136596,80646940000,2.87,1564.19,sh000688,科创50
2021-08-02,1594.03,1619.36,1572.11,151241,84982620000,3.20,1599.47,sh000688,科创50
2021-07-30,1582.58,1608.96,1570.45,152809,84057010000,3.09,1591.22,sh000688,科创50
2021-07-29,1554.13,1598.34,1545.11,128117,75953390000,3.11,1588.47,sh000688,科创50
2021-07-28,1532.42,1555.25,1476.59,136149,72690830000,3.39,1518.70,sh000688,科创50
2021-07-27,1556.93,1627.85,1541.36,185982,100863650000,5.01,1545.29,sh000688,科创50
2021-07-26,1559.84,1566.68,1496.65,126284,73792410000,2.90,1556.98,sh000688,科创50
2021-07-23,1593.31,1593.70,1548.39,114884,66628550000,2.08,1563.49,sh000688,科创50
2021-07-22,1570.49,1584.32,1549.45,123571,73695830000,2.30,1582.13,sh000688,科创50
2021-07-21,1528.60,1576.77,1527.60,91649,53221650000,1.89,1565.64,sh000688,科创50
2021-07-20,1505.08,1529.27,1501.92,79070,41626660000,1.43,1522.63,sh000688,科创50
2021-07-19,1514.83,1530.59,1503.11,85265,46666350000,1.89,1514.18,sh000688,科创50
2021-07-16,1568.17,1569.25,1523.64,95097,51914560000,2.07,1525.23,sh000688,科创50
2021-07-15,1549.28,1567.27,1536.90,93769,50086690000,1.90,1560.70,sh000688,科创50
2021-07-14,1579.03,1585.60,1556.69,91985,49704060000,1.80,1556.72,sh000688,科创50
2021-07-13,1602.12,1621.71,1573.78,111115,59109870000,2.12,1590.98,sh000688,科创50
2021-07-12,1593.57,1611.60,1576.72,105385,61743100000,2.22,1601.61,sh000688,科创50
2021-07-09,1598.28,1602,1556.58,101478,56892000000,2.08,1583.71,sh000688,科创50
2021-07-08,1577.50,1616.70,1577.41,117348,66145750000,2.67,1610.77,sh000688,科创50
2021-07-07,1523.83,1573.15,1519.41,103399,56581070000,2.25,1570.03,sh000688,科创50
2021-07-06,1580.28,1584.69,1510.71,110708,64604990000,0,1532.79,sh000688,科创50
2021-07-05,1545.68,1581.07,1545.68,98061,59017050000,0,1575.89,sh000688,科创50
2021-07-02,1563.83,1564.88,1527.20,95142,56474890000,0,1538.16,sh000688,科创50
2021-07-01,1587.53,1594.11,1569.90,104118,59093840000,0,1579.80,sh000688,科创50
2021-06-30,1564.32,1603.35,1558.96,115350,61925900000,0,1588.22,sh000688,科创50
2021-06-29,1567.88,1576.87,1546.68,103904,51286650000,0,1562.08,sh000688,科创50
2021-06-28,1538.02,1579.22,1536.71,109526,55064930000,0,1562.98,sh000688,科创50
2021-06-25,1505.29,1536.50,1502.89,108545,50140700000,0,1534.85,sh000688,科创50
2021-06-24,1531.24,1537.58,1496.94,140701,52396250000,0,1504.81,sh000688,科创50
2021-06-23,1530.64,1551.92,1516.69,160348,60476810000,0,1534.30,sh000688,科创50
2021-06-22,1531.52,1534.43,1506.31,197079,52742260000,0,1523.36,sh000688,科创50
2021-06-21,1485.66,1529.28,1482.49,102195,51327330000,0,1528.13,sh000688,科创50
2021-06-18,1475.21,1499.82,1474.68,100611,49393830000,0,1494.70,sh000688,科创50
2021-06-17,1409.05,1477.05,1409.05,119087,50681780000,0,1473.51,sh000688,科创50
2021-06-16,1452.95,1454.92,1404.69,85394,40793260000,0,1406.47,sh000688,科创50
2021-06-15,1442.09,1467.47,1435.05,100711,45159090000,0,1448.20,sh000688,科创50
2021-06-11,1453.60,1455.66,1433.06,106833,50396680000,0,1436.28,sh000688,科创50
2021-06-10,1427.87,1455.83,1426.49,101027,44182360000,0,1450.40,sh000688,科创50
2021-06-09,1420.31,1442.16,1417.77,82642,38843310000,0,1427.32,sh000688,科创50
2021-06-08,1443.74,1446.38,1411.23,94908,44630370000,0,1419.08,sh000688,科创50
2021-06-07,1443.86,1451.39,1425.11,104202,42593190000,0,1433.57,sh000688,科创50
2021-06-04,1406.31,1445.14,1405.51,100002,38867530000,0,1431.52,sh000688,科创50
2021-06-03,1425.80,1438.64,1410.12,114416,41140120000,0,1414.53,sh000688,科创50
2021-06-02,1461.74,1465.16,1423.45,143959,51265800000,0,1426.85,sh000688,科创50
2021-06-01,1437.32,1467.94,1432.97,159050,52542500000,0,1460.54,sh000688,科创50
2021-05-31,1398.19,1442.67,1398.19,163763,47689300000,0,1442.67,sh000688,科创50
2021-05-28,1395.43,1414.61,1381.45,215651,44217150000,0,1386.04,sh000688,科创50
2021-05-27,1362.95,1400.38,1361.01,83230,39612620000,0,1397.77,sh000688,科创50
2021-05-26,1371.78,1375.81,1360.59,61504,31014350000,0,1364.04,sh000688,科创50
2021-05-25,1329.68,1371.59,1329.68,62435,33248470000,0,1370.12,sh000688,科创50
2021-05-24,1314.79,1333.42,1304.64,56130,28963840000,0,1330.87,sh000688,科创50
2021-05-21,1334.60,1341.28,1314.40,62613,29856620000,0,1315.21,sh000688,科创50
2021-05-20,1322.05,1339.97,1321.04,68697,31439270000,0,1329.79,sh000688,科创50
2021-05-19,1320.68,1335.25,1318.16,76685,30292580000,0,1326.14,sh000688,科创50
2021-05-18,1330.47,1332.32,1316.38,54227,28134250000,0,1321.64,sh000688,科创50
2021-05-17,1303.08,1338.29,1301.06,59469,33438070000,0,1328.92,sh000688,科创50
2021-05-14,1277.97,1301.37,1273.96,50610,26604850000,0,1300.54,sh000688,科创50
2021-05-13,1257.87,1287.92,1257.87,50272,24950590000,0,1275.48,sh000688,科创50
2021-05-12,1254.74,1273.69,1251.81,47393,24180660000,0,1270.91,sh000688,科创50
2021-05-11,1243.81,1260.82,1240.20,43673,22551890000,0,1258.11,sh000688,科创50
2021-05-10,1262.48,1265.80,1249.49,43798,24427800000,0,1254.49,sh000688,科创50
2021-05-07,1311.66,1315.75,1263.69,48479,27879510000,0,1263.90,sh000688,科创50
2021-05-06,1321.21,1322.68,1298.91,47306,29484880000,0,1310.13,sh000688,科创50
2021-04-30,1319.01,1327.37,1313.83,60615,34987170000,0,1322.24,sh000688,科创50
2021-04-29,1320.89,1337.85,1312.94,55137,31421910000,0,1324.05,sh000688,科创50
2021-04-28,1318.55,1326.01,1304.33,57283,33119090000,0,1324.24,sh000688,科创50
2021-04-27,1310.66,1316.20,1297.27,50524,28414530000,0,1311.91,sh000688,科创50
2021-04-26,1315.51,1335.47,1313.06,62312,37525800000,0,1314.91,sh000688,科创50
2021-04-23,1303.29,1318.30,1300.10,47620,26846070000,0,1311.83,sh000688,科创50
2021-04-22,1288.58,1308.34,1288.58,49820,27191380000,0,1305.18,sh000688,科创50
2021-04-21,1285.31,1291.53,1275.61,51946,26179860000,0,1286.86,sh000688,科创50
2021-04-20,1295.61,1304.76,1290.02,69924,32150300000,0,1290.50,sh000688,科创50
2021-04-19,1273.08,1300.54,1268.99,68747,29702850000,0,1299.01,sh000688,科创50
2021-04-16,1265.15,1279.29,1255.84,46526,22040890000,0,1274.70,sh000688,科创50
2021-04-15,1250.36,1266.58,1245.18,35254,18377240000,0,1264.16,sh000688,科创50
2021-04-14,1243.24,1258.17,1243.24,35266,18282040000,0,1254.71,sh000688,科创50
2021-04-13,1242.76,1259.04,1239.46,38495,18215070000,0,1241.40,sh000688,科创50
2021-04-12,1269.02,1280.08,1240.44,44065,21808870000,0,1243.50,sh000688,科创50
2021-04-09,1290.31,1296.86,1269.92,41417,21190640000,0,1271.44,sh000688,科创50
2021-04-08,1293.64,1305.43,1287.01,47647,23521510000,0,1291.86,sh000688,科创50
2021-04-07,1296.82,1300.77,1283.16,41355,21052830000,0,1298.78,sh000688,科创50
2021-04-06,1304.64,1309.95,1291.92,43642,21112140000,0,1296.62,sh000688,科创50
2021-04-02,1276.03,1302.62,1274.38,54217,27831420000,0,1299.92,sh000688,科创50
2021-04-01,1251,1269.88,1248.96,42554,21356110000,0,1266.75,sh000688,科创50
2021-03-31,1248.16,1253.79,1236.26,35524,17697790000,0,1248.33,sh000688,科创50
2021-03-30,1250.28,1259.28,1245.01,34902,18175300000,0,1248.34,sh000688,科创50
2021-03-29,1262.29,1263.44,1248.33,34788,18109330000,0,1250.77,sh000688,科创50
2021-03-26,1224.64,1258.16,1224.64,35342,18385480000,0,1256.66,sh000688,科创50
2021-03-25,1212.83,1231.96,1212.38,33650,17372560000,0,1219.71,sh000688,科创50
2021-03-24,1228.61,1244.45,1219.51,38664,18395090000,0,1221.45,sh000688,科创50
2021-03-23,1246.36,1257.38,1232.26,43277,19244190000,0,1236.47,sh000688,科创50
2021-03-22,1229.47,1247.49,1227.84,35700,17705670000,0,1242.76,sh000688,科创50
2021-03-19,1226.41,1242.13,1221.42,39708,19373370000,0,1231.29,sh000688,科创50
2021-03-18,1241.56,1251.56,1237.62,35730,17983650000,0,1241.31,sh000688,科创50
2021-03-17,1220.45,1237.91,1213.35,31723,16850210000,0,1236.54,sh000688,科创50
2021-03-16,1223.80,1231.99,1212.34,33041,17683260000,0,1220.37,sh000688,科创50
2021-03-15,1254.68,1254.68,1213.43,34785,20858500000,0,1223.39,sh000688,科创50
2021-03-12,1268.44,1269.21,1251.20,37162,22424520000,0,1261.32,sh000688,科创50
2021-03-11,1241.10,1273.96,1227.33,38553,25001090000,0,1267.30,sh000688,科创50
2021-03-10,1251.18,1258.88,1227.42,37111,19600520000,0,1232.74,sh000688,科创50
2021-03-09,1275.32,1278.32,1227.18,50402,26492250000,0,1230.14,sh000688,科创50
2021-03-08,1337.02,1340.42,1275.46,49226,28984740000,0,1275.46,sh000688,科创50
2021-03-05,1307.06,1338.83,1305.92,38368,23076220000,0,1329.84,sh000688,科创50
2021-03-04,1358.28,1362.99,1322.34,52438,29925860000,0,1324.16,sh000688,科创50
2021-03-03,1350.01,1359.79,1340.32,44917,28112310000,0,1359.40,sh000688,科创50
2021-03-02,1373.03,1373.66,1342.90,52450,28183820000,0,1352.04,sh000688,科创50
2021-03-01,1339.99,1359.72,1337.19,49677,27942860000,0,1358.14,sh000688,科创50
2021-02-26,1319.89,1344.15,1319.65,47433,27756650000,0,1325.59,sh000688,科创50
2021-02-25,1373.84,1375.61,1349.71,49004,25511460000,0,1349.71,sh000688,科创50
2021-02-24,1393.72,1398.33,1358.41,45139,27847240000,0,1365.64,sh000688,科创50
2021-02-23,1371.63,1401.51,1370.91,43588,25718350000,0,1390.53,sh000688,科创50
2021-02-22,1431.56,1436.80,1388.52,54508,31366690000,0,1389.92,sh000688,科创50
2021-02-19,1426.10,1430.72,1404.15,43399,26403210000,0,1427.91,sh000688,科创50
2021-02-18,1457.80,1465.68,1429.09,47980,31047950000,0,1429.74,sh000688,科创50
2021-02-10,1424.77,1440.21,1407.64,40821,27639420000,0,1437.02,sh000688,科创50
2021-02-09,1389.07,1434.87,1383.86,39055,25790980000,0,1427.68,sh000688,科创50
2021-02-08,1371.75,1395.14,1367.33,37718,23679080000,0,1382.48,sh000688,科创50
2021-02-05,1396.12,1407.32,1368.65,42276,26311160000,0,1368.80,sh000688,科创50
2021-02-04,1402.09,1412.71,1367.71,48420,27993710000,0,1394.10,sh000688,科创50
2021-02-03,1436,1443.98,1410.15,50849,30152510000,0,1410.15,sh000688,科创50
2021-02-02,1419.71,1438.09,1414.36,44692,27327220000,0,1438.06,sh000688,科创50
2021-02-01,1419.18,1439.04,1412.16,46233,28612520000,0,1421.48,sh000688,科创50
2021-01-29,1435.28,1440.25,1400.67,49204,30162850000,0,1421.96,sh000688,科创50
2021-01-28,1441.40,1461.84,1418.94,42816,28182120000,0,1421.59,sh000688,科创50
2021-01-27,1481.49,1489.76,1441.18,45279,30381290000,0,1458.37,sh000688,科创50
2021-01-26,1498,1509.41,1471.31,48412,34015120000,0,1478.45,sh000688,科创50
2021-01-25,1481.74,1513.73,1471.18,60358,42910110000,0,1498.60,sh000688,科创50
2021-01-22,1482.65,1487.61,1456.02,58016,40773610000,0,1486.31,sh000688,科创50
2021-01-21,1485.65,1492.95,1465.89,52605,33695350000,0,1482.28,sh000688,科创50
2021-01-20,1450.72,1482.11,1444.74,49204,31745830000,0,1481.45,sh000688,科创50
2021-01-19,1485.46,1489.22,1441.62,57315,36172570000,0,1443.92,sh000688,科创50
2021-01-18,1443.82,1496.37,1437.02,62903,40072200000,0,1481.25,sh000688,科创50
2021-01-15,1450.86,1465.69,1431.45,60549,36295710000,0,1447.58,sh000688,科创50
2021-01-14,1406.05,1478.75,1399.56,75430,40687820000,0,1447.27,sh000688,科创50
2021-01-13,1412.07,1416.66,1389.77,57096,33967490000,0,1407.41,sh000688,科创50
2021-01-12,1389.47,1408.42,1379.80,45114,29205340000,0,1405.22,sh000688,科创50
2021-01-11,1385.35,1407.91,1378.12,57624,37307170000,0,1390.66,sh000688,科创50
2021-01-08,1382.15,1385.12,1366.18,54241,35318630000,0,1378.74,sh000688,科创50
2021-01-07,1414.90,1417.43,1370.19,66336,41545660000,0,1381.94,sh000688,科创50
2021-01-06,1430.07,1434.19,1408.06,60715,36142760000,0,1415.02,sh000688,科创50
2021-01-05,1413.18,1427.12,1409.54,60975,38510330000,0,1425.16,sh000688,科创50
2021-01-04,1398.96,1425.70,1389.59,58555,39021080000,0,1422.12,sh000688,科创50
2020-12-31,1370.44,1394.74,1368.47,54609,36316900000,0,1393.03,sh000688,科创50
2020-12-30,1336.72,1367.76,1335.21,52005,32904160000,0,1362.91,sh000688,科创50
2020-12-29,1338.24,1353.06,1336.09,48193,25857880000,0,1337.47,sh000688,科创50
2020-12-28,1345.30,1349.35,1335.25,52090,28804870000,0,1339.01,sh000688,科创50
2020-12-25,1348.47,1357.65,1340.79,49817,26650840000,0,1349.79,sh000688,科创50
2020-12-24,1378.38,1384.31,1347.80,57644,30082830000,0,1348.01,sh000688,科创50
2020-12-23,1359.73,1378.61,1355.25,51961,29462100000,0,1376.60,sh000688,科创50
2020-12-22,1383.29,1390.99,1355.97,51622,30438970000,0,1358.62,sh000688,科创50
2020-12-21,1359.69,1390.59,1355.93,52122,30648980000,0,1388.67,sh000688,科创50
2020-12-18,1381.48,1381.48,1357.77,46632,26611980000,0,1361.11,sh000688,科创50
2020-12-17,1343.28,1364.88,1339.90,47983,28146400000,0,1363.36,sh000688,科创50
2020-12-16,1357.22,1357.22,1339.96,55606,33603800000,0,1345.13,sh000688,科创50
2020-12-15,1373.96,1379.77,1357.36,47135,27105430000,0,1363.18,sh000688,科创50
2020-12-14,1361.61,1380.05,1353.90,45843,26012360000,0,1375.06,sh000688,科创50
2020-12-11,1362.34,1365.43,1345.32,66654,36417150000,0,1362.96,sh000688,科创50
2020-12-10,1363,1370.83,1355.88,50434,29641890000,0,1360.18,sh000688,科创50
2020-12-09,1400.57,1404.23,1364.20,47834,25875930000,0,1365.04,sh000688,科创50
2020-12-08,1405.72,1408.79,1397.55,42796,24149350000,0,1398.73,sh000688,科创50
2020-12-07,1410.50,1417.78,1403.42,47590,27388970000,0,1406.19,sh000688,科创50
2020-12-04,1409.59,1410.93,1401.53,41786,23365430000,0,1404.87,sh000688,科创50
2020-12-03,1410.44,1418.12,1398.10,45850,24754050000,0,1410.83,sh000688,科创50
2020-12-02,1408.67,1419.11,1403.73,57385,30701970000,0,1408.49,sh000688,科创50
2020-12-01,1386.58,1408.04,1381.96,37317,22256170000,0,1404.24,sh000688,科创50
2020-11-30,1392.95,1397.01,1380.22,41836,25008640000,0,1385.48,sh000688,科创50
2020-11-27,1386.65,1398.14,1380.64,37232,20984500000,0,1387.77,sh000688,科创50
2020-11-26,1386.21,1398.57,1380.13,38005,21603490000,0,1385.31,sh000688,科创50
2020-11-25,1414.19,1414.51,1387.56,46526,26488930000,0,1388.36,sh000688,科创50
2020-11-24,1412.02,1420.34,1409.40,48643,27536380000,0,1412.75,sh000688,科创50
2020-11-23,1429.39,1429.39,1412.02,47439,25854990000,0,1418.10,sh000688,科创50
2020-11-20,1433.95,1442.31,1427.31,47029,23421300000,0,1430.72,sh000688,科创50
2020-11-19,1415.64,1436.49,1408.22,44960,22954190000,0,1435.92,sh000688,科创50
2020-11-18,1431.66,1441.22,1418.36,50211,26304110000,0,1419.23,sh000688,科创50
2020-11-17,1455.23,1455.23,1425.26,48587,26785770000,0,1430.81,sh000688,科创50
2020-11-16,1520.27,1520.27,1444.39,47168,26215790000,0,1446.95,sh000688,科创50
2020-11-13,1406.68,1441.01,1401.46,41602,23627750000,0,1436.89,sh000688,科创50
2020-11-12,1404.81,1421.74,1404.57,42206,23261590000,0,1413.29,sh000688,科创50
2020-11-11,1440.78,1441,1393.73,56154,32561810000,0,1395.51,sh000688,科创50
2020-11-10,1483.66,1483.66,1438.59,58113,33881580000,0,1441.97,sh000688,科创50
2020-11-09,1446.47,1491.52,1442.62,77970,45618790000,0,1485.15,sh000688,科创50
2020-11-06,1477.53,1477.53,1429.12,44534,26228600000,0,1441.47,sh000688,科创50
2020-11-05,1477.61,1479.47,1453.72,47965,27364520000,0,1475.38,sh000688,科创50
2020-11-04,1454.73,1462.67,1443.42,41800,24098060000,0,1458.90,sh000688,科创50
2020-11-03,1403.64,1451.63,1402.26,50208,28680490000,0,1449.01,sh000688,科创50
2020-11-02,1402.08,1406.94,1370.90,52507,28983970000,0,1400.91,sh000688,科创50
2020-10-30,1413.51,1430.12,1393.91,61237,35304500000,0,1393.91,sh000688,科创50
2020-10-29,1394.28,1418.41,1387.38,46120,26794450000,0,1412.06,sh000688,科创50
2020-10-28,1396.56,1413.66,1392.07,41663,24310320000,0,1406.07,sh000688,科创50
2020-10-27,1359.18,1386.80,1354.81,31478,19204480000,0,1385.75,sh000688,科创50
2020-10-26,1332.68,1364.97,1313.45,30740,18436480000,0,1356.11,sh000688,科创50
2020-10-23,1380.37,1389.52,1336.37,37754,23887910000,0,1336.53,sh000688,科创50
2020-10-22,1395.13,1395.13,1373.51,33291,21553840000,0,1376.58,sh000688,科创50
2020-10-21,1427.24,1429.45,1396.12,38499,23104110000,0,1396.98,sh000688,科创50
2020-10-20,1413.87,1428.08,1402.71,38796,22134580000,0,1426.18,sh000688,科创50
2020-10-19,1444.84,1446.49,1411.27,40095,25584670000,0,1412.15,sh000688,科创50
2020-10-16,1457.15,1461.83,1429.08,37774,22630830000,0,1438.53,sh000688,科创50
2020-10-15,1489.38,1493,1451.88,45203,26861930000,0,1453.79,sh000688,科创50
2020-10-14,1495.34,1498,1481.12,46734,25563810000,0,1488.67,sh000688,科创50
2020-10-13,1491.85,1498.83,1485.13,50955,27840590000,0,1497.60,sh000688,科创50
2020-10-12,1475.26,1491.61,1469.65,65982,35293730000,0,1490.58,sh000688,科创50
2020-10-09,1446.52,1467.98,1446.52,49210,24754720000,0,1465.96,sh000688,科创50
2020-09-30,1394.86,1431.88,1393.91,39851,20256330000,0,1418.80,sh000688,科创50
2020-09-29,1345.99,1403.43,1345.99,42936,21227420000,0,1389.96,sh000688,科创50
2020-09-28,1367.46,1369.04,1335.99,45232,22568500000,0,1338.95,sh000688,科创50
2020-09-25,1399.39,1402.68,1360.55,38241,19971290000,0,1364.02,sh000688,科创50
2020-09-24,1412.16,1416.38,1392.01,50315,24940740000,0,1394.93,sh000688,科创50
2020-09-23,1401.37,1440.64,1400.28,62089,30743660000,0,1423.90,sh000688,科创50
2020-09-22,1389.78,1403.26,1379.01,55716,27299780000,0,1390.09,sh000688,科创50
2020-09-21,1407.07,1411.50,1390.90,51734,27612910000,0,1397.75,sh000688,科创50
2020-09-18,1386.38,1403.92,1379.92,63762,30212130000,0,1403.90,sh000688,科创50
2020-09-17,1347.45,1393.85,1335.03,84063,36518780000,0,1383.59,sh000688,科创50
2020-09-16,1363.32,1364.42,1341.68,41337,20704600000,0,1349.67,sh000688,科创50
2020-09-15,1348.79,1372.44,1334.82,41095,22576950000,0,1364.60,sh000688,科创50
2020-09-14,1334.98,1372.83,1334.98,43732,24507230000,0,1348.07,sh000688,科创50
2020-09-11,1279.84,1313.85,1272.84,40362,20366240000,0,1312.51,sh000688,科创50
2020-09-10,1309.32,1321.06,1276.50,47506,23353060000,0,1280.19,sh000688,科创50
2020-09-09,1331.43,1332.07,1289.35,62522,29373070000,0,1298.08,sh000688,科创50
2020-09-08,1356.82,1363.28,1328.92,44485,26848110000,0,1344.61,sh000688,科创50
2020-09-07,1387.49,1394.90,1349.77,62076,36867640000,0,1356.70,sh000688,科创50
2020-09-04,1377.39,1396,1371.16,49098,29608110000,0,1390.28,sh000688,科创50
2020-09-03,1422.42,1423.89,1396.11,53049,31018070000,0,1402.14,sh000688,科创50
2020-09-02,1430.87,1434.92,1411.84,49198,28487960000,0,1422.95,sh000688,科创50
2020-09-01,1424.43,1435.65,1419.60,44319,24755290000,0,1426.65,sh000688,科创50
2020-08-31,1417.66,1441.46,1417.66,54757,31463770000,0,1423.24,sh000688,科创50
2020-08-28,1415.65,1416.82,1393.85,56529,34076320000,0,1413.64,sh000688,科创50
2020-08-27,1389.94,1429.96,1380.13,60565,32528230000,0,1417.56,sh000688,科创50
2020-08-26,1422,1430.79,1377.21,65450,35154030000,0,1383.31,sh000688,科创50
2020-08-25,1449.54,1462.90,1424.42,52699,28269380000,0,1427.70,sh000688,科创50
2020-08-24,1453.49,1457.58,1421.89,56067,29855210000,0,1450.67,sh000688,科创50
2020-08-21,1447.80,1467.98,1443.52,52151,27691330000,0,1447.71,sh000688,科创50
2020-08-20,1460.03,1473.05,1438.46,61547,32206410000,0,1442.58,sh000688,科创50
2020-08-19,1516.98,1517.89,1470.34,80165,42729480000,0,1472.02,sh000688,科创50
2020-08-18,1496.42,1512.76,1492.96,79467,45462340000,0,1512.51,sh000688,科创50
2020-08-17,1486.81,1501.25,1471.92,75068,38489790000,0,1496.40,sh000688,科创50
2020-08-14,1466.80,1486.40,1453.74,43130,29906440000,0,1484.04,sh000688,科创50
2020-08-13,1465.60,1482.63,1453.38,49450,37719210000,0,1468.23,sh000688,科创50
2020-08-12,1485.56,1488.88,1422.73,63361,42597010000,0,1458.64,sh000688,科创50
2020-08-11,1531.60,1539.84,1490.83,57714,38932760000,0,1491.84,sh000688,科创50
2020-08-10,1520.10,1555.68,1507.27,60184,43695170000,0,1535.60,sh000688,科创50
2020-08-07,1561.86,1568.56,1492.25,73575,50034090000,0,1526.80,sh000688,科创50
2020-08-06,1582.47,1589.75,1552.54,69862,50466280000,0,1573.87,sh000688,科创50
2020-08-05,1592.39,1597.47,1556.68,71672,51790270000,0,1588.62,sh000688,科创50
2020-08-04,1620.79,1628.14,1555.90,78275,55106590000,0,1566.06,sh000688,科创50
2020-08-03,1533.23,1622.81,1533.23,96654,66759440000,0,1622.81,sh000688,科创50
2020-07-31,1469.10,1513.76,1467.78,85543,59272300000,0,1512.98,sh000688,科创50
2020-07-30,1484.43,1496.27,1467.80,74029,50620080000,0,1472.79,sh000688,科创50
2020-07-29,1400.92,1476.92,1395.97,73270,48468190000,0,1476.92,sh000688,科创50
2020-07-28,1385.79,1404.90,1383.28,54447,33909660000,0,1400.54,sh000688,科创50
2020-07-27,1396.49,1403.11,1361.98,62068,38244660000,0,1374.52,sh000688,科创50
2020-07-24,1467.10,1474.46,1389.31,102544,58754660000,0,1389.31,sh000688,科创50
2020-07-23,1487.20,1512.47,1459.73,89478,57698590000,0,1494.14,sh000688,科创50
2020-07-22,1474.02,1519.12,1468.11,0,0,0,1497.23,sh000688,科创50
2020-07-21,1456.49,1499.85,1454.59,0,0,0,1490.17,sh000688,科创50
2020-07-20,1459.78,1463.71,1388.28,0,0,0,1459.03,sh000688,科创50
2020-07-17,1475.46,1495.91,1425.64,0,0,0,1443.40,sh000688,科创50
2020-07-16,1606.44,1612.33,1460.64,0,0,0,1469.80,sh000688,科创50
2020-07-15,1702.58,1707.63,1611.91,0,0,0,1612.03,sh000688,科创50
2020-07-14,1714.87,1726.19,1647.64,0,0,0,1701.58,sh000688,科创50
2020-07-13,1647.18,1721.98,1640.98,0,0,0,1721.98,sh000688,科创50
2020-07-10,1653.50,1682.62,1633.18,0,0,0,1654.83,sh000688,科创50
2020-07-09,1596.98,1681.91,1594.26,0,0,0,1666.85,sh000688,科创50
2020-07-08,1572.78,1608.19,1555.31,0,0,0,1599.91,sh000688,科创50
2020-07-07,1550.30,1617.60,1550.30,0,0,0,1572.19,sh000688,科创50
2020-07-06,1445.61,1547.14,1444.69,0,0,0,1538.40,sh000688,科创50
2020-07-03,1435.08,1441.09,1408.08,0,0,0,1438.59,sh000688,科创50
2020-07-02,1439.01,1452.75,1424.15,0,0,0,1437.05,sh000688,科创50
2020-07-01,1453.25,1459.77,1417.60,0,0,0,1439.88,sh000688,科创50
2020-06-30,1410.58,1454.31,1410.58,0,0,0,1447.89,sh000688,科创50
2020-06-29,1415.91,1415.91,1393.71,0,0,0,1401.64,sh000688,科创50
2020-06-24,1408.55,1432.99,1406.87,0,0,0,1424.28,sh000688,科创50
2020-06-23,1365.33,1407.19,1365.33,0,0,0,1407.19,sh000688,科创50
2020-06-22,1347.94,1380.37,1347.94,0,0,0,1371.21,sh000688,科创50
2020-06-19,1301.02,1329.20,1301.02,0,0,0,1325.15,sh000688,科创50
2020-06-18,1289.77,1304.49,1286.47,0,0,0,1302.37,sh000688,科创50
2020-06-17,1291.04,1299.78,1280.52,0,0,0,1291.12,sh000688,科创50
2020-06-16,1259.09,1289.13,1259.09,0,0,0,1289.13,sh000688,科创50
2020-06-15,1262.48,1271.91,1249.58,0,0,0,1249.91,sh000688,科创50
2020-06-12,1246.80,1268.46,1246.80,0,0,0,1262.29,sh000688,科创50
2020-06-11,1270.72,1294.34,1265.38,0,0,0,1273.59,sh000688,科创50
2020-06-10,1278.07,1278.07,1265.11,0,0,0,1269.98,sh000688,科创50
2020-06-09,1277.45,1278.85,1269.11,0,0,0,1278.51,sh000688,科创50
2020-06-08,1306.50,1311.68,1277.29,0,0,0,1280.05,sh000688,科创50
2020-06-05,1300.25,1307.89,1292.05,0,0,0,1297.31,sh000688,科创50
2020-06-04,1295.16,1306.07,1291.21,0,0,0,1299.80,sh000688,科创50
2020-06-03,1305.73,1314.14,1293.60,0,0,0,1294.28,sh000688,科创50
2020-06-02,1305.80,1312.52,1294.22,0,0,0,1305.64,sh000688,科创50
2020-06-01,1257.97,1309.96,1257.97,0,0,0,1300.74,sh000688,科创50
2020-05-29,1227.20,1267.43,1227.20,0,0,0,1246.11,sh000688,科创50
2020-05-28,1251.06,1256.22,1206.62,0,0,0,1232.22,sh000688,科创50
2020-05-27,1271.46,1281.21,1251.08,0,0,0,1253.27,sh000688,科创50
2020-05-26,1217.62,1272.92,1217.62,0,0,0,1272.66,sh000688,科创50
2020-05-25,1223.87,1227.56,1205.73,0,0,0,1212.09,sh000688,科创50
2020-05-22,1247.60,1258.31,1208.82,0,0,0,1230.66,sh000688,科创50
2020-05-21,1305.91,1309.50,1251.52,0,0,0,1251.93,sh000688,科创50
2020-05-20,1317.40,1348.58,1297.67,0,0,0,1307,sh000688,科创50
2020-05-19,1260.22,1324.42,1260.22,0,0,0,1324.42,sh000688,科创50
2020-05-18,1279.29,1279.29,1253.33,0,0,0,1254.30,sh000688,科创50
2020-05-15,1244.74,1280.05,1244.74,0,0,0,1270.48,sh000688,科创50
2020-05-14,1241.84,1258.25,1238.23,0,0,0,1242.17,sh000688,科创50
2020-05-13,1227.72,1252.58,1227.72,0,0,0,1247.03,sh000688,科创50
2020-05-12,1222.39,1233.64,1203.15,0,0,0,1233.59,sh000688,科创50
2020-05-11,1244.30,1268.08,1215.97,0,0,0,1226.06,sh000688,科创50
2020-05-08,1230.91,1272.62,1230.91,0,0,0,1240.25,sh000688,科创50
2020-05-07,1249.64,1249.64,1218.24,0,0,0,1224.10,sh000688,科创50
2020-05-06,1155.12,1252.75,1155.12,0,0,0,1247.51,sh000688,科创50
2020-04-30,1107.43,1171.80,1107.43,0,0,0,1166.35,sh000688,科创50
2020-04-29,1105.60,1125.19,1102.57,0,0,0,1102.70,sh000688,科创50
2020-04-28,1130.61,1130.61,1037.26,0,0,0,1113.51,sh000688,科创50
2020-04-27,1140.19,1145.75,1136.23,0,0,0,1138.10,sh000688,科创50
2020-04-24,1148.59,1155.54,1139.31,0,0,0,1144.15,sh000688,科创50
2020-04-23,1140.80,1157.87,1140.55,0,0,0,1149.72,sh000688,科创50
2020-04-22,1108.68,1135.85,1108.68,0,0,0,1135.85,sh000688,科创50
2020-04-21,1127.66,1127.66,1108.48,0,0,0,1119.23,sh000688,科创50
2020-04-20,1119.26,1133.36,1115.72,0,0,0,1133.36,sh000688,科创50
2020-04-17,1102.66,1129.12,1102.66,0,0,0,1117.07,sh000688,科创50
2020-04-16,1080.87,1097.20,1080.87,0,0,0,1091.93,sh000688,科创50
2020-04-15,1076.94,1101.67,1076.94,0,0,0,1088.20,sh000688,科创50
2026-06-24,4181.91,4233.70,4164.52,87357212,301078635629,1.66,4209.10,sz399006,创业板指
2026-06-23,4343.88,4350.06,4159.48,245858967,901646040000,4.69,4192.19,sz399006,创业板指
2026-06-22,4272.99,4359.39,4229.31,272346002,1020554140000,5.19,4359.39,sz399006,创业板指
2026-06-18,4153.62,4272.01,4153.62,226559938,862178850000,4.32,4252.39,sz399006,创业板指
2026-06-17,4061.30,4168.16,4058.61,221861568,824852280000,4.23,4167.05,sz399006,创业板指
2026-06-16,4065.27,4142.43,4053.88,225905115,829816570000,4.31,4102.94,sz399006,创业板指
2026-06-15,3896.17,4033.53,3844.08,221269003,790537830000,4.22,4033.53,sz399006,创业板指
2026-06-12,3921.09,3921.53,3822.42,230246100,805740230000,4.40,3830.35,sz399006,创业板指
2026-06-11,3839.19,3910.28,3755.61,198465341,649928670000,3.80,3811.25,sz399006,创业板指
2026-06-10,3897.73,3928.36,3818.31,203947087,648811830000,3.90,3854.79,sz399006,创业板指
2026-06-09,3865.69,3962.90,3823.76,209755585,720241470000,4.01,3961.75,sz399006,创业板指
2026-06-08,3820.23,3903.77,3776.93,228336414,722402370000,4.38,3811.79,sz399006,创业板指
2026-06-05,4079.95,4105.21,3933.07,228732023,816091910000,4.39,3957.94,sz399006,创业板指
2026-06-04,4072.55,4114.24,4051.15,202724870,697606650000,3.90,4088.88,sz399006,创业板指
2026-06-03,4089.02,4218.33,4063.20,218925848,803001380000,4.21,4122.99,sz399006,创业板指
2026-06-02,3987.41,4083.92,3946.11,203915728,714031280000,3.92,4055.87,sz399006,创业板指
2026-06-01,4057.39,4081.42,3942.68,210798809,728530860000,4.06,3950.94,sz399006,创业板指
2026-05-29,4141.91,4158.69,4010.12,233413759,850350410000,4.50,4037.95,sz399006,创业板指
2026-05-28,4042.08,4135.38,3971.72,207796485,768291120000,4.01,4125.07,sz399006,创业板指
2026-05-27,4053.68,4148.23,4015.65,224129186,834578270000,4.33,4045.77,sz399006,创业板指
2026-05-26,4003.13,4057.37,3985.51,228092127,837209300000,4.41,4043.07,sz399006,创业板指
2026-05-25,3974.97,4022.74,3905.69,231457815,878510330000,4.47,4021.16,sz399006,创业板指
2026-05-22,3875.81,3948.99,3856.21,214290151,787396760000,4.14,3938.50,sz399006,创业板指
2026-05-21,3962.30,4017.81,3827.52,265528742,896007100000,5.14,3829.78,sz399006,创业板指
2026-05-20,3889.68,3947.22,3887.15,222605616,756328410000,4.31,3921.79,sz399006,创业板指
2026-05-19,3894,3918.31,3808.47,223481304,762720750000,4.32,3908.44,sz399006,创业板指
2026-05-18,3895.07,3961.16,3883.40,217646936,757350470000,4.21,3914.88,sz399006,创业板指
2026-05-15,3957.74,4002.73,3870.37,245569819,876510690000,4.75,3929.06,sz399006,创业板指
2026-05-14,4087.85,4090.42,3937.60,250323172,887382490000,4.84,3951.14,sz399006,创业板指
2026-05-13,3900.74,4041.99,3893.80,248072070,860686700000,4.80,4038.33,sz399006,创业板指
2026-05-12,3947.14,3954.99,3897.82,247035078,838293260000,4.78,3934.88,sz399006,创业板指
2026-05-11,3829.61,3937.87,3797.50,264046160,922847290000,5.15,3928.97,sz399006,创业板指
2026-05-08,3792.04,3840.16,3787.17,242873982,782390380000,4.61,3796.13,sz399006,创业板指
2026-05-07,3807.99,3840.06,3761.23,252313119,839415280000,4.79,3833.06,sz399006,创业板指
2026-05-06,3760.67,3815.07,3724.53,249880273,838085980000,4.75,3778.16,sz399006,创业板指
2026-04-30,3704.11,3718.40,3660.22,201808141,638060870000,3.83,3677.15,sz399006,创业板指
2026-04-29,3578.42,3692.21,3578.42,215002402,679396870000,4.09,3687.17,sz399006,创业板指
2026-04-28,3623.49,3636.93,3580.39,218834025,664872020000,4.17,3596.71,sz399006,创业板指
2026-04-27,3677.89,3686.94,3640.11,215941887,674213470000,4.11,3648.79,sz399006,创业板指
2026-04-24,3682.50,3699.94,3625,227960182,729481270000,4.34,3667.79,sz399006,创业板指
2026-04-23,3769.02,3785.23,3681.57,234554114,741796710000,4.47,3720.25,sz399006,创业板指
2026-04-22,3660.42,3755.75,3660.09,208325490,690964640000,3.98,3752.76,sz399006,创业板指
2026-04-21,3662.26,3695.74,3619.48,196710069,634026120000,3.76,3688.94,sz399006,创业板指
2026-04-20,3657.35,3696.26,3642.81,215598844,698484540000,4.11,3677.58,sz399006,创业板指
2026-04-17,3643.15,3685.10,3620.33,213647879,684281810000,4.08,3678.29,sz399006,创业板指
2026-04-16,3531.26,3629.42,3518.36,212193010,662253180000,4.05,3626.27,sz399006,创业板指
2026-04-15,3596.08,3599.98,3491.45,203159933,646515420000,3.88,3514.96,sz399006,创业板指
2026-04-14,3507.11,3560.30,3493.37,200966062,655853280000,3.84,3558.53,sz399006,创业板指
2026-04-13,3434.32,3492.48,3434.32,180013140,564917430000,3.44,3476.44,sz399006,创业板指
2026-04-10,3355.07,3470.72,3354.77,205391067,647882950000,3.93,3448.79,sz399006,创业板指
2026-04-09,3316.29,3340.30,3301.65,195555903,571477750000,3.75,3323.30,sz399006,创业板指
2026-04-08,3257.91,3348.39,3243.78,226902300,655429930000,4.35,3347.61,sz399006,创业板指
2026-04-07,3162.82,3181.35,3133.78,146704274,394413810000,2.81,3160.82,sz399006,创业板指
2026-04-03,3197.77,3199.44,3149.15,161826887,434346340000,3.10,3149.60,sz399006,创业板指
2026-04-02,3229.60,3229.68,3155.13,174675433,454116590000,3.35,3172.65,sz399006,创业板指
2026-04-01,3255.26,3255.26,3206.80,180123659,510585860000,3.45,3247.52,sz399006,创业板指
2026-03-31,3247.28,3280.48,3184.95,178168265,474017220000,3.42,3184.95,sz399006,创业板指
2026-03-30,3254.43,3281.39,3224.60,172193857,453981830000,3.30,3273.36,sz399006,创业板指
2026-03-27,3236.37,3323.33,3228.41,169688303,460779850000,3.26,3295.88,sz399006,创业板指
2026-03-26,3299.03,3347.23,3264,185458328,489469560000,3.56,3272.49,sz399006,创业板指
2026-03-25,3287.17,3325.26,3278.73,206290186,554769230000,3.96,3316.97,sz399006,创业板指
2026-03-24,3266.93,3270.19,3155.27,205225479,515432680000,3.94,3251.55,sz399006,创业板指
2026-03-23,3300.56,3334.46,3214.82,239669171,612416480000,4.60,3235.22,sz399006,创业板指
2026-03-20,3362.07,3426.61,3348.70,225401630,659559530000,4.33,3352.10,sz399006,创业板指
2026-03-19,3311.44,3361.21,3295.45,199153562,541748960000,3.82,3309.10,sz399006,创业板指
2026-03-18,3307.82,3350.56,3274.26,193702694,539875480000,3.72,3346.37,sz399006,创业板指
2026-03-17,3385.71,3390.02,3279.87,207256854,559674340000,3.98,3280.06,sz399006,创业板指
2026-03-16,3323.98,3360.35,3284.05,208217725,555776660000,4,3357.02,sz399006,创业板指
2026-03-13,3296.50,3342.85,3296.11,226552974,576407240000,4.35,3310.28,sz399006,创业板指
2026-03-12,3357.03,3358.77,3286.77,225425058,596080420000,4.33,3317.52,sz399006,创业板指
2026-03-11,3318.41,3388.10,3318.41,235567220,659568610000,4.53,3349.53,sz399006,创业板指
2026-03-10,3281.94,3308.75,3272.99,236304274,644901560000,4.55,3306.14,sz399006,创业板指
2026-03-09,3152.72,3220.01,3111.88,255045462,650179200000,4.91,3208.58,sz399006,创业板指
2026-03-06,3197.66,3248.90,3177.87,222766226,540340960000,4.29,3229.30,sz399006,创业板指
2026-03-05,3236.15,3264.80,3194.96,241669489,608890530000,4.65,3216.94,sz399006,创业板指
2026-03-04,3171.19,3217.11,3149.41,217331864,540959860000,4.19,3164.37,sz399006,创业板指
2026-03-03,3316.63,3331.26,3206.62,286371200,750497940000,5.52,3209.48,sz399006,创业板指
2026-03-02,3257.05,3319.91,3257.05,273514912,738402870000,5.27,3294.16,sz399006,创业板指
2026-02-27,3303.98,3326.58,3292.89,240320830,662758930000,4.63,3310.30,sz399006,创业板指
2026-02-26,3346.74,3351.57,3310.55,251619744,692770300000,4.85,3344.98,sz399006,创业板指
2026-02-25,3313.09,3363.18,3302.76,232054795,622233080000,4.47,3354.82,sz399006,创业板指
2026-02-24,3331.79,3343.24,3292.50,222404056,593352960000,4.30,3308.26,sz399006,创业板指
2026-02-13,3309.43,3323.37,3275.29,206249589,542116870000,3.99,3275.96,sz399006,创业板指
2026-02-12,3294.57,3334.35,3292.68,225917395,613481770000,4.37,3328.06,sz399006,创业板指
2026-02-11,3312.64,3324.18,3284.24,220715123,560297910000,4.27,3284.74,sz399006,创业板指
2026-02-10,3321.88,3348.48,3320.54,240458372,592567910000,4.66,3320.54,sz399006,创业板指
2026-02-09,3299.60,3340.33,3276.57,235311933,639292450000,4.56,3332.77,sz399006,创业板指
2026-02-06,3222.88,3288.03,3199.14,209401230,560718180000,4.06,3236.46,sz399006,创业板指
2026-02-05,3277.72,3288.38,3238.78,205295208,552289130000,3.98,3260.28,sz399006,创业板指
2026-02-04,3298.32,3318.90,3244.71,237312928,675589390000,4.61,3311.51,sz399006,创业板指
2026-02-03,3318.06,3332.48,3249.06,230616448,677319120000,4.48,3324.89,sz399006,创业板指
2026-02-02,3368.14,3390.30,3262.12,238543608,676890730000,4.63,3264.11,sz399006,创业板指
2026-01-30,3301.54,3369.24,3255.65,263026318,726069050000,5.11,3346.36,sz399006,创业板指
2026-01-29,3322.48,3356.48,3298.59,294963224,789501600000,5.73,3304.51,sz399006,创业板指
2026-01-28,3359.79,3361.14,3301.05,258142248,744175610000,5.01,3323.56,sz399006,创业板指
2026-01-27,3316.02,3366.68,3277.26,266460051,745042710000,5.17,3342.60,sz399006,创业板指
2026-01-26,3365.61,3367.99,3304.36,314806723,838490940000,6.11,3319.15,sz399006,创业板指
2026-01-23,3334.02,3349.50,3316.65,293479372,816909950000,5.70,3349.50,sz399006,创业板指
2026-01-22,3312.75,3337.27,3280.32,235389326,681535190000,4.57,3328.65,sz399006,创业板指
2026-01-21,3270.13,3329.50,3270.13,230185910,651234590000,4.47,3295.52,sz399006,创业板指
2026-01-20,3340.46,3347.94,3257.44,260731480,702680000000,5.06,3277.98,sz399006,创业板指
2026-01-19,3340.94,3383.79,3326.13,256405217,709156030000,4.98,3337.61,sz399006,创业板指
2026-01-16,3394.35,3407.86,3354.65,299981551,839167230000,5.82,3361.02,sz399006,创业板指
2026-01-15,3318.11,3372.47,3309.06,307576548,841262310000,5.97,3367.92,sz399006,创业板指
2026-01-14,3333.17,3403.95,3308.63,439958418,1151533420000,8.54,3349.14,sz399006,创业板指
2026-01-13,3390.69,3416.84,3307.63,419547701,1077719310000,8.15,3321.89,sz399006,创业板指
2026-01-12,3323.64,3398.05,3282.39,406851832,1085825650000,7.89,3388.34,sz399006,创业板指
2026-01-09,3279.38,3330.01,3269.99,333280635,872071830000,6.45,3327.81,sz399006,创业板指
2026-01-08,3308.74,3328.96,3285.16,280864919,750335140000,5.43,3302.31,sz399006,创业板指
2026-01-07,3331.34,3351.22,3298.55,271641051,756998660000,5.25,3329.69,sz399006,创业板指
2026-01-06,3279.81,3321.44,3265.73,278150655,756528810000,5.38,3319.29,sz399006,创业板指
2026-01-05,3229.93,3295.29,3229.93,263142610,696218050000,5.09,3294.55,sz399006,创业板指
2025-12-31,3247.74,3254.89,3198.25,206198167,543691720000,3.98,3203.17,sz399006,创业板指
2025-12-30,3208.32,3251.13,3207.73,206953285,559494560000,4,3242.90,sz399006,创业板指
2025-12-29,3237.77,3250.09,3208.08,196242768,537966380000,3.79,3222.61,sz399006,创业板指
2025-12-26,3232.41,3268.69,3219.13,210934630,571313750000,4.08,3243.88,sz399006,创业板指
2025-12-25,3232.97,3249.11,3200.49,193569997,526293460000,3.74,3239.34,sz399006,创业板指
2025-12-24,3207.41,3235,3193.97,182675050,502569100000,3.53,3229.58,sz399006,创业板指
2025-12-23,3196.31,3227.07,3184.53,183880580,493682520000,3.55,3205.01,sz399006,创业板指
2025-12-22,3153.75,3197.94,3153.75,175227535,482641700000,3.39,3191.98,sz399006,创业板指
2025-12-19,3134.80,3157.29,3112.03,177361917,438271870000,3.44,3122.24,sz399006,创业板指
2025-12-18,3138.66,3154.07,3107.06,169218740,444396000000,3.28,3107.06,sz399006,创业板指
2025-12-17,3072.62,3181.69,3072.62,186868324,488537920000,3.62,3175.91,sz399006,创业板指
2025-12-16,3130.43,3141.58,3058.79,181550894,446175540000,3.52,3071.76,sz399006,创业板指
2025-12-15,3157.32,3184.62,3135.66,180673480,466792580000,3.50,3137.80,sz399006,创业板指
2025-12-12,3172.73,3203.25,3137.63,202785453,560158750000,3.93,3194.36,sz399006,创业板指
2025-12-11,3210.55,3246.32,3163.67,194039411,513225390000,3.76,3163.67,sz399006,创业板指
2025-12-10,3201.38,3220.24,3143.41,185507666,489058570000,3.59,3209,sz399006,创业板指
2025-12-09,3183.61,3235.54,3175.51,194117870,528106020000,3.76,3209.60,sz399006,创业板指
2025-12-08,3119.15,3214.48,3119.15,211907775,581821170000,4.11,3190.27,sz399006,创业板指
2025-12-05,3084.22,3115.81,3048.94,188484887,471739550000,3.65,3109.30,sz399006,创业板指
2025-12-04,3037.05,3075.46,3016.58,175615636,411728070000,3.41,3067.48,sz399006,创业板指
2025-12-03,3078.86,3105.30,3028.70,195851910,466296760000,3.80,3036.79,sz399006,创业板指
2025-12-02,3091.37,3094.18,3056.36,192465241,447296230000,3.72,3071.15,sz399006,创业板指
2025-12-01,3060.56,3093.96,3037.69,210082058,518300910000,4.06,3092.50,sz399006,创业板指
2025-11-28,3029.98,3067.76,3013.49,187381791,456720530000,3.62,3052.59,sz399006,创业板指
2025-11-27,3041.20,3113.44,3027.31,195142886,494734770000,3.76,3031.30,sz399006,创业板指
2025-11-26,2976.70,3081.49,2962.99,212833213,523599030000,4.10,3044.69,sz399006,创业板指
2025-11-25,2970.73,3027.83,2961.93,228087380,522454800000,4.40,2980.93,sz399006,创业板指
2025-11-24,2946.46,2951.43,2892.27,219085909,476216240000,4.23,2929.04,sz399006,创业板指
2025-11-21,2979.37,2996.79,2920.04,246486373,530102720000,4.76,2920.08,sz399006,创业板指
2025-11-20,3131.84,3137.07,3039.38,194502677,445180400000,3.76,3042.34,sz399006,创业板指
2025-11-19,3065.17,3113.22,3061.96,209978109,455663420000,4.05,3076.85,sz399006,创业板指
2025-11-18,3089.38,3115.31,3052.64,224288955,501566750000,4.33,3069.22,sz399006,创业板指
2025-11-17,3097.34,3120.73,3082.23,213074768,486643600000,4.14,3105.20,sz399006,创业板指
2025-11-14,3145.92,3167.11,3111.51,209983125,487920570000,4.09,3111.51,sz399006,创业板指
2025-11-13,3119.09,3209.70,3107.62,206383934,522922950000,4.02,3201.75,sz399006,创业板指
2025-11-12,3122.58,3137.58,3078.64,199842484,487834670000,3.89,3122.03,sz399006,创业板指
2025-11-11,3197.12,3209.89,3130.58,203102230,506695100000,3.95,3134.32,sz399006,创业板指
2025-11-10,3221.93,3236.61,3138.30,205337561,518899320000,4,3178.83,sz399006,创业板指
2025-11-07,3201.26,3240.35,3178.80,199442356,498517530000,3.88,3208.21,sz399006,创业板指
2025-11-06,3185.13,3236.68,3177.60,195826587,501171180000,3.82,3224.62,sz399006,创业板指
2025-11-05,3068.95,3179.93,3068.95,200008334,473630640000,3.90,3166.23,sz399006,创业板指
2025-11-04,3190.40,3207.10,3111.02,191439663,476816600000,3.73,3134.09,sz399006,创业板指
2025-11-03,3179.30,3199.40,3120.85,208981991,535801520000,4.07,3196.87,sz399006,创业板指
2025-10-31,3260.26,3281.66,3187.53,213475247,591529400000,4.16,3187.53,sz399006,创业板指
2025-10-30,3313.79,3331.86,3259.21,217610201,641418560000,4.24,3263.02,sz399006,创业板指
2025-10-29,3263.98,3324.27,3258.69,207178367,616645540000,4.04,3324.27,sz399006,创业板指
2025-10-28,3205.44,3282.33,3205.05,201432398,569336710000,3.93,3229.58,sz399006,创业板指
2025-10-27,3227.18,3241.95,3179.62,207256404,611718600000,4.04,3234.45,sz399006,创业板指
2025-10-24,3087.63,3171.57,3082.06,183073810,526377360000,3.57,3171.57,sz399006,创业板指
2025-10-23,3050.74,3066.46,3003.34,162399491,404538350000,3.17,3062.16,sz399006,创业板指
2025-10-22,3061.27,3089.76,3044.04,158313410,412989920000,3.09,3059.32,sz399006,创业板指
2025-10-21,3017.77,3101.93,2994.76,172028506,475632220000,3.35,3083.72,sz399006,创业板指
2025-10-20,3007.21,3042.20,2970.19,155937611,435092590000,3.04,2993.45,sz399006,创业板指
2025-10-17,3026.40,3042.29,2932.68,178268865,461990890000,3.47,2935.37,sz399006,创业板指
2025-10-16,3008.37,3068.84,3001.10,173471667,473693920000,3.38,3037.44,sz399006,创业板指
2025-10-15,2964.52,3030.59,2927.51,179838526,488635660000,3.51,3025.87,sz399006,创业板指
2025-10-14,3121,3124.83,2943.58,216718242,603426620000,4.23,2955.98,sz399006,创业板指
2025-10-13,2975.03,3096.40,2975.03,210881631,574184690000,4.12,3078.76,sz399006,创业板指
2025-10-10,3230.46,3235.86,3097.63,219702850,617600580000,4.27,3113.26,sz399006,创业板指
2025-10-09,3251.04,3322.44,3243.71,230359686,654497300000,4.47,3261.82,sz399006,创业板指
2025-09-30,3239.33,3279.02,3218.69,196651530,580477830000,3.81,3238.16,sz399006,创业板指
2025-09-29,3165.07,3259.42,3164.80,200825881,570667910000,3.89,3238.01,sz399006,创业板指
2025-09-26,3222.19,3251.88,3150.84,209243820,567076790000,4.06,3151.53,sz399006,创业板指
2025-09-25,3167.75,3266,3161.08,226942858,659766090000,4.40,3235.76,sz399006,创业板指
2025-09-24,3089.90,3185.84,3085.70,221457643,628520760000,4.32,3185.57,sz399006,创业板指
2025-09-23,3139.50,3157.02,3041.46,249119042,665817370000,4.87,3114.55,sz399006,创业板指
2025-09-22,3093.97,3107.89,3053.35,199289291,543771160000,3.89,3107.89,sz399006,创业板指
2025-09-19,3098.28,3128.38,3072.76,226063739,599354630000,4.42,3091,sz399006,创业板指
2025-09-18,3119.77,3168.68,3051.30,310707378,829509320000,6.08,3095.85,sz399006,创业板指
2025-09-17,3085.71,3152.31,3064.77,244207711,662943750000,4.78,3147.35,sz399006,创业板指
2025-09-16,3072.30,3089.78,3020.63,242587260,638221520000,4.75,3087.04,sz399006,创业板指
2025-09-15,3052.06,3106.88,3044.69,224871259,616541060000,4.41,3066.18,sz399006,创业板指
2025-09-12,3024.10,3056.53,3009.90,244051798,675019610000,4.79,3020.42,sz399006,创业板指
2025-09-11,2917.77,3053.75,2899.83,247034712,698915040000,4.85,3053.75,sz399006,创业板指
2025-09-10,2890.05,2926.16,2860.26,201444180,563107740000,3.95,2904.27,sz399006,创业板指
2025-09-09,2901.29,2924.58,2843.67,216032269,568078480000,4.24,2867.97,sz399006,创业板指
2025-09-08,2964.43,2964.43,2883.26,246417816,694518530000,4.84,2933.25,sz399006,创业板指
2025-09-05,2789.91,2962.47,2775.17,241521965,671992140000,4.74,2958.18,sz399006,创业板指
2025-09-04,2933.68,2956.41,2741.08,256229516,711729440000,5.03,2776.25,sz399006,创业板指
2025-09-03,2882.84,2926.78,2859.51,244128872,652655660000,4.79,2899.37,sz399006,创业板指
2025-09-02,2951.03,2979.73,2839.92,300447509,797341340000,5.90,2872.22,sz399006,创业板指
2025-09-01,2914.64,2958.14,2886.73,276014321,727001510000,5.42,2956.37,sz399006,创业板指
2025-08-29,2828.01,2933.99,2809.32,284075157,763779380000,5.58,2890.13,sz399006,创业板指
2025-08-28,2707.34,2827.17,2707.34,341026597,830114970000,6.70,2827.17,sz399006,创业板指
2025-08-27,2747.50,2822.27,2723.20,363608516,878307270000,7.15,2723.20,sz399006,创业板指
2025-08-26,2747.11,2773.24,2726.72,307531115,741435050000,6.05,2742.13,sz399006,创业板指
2025-08-25,2720.28,2782.01,2700.28,352036541,866162740000,6.92,2762.99,sz399006,创业板指
2025-08-22,2587.53,2683.90,2587.53,293811031,690572810000,5.78,2682.55,sz399006,创业板指
2025-08-21,2614.91,2626.37,2582.05,292433377,648034830000,5.75,2595.47,sz399006,创业板指
2025-08-20,2572.01,2608,2547.44,283145029,643538680000,5.57,2607.65,sz399006,创业板指
2025-08-19,2596.58,2634.60,2586.95,324363016,755313950000,6.38,2601.74,sz399006,创业板指
2025-08-18,2549.55,2633.86,2529.25,361326575,829586440000,7.11,2606.20,sz399006,创业板指
2025-08-15,2464.67,2541.89,2464.67,280039651,652239420000,5.52,2534.22,sz399006,创业板指
2025-08-14,2496.63,2513.37,2463.86,293131579,644317910000,5.78,2469.66,sz399006,创业板指
2025-08-13,2417.47,2497.86,2414.48,272434252,631372430000,5.37,2496.50,sz399006,创业板指
2025-08-12,2381.16,2409.40,2368.81,244883792,545327210000,4.82,2409.40,sz399006,创业板指
2025-08-11,2336.93,2384.86,2336.93,244909805,530898990000,4.83,2379.82,sz399006,创业板指
2025-08-08,2338.25,2353.99,2330.01,243495473,500290280000,4.79,2333.96,sz399006,创业板指
2025-08-07,2359.42,2372.68,2322.81,257978554,547650850000,5.09,2342.86,sz399006,创业板指
2025-08-06,2335.95,2359.82,2335.95,254893313,521782310000,5.03,2358.95,sz399006,创业板指
2025-08-05,2349.44,2351,2323.74,225177287,475628160000,4.44,2343.38,sz399006,创业板指
2025-08-04,2307.37,2334.43,2304.48,211838848,434925190000,4.18,2334.32,sz399006,创业板指
2025-08-01,2323.92,2348.02,2304.39,228168384,465280870000,4.50,2322.63,sz399006,创业板指
2025-07-31,2382.97,2394.22,2321.72,252753645,541201300000,4.99,2328.31,sz399006,创业板指
2025-07-30,2395.86,2395.89,2349.18,250304909,499872990000,4.95,2367.68,sz399006,创业板指
2025-07-29,2362.77,2406.59,2355.38,230716099,492234720000,4.56,2406.59,sz399006,创业板指
2025-07-28,2346.38,2366.51,2334.16,216864238,450381940000,4.29,2362.60,sz399006,创业板指
2025-07-25,2348.28,2350.06,2332.02,225715186,431936900000,4.43,2340.06,sz399006,创业板指
2025-07-24,2319.25,2345.37,2318.42,233231978,458237290000,4.42,2345.37,sz399006,创业板指
2025-07-23,2308.11,2333.31,2304.63,234159582,448738030000,4.44,2310.67,sz399006,创业板指
2025-07-22,2295.36,2313.46,2290.38,242464648,481258170000,4.60,2310.86,sz399006,创业板指
2025-07-21,2285.41,2297.14,2273.81,225424052,444016670000,4.28,2296.88,sz399006,创业板指
2025-07-18,2279.67,2296.91,2263.97,211967077,432492030000,4.02,2277.15,sz399006,创业板指
2025-07-17,2228.52,2269.67,2228.52,213485493,443117310000,4.05,2269.33,sz399006,创业板指
2025-07-16,2241.21,2259.64,2227.82,205109817,429014880000,3.89,2230.19,sz399006,创业板指
2025-07-15,2211.40,2245.44,2209.90,224843887,447437700000,4.27,2235.05,sz399006,创业板指
2025-07-14,2207.54,2208.08,2189.08,202146011,387275030000,3.84,2197.07,sz399006,创业板指
2025-07-11,2190.01,2223.31,2181.19,238426461,460007390000,4.53,2207.10,sz399006,创业板指
2025-07-10,2192.99,2199.71,2174.21,220559910,419452680000,4.19,2189.58,sz399006,创业板指
2025-07-09,2179.32,2204.64,2179.11,233669091,435507750000,4.44,2184.67,sz399006,创业板指
2025-07-08,2129.49,2183.06,2129.49,228272821,436540340000,4.34,2181.08,sz399006,创业板指
2025-07-07,2148.93,2155.69,2126.32,188872554,346509410000,3.59,2130.19,sz399006,创业板指
2025-07-04,2168.35,2187.88,2153.62,232294631,420451540000,4.42,2156.23,sz399006,创业板指
2025-07-03,2130.74,2168.61,2130.74,219337576,382001350000,4.17,2164.09,sz399006,创业板指
2025-07-02,2140.14,2140.14,2118.55,234278871,393780270000,4.45,2123.72,sz399006,创业板指
2025-07-01,2149.22,2152.92,2134.57,248615116,444490170000,4.73,2147.92,sz399006,创业板指
2025-06-30,2132.93,2154,2128.78,238472882,462140240000,4.55,2153.01,sz399006,创业板指
2025-06-27,2125.85,2146.04,2112.75,242281223,464562100000,4.61,2124.34,sz399006,创业板指
2025-06-26,2128.86,2142.21,2113.14,269411209,510182490000,5.13,2114.43,sz399006,创业板指
2025-06-25,2073.26,2133.03,2072.87,267537197,518421000000,5.09,2128.39,sz399006,创业板指
2025-06-24,2024.70,2065.84,2024.70,247840301,441660060000,4.72,2064.13,sz399006,创业板指
2025-06-23,1996.96,2021.76,1996.96,200250341,340328390000,3.81,2017.63,sz399006,创业板指
2025-06-20,2026.88,2036.02,2007.51,190308016,326385570000,3.62,2009.89,sz399006,创业板指
2025-06-19,2049.18,2057.77,2021.18,221788483,386860750000,4.23,2026.82,sz399006,创业板指
2025-06-18,2046.69,2059.38,2039.25,211304448,371847690000,4.03,2054.73,sz399006,创业板指
2025-06-17,2061.47,2063.08,2045.05,216853533,372991720000,4.14,2049.94,sz399006,创业板指
2025-06-16,2038.70,2062.42,2038.70,203702624,357646690000,3.90,2057.32,sz399006,创业板指
2025-06-13,2054.97,2065.87,2036.96,241780969,410506200000,4.63,2043.82,sz399006,创业板指
2025-06-12,2057.20,2076.84,2051.24,214021326,378571830000,4.10,2067.15,sz399006,创业板指
2025-06-11,2044.28,2076.91,2044.28,208455831,360485160000,3.99,2061.87,sz399006,创业板指
2025-06-10,2057.97,2063.87,2023.17,237687808,411801080000,4.55,2037.27,sz399006,创业板指
2025-06-09,2046.43,2075.58,2045.64,202827466,368246990000,3.89,2061.29,sz399006,创业板指
2025-06-06,2047.87,2051.91,2034.10,178108991,322931590000,3.42,2039.44,sz399006,创业板指
2025-06-05,2026.63,2053.56,2014.44,208483808,370015880000,4,2048.61,sz399006,创业板指
2025-06-04,2009.37,2030.92,2009.37,185041493,319493750000,3.55,2024.93,sz399006,创业板指
2025-06-03,1986.54,2012.24,1985.57,185115747,307126790000,3.57,2002.70,sz399006,创业板指
2025-05-30,2002.73,2004.50,1988.19,192070841,321041250000,3.70,1993.19,sz399006,创业板指
2025-05-29,1988.32,2016.21,1986.63,196153778,336645290000,3.78,2012.55,sz399006,创业板指
2025-05-28,1996.49,2001.95,1981.67,160736605,272207030000,3.09,1985.38,sz399006,创业板指
2025-05-27,2001.62,2001.62,1983.90,150972274,263612540000,2.91,1991.64,sz399006,创业板指
2025-05-26,2016.37,2023.49,1991.78,147787119,268696370000,2.85,2005.26,sz399006,创业板指
2025-05-23,2043.20,2060.09,2021.50,178391659,312868340000,3.44,2021.50,sz399006,创业板指
2025-05-22,2065.41,2065.41,2043.89,169780258,294063100000,3.27,2045.57,sz399006,创业板指
2025-05-21,2052,2077.48,2050.21,175588279,316019350000,3.39,2065.39,sz399006,创业板指
2025-05-20,2041.50,2059.52,2025.86,185317150,324213470000,3.57,2048.46,sz399006,创业板指
2025-05-19,2038.05,2038.05,2017.17,165912587,290243250000,3.20,2032.76,sz399006,创业板指
2025-05-16,2035.87,2050.89,2035.87,163275755,298445410000,3.15,2039.45,sz399006,创业板指
2025-05-15,2076.04,2076.04,2043.10,176731703,315808350000,3.42,2043.25,sz399006,创业板指
2025-05-14,2062.27,2103.37,2051.82,193291895,369453720000,3.74,2083.14,sz399006,创业板指
2025-05-13,2091.35,2091.35,2058.74,197528876,368205270000,3.82,2062.26,sz399006,创业板指
2025-05-12,2042.90,2066.31,2038.34,194830717,368144460000,3.77,2064.71,sz399006,创业板指
2025-05-09,2028.43,2028.43,2004.48,192034207,336019100000,3.71,2011.77,sz399006,创业板指
2025-05-08,1994.05,2036.10,1991.65,207994995,375792950000,4.02,2029.45,sz399006,创业板指
2025-05-07,2024.30,2035.47,1982.37,236535048,415009150000,4.57,1996.51,sz399006,创业板指
2025-05-06,1966.97,1988.05,1964.46,204520480,362505030000,3.95,1986.41,sz399006,创业板指
2025-04-30,1936.12,1954.62,1931.84,166298856,293365800000,3.22,1948.03,sz399006,创业板指
2025-04-29,1929.27,1941.17,1923.86,159664563,270700340000,3.08,1931.94,sz399006,创业板指
2025-04-28,1951.16,1951.16,1930.06,162391960,263018610000,3.16,1934.46,sz399006,创业板指
2025-04-25,1941.81,1960.63,1937.71,169975509,291634270000,3.29,1947.19,sz399006,创业板指
2025-04-24,1946.23,1958.22,1930.90,181545884,305859190000,3.52,1935.86,sz399006,创业板指
2025-04-23,1950.44,1962.68,1935.68,199995890,346460820000,3.87,1949.16,sz399006,创业板指
2025-04-22,1933.83,1939.69,1923.37,171458149,281085870000,3.32,1928.43,sz399006,创业板指
2025-04-21,1910.90,1947.56,1901.81,167432537,277261580000,3.24,1944.32,sz399006,创业板指
2025-04-18,1904.99,1917.59,1898.78,146860953,234120280000,2.84,1913.97,sz399006,创业板指
2025-04-17,1893.02,1923.53,1892.47,150012821,248279990000,2.90,1908.78,sz399006,创业板指
2025-04-16,1918.03,1919.09,1879.78,170499714,273040790000,3.30,1907.11,sz399006,创业板指
2025-04-15,1933.89,1940.75,1918.44,168422550,273743110000,3.26,1930.40,sz399006,创业板指
2025-04-14,1954.05,1956.16,1928.63,191935063,323184010000,3.72,1932.91,sz399006,创业板指
2025-04-11,1885.86,1943.43,1884.60,202378237,348882510000,3.92,1926.37,sz399006,创业板指
2025-04-10,1920.64,1944.10,1897.34,256686850,425156590000,4.97,1900.53,sz399006,创业板指
2025-04-09,1805.46,1872.93,1777.25,279452297,418890420000,5.41,1858.36,sz399006,创业板指
2025-04-08,1837.54,1877.44,1812.13,256682141,390333760000,4.97,1840.31,sz399006,创业板指
2025-04-07,1925.64,1939.27,1756.64,304075576,464672650000,5.89,1807.21,sz399006,创业板指
2025-04-03,2078.15,2097.67,2057.63,163979246,298990000000,3.17,2065.40,sz399006,创业板指
2025-04-02,2103.39,2121.56,2097.82,151329115,265072520000,2.92,2104.63,sz399006,创业板指
2025-04-01,2108.46,2127.54,2100.30,171368258,303716940000,3.32,2101.88,sz399006,创业板指
2025-03-31,2117.88,2123.87,2087.13,186061401,321330780000,3.60,2103.70,sz399006,创业板指
2025-03-28,2140.07,2152.40,2128.21,179554641,299470080000,3.48,2128.21,sz399006,创业板指
2025-03-27,2130.49,2165.16,2117.75,191716879,324723520000,3.71,2145.10,sz399006,创业板指
2025-03-26,2143.12,2157.78,2139.90,184203191,307612310000,3.58,2139.90,sz399006,创业板指
2025-03-25,2154.20,2165.01,2136.61,198697315,347104340000,3.86,2145.48,sz399006,创业板指
2025-03-24,2154.67,2160.46,2125.13,243858778,400225320000,4.74,2152.55,sz399006,创业板指
2025-03-21,2193.36,2201.42,2149.09,260886417,433846880000,5.07,2152.28,sz399006,创业板指
2025-03-20,2220.50,2221.61,2198.38,235839545,416932300000,4.58,2200.03,sz399006,创业板指
2025-03-19,2221.60,2237.95,2208.26,229680955,440646530000,4.46,2222.35,sz399006,创业板指
2025-03-18,2225.20,2242.22,2215.37,238408415,461631430000,4.63,2228.64,sz399006,创业板指
2025-03-17,2230.85,2233.33,2212.02,245505172,461676730000,4.78,2215.13,sz399006,创业板指
2025-03-14,2165.53,2233.83,2161.89,265860088,507505990000,5.17,2226.72,sz399006,创业板指
2025-03-13,2189.47,2200.91,2154.95,250422746,457459230000,4.87,2166,sz399006,创业板指
2025-03-12,2211.15,2214.97,2191.10,266044504,497412150000,5.18,2191.27,sz399006,创业板指
2025-03-11,2172.18,2204.03,2171.27,220927831,413787150000,4.30,2204.03,sz399006,创业板指
2025-03-10,2211.10,2217.77,2182.58,231584299,438592530000,4.51,2199.88,sz399006,创业板指
2025-03-07,2221.91,2226,2195.13,287065098,551841090000,5.60,2205.31,sz399006,创业板指
2025-03-06,2204.25,2243.28,2202.01,306910775,592297160000,5.99,2234.69,sz399006,创业板指
2025-03-05,2190.58,2200.87,2173.90,233260677,442270540000,4.55,2190.36,sz399006,创业板指
2025-03-04,2170.99,2193.53,2161.06,225876166,427875700000,4.40,2190.08,sz399006,创业板指
2025-03-03,2176.82,2232.20,2161.36,247920944,472696220000,4.84,2196.52,sz399006,创业板指
2025-02-28,2238.34,2240.78,2163.69,281464504,530902060000,5.49,2170.39,sz399006,创业板指
2025-02-27,2268.50,2279.39,2225.53,307273306,596467080000,6,2256.51,sz399006,创业板指
2025-02-26,2246.95,2268.57,2232.31,297225033,586936950000,5.80,2268.22,sz399006,创业板指
2025-02-25,2227.29,2265.91,2224.46,292711324,561872270000,5.71,2240.59,sz399006,创业板指
2025-02-24,2277.15,2283.79,2245.61,314290011,619405610000,6.13,2266.24,sz399006,创业板指
2025-02-21,2228.92,2284.04,2228.92,333039973,669308760000,6.50,2281.51,sz399006,创业板指
2025-02-20,2222.37,2233.98,2204.64,280378857,537322160000,5.47,2225.58,sz399006,创业板指
2025-02-19,2174.96,2228.48,2174.01,260631356,507339430000,5.09,2226.98,sz399006,创业板指
2025-02-18,2223.48,2231.28,2173.54,294210590,532993910000,5.74,2182.57,sz399006,创业板指
2025-02-17,2243.66,2245.37,2208.77,326355461,594941330000,6.37,2226.62,sz399006,创业板指
2025-02-14,2176.32,2223.39,2176.21,286996251,515645990000,5.60,2215.30,sz399006,创业板指
2025-02-13,2186.14,2203.64,2175.42,284591869,518915990000,5.56,2176.16,sz399006,创业板指
2025-02-12,2144.73,2194.10,2142.05,258849275,494031080000,5.05,2191.76,sz399006,创业板指
2025-02-11,2182.91,2182.91,2150.47,266477049,487815480000,5.20,2152.73,sz399006,创业板指
2025-02-10,2183.78,2188.13,2156.76,279950659,512227310000,5.47,2183.88,sz399006,创业板指
2025-02-07,2127.14,2200.10,2122.35,308397999,589808760000,6.02,2174.35,sz399006,创业板指
2025-02-06,2059.45,2120.79,2056.18,248973902,464949310000,4.86,2120.75,sz399006,创业板指
2025-02-05,2082.99,2083.01,2054.37,204368036,378666290000,3.99,2062.92,sz399006,创业板指
2025-01-27,2119.17,2123.15,2063.82,177520122,324013510000,3.46,2063.82,sz399006,创业板指
2025-01-24,2084.13,2131.55,2084.13,200051426,360783250000,3.90,2121.84,sz399006,创业板指
2025-01-23,2125.30,2151.48,2093.31,210268257,387834330000,4.10,2093.31,sz399006,创业板指
2025-01-22,2103.83,2110.90,2081.08,165662666,321487930000,3.22,2101.03,sz399006,创业板指
2025-01-21,2125.07,2125.07,2090.32,182508851,331501650000,3.56,2112.39,sz399006,创业板指
2025-01-20,2090.14,2118.74,2090.07,177274295,323976750000,3.46,2104.73,sz399006,创业板指
2025-01-17,2041.71,2083.20,2041.58,170885961,310265770000,3.34,2067.27,sz399006,创业板指
2025-01-16,2051.09,2084.23,2029.82,203899551,354789530000,3.98,2051.35,sz399006,创业板指
2025-01-15,2064.48,2064.48,2032.57,195449289,329023930000,3.81,2037.93,sz399006,创业板指
2025-01-14,1989.39,2076.96,1979.14,227021058,386165590000,4.43,2075.76,sz399006,创业板指
2025-01-13,1953.89,1998.50,1953.82,152288463,245669170000,2.97,1982.46,sz399006,创业板指
2025-01-10,2006.55,2024.43,1975.30,178384005,295340670000,3.48,1975.30,sz399006,创业板指
2025-01-09,1994.81,2025.31,1994.70,174244808,287453520000,3.41,2010.66,sz399006,创业板指
2025-01-08,2011.75,2029.02,1963.81,195527839,316548210000,3.83,2008.44,sz399006,创业板指
2025-01-07,1996,2028.75,1988.42,168570529,277786420000,3.30,2028.36,sz399006,创业板指
2025-01-06,2018.25,2033.27,2000.86,169375612,260608780000,3.31,2014.19,sz399006,创业板指
2025-01-03,2062.40,2067.41,2015.96,206064912,324932850000,4.03,2015.97,sz399006,创业板指
2025-01-02,2136.92,2137.65,2040.38,196587395,342439640000,3.85,2060.44,sz399006,创业板指
2024-12-31,2202.18,2207.31,2141.60,199428413,352199460000,3.91,2141.60,sz399006,创业板指
2024-12-30,2198.86,2218.74,2198.12,187201460,342205730000,3.67,2206.29,sz399006,创业板指
2024-12-27,2209.71,2235.56,2196.29,207513529,385898230000,4.07,2204.90,sz399006,创业板指
2024-12-26,2200.32,2219.69,2193.59,184436467,347293430000,3.62,2209.85,sz399006,创业板指
2024-12-25,2215.61,2216.36,2187,203868100,337460270000,4.00,2201.30,sz399006,创业板指
2024-12-24,2190.47,2215.19,2187.78,200966406,349402390000,3.95,2213.55,sz399006,创业板指
2024-12-23,2205.69,2223.64,2185.35,245538770,409610370000,4.82,2187.94,sz399006,创业板指
2024-12-20,2209.38,2234.13,2201.94,230049274,427247920000,4.52,2209.66,sz399006,创业板指
2024-12-19,2178.46,2220.43,2174.94,221719261,375784420000,4.36,2213.54,sz399006,创业板指
2024-12-18,2207.18,2216,2192.60,216481476,354895980000,4.26,2202.14,sz399006,创业板指
2024-12-17,2197.13,2233.17,2197.13,248753481,397265270000,4.89,2201.18,sz399006,创业板指
2024-12-16,2232.62,2234.19,2192.25,273787934,450274740000,5.38,2201.53,sz399006,创业板指
2024-12-13,2272.27,2276.13,2234.17,328537971,561357990000,6.46,2235.26,sz399006,创业板指
2024-12-12,2257.31,2302.64,2256.07,308420591,510495450000,6.07,2292.15,sz399006,创业板指
2024-12-11,2260.70,2278.79,2251.35,294926754,488392480000,5.80,2261.58,sz399006,创业板指
2024-12-10,2358.29,2358.49,2258.02,368365343,633302800000,7.25,2264.05,sz399006,创业板指
2024-12-09,2265.19,2273.08,2229.51,275288754,441668690000,5.42,2248.63,sz399006,创业板指
2024-12-06,2219.91,2289.81,2213.32,315853926,509916080000,6.22,2267.06,sz399006,创业板指
2024-12-05,2207.50,2237.09,2207.50,270063838,440343430000,5.32,2221.46,sz399006,创业板指
2024-12-04,2237.65,2246.04,2204.39,289942124,459314970000,5.71,2213.41,sz399006,创业板指
2024-12-03,2252.75,2261.39,2224.69,306481107,482235800000,6.04,2245.50,sz399006,创业板指
2024-12-02,2212.36,2261.14,2210.86,311350090,505969430000,6.13,2255.50,sz399006,创业板指
2024-11-29,2162.52,2264.68,2162.52,302880301,501365260000,5.97,2224,sz399006,创业板指
2024-11-28,2204.49,2206.85,2165.53,276399803,419813250000,5.45,2169.80,sz399006,创业板指
2024-11-27,2136.71,2209.16,2119.54,258006971,401330160000,5.09,2208.78,sz399006,创业板指
2024-11-26,2163.37,2187.12,2148.14,233179805,360457120000,4.60,2150.10,sz399006,创业板指
2024-11-25,2184.10,2193.68,2140.48,251575908,398471230000,4.96,2175.18,sz399006,创业板指
2024-11-22,2257.95,2269.27,2175.57,301571728,489001760000,5.95,2175.57,sz399006,创业板指
2024-11-21,2254.27,2281.16,2248.38,282320627,463565220000,5.57,2265.87,sz399006,创业板指
2024-11-20,2242.60,2283.75,2239.77,288681253,465811760000,5.70,2267.85,sz399006,创业板指
2024-11-19,2200.13,2261.59,2173.45,244199501,409157860000,4.82,2256.61,sz399006,创业板指
2024-11-18,2244.32,2254.92,2173.18,283518400,466115250000,5.60,2190.95,sz399006,创业板指
2024-11-15,2318.94,2338.56,2243.62,289330900,518610190000,5.72,2243.62,sz399006,创业板指
2024-11-14,2411.29,2419.69,2331.68,270788688,494484900000,5.35,2334.96,sz399006,创业板指
2024-11-13,2367.16,2427.16,2345.06,299809058,561278090000,5.92,2417.25,sz399006,创业板指
2024-11-12,2416.21,2448.20,2362.57,378754158,707260630000,7.48,2390.80,sz399006,创业板指
2024-11-11,2298.62,2393.58,2296.32,377529598,706763480000,7.46,2392.44,sz399006,创业板指
2024-11-08,2396.87,2402.38,2317.51,413769211,747609090000,8.18,2321.59,sz399006,创业板指
2024-11-07,2244.96,2350.76,2240.25,405904223,678138690000,8.02,2350.76,sz399006,创业板指
2024-11-06,2290.67,2360.88,2247.04,403030177,728928560000,7.97,2265.83,sz399006,创业板指
2024-11-05,2184.90,2301.99,2172.52,350837107,638795090000,6.94,2289.84,sz399006,创业板指
2024-11-04,2122.98,2187.38,2122.98,254734109,432571050000,5.04,2185.98,sz399006,创业板指
2024-11-01,2149.94,2166.52,2120.73,372803871,600618210000,7.37,2123.74,sz399006,创业板指
2024-10-31,2145.66,2204.86,2130.27,371664787,648857390000,7.35,2164.46,sz399006,创业板指
2024-10-30,2156.28,2179.94,2127.63,327522148,556470810000,6.48,2151.51,sz399006,创业板指
2024-10-29,2231.82,2239.26,2175.81,371919397,631639270000,7.36,2177.31,sz399006,创业板指
2024-10-28,2228.08,2236.47,2198.89,346139425,575603200000,6.85,2229.12,sz399006,创业板指
2024-10-25,2190.39,2277.17,2180.22,322255605,583754160000,6.38,2238.90,sz399006,创业板指
2024-10-24,2187.24,2203.02,2168.24,281830987,498240140000,5.58,2175.10,sz399006,创业板指
2024-10-23,2202.82,2252.52,2186.18,364039646,636530070000,7.21,2205.30,sz399006,创业板指
2024-10-22,2205.40,2226.93,2180,393491044,681283420000,7.80,2216.99,sz399006,创业板指
2024-10-21,2211.39,2266.60,2182.23,422190731,779790360000,8.36,2210.34,sz399006,创业板指
2024-10-18,2027.65,2273,2027.65,394063786,723220590000,7.81,2195.10,sz399006,创业板指
2024-10-17,2057.96,2081.09,2031.99,311792011,525535950000,6.18,2033.48,sz399006,创业板指
2024-10-16,2037.74,2081.32,2026.52,279261270,467443390000,5.54,2039.95,sz399006,创业板指
2024-10-15,2139.65,2175.95,2085.82,340562162,580661560000,6.77,2085.99,sz399006,创业板指
2024-10-14,2119.39,2163.27,2062.45,304822028,501816950000,6.06,2155.40,sz399006,创业板指
2024-10-11,2173.71,2191.40,2066.58,308048402,489125610000,6.12,2100.87,sz399006,创业板指
2024-10-10,2291.22,2327.60,2181.08,370748055,633252190000,7.37,2212.91,sz399006,创业板指
2024-10-09,2426.75,2514.29,2278.82,517017791,925417600000,10.28,2280.10,sz399006,创业板指
2024-10-08,2576.22,2576.22,2336.44,568395219,968726100000,11.31,2550.28,sz399006,创业板指
2024-09-30,1994.26,2182.39,1966.34,478321402,674726240000,9.51,2175.09,sz399006,创业板指
2024-09-27,1751.33,1919.79,1751.33,331881713,439464380000,6.61,1885.49,sz399006,创业板指
2024-09-26,1638.53,1716.01,1625.66,226173043,270723820000,4.50,1714.14,sz399006,创业板指
2024-09-25,1652.83,1679.64,1639.68,237541061,277723520000,4.74,1641.54,sz399006,创业板指
2024-09-24,1545.90,1616.07,1532.52,195898358,230005050000,3.90,1615.32,sz399006,创业板指
2024-09-23,1538.05,1548.41,1528.94,122125585,135566380000,2.43,1530.51,sz399006,创业板指
2024-09-20,1546.77,1546.77,1525.68,130056811,138633350000,2.59,1536.60,sz399006,创业板指
2024-09-19,1543.32,1565.21,1520.72,133867092,144147770000,2.67,1546.47,sz399006,创业板指
2024-09-18,1533.38,1540.08,1522.54,114234684,113051130000,2.28,1533.47,sz399006,创业板指
2024-09-13,1552.28,1556.66,1535.17,125952971,133804830000,2.51,1535.17,sz399006,创业板指
2024-09-12,1566.40,1577.17,1551.03,125330161,136809190000,2.50,1551.81,sz399006,创业板指
2024-09-11,1539.85,1563.09,1535.62,112826588,126571390000,2.25,1558.33,sz399006,创业板指
2024-09-10,1540.21,1551.61,1522.88,126680539,135542270000,2.53,1539.98,sz399006,创业板指
2024-09-09,1528.65,1547.73,1526.24,117873664,123532850000,2.35,1539.04,sz399006,创业板指
2024-09-06,1564.33,1566.57,1537.38,139270896,146294610000,2.78,1538.07,sz399006,创业板指
2024-09-05,1554.88,1576.03,1554.88,137123466,147944470000,2.74,1564.72,sz399006,创业板指
2024-09-04,1541.90,1569.89,1540.17,137451388,154054140000,2.74,1554.64,sz399006,创业板指
2024-09-03,1533.57,1561.86,1533.46,138750336,148965410000,2.77,1556.32,sz399006,创业板指
2024-09-02,1577.44,1581.87,1536.53,161414596,176805150000,3.22,1536.95,sz399006,创业板指
2024-08-30,1543.89,1601.16,1543.89,201726850,227965940000,4.03,1580.46,sz399006,创业板指
2024-08-29,1512.37,1551.54,1512.17,143849682,165397080000,2.87,1541.40,sz399006,创业板指
2024-08-28,1526.67,1534.54,1522.48,123543084,129238020000,2.47,1531.45,sz399006,创业板指
2024-08-27,1537.81,1541.93,1526.61,133754749,139798360000,2.67,1530.74,sz399006,创业板指
2024-08-26,1550.04,1557.91,1540.52,136719345,149063970000,2.73,1545.31,sz399006,创业板指
2024-08-23,1540.52,1555.01,1537.78,140019731,144714750000,2.80,1546.90,sz399006,创业板指
2024-08-22,1559.68,1563.37,1544.91,149584982,154461680000,2.99,1546.63,sz399006,创业板指
2024-08-21,1561.24,1572.47,1556.93,146118100,148705210000,2.92,1558.51,sz399006,创业板指
2024-08-20,1590.17,1591.88,1565.43,163251088,156885840000,3.27,1567.97,sz399006,创业板指
2024-08-19,1589.21,1608.27,1588.22,163609101,167349090000,3.28,1589.29,sz399006,创业板指
2024-08-16,1594.51,1603.43,1587.41,172590183,175681170000,3.46,1591.46,sz399006,创业板指
2024-08-15,1581.15,1608.95,1581.05,161888002,159307590000,3.26,1592.71,sz399006,创业板指
2024-08-14,1606.44,1606.44,1584.33,123258597,129270010000,2.48,1584.33,sz399006,创业板指
2024-08-13,1592.04,1607.26,1587.52,112275494,121896300000,2.26,1607.19,sz399006,创业板指
2024-08-12,1596.41,1601.85,1589.09,124201843,129209230000,2.50,1592.39,sz399006,创业板指
2024-08-09,1621.84,1628.53,1595.64,125398160,138758650000,2.52,1595.64,sz399006,创业板指
2024-08-08,1611.26,1628.66,1598.68,140737680,155754580000,2.83,1611.51,sz399006,创业板指
2024-08-07,1624.06,1632.64,1618.39,127274048,149033940000,2.56,1620.33,sz399006,创业板指
2024-08-06,1628.12,1638.48,1612,135072729,156066990000,2.72,1627.36,sz399006,创业板指
2024-08-05,1621.19,1656.09,1607.24,160975517,191997160000,3.24,1607.29,sz399006,创业板指
2024-08-02,1649.84,1671.36,1635.44,152571434,192044650000,3.07,1638.30,sz399006,创业板指
2024-08-01,1690.22,1694.59,1663.08,152988021,199016640000,3.08,1665.97,sz399006,创业板指
2024-07-31,1623.04,1689.49,1623.04,176722511,223936180000,3.56,1688.14,sz399006,创业板指
2024-07-30,1629.18,1637.21,1621.94,127732992,155469910000,2.57,1630.95,sz399006,创业板指
2024-07-29,1653.39,1653.39,1634.51,125779956,157247430000,2.53,1635.67,sz399006,创业板指
2024-07-26,1649.34,1670.21,1646.63,120601899,152753060000,2.43,1659.53,sz399006,创业板指
2024-07-25,1641.68,1658.13,1638.54,113167757,149046340000,2.26,1644.45,sz399006,创业板指
2024-07-24,1666.62,1682.96,1645.75,125619573,160531750000,2.51,1650.91,sz399006,创业板指
2024-07-23,1721.93,1722.08,1671.44,129222829,166042040000,2.58,1671.44,sz399006,创业板指
2024-07-22,1729.28,1735.60,1713.37,116734816,159536490000,2.33,1723.91,sz399006,创业板指
2024-07-19,1706.84,1731.13,1706.58,112804412,163343760000,2.26,1725.49,sz399006,创业板指
2024-07-18,1680.34,1718.82,1678.56,123280140,176188860000,2.47,1717.71,sz399006,创业板指
2024-07-17,1691.95,1707.61,1684.94,118540995,166546720000,2.38,1696.45,sz399006,创业板指
2024-07-16,1671.92,1697.14,1671.31,111812855,163191500000,2.24,1696.34,sz399006,创业板指
2024-07-15,1674.89,1679.88,1665.34,113706095,147967570000,2.28,1673.01,sz399006,创业板指
2024-07-12,1680.14,1692.89,1672.67,127051918,173422500000,2.55,1683.63,sz399006,创业板指
2024-07-11,1673.54,1694.78,1658.96,150981924,199754870000,3.03,1685.12,sz399006,创业板指
2024-07-10,1642.86,1668.09,1641.84,127403413,168959740000,2.56,1651.11,sz399006,创业板指
2024-07-09,1625.52,1660.33,1614.61,140807415,181861750000,2.83,1652.12,sz399006,创业板指
2024-07-08,1651.64,1652.19,1624.55,120643899,142701920000,2.43,1628.76,sz399006,创业板指
2024-07-05,1648.74,1662.32,1631.89,121512146,143922770000,2.45,1655.59,sz399006,创业板指
2024-07-04,1666.39,1674.75,1647.22,127601702,152758090000,2.57,1647.22,sz399006,创业板指
2024-07-03,1664.99,1675.65,1648.24,132562223,157957250000,2.67,1660.12,sz399006,创业板指
2024-07-02,1677.67,1683.85,1660.32,133355164,172136530000,2.69,1665.04,sz399006,创业板指
2024-07-01,1679.66,1689.54,1652.01,121717408,169866290000,2.46,1682.69,sz399006,创业板指
2024-06-28,1696.94,1720.95,1680.42,137311588,189077560000,2.77,1683.43,sz399006,创业板指
2024-06-27,1719.78,1721,1702.24,130436010,176819760000,2.64,1703.20,sz399006,创业板指
2024-06-26,1700.95,1733.79,1696.12,134782740,177948030000,2.71,1730.64,sz399006,创业板指
2024-06-25,1724.64,1729.22,1691.02,120861142,164448690000,2.44,1700.02,sz399006,创业板指
2024-06-24,1745.93,1755.52,1729.10,132205531,174328990000,2.66,1731.51,sz399006,创业板指
2024-06-21,1756.67,1762.43,1742.47,112781933,161582500000,2.27,1755.88,sz399006,创业板指
2024-06-20,1787.24,1793.71,1761.65,140965490,196278870000,2.84,1762.70,sz399006,创业板指
2024-06-19,1816.06,1816.06,1788.17,139592578,200310060000,2.82,1788.50,sz399006,创业板指
2024-06-18,1805.16,1822.11,1802.63,135486712,200164040000,2.74,1811.36,sz399006,创业板指
2024-06-17,1780.94,1811,1780.51,121762035,190652320000,2.46,1806.19,sz399006,创业板指
2024-06-14,1777.28,1792.80,1758.89,129081811,212608000000,2.61,1791.36,sz399006,创业板指
2024-06-13,1786.11,1799.09,1776.08,128656665,190676050000,2.60,1777.79,sz399006,创业板指
2024-06-12,1779.32,1789.41,1778.13,126999546,174965480000,2.57,1779.42,sz399006,创业板指
2024-06-11,1766.92,1791,1761.58,122648145,168041550000,2.48,1787.30,sz399006,创业板指
2024-06-07,1812.46,1820.74,1764.84,133117037,182415900000,2.70,1781.07,sz399006,创业板指
2024-06-06,1840.25,1845.55,1815.28,172431872,216374280000,3.50,1820.45,sz399006,创业板指
2024-06-05,1840.08,1858.69,1833.55,135998891,182175290000,2.76,1833.55,sz399006,创业板指
2024-06-04,1816.37,1848.56,1815.07,148829486,201924040000,3.03,1843.59,sz399006,创业板指
2024-06-03,1806.41,1823.51,1800.20,151953408,215819690000,3.09,1819.46,sz399006,创业板指
2024-05-31,1812.61,1831.71,1805.11,140767251,198011040000,2.86,1805.11,sz399006,创业板指
2024-05-30,1810.66,1820.29,1805.35,129004866,179770180000,2.63,1813.15,sz399006,创业板指
2024-05-29,1808.49,1832.71,1804.11,131865613,185223720000,2.69,1811.07,sz399006,创业板指
2024-05-28,1824.09,1827.74,1805.65,134487619,190307680000,2.74,1806.25,sz399006,创业板指
2024-05-27,1824.17,1832.82,1802.77,136433219,190361240000,2.78,1830.96,sz399006,创业板指
2024-05-24,1845.01,1861.93,1818.14,139625334,203692810000,2.85,1818.56,sz399006,创业板指
2024-05-23,1876.56,1879.62,1847.69,152265215,218396410000,3.11,1852.07,sz399006,创业板指
2024-05-22,1863.14,1883.17,1855.25,138468863,204131640000,2.83,1877.93,sz399006,创业板指
2024-05-21,1871.78,1873.09,1855.44,139081435,186846180000,2.84,1861.48,sz399006,创业板指
2024-05-20,1869.55,1887.05,1865.88,156277546,217240080000,3.19,1875.93,sz399006,创业板指
2024-05-17,1838.99,1865.90,1833.43,149789562,208187420000,3.06,1864.94,sz399006,创业板指
2024-05-16,1846.98,1861.38,1837.02,147068865,190380840000,3.01,1844.21,sz399006,创业板指
2024-05-15,1857.58,1866.41,1837.54,140058749,179896390000,2.87,1838.89,sz399006,创业板指
2024-05-14,1864.39,1873.14,1851.39,147873925,192341190000,3.03,1855.60,sz399006,创业板指
2024-05-13,1859.34,1876.17,1851.25,148801973,206351330000,3.04,1860.37,sz399006,创业板指
2024-05-10,1899.05,1900.10,1872.07,163497204,225068980000,3.35,1878.17,sz399006,创业板指
2024-05-09,1872.70,1903.11,1872.70,158275823,228084250000,3.24,1900.01,sz399006,创业板指
2024-05-08,1887.82,1887.82,1863.22,165941539,225525080000,3.40,1865.11,sz399006,创业板指
2024-05-07,1896.72,1900.94,1888.26,164718674,236764580000,3.38,1892.54,sz399006,创业板指
2024-05-06,1896.84,1907.02,1889.78,161040465,235736180000,3.30,1895.21,sz399006,创业板指
2024-04-30,1874.68,1878.83,1857.76,162180721,219039010000,3.33,1858.39,sz399006,创业板指
2024-04-29,1831.44,1904.92,1831.44,186745460,277576500000,3.83,1887.57,sz399006,创业板指
2024-04-26,1767.72,1826.49,1767.72,184375658,263592820000,3.79,1823.74,sz399006,创业板指
2024-04-25,1753.12,1778.80,1747.82,151405721,206301770000,3.12,1764.73,sz399006,创业板指
2024-04-24,1757.31,1768.24,1744.36,150216623,208741310000,3.09,1765.41,sz399006,创业板指
2024-04-23,1753.58,1764.77,1740.79,129549196,178489070000,2.67,1753.16,sz399006,创业板指
2024-04-22,1739.01,1766.25,1735.28,132054545,178696500000,2.72,1750.46,sz399006,创业板指
2024-04-19,1772.18,1775.38,1740.40,139553557,191991200000,2.87,1756,sz399006,创业板指
2024-04-18,1784.78,1807.79,1765.70,149372895,205378630000,3.08,1787.49,sz399006,创业板指
2024-04-17,1765.29,1797.55,1765.29,159990221,207002810000,3.29,1797.31,sz399006,创业板指
2024-04-16,1783.57,1791.30,1759.51,172826401,209825210000,3.56,1760.20,sz399006,创业板指
2024-04-15,1770.17,1807.95,1770.17,168221714,217304260000,3.46,1795.52,sz399006,创业板指
2024-04-12,1780.99,1789.27,1760.94,124825306,181935200000,2.57,1762.88,sz399006,创业板指
2024-04-11,1777.20,1799.86,1775.66,126469148,180139140000,2.61,1782.09,sz399006,创业板指
2024-04-10,1818.41,1818.73,1781.13,134716461,188668190000,2.77,1789.94,sz399006,创业板指
2024-04-09,1807.48,1827.68,1801.71,123544622,183115360000,2.54,1827.58,sz399006,创业板指
2024-04-08,1834.45,1840.55,1807.05,141326022,202923010000,2.91,1807.05,sz399006,创业板指
2024-04-03,1853.56,1853.87,1839.21,152065565,218014560000,3.14,1840.41,sz399006,创业板指
2024-04-02,1869.32,1869.96,1851.25,168030842,244229790000,3.47,1860.49,sz399006,创业板指
2024-04-01,1833.49,1872.12,1833.49,162047396,240420690000,3.34,1872.12,sz399006,创业板指
2024-03-29,1806.67,1822.75,1800.20,154791278,217252300000,3.19,1818.20,sz399006,创业板指
2024-03-28,1790.58,1829.47,1787.96,166557234,237575030000,3.44,1806.90,sz399006,创业板指
2024-03-27,1840.19,1840.19,1789.82,160450458,226295560000,3.32,1789.82,sz399006,创业板指
2024-03-26,1832.66,1856.20,1829.48,163736939,253211550000,3.38,1841.54,sz399006,创业板指
2024-03-25,1864.53,1871.06,1833.10,179402177,268690220000,3.71,1833.44,sz399006,创业板指
2024-03-22,1893.14,1897.31,1860.35,200894792,295657840000,4.16,1869.17,sz399006,创业板指
2024-03-21,1912.81,1920.55,1897.05,188961186,284068910000,3.91,1897.09,sz399006,创业板指
2024-03-20,1898.18,1915.47,1897.60,173063476,269810120000,3.58,1909.25,sz399006,创业板指
2024-03-19,1917.92,1925.69,1906.94,173103435,277456760000,3.58,1906.94,sz399006,创业板指
2024-03-18,1906.12,1926.40,1902.13,178792977,285294740000,3.70,1926.40,sz399006,创业板指
2024-03-15,1877.57,1886.95,1848.22,148672339,237382150000,3.08,1884.09,sz399006,创业板指
2024-03-14,1895.73,1912.11,1870.02,163976455,249070110000,3.40,1883.02,sz399006,创业板指
2024-03-13,1911.98,1911.98,1890.66,181745464,276725510000,3.76,1895.15,sz399006,创业板指
2024-03-12,1896.45,1915.09,1885.64,185203821,280641920000,3.84,1906.04,sz399006,创业板指
2024-03-11,1817.07,1890.87,1812.79,160529892,256133880000,3.33,1890.41,sz399006,创业板指
2024-03-08,1793.51,1813.10,1779.77,137115120,207854020000,2.84,1807.29,sz399006,创业板指
2024-03-07,1830.26,1838.71,1789.87,164771032,238945040000,3.42,1789.94,sz399006,创业板指
2024-03-06,1822.54,1855.61,1810.90,150306899,227200850000,3.12,1832.58,sz399006,创业板指
2024-03-05,1818.59,1843.08,1813.27,170275840,265925760000,3.53,1833.66,sz399006,创业板指
2024-03-04,1827.13,1847.25,1817.66,179182128,267809100000,3.72,1834.83,sz399006,创业板指
2024-03-01,1808.20,1830.94,1795.85,179223155,265744410000,3.72,1824.03,sz399006,创业板指
2024-02-29,1739.97,1809.66,1739.97,186859827,257163350000,3.87,1807.03,sz399006,创业板指
2024-02-28,1799.61,1829.14,1748.97,261460937,347604750000,5.42,1748.97,sz399006,创业板指
2024-02-27,1743.49,1793.98,1740.83,186627352,264736010000,3.87,1793.98,sz399006,创业板指
2024-02-26,1752.76,1768.10,1738.33,192437448,254309130000,3.99,1751.70,sz399006,创业板指
2024-02-23,1766.96,1767.26,1742.49,184459762,243084230000,3.83,1758.19,sz399006,创业板指
2024-02-22,1752.79,1761.12,1742.15,156242214,204125660000,3.24,1757.87,sz399006,创业板指
2024-02-21,1728.45,1783.81,1724.29,177509093,227652470000,3.68,1752.48,sz399006,创业板指
2024-02-20,1739.03,1749.27,1722.49,147868148,196270500000,3.07,1746.18,sz399006,创业板指
2024-02-19,1752.86,1752.86,1722.84,182448833,221972510000,3.79,1746.42,sz399006,创业板指
2024-02-08,1716.63,1764.39,1713.77,192337882,219535020000,4.00,1726.86,sz399006,创业板指
2024-02-07,1663.18,1711.42,1658.47,189088132,210687220000,3.93,1707.02,sz399006,创业板指
2024-02-06,1544.96,1668.89,1544.50,183716122,198499860000,3.82,1667.45,sz399006,创业板指
2024-02-05,1534.19,1600.33,1482.99,184791329,196172870000,3.85,1562.61,sz399006,创业板指
2024-02-02,1585.96,1595.98,1512.06,139680974,165877910000,2.91,1550.37,sz399006,创业板指
2024-02-01,1567.83,1616.40,1563.38,118663093,150465720000,2.47,1589.04,sz399006,创业板指
2024-01-31,1585.21,1601.89,1573.16,130116295,166572420000,2.71,1573.37,sz399006,创业板指
2024-01-30,1613.46,1631.53,1582.42,95337140,131103400000,1.98,1583.77,sz399006,创业板指
2024-01-29,1680.15,1685.60,1623.81,110529711,162726680000,2.30,1623.81,sz399006,创业板指
2024-01-26,1703.48,1714.53,1679.34,117351747,170491390000,2.44,1682.48,sz399006,创业板指
2024-01-25,1686.55,1720.85,1672.07,122868142,181545580000,2.56,1720.78,sz399006,创业板指
2024-01-24,1696.56,1700.77,1642.16,114237798,162853580000,2.38,1696.19,sz399006,创业板指
2024-01-23,1663.98,1700.57,1655.20,106465502,159109090000,2.22,1687.61,sz399006,创业板指
2024-01-22,1710.29,1714.93,1657.35,117732596,174689050000,2.45,1666.88,sz399006,创业板指
2024-01-19,1726.55,1743.30,1714.51,94103277,148549400000,1.96,1715.44,sz399006,创业板指
2024-01-18,1685.94,1735.09,1678.43,120941227,182209020000,2.52,1732.36,sz399006,创业板指
2024-01-17,1747.77,1747.77,1699.62,86299638,132832550000,1.80,1699.62,sz399006,创业板指
2024-01-16,1741.37,1755.38,1724.64,96260259,145248420000,2.01,1752.23,sz399006,创业板指
2024-01-15,1751.52,1766.26,1738.54,86196863,130386880000,1.80,1745.61,sz399006,创业板指
2024-01-12,1770.97,1785.51,1760.87,102317740,152978540000,2.13,1761.16,sz399006,创业板指
2024-01-11,1744.30,1790.33,1739.16,104955366,163904550000,2.19,1777.27,sz399006,创业板指
2024-01-10,1741.13,1771.68,1726.56,98601941,145099690000,2.03,1743.20,sz399006,创业板指
2024-01-09,1749.77,1774.32,1738,99765193,152590700000,2.06,1750.78,sz399006,创业板指
2024-01-08,1769.33,1779.38,1744.24,89969738,142332500000,1.85,1744.41,sz399006,创业板指
2024-01-05,1798.82,1815.07,1765.72,101696297,159496420000,2.07,1775.58,sz399006,创业板指
2024-01-04,1831.29,1831.38,1794,93991270,150294360000,1.93,1801.76,sz399006,创业板指
2024-01-03,1850.16,1856.44,1825.55,107536678,167194110000,2.22,1834.73,sz399006,创业板指
2024-01-02,1889.02,1889.02,1855.73,115953946,179336680000,2.39,1855.92,sz399006,创业板指
2023-12-29,1879.53,1897.67,1878.04,122437200,201287290000,2.52,1891.37,sz399006,创业板指
2023-12-28,1806.79,1887.15,1804.70,121707141,200538080000,2.51,1879.50,sz399006,创业板指
2023-12-27,1813.05,1818.05,1796.70,95517347,145352660000,1.95,1809.83,sz399006,创业板指
2023-12-26,1828.56,1829.87,1801.38,94649900,145227590000,1.91,1808.50,sz399006,创业板指
2023-12-25,1820.25,1838.13,1820.22,92613202,142625510000,1.95,1831.57,sz399006,创业板指
2023-12-22,1827.68,1848.32,1812.76,130025592,201707310000,2.73,1825.84,sz399006,创业板指
2023-12-21,1795.27,1840.96,1792.38,111199929,183372300000,2.34,1832.62,sz399006,创业板指
2023-12-20,1830.72,1832.31,1802.36,100591995,163655250000,2.11,1802.88,sz399006,创业板指
2023-12-19,1818.88,1837.94,1813.60,93122535,154728750000,1.96,1827.67,sz399006,创业板指
2023-12-18,1839.32,1845.97,1814.93,101053590,162340640000,2.12,1820,sz399006,创业板指
2023-12-15,1869.51,1877.78,1844.18,107658988,172364280000,2.26,1848.50,sz399006,创业板指
2023-12-14,1884.55,1895.60,1859.25,111786646,178077800000,2.35,1860.51,sz399006,创业板指
2023-12-13,1899.34,1899.93,1871.77,118993214,191352710000,2.50,1872.34,sz399006,创业板指
2023-12-12,1909.60,1913.29,1899.56,121458611,204899170000,2.55,1903.87,sz399006,创业板指
2023-12-11,1880.58,1919.84,1866.09,134838639,222977520000,2.84,1915.74,sz399006,创业板指
2023-12-08,1881.10,1896.78,1870.88,148165170,250378810000,3.11,1892.18,sz399006,创业板指
2023-12-07,1877.03,1888.75,1864.24,136143970,215996620000,2.87,1877.21,sz399006,创业板指
2023-12-06,1867.50,1898.60,1866.90,133900512,206775540000,2.82,1881.94,sz399006,创业板指
2023-12-05,1900.99,1905.73,1870.98,131801367,211550520000,2.78,1871.10,sz399006,创业板指
2023-12-04,1923.22,1926.17,1908.53,141369314,228051310000,2.98,1908.92,sz399006,创业板指
2023-12-01,1922.37,1934.09,1904.65,138430088,219712080000,2.91,1926.28,sz399006,创业板指
2023-11-30,1915.05,1932.83,1912.17,122596731,196011120000,2.59,1922.59,sz399006,创业板指
2023-11-29,1934.55,1937.85,1917.22,121256652,191403580000,2.56,1917.90,sz399006,创业板指
2023-11-28,1923.36,1938.73,1918.35,124606174,195492790000,2.63,1938.42,sz399006,创业板指
2023-11-27,1936.61,1936.61,1916.55,135469009,209415840000,2.86,1926.20,sz399006,创业板指
2023-11-24,1960.38,1960.38,1935,145480335,217905110000,3.07,1937.94,sz399006,创业板指
2023-11-23,1945.90,1961.35,1940.21,137840323,212620130000,2.91,1961.35,sz399006,创业板指
2023-11-22,1973.66,1980.02,1950.01,156776837,243361360000,3.31,1950.01,sz399006,创业板指
2023-11-21,2001.07,2014.59,1981.29,178016494,274410870000,3.76,1984.27,sz399006,创业板指
2023-11-20,1987.85,1998.10,1969.92,162068688,259665190000,3.43,1992.97,sz399006,创业板指
2023-11-17,1971.22,1986.67,1971.22,143700696,230291350000,3.04,1986.53,sz399006,创业板指
2023-11-16,2012.20,2012.20,1978.12,153284922,247460900000,3.24,1978.12,sz399006,创业板指
2023-11-15,2032.26,2033.39,2008.48,163400581,281003840000,3.46,2015.36,sz399006,创业板指
2023-11-14,2008.29,2024.66,1995.76,154636885,256261900000,3.27,2004.81,sz399006,创业板指
2023-11-13,2018.83,2022.84,1998.02,154520934,250630430000,3.27,2009.21,sz399006,创业板指
2023-11-10,2006.09,2011.93,2000.49,144763674,227996070000,3.06,2005.24,sz399006,创业板指
2023-11-09,2019.69,2035.42,2013.51,174292529,278698580000,3.69,2018.38,sz399006,创业板指
2023-11-08,2016.60,2035.91,2010.02,196094191,303574270000,4.15,2023.13,sz399006,创业板指
2023-11-07,2025.10,2031.79,2012.06,173475382,280931100000,3.67,2022.77,sz399006,创业板指
2023-11-06,1984.33,2034.57,1984.33,175633975,283139950000,3.72,2032.34,sz399006,创业板指
2023-11-03,1943.21,1975.52,1943.21,147490450,223799900000,3.12,1968.21,sz399006,创业板指
2023-11-02,1964.43,1973.23,1939.41,145625879,213841390000,3.08,1939.70,sz399006,创业板指
2023-11-01,1969.08,1971.41,1949.99,138782582,210375560000,2.94,1959.13,sz399006,创业板指
2023-10-31,1974.80,1975.39,1958.35,158865510,244733930000,3.36,1968.23,sz399006,创业板指
2023-10-30,1933.79,1983.46,1931.70,168980446,277974580000,3.58,1977.69,sz399006,创业板指
2023-10-27,1868.23,1937.31,1863.53,172625812,275588390000,3.65,1929.91,sz399006,创业板指
2023-10-26,1851.19,1877.45,1840.26,155256304,243588920000,3.29,1875.86,sz399006,创业板指
2023-10-25,1890.48,1894.54,1863.77,151745346,235104990000,3.21,1863.80,sz399006,创业板指
2023-10-24,1872.29,1890.10,1859.86,136512829,211780800000,2.89,1880.81,sz399006,创业板指
2023-10-23,1891.48,1891.48,1854.45,126231964,183005790000,2.67,1864.91,sz399006,创业板指
2023-10-20,1899.99,1922.93,1893.95,124067715,189423730000,2.62,1896.95,sz399006,创业板指
2023-10-19,1925.53,1936.22,1913.43,134243968,203613710000,2.84,1913.70,sz399006,创业板指
2023-10-18,1953,1953,1934.84,130832681,199483780000,2.76,1938.44,sz399006,创业板指
2023-10-17,1963.83,1969.47,1950.33,128953999,201646440000,2.72,1961.89,sz399006,创业板指
2023-10-16,1993.91,1994.26,1949.33,140358023,223196180000,2.97,1956.72,sz399006,创业板指
2023-10-13,2004.20,2005.72,1986.19,141137856,236023610000,2.98,1996.60,sz399006,创业板指
2023-10-12,2015.55,2022.36,2001.91,136247051,226933400000,2.88,2019.10,sz399006,创业板指
2023-10-11,2000.52,2021.11,1996.82,148371123,247077890000,3.13,2003.90,sz399006,创业板指
2023-10-10,2004.95,2014.30,1987.35,139745449,226066310000,2.96,1987.94,sz399006,创业板指
2023-10-09,2000.13,2006.43,1977.77,134153185,221438270000,2.83,1998.61,sz399006,创业板指
2023-09-28,2013.62,2019.29,1995.56,120424985,200978710000,2.53,2003.91,sz399006,创业板指
2023-09-27,1994.01,2027.82,1990.16,116582661,201252540000,2.47,2006.22,sz399006,创业板指
2023-09-26,2000.23,2007.91,1989.65,110872918,192374730000,2.35,1989.83,sz399006,创业板指
2023-09-25,2015.32,2015.32,2000.81,117484221,199360550000,2.49,2005.26,sz399006,创业板指
2023-09-22,1965.69,2013.96,1963.23,119252548,206584120000,2.53,2013.34,sz399006,创业板指
2023-09-21,1983.02,1990.33,1967.61,92248679,148746720000,1.95,1967.61,sz399006,创业板指
2023-09-20,2000.72,2001.50,1987.30,90334604,146855180000,1.92,1987.30,sz399006,创业板指
2023-09-19,2017.89,2017.89,1995.24,99060111,159619080000,2.10,2002.66,sz399006,创业板指
2023-09-18,1994.87,2033.15,1993.68,105422891,180955530000,2.24,2020.47,sz399006,创业板指
2023-09-15,2009.33,2022.94,1996.12,106712934,185265090000,2.26,2002.73,sz399006,创业板指
2023-09-14,2021.60,2024.86,2002.43,110421114,182614030000,2.35,2011.88,sz399006,创业板指
2023-09-13,2045.31,2053.45,2015.39,123604969,200110860000,2.63,2027.73,sz399006,创业板指
2023-09-12,2060.62,2063.92,2049.48,121530793,205046870000,2.59,2051.04,sz399006,创业板指
2023-09-11,2048.95,2076.90,2041.77,138593287,237480110000,2.95,2063.19,sz399006,创业板指
2023-09-08,2047.60,2057.12,2038.57,130787413,217255130000,2.79,2049.77,sz399006,创业板指
2023-09-07,2096.62,2097.28,2056.98,137675509,228191030000,2.93,2056.98,sz399006,创业板指
2023-09-06,2103.30,2105.10,2089.45,134779808,228007490000,2.86,2101.40,sz399006,创业板指
2023-09-05,2113.60,2122.62,2107.86,129319063,218205940000,2.75,2111.33,sz399006,创业板指
2023-09-04,2110.17,2120.98,2088.99,120361863,200377650000,2.57,2118.03,sz399006,创业板指
2023-09-01,2108.08,2118.51,2093.10,108026895,187182290000,2.30,2100.26,sz399006,创业板指
2023-08-31,2111.02,2117.40,2100.73,125436905,216620140000,2.67,2102.58,sz399006,创业板指
2023-08-30,2122.65,2141.60,2110.87,158494568,273991470000,3.38,2117.13,sz399006,创业板指
2023-08-29,2054.98,2133.60,2054.98,165684802,284246310000,3.53,2118.19,sz399006,创业板指
2023-08-28,2182.39,2182.39,2055.61,171460289,283471080000,3.66,2060.04,sz399006,创业板指
2023-08-25,2053.65,2059.15,2032.58,137716077,219029520000,2.94,2040.40,sz399006,创业板指
2023-08-24,2050.53,2083.64,2042.58,128477448,219149880000,2.74,2064.57,sz399006,创业板指
2023-08-23,2081.21,2081.21,2038.98,110599238,193737920000,2.35,2038.98,sz399006,创业板指
2023-08-22,2099.84,2104.74,2049.09,122292443,221366460000,2.60,2086.94,sz399006,创业板指
2023-08-21,2108.70,2115.02,2084.97,99675752,181759440000,2.11,2084.97,sz399006,创业板指
2023-08-18,2145.80,2156.17,2118.92,113529808,202415560000,2.41,2118.92,sz399006,创业板指
2023-08-17,2130.54,2151.23,2113.30,108624122,198301210000,2.30,2147.06,sz399006,创业板指
2023-08-16,2140.01,2158,2132.89,100599629,188713360000,2.14,2132.97,sz399006,创业板指
2023-08-15,2164.82,2171.56,2130.38,100087449,191214120000,2.13,2148.67,sz399006,创业板指
2023-08-14,2163.28,2170.22,2139.97,102047483,190280250000,2.18,2164.69,sz399006,创业板指
2023-08-11,2241.48,2241.48,2187.04,108738844,193888470000,2.32,2187.04,sz399006,创业板指
2023-08-10,2226.91,2241.85,2220.83,102407985,186974570000,2.17,2239.31,sz399006,创业板指
2023-08-09,2222.51,2241.87,2222.51,113217182,201016590000,2.41,2228.73,sz399006,创业板指
2023-08-08,2238.66,2244.90,2226.24,114341376,200770410000,2.45,2228.91,sz399006,创业板指
2023-08-07,2252.43,2256,2234.04,121092594,214979520000,2.59,2240.77,sz399006,创业板指
2023-08-04,2263.40,2282.65,2247.90,135032210,238967070000,2.89,2263.37,sz399006,创业板指
2023-08-03,2214.09,2242.57,2214.09,103359335,180689480000,2.20,2241.98,sz399006,创业板指
2023-08-02,2220.77,2231.87,2213.04,105906457,178730570000,2.26,2218.57,sz399006,创业板指
2023-08-01,2234.61,2249.38,2215.58,124343899,207926830000,2.66,2223.80,sz399006,创业板指
2023-07-31,2233.26,2256.05,2230.13,143740119,232939800000,3.08,2236.67,sz399006,创业板指
2023-07-28,2176.49,2224.03,2172.37,124567791,211087860000,2.67,2219.54,sz399006,创业板指
2023-07-27,2199.48,2205.72,2180.69,111084923,187897770000,2.37,2184.10,sz399006,创业板指
2023-07-26,2185.81,2194.54,2180.20,115155855,192249100000,2.47,2191.17,sz399006,创业板指
2023-07-25,2183.05,2195.75,2169.72,118416219,213425340000,2.54,2192.90,sz399006,创业板指
2023-07-24,2148.29,2167.19,2142.91,92139662,161849660000,1.97,2146.93,sz399006,创业板指
2023-07-21,2151.85,2177.80,2151.07,110593801,190368850000,2.37,2163.12,sz399006,创业板指
2023-07-20,2180.71,2199.64,2153.98,117053853,209271760000,2.52,2155.65,sz399006,创业板指
2023-07-19,2196.59,2201.43,2170.33,102381389,185978980000,2.20,2177.25,sz399006,创业板指
2023-07-18,2215.05,2215.25,2196.23,111261961,201770250000,2.39,2200.62,sz399006,创业板指
2023-07-17,2212.76,2214.42,2198.27,119609545,218516830000,2.56,2207.44,sz399006,创业板指
2023-07-14,2237.24,2239.42,2221.79,135227334,254754070000,2.90,2224.10,sz399006,创业板指
2023-07-13,2208.22,2238.67,2208.22,130828414,246550550000,2.81,2237.52,sz399006,创业板指
2023-07-12,2216.03,2217.75,2194.61,131450509,236519610000,2.81,2196.85,sz399006,创业板指
2023-07-11,2202.93,2217.66,2194.17,108864959,196431250000,2.35,2216.78,sz399006,创业板指
2023-07-10,2174.33,2213.76,2174.33,108555772,198345670000,2.37,2198.86,sz399006,创业板指
2023-07-07,2185.73,2186.04,2169.21,116358783,211053840000,2.51,2169.21,sz399006,创业板指
2023-07-06,2206.30,2218.39,2190.03,116183026,210346410000,2.51,2192.19,sz399006,创业板指
2023-07-05,2235.20,2239.93,2209.11,121735453,225215880000,2.63,2212.42,sz399006,创业板指
2023-07-04,2222.33,2234.86,2215.77,125801221,232170080000,2.72,2232.75,sz399006,创业板指
2023-07-03,2223.33,2239.43,2215.36,138381383,252058270000,3.00,2228.21,sz399006,创业板指
2023-06-30,2178.53,2227.99,2171.42,131277434,245044050000,2.84,2215,sz399006,创业板指
2023-06-29,2178.88,2194.25,2178.43,127211225,227239470000,2.76,2180.06,sz399006,创业板指
2023-06-28,2184.99,2189.02,2160.19,135285442,231726480000,2.93,2182.10,sz399006,创业板指
2023-06-27,2186.16,2205.56,2179.32,117076181,204637950000,2.54,2191.83,sz399006,创业板指
2023-06-26,2185.15,2212.41,2171.59,140253328,257098360000,3.05,2186.25,sz399006,创业板指
2023-06-21,2260.50,2266.76,2211.84,153347036,289976570000,3.33,2211.84,sz399006,创业板指
2023-06-20,2264.18,2277.33,2257.88,159201099,305674240000,3.49,2271.42,sz399006,创业板指
2023-06-19,2271.76,2276.56,2257.64,158207299,308474250000,3.45,2265.18,sz399006,创业板指
2023-06-16,2243.54,2272.02,2234.48,150890145,288408870000,3.29,2270.06,sz399006,创业板指
2023-06-15,2174.54,2237.74,2174.54,156888358,296245220000,3.43,2237.74,sz399006,创业板指
2023-06-14,2175.92,2177.80,2163.34,151047901,267692920000,3.29,2163.34,sz399006,创业板指
2023-06-13,2148.40,2169.66,2147.56,143969007,253104270000,3.16,2166.96,sz399006,创业板指
2023-06-12,2135.88,2162.53,2131.12,139058560,251224940000,3.05,2152.42,sz399006,创业板指
2023-06-09,2122.16,2143.01,2118.79,146778464,267310770000,3.20,2143.01,sz399006,创业板指
2023-06-08,2136.02,2139.96,2118.33,130063777,235743350000,2.84,2123.96,sz399006,创业板指
2023-06-07,2159.16,2162.56,2124.52,124605102,230680250000,2.73,2129.90,sz399006,创业板指
2023-06-06,2196.98,2197.58,2162.72,147251821,257264260000,3.23,2164.81,sz399006,创业板指
2023-06-05,2226.20,2226.59,2195.66,131743301,242196510000,2.89,2202.14,sz399006,创业板指
2023-06-02,2213.77,2240.57,2211.98,147177873,265690730000,3.23,2233.27,sz399006,创业板指
2023-06-01,2191.80,2225.13,2184.92,162769900,286616590000,3.58,2206.43,sz399006,创业板指
2023-05-31,2215.27,2215.49,2183.42,150199609,274135420000,3.30,2193.41,sz399006,创业板指
2023-05-30,2200.80,2218.60,2180.70,151803167,273293180000,3.34,2218.60,sz399006,创业板指
2023-05-29,2236.98,2238.40,2196.06,145883643,263902480000,3.21,2203.84,sz399006,创业板指
2023-05-26,2244.34,2244.34,2215.29,134674859,245255930000,2.95,2229.27,sz399006,创业板指
2023-05-25,2245.31,2257.22,2228.84,140870411,251782980000,3.09,2244.18,sz399006,创业板指
2023-05-24,2245.47,2268.86,2239.90,123977020,224347140000,2.72,2245.26,sz399006,创业板指
2023-05-23,2282.90,2284.07,2253.33,124291458,213157380000,2.73,2253.33,sz399006,创业板指
2023-05-22,2278.71,2291.33,2265.76,121923695,211811500000,2.69,2280.15,sz399006,创业板指
2023-05-19,2275.80,2293.10,2270.39,134784974,241822390000,2.97,2278.59,sz399006,创业板指
2023-05-18,2299.63,2300.62,2264.84,148530360,255147570000,3.28,2277.97,sz399006,创业板指
2023-05-17,2293.55,2300.29,2281.17,126061262,211533040000,2.79,2293.64,sz399006,创业板指
2023-05-16,2300.80,2307.17,2286.23,128103853,220529180000,2.84,2294.19,sz399006,创业板指
2023-05-15,2259.17,2299.93,2257.82,128936533,222328120000,2.86,2299.93,sz399006,创业板指
2023-05-12,2277.42,2287.47,2251.76,129522432,208668680000,2.87,2252.38,sz399006,创业板指
2023-05-11,2264.90,2296.45,2264.86,134737119,226942810000,3.00,2276.57,sz399006,创业板指
2023-05-10,2241.44,2273.68,2228.18,137865739,236339620000,3.07,2262.22,sz399006,创业板指
2023-05-09,2270.76,2277.29,2245.72,154365914,255653140000,3.47,2245.82,sz399006,创业板指
2023-05-08,2274.72,2277.23,2251.77,148634411,248840440000,3.30,2273.40,sz399006,创业板指
2023-05-05,2291.24,2293.84,2260.64,151497141,254715140000,3.36,2267.63,sz399006,创业板指
2023-05-04,2316.33,2319.83,2290.92,166568557,272510510000,3.71,2297.67,sz399006,创业板指
2023-04-28,2309.35,2328.89,2303.31,167343370,283469790000,3.73,2324.72,sz399006,创业板指
2023-04-27,2283.63,2315.32,2281.60,159029281,277678290000,3.54,2307.27,sz399006,创业板指
2023-04-26,2249.53,2306.66,2247.95,167820381,314275580000,3.74,2294.06,sz399006,创业板指
2023-04-25,2302.86,2305.92,2243.83,171213682,294290990000,3.83,2259.19,sz399006,创业板指
2023-04-24,2337.38,2340.26,2288.78,151425696,272656670000,3.39,2301.24,sz399006,创业板指
2023-04-21,2393.19,2400.79,2340.61,168905252,311546690000,3.79,2341.19,sz399006,创业板指
2023-04-20,2414.01,2414.01,2378.05,149358689,285087490000,3.35,2386.67,sz399006,创业板指
2023-04-19,2429.33,2429.33,2413.34,139360653,265017990000,3.13,2415.76,sz399006,创业板指
2023-04-18,2428.18,2443.77,2423.93,129922237,251226560000,2.91,2431.10,sz399006,创业板指
2023-04-17,2420.01,2440.73,2420.01,138070140,251316870000,3.11,2434.44,sz399006,创业板指
2023-04-14,2409.77,2432.36,2409.60,152520926,285763630000,3.44,2428.09,sz399006,创业板指
2023-04-13,2418.27,2426.83,2403.92,170319680,302326240000,3.85,2405.76,sz399006,创业板指
2023-04-12,2436.89,2440.33,2417.28,163918010,295939810000,3.70,2429.29,sz399006,创业板指
2023-04-11,2449.27,2463.27,2426.67,145869419,271566220000,3.29,2439.40,sz399006,创业板指
2023-04-10,2457.19,2461.30,2432.05,166298217,315900530000,3.75,2443.52,sz399006,创业板指
2023-04-07,2421.75,2454.04,2421.06,158561769,287517580000,3.58,2446.95,sz399006,创业板指
2023-04-06,2404.26,2428.80,2402.30,164546058,317174190000,3.72,2426.57,sz399006,创业板指
2023-04-04,2441.43,2442.57,2407.48,181118652,350415290000,4.09,2421.65,sz399006,创业板指
2023-04-03,2406.14,2442.97,2406.14,179614605,337935190000,4.06,2440.21,sz399006,创业板指
2023-03-31,2386.86,2402.55,2385.41,138635714,246018790000,3.14,2399.50,sz399006,创业板指
2023-03-30,2370.73,2384.96,2362.66,126735563,229091010000,2.86,2383.04,sz399006,创业板指
2023-03-29,2371.30,2382,2367.38,139645390,254717190000,3.16,2371.19,sz399006,创业板指
2023-03-28,2389.85,2389.92,2364.63,151320627,272536060000,3.43,2369.17,sz399006,创业板指
2023-03-27,2363.01,2399.44,2363.01,174960423,314602850000,3.96,2398.02,sz399006,创业板指
2023-03-24,2366.43,2373.77,2355.74,165029821,284161560000,3.74,2370.38,sz399006,创业板指
2023-03-23,2330.98,2361.41,2327.39,149682633,257765830000,3.39,2361.41,sz399006,创业板指
2023-03-22,2348.52,2358.63,2330.82,159335476,258413140000,3.61,2341.92,sz399006,创业板指
2023-03-21,2298.28,2337.37,2298.28,132375256,218400570000,3.00,2337.26,sz399006,创业板指
2023-03-20,2291.39,2317.64,2280.14,150120827,246621510000,3.40,2291.92,sz399006,创业板指
2023-03-17,2320.20,2324.83,2289.28,140644563,232373810000,3.19,2293.67,sz399006,创业板指
2023-03-16,2320.38,2333.31,2298.44,116796014,185717140000,2.66,2302.05,sz399006,创业板指
2023-03-15,2359.22,2375.28,2335.59,114050705,182131450000,2.59,2337.46,sz399006,创业板指
2023-03-14,2353.21,2356.90,2308.93,136502167,220442880000,3.11,2343.11,sz399006,创业板指
2023-03-13,2359.72,2374.97,2345.99,127326217,202169500000,2.90,2357.07,sz399006,创业板指
2023-03-10,2366.59,2388.61,2354.02,127669551,202767100000,2.90,2370.36,sz399006,创业板指
2023-03-09,2377.97,2386.90,2365.86,117161536,181848220000,2.66,2372.68,sz399006,创业板指
2023-03-08,2375.87,2390.07,2366.25,93923763,151496180000,2.14,2377.58,sz399006,创业板指
2023-03-07,2423.03,2430.64,2383.50,112107051,177715780000,2.55,2383.73,sz399006,创业板指
2023-03-06,2421.42,2435.90,2393.92,104380892,184713860000,2.37,2431.56,sz399006,创业板指
2023-03-03,2423.67,2434.12,2405.30,111160521,174398390000,2.53,2422.44,sz399006,创业板指
2023-03-02,2438.58,2442.19,2415.12,131298037,205869420000,2.99,2418.60,sz399006,创业板指
2023-03-01,2428.10,2449.44,2415.95,130336771,200824530000,2.96,2443.95,sz399006,创业板指
2023-02-28,2417.58,2432.32,2407.76,100904064,158373680000,2.30,2429.03,sz399006,创业板指
2023-02-27,2416.43,2432.39,2403.65,95581404,152559720000,2.17,2409.79,sz399006,创业板指
2023-02-24,2457.53,2458.29,2425.66,95775462,153040510000,2.18,2428.94,sz399006,创业板指
2023-02-23,2450.96,2470.40,2446.41,108695288,171929630000,2.47,2457.48,sz399006,创业板指
2023-02-22,2452.39,2470.50,2446.19,103867557,167637130000,2.36,2451.90,sz399006,创业板指
2023-02-21,2473.60,2480.35,2452.84,115550699,185792990000,2.63,2469.81,sz399006,创业板指
2023-02-20,2445.64,2481.57,2424.63,117685679,196563680000,2.67,2480.79,sz399006,创业板指
2023-02-17,2508.26,2513.21,2449.35,135687930,212894340000,3.09,2449.35,sz399006,创业板指
2023-02-16,2549.43,2567.29,2495.16,175758553,275151290000,4.00,2512.50,sz399006,创业板指
2023-02-15,2564.54,2574.58,2543.64,140353889,233089750000,3.20,2547.20,sz399006,创业板指
2023-02-14,2585.97,2586.18,2551.47,125973041,211129290000,2.87,2565.15,sz399006,创业板指
2023-02-13,2546.14,2576.04,2540.85,136849639,225443630000,3.11,2573.18,sz399006,创业板指
2023-02-10,2567.09,2571.20,2531.87,138194029,217391930000,3.14,2545.16,sz399006,创业板指
2023-02-09,2520.83,2569.99,2515.51,136225559,220053220000,3.08,2569.73,sz399006,创业板指
2023-02-08,2542.24,2550.37,2522.53,127104679,192298120000,2.89,2525.88,sz399006,创业板指
2023-02-07,2551.13,2557.38,2522.55,135280866,202624840000,3.09,2537.97,sz399006,创业板指
2023-02-06,2560.46,2560.46,2523.71,126522451,194303860000,2.89,2544.09,sz399006,创业板指
2023-02-03,2592.84,2606,2551.83,123099432,186534210000,2.81,2580.11,sz399006,创业板指
2023-02-02,2619.79,2631.86,2598.12,136608702,211650050000,3.12,2602.32,sz399006,创业板指
2023-02-01,2592.45,2613.69,2572.33,128986555,201399490000,2.95,2613.69,sz399006,创业板指
2023-01-31,2608.12,2618.28,2575.53,104621847,170552970000,2.39,2580.84,sz399006,创业板指
2023-01-30,2657.39,2661.28,2611.13,120029576,208487980000,2.74,2613.89,sz399006,创业板指
2023-01-20,2580.27,2588.89,2571.83,77283023,136297790000,1.77,2585.96,sz399006,创业板指
2023-01-19,2539.89,2571.44,2531.96,73852810,130129690000,1.69,2571.44,sz399006,创业板指
2023-01-18,2548.70,2555.69,2534.43,67165684,113906380000,1.54,2543.90,sz399006,创业板指
2023-01-17,2540.57,2556.64,2535.18,67461365,128154310000,1.55,2545.55,sz399006,创业板指
2023-01-16,2490.72,2566.69,2490.72,83381688,167307330000,1.91,2539.52,sz399006,创业板指
2023-01-13,2475.14,2493.13,2462.87,68126839,133962980000,1.56,2493.13,sz399006,创业板指
2023-01-12,2455.73,2477.01,2448.76,70121680,127785410000,1.61,2458.49,sz399006,创业板指
2023-01-11,2470.64,2480.16,2442.73,73684723,138781670000,1.69,2445.97,sz399006,创业板指
2023-01-10,2441.50,2478.89,2435.19,72002027,141541420000,1.65,2474.01,sz399006,创业板指
2023-01-09,2433.35,2455.60,2427.81,78388293,149210060000,1.80,2440.37,sz399006,创业板指
2023-01-06,2392.65,2442.23,2391.33,85573573,157181250000,1.96,2422.14,sz399006,创业板指
2023-01-05,2343.78,2405.43,2343.72,85907831,160292220000,1.97,2399.46,sz399006,创业板指
2023-01-04,2347,2352.33,2323.72,90279300,149861700000,2.07,2335.12,sz399006,创业板指
2023-01-03,2339.98,2361.55,2312.31,93658454,152627470000,2.15,2356.42,sz399006,创业板指
2022-12-30,2361.97,2369.14,2346.77,69585618,108001930000,1.58,2346.77,sz399006,创业板指
2022-12-29,2328.73,2365.69,2327.69,69365878,112821760000,1.59,2349.38,sz399006,创业板指
2022-12-28,2346.04,2348.85,2323.48,71406458,119803880000,1.64,2338.26,sz399006,创业板指
2022-12-27,2335.57,2363.15,2326.31,78477511,131642130000,1.77,2359.50,sz399006,创业板指
2022-12-26,2290.26,2334.98,2290.16,71956299,119992330000,1.65,2331.41,sz399006,创业板指
2022-12-23,2282.33,2301.62,2273.04,73658581,111948110000,1.69,2286.19,sz399006,创业板指
2022-12-22,2318.71,2328.71,2288.52,76064883,120705100000,1.75,2295.32,sz399006,创业板指
2022-12-21,2312.52,2322.52,2293.58,69800264,110201710000,1.60,2303.70,sz399006,创业板指
2022-12-20,2340.51,2340.73,2308.57,73567498,117988810000,1.69,2310.80,sz399006,创业板指
2022-12-19,2372.93,2389.30,2337.40,91660272,142217550000,2.11,2346.70,sz399006,创业板指
2022-12-16,2381.68,2390.66,2361.89,95162846,152600950000,2.18,2373.72,sz399006,创业板指
2022-12-15,2365.23,2399.36,2363.34,87634266,150377330000,2.01,2399.12,sz399006,创业板指
2022-12-14,2384.70,2391.21,2362.61,94160383,154091970000,2.17,2368.08,sz399006,创业板指
2022-12-13,2403.74,2404.88,2371.07,102392700,165874340000,2.36,2376.20,sz399006,创业板指
2022-12-12,2409.44,2418.06,2399.69,101889894,169940600000,2.35,2401.52,sz399006,创业板指
2022-12-09,2412.16,2421.65,2391.67,102812993,178664400000,2.37,2420.63,sz399006,创业板指
2022-12-08,2411.80,2423.16,2398.21,99090449,162739110000,2.28,2411.81,sz399006,创业板指
2022-12-07,2382.56,2432.11,2382.56,100195414,175264740000,2.31,2414.04,sz399006,创业板指
2022-12-06,2366.11,2414.20,2365.69,98689267,172285550000,2.27,2393.28,sz399006,创业板指
2022-12-05,2391.10,2394.43,2366.12,107238388,185814710000,2.47,2377.11,sz399006,创业板指
2022-12-02,2378.40,2408.74,2369.31,97623944,162985990000,2.25,2383.32,sz399006,创业板指
2022-12-01,2386.08,2403.77,2380.67,104066459,189597170000,2.40,2381.18,sz399006,创业板指
2022-11-30,2335.95,2348.16,2323.19,88305042,152155500000,2.02,2345.31,sz399006,创业板指
2022-11-29,2301.21,2347.71,2298.31,94029404,158846590000,2.17,2339.79,sz399006,创业板指
2022-11-28,2264.83,2300.95,2261.05,79206175,129273990000,1.83,2298.80,sz399006,创业板指
2022-11-25,2325.57,2327.28,2304.98,79167669,128245300000,1.83,2309.36,sz399006,创业板指
2022-11-24,2349.27,2356.67,2330.37,85241459,142601520000,1.97,2335.52,sz399006,创业板指
2022-11-23,2338.86,2357,2302.99,105290748,165843060000,2.43,2340.34,sz399006,创业板指
2022-11-22,2380.71,2382.14,2334.47,112251874,179420530000,2.58,2343.55,sz399006,创业板指
2022-11-21,2369.76,2389.64,2360.85,108825983,178340840000,2.51,2387.30,sz399006,创业板指
2022-11-18,2394.31,2420.38,2384.65,131120628,212410040000,3.03,2389.76,sz399006,创业板指
2022-11-17,2389.46,2389.46,2351,115312132,190365790000,2.66,2385.86,sz399006,创业板指
2022-11-16,2427.41,2443.79,2399.70,118064542,198702320000,2.72,2402.91,sz399006,创业板指
2022-11-15,2373.99,2432.46,2356.35,122265018,215285820000,2.83,2431.73,sz399006,创业板指
2022-11-14,2406.87,2418.52,2364.44,119402147,205107900000,2.76,2375.21,sz399006,创业板指
2022-11-11,2443.11,2446.09,2402.94,142694126,240668000000,3.30,2405.32,sz399006,创业板指
2022-11-10,2380.23,2393.61,2344.68,110856002,178163560000,2.57,2357.13,sz399006,创业板指
2022-11-09,2422.17,2432.29,2398.07,92081565,154113520000,2.13,2399.34,sz399006,创业板指
2022-11-08,2452.86,2460.99,2411.72,98193744,169356130000,2.28,2432.40,sz399006,创业板指
2022-11-07,2447.13,2470.64,2432.05,112728594,200878340000,2.60,2454.69,sz399006,创业板指
2022-11-04,2378.42,2464.51,2377.91,111460877,211085380000,2.58,2451.22,sz399006,创业板指
2022-11-03,2352.56,2385.06,2349.75,99317511,178203350000,2.30,2376.06,sz399006,创业板指
2022-11-02,2322.98,2396.21,2320.55,122391054,216175680000,2.84,2375.86,sz399006,创业板指
2022-11-01,2270.04,2337.82,2251.80,105057129,195189970000,2.43,2337.65,sz399006,创业板指
2022-10-31,2228.62,2295.95,2227.83,99957675,176831990000,2.31,2265.08,sz399006,创业板指
2022-10-28,2309.96,2326.49,2245.46,110423289,190484150000,2.56,2250.51,sz399006,创业板指
2022-10-27,2377.18,2377.68,2337.25,110646350,205044910000,2.57,2337.25,sz399006,创业板指
2022-10-26,2324.77,2397.13,2320.27,109525370,200407670000,2.54,2372.88,sz399006,创业板指
2022-10-25,2323.84,2344.39,2281.40,94415846,167703610000,2.19,2314.55,sz399006,创业板指
2022-10-24,2385.82,2412.60,2323.85,91295158,164325880000,2.12,2336.84,sz399006,创业板指
2022-10-21,2390.41,2410.01,2381.21,73036725,131238190000,1.70,2395.16,sz399006,创业板指
2022-10-20,2402.76,2444.41,2365.72,85813403,158358690000,1.99,2401.72,sz399006,创业板指
2022-10-19,2440.03,2463.78,2425.73,82210782,147101290000,1.91,2425.96,sz399006,创业板指
2022-10-18,2446.36,2469.03,2428.15,88359500,157592040000,2.06,2446.93,sz399006,创业板指
2022-10-17,2419.64,2446.70,2409.52,90090084,160489470000,2.10,2435.02,sz399006,创业板指
2022-10-14,2379.83,2453.04,2365.14,89092346,173666160000,2.07,2434.22,sz399006,创业板指
2022-10-13,2324.47,2374.61,2318.27,78662261,138038540000,1.82,2350.69,sz399006,创业板指
2022-10-12,2260.68,2343.50,2234.46,73388821,135208950000,1.71,2343.30,sz399006,创业板指
2022-10-11,2256.34,2273.90,2245.47,55209963,101324560000,1.29,2261.89,sz399006,创业板指
2022-10-10,2294.72,2301.24,2230.64,61381112,108243450000,1.43,2236.24,sz399006,创业板指
2022-09-30,2335.54,2339.19,2288.19,58126088,103192100000,1.35,2288.97,sz399006,创业板指
2022-09-29,2343.28,2359.12,2321.56,63693252,112472240000,1.48,2333,sz399006,创业板指
2022-09-28,2367.48,2367.48,2313.77,65851571,117302830000,1.52,2313.77,sz399006,创业板指
2022-09-27,2336.04,2374.74,2325.65,66154658,120183080000,1.54,2374.74,sz399006,创业板指
2022-09-26,2288.23,2358.48,2285.64,67549810,122617910000,1.57,2323.05,sz399006,创业板指
2022-09-23,2320.92,2336.29,2275.29,68529871,117946670000,1.59,2303.91,sz399006,创业板指
2022-09-22,2309.29,2348.76,2302.64,62689388,112831440000,1.46,2319.42,sz399006,创业板指
2022-09-21,2353.78,2358.96,2322.95,63645768,111966460000,1.48,2331.52,sz399006,创业板指
2022-09-20,2366.79,2397.92,2351.89,61600322,117734310000,1.43,2366.90,sz399006,创业板指
2022-09-19,2360.58,2389.48,2339.03,70238823,125468680000,1.63,2350.38,sz399006,创业板指
2022-09-16,2418.44,2430.23,2366.89,81543819,147029760000,1.90,2367.40,sz399006,创业板指
2022-09-15,2512.45,2515.21,2404.44,92202708,170955150000,2.15,2424.19,sz399006,创业板指
2022-09-14,2512.28,2527.28,2486.08,70540152,132842420000,1.64,2503.82,sz399006,创业板指
2022-09-13,2566.84,2569.11,2537.28,70149154,129128170000,1.63,2550.63,sz399006,创业板指
2022-09-09,2535.74,2551.05,2525.77,70056668,131578130000,1.63,2548.22,sz399006,创业板指
2022-09-08,2570.05,2572.12,2521.54,80873956,145408880000,1.89,2523.01,sz399006,创业板指
2022-09-07,2525.15,2584.85,2522.38,85303218,160634490000,2.00,2570.80,sz399006,创业板指
2022-09-06,2541.12,2542.98,2493.43,81661953,155484960000,1.92,2540.64,sz399006,创业板指
2022-09-05,2528.71,2553.11,2519.89,79959835,139557630000,1.88,2538.20,sz399006,创业板指
2022-09-02,2548.18,2552.34,2517.46,85760128,143420370000,2.00,2533.02,sz399006,创业板指
2022-09-01,2561.93,2584.62,2531.81,85700860,145902150000,2.01,2533.85,sz399006,创业板指
2022-08-31,2596.16,2611.65,2550.99,106284307,187065520000,2.49,2570.41,sz399006,创业板指
2022-08-30,2630.13,2632.13,2594.78,94137481,160826050000,2.22,2612.14,sz399006,创业板指
2022-08-29,2599.84,2641.17,2595.71,89830569,158057410000,2.12,2630.51,sz399006,创业板指
2022-08-26,2666.21,2677.73,2634.43,95427328,171989220000,2.25,2640.29,sz399006,创业板指
2022-08-25,2688.86,2694.16,2634.85,106746535,188096110000,2.52,2667.30,sz399006,创业板指
2022-08-24,2800.38,2803.43,2675.88,126146502,227271350000,2.99,2679.05,sz399006,创业板指
2022-08-23,2775.21,2802.05,2764.52,105766486,192548000000,2.51,2780.31,sz399006,创业板指
2022-08-22,2730.42,2782.67,2715.16,112627375,200912680000,2.67,2779.02,sz399006,创业板指
2022-08-19,2779.99,2780.10,2733.05,131774370,232922800000,3.11,2734.22,sz399006,创业板指
2022-08-18,2771.15,2797.49,2769.21,120927253,224221570000,2.86,2775.82,sz399006,创业板指
2022-08-17,2739.48,2783.93,2719.22,119572889,225308250000,2.83,2777.91,sz399006,创业板指
2022-08-16,2725.93,2759.52,2718.17,113334106,214310020000,2.68,2731.39,sz399006,创业板指
2022-08-15,2688.66,2734.33,2686.82,109348711,202846560000,2.59,2718.59,sz399006,创业板指
2022-08-12,2712.69,2717.68,2689.67,123906983,209117710000,2.94,2690.83,sz399006,创业板指
2022-08-11,2672.18,2724.85,2650.88,131758742,237892990000,3.12,2721.49,sz399006,创业板指
2022-08-10,2688.13,2692.25,2645.55,112191127,209646310000,2.66,2658.58,sz399006,创业板指
2022-08-09,2668.92,2698.46,2658.69,111774869,211686530000,2.65,2694.80,sz399006,创业板指
2022-08-08,2668.99,2679.68,2647.25,109973891,207257980000,2.60,2675.69,sz399006,创业板指
2022-08-05,2648.05,2686.23,2637.24,121736685,220616300000,2.88,2683.60,sz399006,创业板指
2022-08-04,2645,2655.66,2610.50,109966584,187273120000,2.61,2640.78,sz399006,创业板指
2022-08-03,2687.25,2716.22,2620.39,135171218,232944770000,3.21,2628.82,sz399006,创业板指
2022-08-02,2692.12,2716.04,2651.85,150284682,240697490000,3.57,2678.62,sz399006,创业板指
2022-08-01,2662.76,2734.64,2641.18,114074695,206003110000,2.70,2733.74,sz399006,创业板指
2022-07-29,2716.10,2718.53,2665.65,114185707,201617370000,2.70,2670.45,sz399006,创业板指
2022-07-28,2734.63,2749.14,2704.05,120107323,209176460000,2.86,2705.90,sz399006,创业板指
2022-07-27,2710.74,2730.17,2696.20,100393697,177235220000,2.39,2714.25,sz399006,创业板指
2022-07-26,2708.74,2729.38,2682.21,93019219,158085040000,2.21,2713.46,sz399006,创业板指
2022-07-25,2732.61,2736.73,2693.16,97962088,167270260000,2.33,2704.95,sz399006,创业板指
2022-07-22,2776.98,2788.94,2714.12,108559373,187198340000,2.56,2737.31,sz399006,创业板指
2022-07-21,2756.32,2794.37,2741.31,112492706,194757660000,2.66,2751.41,sz399006,创业板指
2022-07-20,2764.25,2786.29,2754.18,115046371,196879680000,2.71,2765.16,sz399006,创业板指
2022-07-19,2799.38,2799.38,2736.67,119441901,209577070000,2.81,2750.87,sz399006,创业板指
2022-07-18,2778.40,2812.67,2736.26,118130253,208579590000,2.77,2800.36,sz399006,创业板指
2022-07-15,2804.18,2835.01,2760.50,112050434,199916300000,2.63,2760.50,sz399006,创业板指
2022-07-14,2739.92,2841.39,2736.32,102746448,196742380000,2.41,2819.13,sz399006,创业板指
2022-07-13,2708.10,2762.51,2674.47,93445579,171039040000,2.18,2746.86,sz399006,创业板指
2022-07-12,2768.82,2774.12,2697.68,97870484,173391160000,2.29,2702.69,sz399006,创业板指
2022-07-11,2804.55,2804.80,2742.46,101740944,184193410000,2.39,2767.46,sz399006,创业板指
2022-07-08,2868.69,2887.72,2810.65,115016320,212245870000,2.69,2817.64,sz399006,创业板指
2022-07-07,2814.15,2852.80,2792.18,103292122,208645010000,2.47,2849.71,sz399006,创业板指
2022-07-06,2826.35,2858.05,2776.70,105108565,200815170000,2.52,2802.72,sz399006,创业板指
2022-07-05,2845.74,2867.43,2780.36,116374280,221407510000,2.79,2825.13,sz399006,创业板指
2022-07-04,2764.62,2834.69,2748.13,109141293,208664790000,2.62,2834.69,sz399006,创业板指
2022-07-01,2810.11,2822.80,2768.48,109775993,192520470000,2.63,2781.94,sz399006,创业板指
2022-06-30,2776.39,2834.49,2772.77,123184450,217730260000,2.96,2810.60,sz399006,创业板指
2022-06-29,2817.12,2845.46,2764.40,143965657,253156150000,3.46,2768.61,sz399006,创业板指
2022-06-28,2827.35,2850.29,2771.93,138347117,240877020000,3.33,2840.42,sz399006,创业板指
2022-06-27,2838.58,2863.66,2819.29,131780868,239561360000,3.17,2830.60,sz399006,创业板指
2022-06-24,2779.41,2824.44,2761.46,125268575,231515840000,3.01,2824.44,sz399006,创业板指
2022-06-23,2693.75,2760.10,2672.58,121344186,210014700000,2.92,2760.10,sz399006,创业板指
2022-06-22,2701.63,2721.81,2677.01,117933321,199508180000,2.84,2677.29,sz399006,创业板指
2022-06-21,2707.98,2723.03,2664.69,129388611,208820040000,3.12,2692.98,sz399006,创业板指
2022-06-20,2672.77,2741.59,2672.32,124434407,220667720000,2.99,2710.14,sz399006,创业板指
2022-06-17,2561.40,2666.08,2559.67,119835974,210166080000,2.87,2657.21,sz399006,创业板指
2022-06-16,2575.96,2616.82,2574.95,121399455,193540620000,2.94,2585.47,sz399006,创业板指
2022-06-15,2560.64,2631.94,2550.50,125596068,220883820000,3.04,2575.09,sz399006,创业板指
2022-06-14,2515.51,2551.08,2461.54,113418148,184337090000,2.75,2548.31,sz399006,创业板指
2022-06-13,2522.73,2563.24,2520,106396123,180970420000,2.61,2546.49,sz399006,创业板指
2022-06-10,2482.31,2556.98,2481.96,99102524,173871190000,2.40,2556.47,sz399006,创业板指
2022-06-09,2558.33,2561.41,2491.82,97840775,159634610000,2.43,2500.21,sz399006,创业板指
2022-06-08,2558.15,2576.34,2507.11,111795541,194926000000,2.70,2576.34,sz399006,创业板指
2022-06-07,2555.55,2575.89,2532.78,110997018,181998160000,2.71,2554.63,sz399006,创业板指
2022-06-06,2456.16,2562.02,2455.95,112279248,196287630000,2.72,2554.66,sz399006,创业板指
2022-06-02,2418.66,2463.35,2411.71,96714257,158061710000,2.33,2458.26,sz399006,创业板指
2022-06-01,2403.35,2441.39,2395.97,95464784,151551330000,2.31,2428.96,sz399006,创业板指
2022-05-31,2349.79,2411.18,2323.35,100068823,158803200000,2.44,2405.08,sz399006,创业板指
2022-05-30,2338.35,2359.58,2323.82,84634486,129126940000,2.05,2350.38,sz399006,创业板指
2022-05-27,2340.62,2377.40,2311.06,91212882,136460760000,2.21,2322.48,sz399006,创业板指
2022-05-26,2329.43,2343.21,2283.44,92064068,137324200000,2.23,2321.13,sz399006,创业板指
2022-05-25,2320.78,2332.96,2303.15,87934858,130997620000,2.13,2325.60,sz399006,创业板指
2022-05-24,2404.60,2404.60,2316.79,120189202,179651010000,2.92,2318.07,sz399006,创业板指
2022-05-23,2422.13,2423.79,2385.70,99851347,148953910000,2.43,2410.12,sz399006,创业板指
2022-05-20,2395.35,2426.58,2384.11,101254473,158478840000,2.47,2417.35,sz399006,创业板指
2022-05-19,2329.96,2377.31,2325.67,97363712,146753470000,2.37,2377.13,sz399006,创业板指
2022-05-18,2373.89,2384.60,2352.92,96377812,140087070000,2.35,2365.38,sz399006,创业板指
2022-05-17,2335.12,2370.66,2323.07,94186473,143483740000,2.30,2369.09,sz399006,创业板指
2022-05-16,2376.64,2395.75,2328.74,92161553,138621980000,2.25,2331.23,sz399006,创业板指
2022-05-13,2367.55,2373.30,2334.37,87124463,133818820000,2.13,2358.16,sz399006,创业板指
2022-05-12,2325.95,2367.31,2324.76,101298871,154306500000,2.48,2351.27,sz399006,创业板指
2022-05-11,2280.96,2401.10,2275.27,130449755,218336440000,3.18,2346.15,sz399006,创业板指
2022-05-10,2192.06,2287.87,2187.44,101407906,161685980000,2.47,2276.35,sz399006,创业板指
2022-05-09,2236.17,2263.12,2213.58,89802671,130231310000,2.19,2228.07,sz399006,创业板指
2022-05-06,2227.68,2274.39,2222.49,97438679,147311650000,2.36,2244.97,sz399006,创业板指
2022-05-05,2263.92,2317.17,2242.96,102798613,176089110000,2.50,2288.40,sz399006,创业板指
2022-04-29,2247.70,2322.97,2221.99,124049347,191633920000,3.02,2319.14,sz399006,创业板指
2022-04-28,2249.51,2266.43,2206.96,106755886,162065270000,2.60,2227.65,sz399006,创业板指
2022-04-27,2122.32,2271.17,2122.32,124006332,183869180000,3.03,2269.17,sz399006,创业板指
2022-04-26,2172.80,2218.56,2149.60,113775883,160691530000,2.77,2150.51,sz399006,创业板指
2022-04-25,2240.04,2262.77,2168.90,121635218,171888700000,2.96,2169,sz399006,创业板指
2022-04-22,2299.16,2321.14,2279.78,95141973,148784400000,2.31,2296.60,sz399006,创业板指
2022-04-21,2352.22,2378.34,2298.75,104363067,159240100000,2.55,2312.46,sz399006,创业板指
2022-04-20,2440.30,2443.31,2357.91,96710388,160770690000,2.37,2363.65,sz399006,创业板指
2022-04-19,2484.52,2510.41,2444.59,84771293,141032330000,2.08,2453.55,sz399006,创业板指
2022-04-18,2435.85,2491.60,2410.86,83293883,138344250000,2.07,2487.77,sz399006,创业板指
2022-04-15,2443.35,2483.75,2416.70,101913693,163187480000,2.53,2460.36,sz399006,创业板指
2022-04-14,2495.16,2498.81,2443.15,92386385,158941440000,2.28,2466.29,sz399006,创业板指
2022-04-13,2499.19,2513.47,2466.84,104074889,155561840000,2.57,2466.84,sz399006,创业板指
2022-04-12,2461.60,2523.69,2459.26,103760061,155684670000,2.57,2523.69,sz399006,创业板指
2022-04-11,2536.15,2536.15,2455.46,108217474,172669100000,2.69,2462.04,sz399006,创业板指
2022-04-08,2578.74,2609.35,2546.51,108805416,171833130000,2.70,2569.91,sz399006,创业板指
2022-04-07,2611.98,2632.10,2576.53,116513849,178835230000,2.88,2578.53,sz399006,创业板指
2022-04-06,2662.28,2662.62,2615.92,115767309,177530340000,2.87,2633.91,sz399006,创业板指
2022-04-01,2641.75,2687.15,2632.98,118863502,187569020000,2.95,2666.97,sz399006,创业板指
2022-03-31,2683.19,2686.28,2646.24,120775687,204542830000,2.98,2659.49,sz399006,创业板指
2022-03-30,2612.71,2696.83,2610.41,107478221,191418370000,2.65,2696.83,sz399006,创业板指
2022-03-29,2603.42,2633.45,2581.38,109982338,180266250000,2.70,2592.67,sz399006,创业板指
2022-03-28,2622.47,2622.59,2576.23,106819513,180333070000,2.65,2594.13,sz399006,创业板指
2022-03-25,2702.65,2714.15,2637.94,115519789,193971910000,2.87,2637.94,sz399006,创业板指
2022-03-24,2697.43,2725.28,2655.92,119781879,201338940000,2.97,2706.21,sz399006,创业板指
2022-03-23,2707.57,2725.56,2682.13,124740713,206971360000,3.09,2715.95,sz399006,创业板指
2022-03-22,2718,2718,2676.84,134501338,221994200000,3.31,2688.23,sz399006,创业板指
2022-03-21,2730.21,2756.35,2702.18,144461359,244289190000,3.61,2726.18,sz399006,创业板指
2022-03-18,2693.15,2725.69,2668.93,138496952,235667500000,3.46,2713.79,sz399006,创业板指
2022-03-17,2684.84,2764.25,2684.04,171330128,326838600000,4.27,2710.73,sz399006,创业板指
2022-03-16,2549.15,2639.93,2478.44,154177669,282271390000,3.84,2635.08,sz399006,创业板指
2022-03-15,2547.72,2615.71,2504.78,139790915,247899000000,3.48,2504.78,sz399006,创业板指
2022-03-14,2638.49,2647.25,2570.28,127249772,231832730000,3.17,2570.45,sz399006,创业板指
2022-03-11,2589.70,2668.24,2566.03,138711254,247013010000,3.46,2665.46,sz399006,创业板指
2022-03-10,2645.36,2664.58,2625.60,138444364,254466510000,3.45,2635.19,sz399006,创业板指
2022-03-09,2594.96,2608.21,2462.17,143749751,245377890000,3.58,2566.72,sz399006,创业板指
2022-03-08,2645.11,2654.64,2567.91,136251822,239888910000,3.38,2582.99,sz399006,创业板指
2022-03-07,2718.44,2720.78,2620.83,120078128,217556330000,3.02,2630.37,sz399006,创业板指
2022-03-04,2763.06,2797.82,2737.47,133627596,231203880000,3.36,2748.64,sz399006,创业板指
2022-03-03,2850.67,2853.47,2789.51,125794531,218716670000,3.17,2791.95,sz399006,创业板指
2022-03-02,2866.69,2866.69,2811.12,120817660,209134130000,3.04,2834.64,sz399006,创业板指
2022-03-01,2895.39,2905.13,2865.88,119441817,217588730000,3.00,2885.79,sz399006,创业板指
2022-02-28,2844.82,2881.31,2834.54,118207475,211417150000,2.97,2881.31,sz399006,创业板指
2022-02-25,2827.83,2882.07,2827.83,130211029,236430630000,3.28,2855.80,sz399006,创业板指
2022-02-24,2817.80,2852.72,2746.62,194823613,317397570000,4.91,2783.90,sz399006,创业板指
2022-02-23,2770.21,2845.08,2770.21,141077453,255440440000,3.55,2843.87,sz399006,创业板指
2022-02-22,2783.28,2783.28,2741.97,140269800,235065350000,3.53,2765.91,sz399006,创业板指
2022-02-21,2830.60,2836.28,2794.26,138332758,227546340000,3.49,2804.60,sz399006,创业板指
2022-02-18,2819.55,2829.82,2803.24,107503657,186513850000,2.70,2826.81,sz399006,创业板指
2022-02-17,2813.48,2861.97,2804.89,125136941,211852080000,3.14,2839.83,sz399006,创业板指
2022-02-16,2829.65,2841.33,2808.27,105677434,185620820000,2.65,2818.40,sz399006,创业板指
2022-02-15,2744.39,2817.81,2739.42,101154951,184989840000,2.55,2816.44,sz399006,创业板指
2022-02-14,2723.51,2776.23,2710.88,103137853,185552840000,2.59,2732.01,sz399006,创业板指
2022-02-11,2800.75,2811.78,2742.51,123544637,210929140000,3.10,2746.38,sz399006,创业板指
2022-02-10,2891.30,2891.30,2796.90,115864083,207047760000,2.91,2826.52,sz399006,创业板指
2022-02-09,2844.84,2887.73,2818.39,127073175,204377350000,3.20,2883.60,sz399006,创业板指
2022-02-08,2913.32,2913.32,2782.28,107192486,184602660000,2.69,2846.48,sz399006,创业板指
2022-02-07,2972.19,2987.50,2905.25,104094572,172067430000,2.61,2917.86,sz399006,创业板指
2022-01-28,2945.72,2962.77,2882.67,105431397,181102240000,2.63,2908.94,sz399006,创业板指
2022-01-27,2994,3001.55,2904.71,116443557,190574020000,2.91,2906.76,sz399006,创业板指
2022-01-26,2993.16,3008.38,2952.91,104776237,176819580000,2.64,3004.41,sz399006,创业板指
2022-01-25,3035.82,3055.88,2974.96,137955486,215266180000,3.48,2974.96,sz399006,创业板指
2022-01-24,3011.63,3071.06,3010.20,116341870,201718560000,2.94,3056.43,sz399006,创业板指
2022-01-21,3052.98,3069.88,3020.30,138642943,229897740000,3.50,3034.68,sz399006,创业板指
2022-01-20,3072.39,3102.31,3056.96,170969272,283931530000,4.32,3065.99,sz399006,创业板指
2022-01-19,3139.23,3141.28,3052.65,162485749,271402060000,4.10,3075.98,sz399006,创业板指
2022-01-18,3168.79,3177.82,3136.25,193728704,322268930000,4.90,3144.33,sz399006,创业板指
2022-01-17,3124.63,3176.24,3113.98,179115594,310321180000,4.53,3170.41,sz399006,创业板指
2022-01-14,3059.14,3128.25,3057.94,158501819,271461600000,4.01,3119.41,sz399006,创业板指
2022-01-13,3145.02,3145.02,3083.14,143819131,248165780000,3.64,3083.14,sz399006,创业板指
2022-01-12,3091.67,3139.38,3088.78,134519226,245994200000,3.41,3136.69,sz399006,创业板指
2022-01-11,3094.70,3103.83,3050.59,136094723,234644670000,3.45,3056.15,sz399006,创业板指
2022-01-10,3082.78,3115.47,3051.53,131560260,231310460000,3.34,3095.69,sz399006,创业板指
2022-01-07,3137.07,3147.23,3093.21,161234396,264976810000,4.09,3096.88,sz399006,创业板指
2022-01-06,3133.05,3150.11,3093.04,156512905,258463820000,3.97,3127.48,sz399006,创业板指
2022-01-05,3242.44,3245.76,3145.05,177659987,297075440000,4.50,3161.51,sz399006,创业板指
2022-01-04,3348.13,3349.45,3238.24,177664373,297818710000,4.51,3250.16,sz399006,创业板指
2021-12-31,3342.19,3353.57,3315.07,144676878,239304170000,3.66,3322.67,sz399006,创业板指
2021-12-30,3285.77,3339.65,3280.31,149972058,243284460000,3.79,3322.79,sz399006,创业板指
2021-12-29,3326.08,3326.21,3281.90,129301802,221995390000,3.28,3281.90,sz399006,创业板指
2021-12-28,3300.31,3331.32,3280.07,133601609,227266550000,3.39,3328.56,sz399006,创业板指
2021-12-27,3296.41,3315.75,3273.82,128810645,209963390000,3.28,3293.81,sz399006,创业板指
2021-12-24,3381.54,3384.29,3280.94,148551196,253485490000,3.77,3297.11,sz399006,创业板指
2021-12-23,3379.81,3389.85,3358.92,137255777,233124690000,3.49,3373.70,sz399006,创业板指
2021-12-22,3360.28,3379.08,3354.38,153185963,244147100000,3.89,3368.70,sz399006,创业板指
2021-12-21,3328.89,3354.92,3306.96,138275569,224228970000,3.52,3350.43,sz399006,创业板指
2021-12-20,3420.86,3434.09,3327.79,149900130,264928880000,3.80,3332.61,sz399006,创业板指
2021-12-17,3480.51,3486.24,3427.02,164781828,288897880000,4.18,3434.34,sz399006,创业板指
2021-12-16,3479.18,3491.18,3467.73,153450440,272430670000,3.89,3490.45,sz399006,创业板指
2021-12-15,3492.58,3520.47,3462.51,159256018,282363670000,4.04,3464.76,sz399006,创业板指
2021-12-14,3491.82,3507.27,3486.91,156779354,274608920000,3.99,3495.06,sz399006,创业板指
2021-12-13,3473.39,3508.19,3457.54,143239655,270019260000,3.65,3496.96,sz399006,创业板指
2021-12-10,3431.29,3485.08,3429.57,131223519,263698540000,3.34,3466.80,sz399006,创业板指
2021-12-09,3422.38,3463.65,3400.38,132985741,261924100000,3.38,3459.32,sz399006,创业板指
2021-12-08,3388.32,3428.23,3378.28,117223017,229537530000,2.98,3424.70,sz399006,创业板指
2021-12-07,3429.76,3429.84,3338,130414422,256222850000,3.32,3368.78,sz399006,创业板指
2021-12-06,3460.96,3479.86,3403.16,139565611,260420000000,3.57,3405.93,sz399006,创业板指
2021-12-03,3467.41,3482.46,3446.95,134108853,256855960000,3.43,3478.67,sz399006,创业板指
2021-12-02,3464.92,3487.94,3456.31,162528852,291189830000,4.16,3466.91,sz399006,创业板指
2021-12-01,3492.44,3501.33,3459.51,159308703,297502140000,4.08,3473.37,sz399006,创业板指
2021-11-30,3520.29,3520.29,3472.58,160870671,317949550000,4.12,3495.59,sz399006,创业板指
2021-11-29,3455.61,3522.50,3455.61,147618156,311910800000,3.78,3503.41,sz399006,创业板指
2021-11-26,3470.21,3501.34,3461.19,154450649,303119070000,3.95,3468.87,sz399006,创业板指
2021-11-25,3477.60,3490.62,3462.13,159861102,315084900000,4.09,3474.45,sz399006,创业板指
2021-11-24,3488.38,3501.58,3469.36,160103457,325935870000,4.09,3478.66,sz399006,创业板指
2021-11-23,3501.22,3508.90,3482.69,155539470,315482640000,3.98,3492.77,sz399006,创业板指
2021-11-22,3434.57,3505.73,3430.59,151512706,318241650000,3.87,3505.73,sz399006,创业板指
2021-11-19,3385.83,3419.75,3378.38,143651046,272048220000,3.68,3418.96,sz399006,创业板指
2021-11-18,3416.64,3416.64,3374.01,158807897,286993910000,4.07,3383.91,sz399006,创业板指
2021-11-17,3413.43,3425.57,3400.77,150039573,269257320000,3.85,3421.33,sz399006,创业板指
2021-11-16,3400.34,3423.52,3389.55,163438148,298119530000,4.18,3393.71,sz399006,创业板指
2021-11-15,3435.62,3435.68,3387.53,163286152,305617770000,4.18,3401.87,sz399006,创业板指
2021-11-12,3436.26,3446.04,3409.48,159366786,291366760000,4.07,3430.14,sz399006,创业板指
2021-11-11,3396.65,3443.96,3393.98,160049961,297096460000,4.10,3433.24,sz399006,创业板指
2021-11-10,3388.05,3403.31,3338.46,146438327,269296830000,3.75,3399.66,sz399006,创业板指
2021-11-09,3400.97,3409.94,3377.51,135163196,245263870000,3.47,3409.94,sz399006,创业板指
2021-11-08,3353.89,3393.39,3341.60,142140736,262755910000,3.65,3380.29,sz399006,创业板指
2021-11-05,3354.38,3383.30,3347.16,146071645,266129510000,3.75,3352.75,sz399006,创业板指
2021-11-04,3351.30,3380.21,3344.76,120315841,240696060000,3.08,3362.25,sz399006,创业板指
2021-11-03,3334.41,3363.75,3301.44,107344993,217206370000,2.74,3327.09,sz399006,创业板指
2021-11-02,3329.41,3373.18,3307.50,126929526,255247430000,3.24,3339.60,sz399006,创业板指
2021-11-01,3341.47,3374.54,3302.96,118892883,248075810000,3.04,3331.91,sz399006,创业板指
2021-10-29,3275.83,3358.35,3253.04,114832780,243959190000,2.94,3350.67,sz399006,创业板指
2021-10-28,3301.91,3335.93,3266.31,106916755,223666500000,2.73,3278.36,sz399006,创业板指
2021-10-27,3321.64,3324.35,3283.73,116326900,227724190000,2.96,3308.96,sz399006,创业板指
2021-10-26,3370.79,3370.79,3322.19,115421052,233052990000,2.94,3327.54,sz399006,创业板指
2021-10-25,3303.22,3342.22,3302.49,104409541,215810220000,2.68,3338.62,sz399006,创业板指
2021-10-22,3290.54,3309.56,3268.94,102248580,198887350000,2.62,3284.91,sz399006,创业板指
2021-10-21,3286.27,3304.01,3256.85,99955586,193625400000,2.57,3279.49,sz399006,创业板指
2021-10-20,3304.55,3320.33,3276.82,101313045,206555360000,2.60,3285.12,sz399006,创业板指
2021-10-19,3293.80,3310.02,3273.55,97524323,198225310000,2.51,3297.29,sz399006,创业板指
2021-10-18,3287.04,3287.04,3231.05,95237733,198172340000,2.45,3276.48,sz399006,创业板指
2021-10-15,3198.89,3284.65,3187.40,100190862,204031120000,2.58,3276.32,sz399006,创业板指
2021-10-14,3216.86,3238.15,3204.92,91124921,178046430000,2.34,3215.74,sz399006,创业板指
2021-10-13,3141.42,3211.34,3140.02,92078027,171766190000,2.38,3210.16,sz399006,创业板指
2021-10-12,3194.01,3196.71,3106.47,106184146,195696740000,2.75,3138.26,sz399006,创业板指
2021-10-11,3242.18,3257.36,3190.66,102582262,189177210000,2.65,3196.19,sz399006,创业板指
2021-10-08,3259.46,3285.73,3224.06,107041226,197594920000,2.77,3243.20,sz399006,创业板指
2021-09-30,3188.39,3257.67,3180.91,92699790,179526630000,2.39,3244.65,sz399006,创业板指
2021-09-29,3181.98,3209.69,3165.49,106740703,192933490000,2.76,3175.15,sz399006,创业板指
2021-09-28,3219.38,3272.94,3202.62,98933544,187314400000,2.56,3211.45,sz399006,创业板指
2021-09-27,3228.07,3280.30,3211.61,139566851,260071560000,3.61,3231.58,sz399006,创业板指
2021-09-24,3176.87,3250.14,3169.50,131482179,237333240000,3.40,3207.82,sz399006,创业板指
2021-09-23,3197.26,3210.64,3160.58,140236606,236428430000,3.63,3182.47,sz399006,创业板指
2021-09-22,3144.45,3199.77,3141.24,112279501,199316210000,2.91,3164.33,sz399006,创业板指
2021-09-17,3124.32,3201.45,3122.32,134558606,244779170000,3.49,3193.26,sz399006,创业板指
2021-09-16,3199.46,3199.46,3127.79,152198805,272386700000,3.95,3128.84,sz399006,创业板指
2021-09-15,3233.15,3234.13,3185.65,142905729,260423670000,3.71,3200.40,sz399006,创业板指
2021-09-14,3199.41,3275.94,3197.90,158960727,289477140000,4.12,3236.55,sz399006,创业板指
2021-09-13,3231.39,3260.33,3183.44,153534684,265834560000,3.99,3194.27,sz399006,创业板指
2021-09-10,3207.86,3241.87,3189.97,152421662,265447690000,3.97,3232.01,sz399006,创业板指
2021-09-09,3224.45,3244.07,3174.03,163756605,265416710000,4.26,3221.94,sz399006,创业板指
2021-09-08,3259.53,3282.45,3215.47,171774045,287693630000,4.49,3219.95,sz399006,创业板指
2021-09-07,3222.43,3256.53,3203.68,146501612,267655680000,3.82,3251.49,sz399006,创业板指
2021-09-06,3106.26,3231.57,3085.15,144187607,276919460000,3.77,3228.09,sz399006,创业板指
2021-09-03,3150.30,3165.21,3088.78,161008189,292281870000,4.22,3102.14,sz399006,创业板指
2021-09-02,3181.26,3200.04,3133.76,142711906,258893680000,3.74,3138.80,sz399006,创业板指
2021-09-01,3214.17,3222.47,3128.27,157238175,294373520000,4.11,3186.85,sz399006,创业板指
2021-08-31,3273.81,3273.81,3181.35,148153770,284971940000,3.89,3214.12,sz399006,创业板指
2021-08-30,3275.97,3316.63,3249.87,154720364,319964630000,4.06,3271.80,sz399006,创业板指
2021-08-27,3259.15,3296.68,3243.18,148065440,283007980000,3.89,3257.07,sz399006,创业板指
2021-08-26,3361.91,3368.65,3262.68,151206857,299048780000,3.97,3264.45,sz399006,创业板指
2021-08-25,3330.81,3348.89,3295.46,147652045,283334080000,3.88,3348.66,sz399006,创业板指
2021-08-24,3301.86,3351.93,3269.86,164651032,327186490000,4.32,3330.58,sz399006,创业板指
2021-08-23,3218.97,3296.36,3202.81,162310376,309876090000,4.27,3293.77,sz399006,创业板指
2021-08-20,3256.49,3265.63,3162.76,141494425,284030480000,3.73,3192.90,sz399006,创业板指
2021-08-19,3259.09,3304.43,3231.36,146988302,274789240000,3.86,3278.36,sz399006,创业板指
2021-08-18,3238.26,3269.22,3219.05,149355741,283575440000,3.92,3248.37,sz399006,创业板指
2021-08-17,3311.95,3326.08,3211.24,169655834,309998590000,4.47,3224.15,sz399006,创业板指
2021-08-16,3330.82,3346.80,3288.05,157289222,294817750000,4.15,3301.39,sz399006,创业板指
2021-08-13,3360.52,3432.82,3328.70,166107673,317069950000,4.38,3345.13,sz399006,创业板指
2021-08-12,3413.52,3439.41,3379.42,171889789,317553130000,4.53,3386.43,sz399006,创业板指
2021-08-11,3457.79,3471.94,3422.86,170524419,304991470000,4.51,3437.06,sz399006,创业板指
2021-08-10,3453.85,3470.97,3422.38,159164878,314671020000,4.21,3468.67,sz399006,创业板指
2021-08-09,3455.70,3466.88,3412.86,143720714,284136880000,3.80,3456.75,sz399006,创业板指
2021-08-06,3539.97,3548.34,3469.12,159069034,303607600000,4.21,3490.90,sz399006,创业板指
2021-08-05,3547.84,3569.84,3507.03,174787164,327617380000,4.62,3532.50,sz399006,创业板指
2021-08-04,3463.73,3564.27,3445.05,165124105,335603010000,4.37,3563.13,sz399006,创业板指
2021-08-03,3490.86,3517.10,3447.14,187257777,363804190000,4.96,3477.23,sz399006,创业板指
2021-08-02,3448.26,3500.33,3399.64,172263865,367509910000,4.56,3493.36,sz399006,创业板指
2021-07-30,3454.03,3479.38,3402.33,171733128,353632900000,4.54,3440.18,sz399006,创业板指
2021-07-29,3375.33,3467.90,3338.13,156644084,324789450000,4.14,3459.72,sz399006,创业板指
2021-07-28,3204.31,3306.50,3157.99,152311021,294537020000,4.02,3284.92,sz399006,创业板指
2021-07-27,3384.46,3423.45,3232.84,168643142,342776180000,4.47,3232.84,sz399006,创业板指
2021-07-26,3450.90,3464.74,3292.20,163488545,318399440000,4.34,3371.23,sz399006,创业板指
2021-07-23,3539.42,3542.28,3461.62,174156250,321746600000,4.62,3469.87,sz399006,创业板指
2021-07-22,3572.44,3576.12,3512.72,172597708,309578650000,4.58,3544.44,sz399006,创业板指
2021-07-21,3480.70,3568.70,3473.15,160303292,297063170000,4.26,3560.05,sz399006,创业板指
2021-07-20,3431,3491.05,3418.76,127280016,220149870000,3.37,3463.79,sz399006,创业板指
2021-07-19,3438.20,3482.09,3420.40,135626549,242039710000,3.60,3449.53,sz399006,创业板指
2021-07-16,3525.27,3525.27,3428.98,130951905,251633790000,3.47,3432.65,sz399006,创业板指
2021-07-15,3476.11,3537.39,3453.35,138243388,246493540000,3.67,3537.39,sz399006,创业板指
2021-07-14,3491.42,3539.55,3464.92,156374361,273465100000,4.16,3488.63,sz399006,创业板指
2021-07-13,3518.53,3560.88,3478.27,164077837,294585220000,4.37,3514.98,sz399006,创业板指
2021-07-12,3453.01,3554.07,3426.01,160606048,309783400000,4.28,3534.76,sz399006,创业板指
2021-07-09,3413.02,3428.30,3334.27,137781112,261000500000,3.66,3409.31,sz399006,创业板指
2021-07-08,3435.31,3469.60,3418.70,153752824,290177190000,4.07,3432.96,sz399006,创业板指
2021-07-07,3278.13,3419.70,3261.32,129431746,254641670000,3.44,3409.59,sz399006,创业板指
2021-07-06,3359.26,3367.75,3240.87,138459689,264912160000,0,3291.99,sz399006,创业板指
2021-07-05,3332.49,3387.10,3318.34,128973925,239300230000,0,3352.12,sz399006,创业板指
2021-07-02,3429.61,3429.61,3329.82,119977644,235886340000,0,3333.90,sz399006,创业板指
2021-07-01,3486.78,3500.74,3431.77,133199517,246015970000,0,3455.36,sz399006,创业板指
2021-06-30,3418.81,3484.19,3389.96,119646224,225326760000,0,3477.18,sz399006,创业板指
2021-06-29,3438.88,3445.87,3392.63,122183462,230684740000,0,3406.24,sz399006,创业板指
2021-06-28,3356.22,3422.73,3345.21,119358637,226484800000,0,3412.86,sz399006,创业板指
2021-06-25,3288.27,3355.88,3286.27,127420406,229788030000,0,3347.70,sz399006,创业板指
2021-06-24,3326.33,3328.56,3260.03,132892484,222080760000,0,3279.16,sz399006,创业板指
2021-06-23,3288.76,3341.96,3266.90,142736946,240747150000,0,3318.95,sz399006,创业板指
2021-06-22,3273.63,3291.18,3220.42,152034108,239931380000,0,3281.99,sz399006,创业板指
2021-06-21,3235.69,3288.74,3205.36,140970659,237607970000,0,3270.58,sz399006,创业板指
2021-06-18,3210.14,3260.73,3198.29,135807223,226936000000,0,3239.23,sz399006,创业板指
2021-06-17,3133.91,3197.54,3133.91,131986883,220832110000,0,3188.59,sz399006,创业板指
2021-06-16,3258.60,3258.69,3122.81,140025080,228822560000,0,3125.70,sz399006,创业板指
2021-06-15,3298.21,3306.44,3240.52,135815570,224673050000,0,3262.19,sz399006,创业板指
2021-06-11,3305.53,3320.26,3266.36,142328260,253521330000,0,3298.50,sz399006,创业板指
2021-06-10,3213.44,3301.16,3213.44,133126000,226019330000,0,3285.51,sz399006,创业板指
2021-06-09,3203.15,3222.18,3183.06,106230210,174433990000,0,3207.63,sz399006,创业板指
2021-06-08,3227.27,3275.78,3185.22,113862128,195893600000,0,3208.57,sz399006,创业板指
2021-06-07,3240.95,3241.77,3197.91,101851187,192585590000,0,3228.24,sz399006,创业板指
2021-06-04,3194.39,3281.26,3183.67,99530493,186280320000,0,3242.61,sz399006,创业板指
2021-06-03,3241.16,3255.16,3201.23,99111260,183161910000,0,3201.78,sz399006,创业板指
2021-06-02,3309.18,3310.49,3228.85,105011106,194663250000,0,3243.02,sz399006,创业板指
2021-06-01,3290.53,3307.47,3242.90,108692165,195909060000,0,3300.16,sz399006,创业板指
2021-05-31,3246.15,3309.75,3246.15,102148572,199361210000,0,3309.07,sz399006,创业板指
2021-05-28,3226.08,3285.28,3215.03,102431745,200086140000,0,3232.29,sz399006,创业板指
2021-05-27,3192.04,3238.45,3169.03,100394361,177872970000,0,3226.11,sz399006,创业板指
2021-05-26,3226.70,3228.77,3185.77,99712490,174495810000,0,3196.85,sz399006,创业板指
2021-05-25,3155.27,3232.74,3151.90,92506458,179530490000,0,3227.36,sz399006,创业板指
2021-05-24,3128.78,3140.95,3075.45,87403194,161768030000,0,3139.69,sz399006,创业板指
2021-05-21,3162.79,3171.90,3098.24,85093497,155883010000,0,3113.26,sz399006,创业板指
2021-05-20,3113.55,3158.45,3112.56,86554521,151593170000,0,3143.62,sz399006,创业板指
2021-05-19,3081.22,3128.60,3075.80,86107660,146773340000,0,3114.72,sz399006,创业板指
2021-05-18,3108.63,3128.94,3068.76,84858621,145044360000,0,3090.12,sz399006,创业板指
2021-05-17,3049.02,3130.20,3049.02,102722232,187045070000,0,3112.74,sz399006,创业板指
2021-05-14,2954.17,3039.73,2942.98,105551583,177574690000,0,3033.81,sz399006,创业板指
2021-05-13,2922.73,2967.62,2912.52,93382117,147357060000,0,2943.62,sz399006,创业板指
2021-05-12,2913.06,2965.21,2887.21,82562319,138383150000,0,2960.36,sz399006,创业板指
2021-05-11,2898.80,2932.48,2864.05,81060366,134061450000,0,2921.34,sz399006,创业板指
2021-05-10,2920.42,2960.33,2901.08,80161307,136867420000,0,2921.72,sz399006,创业板指
2021-05-07,3021.87,3026.85,2910.41,81480623,147241000000,0,2910.41,sz399006,创业板指
2021-05-06,3059.58,3059.58,2961.99,74216191,158978780000,0,3014.81,sz399006,创业板指
2021-04-30,3040.65,3110.16,3037.31,81081276,162334160000,0,3091.40,sz399006,创业板指
2021-04-29,3053.74,3068.60,3014.55,83585825,163854370000,0,3051.42,sz399006,创业板指
2021-04-28,2990.70,3052.04,2980.65,82166911,165573910000,0,3050.58,sz399006,创业板指
2021-04-27,2964.03,2986.03,2946.80,87910105,167120040000,0,2986.03,sz399006,创业板指
2021-04-26,3019.30,3057.12,2965.01,93732277,190211250000,0,2969.40,sz399006,创业板指
2021-04-23,2938.93,3009.27,2937.94,83983192,162069060000,0,2994.49,sz399006,创业板指
2021-04-22,2941.30,2950.23,2901.92,76739358,145359580000,0,2939.39,sz399006,创业板指
2021-04-21,2873.36,2920.72,2867.21,76179405,136018040000,0,2916.97,sz399006,创业板指
2021-04-20,2880.06,2922.03,2870.29,91430207,158565690000,0,2896.11,sz399006,创业板指
2021-04-19,2777.02,2899.73,2769.65,90706317,162650050000,0,2898.73,sz399006,创业板指
2021-04-16,2801.74,2802.62,2744.68,79576096,128973020000,0,2783.37,sz399006,创业板指
2021-04-15,2787.25,2793.67,2761.29,68717982,118024820000,0,2790.64,sz399006,创业板指
2021-04-14,2753.67,2809.16,2753.67,68452421,122321530000,0,2804.41,sz399006,创业板指
2021-04-13,2719.56,2785.14,2719.56,70626205,125277070000,0,2742.85,sz399006,创业板指
2021-04-12,2789.78,2813.49,2711.84,76038630,144203860000,0,2719.95,sz399006,创业板指
2021-04-09,2823.78,2829.96,2772.31,69288416,127620020000,0,2783.33,sz399006,创业板指
2021-04-08,2793.17,2838.94,2778.87,78439434,139367950000,0,2826.99,sz399006,创业板指
2021-04-07,2843.57,2843.57,2773.67,74257327,134376700000,0,2807.20,sz399006,创业板指
2021-04-06,2865.44,2871.87,2814.49,70207120,127514300000,0,2831.60,sz399006,创业板指
2021-04-02,2828.35,2871.11,2820.01,68828040,131748520000,0,2852.23,sz399006,创业板指
2021-04-01,2766.42,2819.41,2766.42,65051661,118889520000,0,2815.41,sz399006,创业板指
2021-03-31,2770.33,2777.08,2731.22,68452039,122743340000,0,2758.50,sz399006,创业板指
2021-03-30,2728.49,2779.87,2722.23,80983697,140097190000,0,2771.32,sz399006,创业板指
2021-03-29,2747.86,2768.14,2716.95,79025158,139949790000,0,2733.96,sz399006,创业板指
2021-03-26,2672.91,2754.30,2672.91,80652150,149296520000,0,2745.40,sz399006,创业板指
2021-03-25,2609.38,2670.90,2603.94,84741034,139611830000,0,2656,sz399006,创业板指
2021-03-24,2650.37,2678.40,2623.29,80878795,138866690000,0,2634.61,sz399006,创业板指
2021-03-23,2684.64,2708.96,2641.37,90522749,157255820000,0,2668.08,sz399006,创业板指
2021-03-22,2683.64,2729.10,2665.62,82721007,140798740000,0,2698.26,sz399006,创业板指
2021-03-19,2697.83,2726.87,2654,80629029,142057900000,0,2671.52,sz399006,创业板指
2021-03-18,2717.27,2760.79,2713.85,84056848,143726510000,0,2748.73,sz399006,创业板指
2021-03-17,2662.93,2717.67,2631.73,84968443,131921270000,0,2704.14,sz399006,创业板指
2021-03-16,2664.69,2678.92,2629.36,88291562,130955100000,0,2672.12,sz399006,创业板指
2021-03-15,2737.45,2737.45,2612.45,79935707,135172830000,0,2644.01,sz399006,创业板指
2021-03-12,2768.58,2771.87,2711.33,83114959,144827730000,0,2756.81,sz399006,创业板指
2021-03-11,2682.95,2768.95,2677.57,83028387,148398040000,0,2746.58,sz399006,创业板指
2021-03-10,2708.23,2720.25,2665.70,85425561,146338370000,0,2676.70,sz399006,创业板指
2021-03-09,2717.17,2733.98,2608.24,108261659,183776100000,0,2633.45,sz399006,创业板指
2021-03-08,2889.08,2905.47,2726.34,107092804,186442330000,0,2728.84,sz399006,创业板指
2021-03-05,2800.25,2897.17,2800.25,105779692,166327930000,0,2871.97,sz399006,创业板指
2021-03-04,2962.52,2962.52,2841.15,95795005,176678120000,0,2851.87,sz399006,创业板指
2021-03-03,2951.29,2997.99,2933.83,80357922,142641200000,0,2997.75,sz399006,创业板指
2021-03-02,3019.10,3023.21,2937.89,87564875,163975540000,0,2966.89,sz399006,创业板指
2021-03-01,2958.53,2998.03,2935.08,90984644,165562270000,0,2994.75,sz399006,创业板指
2021-02-26,2907.48,2961.03,2887.81,90275926,163883640000,0,2914.11,sz399006,创业板指
2021-02-25,3040.90,3045,2969.03,88285851,158855510000,0,2977.18,sz399006,创业板指
2021-02-24,3112.72,3125.24,2973.88,97988561,187147760000,0,3007.46,sz399006,创业板指
2021-02-23,3099.19,3156.37,3090.32,88083782,164296960000,0,3112.36,sz399006,创业板指
2021-02-22,3278.59,3278.59,3138.65,118336668,219875920000,0,3138.67,sz399006,创业板指
2021-02-19,3289.01,3308.75,3195.95,93986268,181261950000,0,3285.53,sz399006,创业板指
2021-02-18,3475.89,3476,3300.18,91427754,203141950000,0,3320.14,sz399006,创业板指
2021-02-10,3350.32,3427.82,3314.67,69134933,160180530000,0,3413.81,sz399006,创业板指
2021-02-09,3291.50,3339.97,3273.06,71738961,158877660000,0,3334.24,sz399006,创业板指
2021-02-08,3202.48,3278.06,3162.59,66972657,152656270000,0,3278.06,sz399006,创业板指
2021-02-05,3224.85,3256.72,3191.46,76045480,162001550000,0,3193.71,sz399006,创业板指
2021-02-04,3208.65,3248.28,3155.79,86627498,174213620000,0,3200.55,sz399006,创业板指
2021-02-03,3245.26,3276.23,3218.87,87356803,185243340000,0,3223.77,sz399006,创业板指
2021-02-02,3176.25,3232.43,3130.76,85529207,179022980000,0,3228.70,sz399006,创业板指
2021-02-01,3134.79,3189.85,3123.44,87202140,174690820000,0,3159.99,sz399006,创业板指
2021-01-29,3201.67,3221.11,3070.04,98297508,190745910000,0,3128.86,sz399006,创业板指
2021-01-28,3219.93,3248.02,3160.53,95663222,183998960000,0,3161.86,sz399006,创业板指
2021-01-27,3269.77,3296.16,3196.09,91484094,182490440000,0,3281.03,sz399006,创业板指
2021-01-26,3335.44,3335.44,3253.27,92179460,206073290000,0,3258.36,sz399006,创业板指
2021-01-25,3363.60,3427.44,3333.74,103834676,237284190000,0,3355.24,sz399006,创业板指
2021-01-22,3282.04,3366.69,3281.40,105032752,232440170000,0,3358.24,sz399006,创业板指
2021-01-21,3217.83,3303.32,3217.83,106153641,218962440000,0,3283.72,sz399006,创业板指
2021-01-20,3106.35,3204.93,3098.43,94380761,195028340000,0,3204.93,sz399006,创业板指
2021-01-19,3146.27,3157.46,3074.19,106575120,197984350000,0,3084.49,sz399006,创业板指
2021-01-18,3078.03,3164.58,3056.81,93923229,183974080000,0,3149.20,sz399006,创业板指
2021-01-15,3074,3109.87,3020.78,91396640,185980430000,0,3089.94,sz399006,创业板指
2021-01-14,3101.96,3142.85,3061.02,94183093,200034630000,0,3089.18,sz399006,创业板指
2021-01-13,3180.75,3207.07,3100.07,104239949,224930410000,0,3130.30,sz399006,创业板指
2021-01-12,3079.84,3180.35,3057.74,93867327,199272410000,0,3180.35,sz399006,创业板指
2021-01-11,3159.59,3159.59,3066.74,108210138,225389520000,0,3092.86,sz399006,创业板指
2021-01-08,3179.37,3194.37,3115.99,111271746,215418740000,0,3150.78,sz399006,创业板指
2021-01-07,3106.34,3162.40,3086.06,126540769,233521260000,0,3162.40,sz399006,创业板指
2021-01-06,3113.85,3134.76,3057.56,111972349,225083680000,0,3115.09,sz399006,创业板指
2021-01-05,3050.18,3100,3027.76,109187299,241289110000,0,3097.98,sz399006,创业板指
2021-01-04,2977.32,3094.53,2963.41,104349614,229575310000,0,3078.11,sz399006,创业板指
2020-12-31,2911.39,2969.75,2909.67,87399891,179293600000,0,2966.26,sz399006,创业板指
2020-12-30,2828.01,2909.19,2827.07,84564376,165360000000,0,2900.54,sz399006,创业板指
2020-12-29,2838.71,2843.72,2795.65,97368670,173598160000,0,2813,sz399006,创业板指
2020-12-28,2847.12,2861,2823,97762013,174771900000,0,2842.81,sz399006,创业板指
2020-12-25,2811.55,2841.57,2793.78,87907671,159956080000,0,2840.80,sz399006,创业板指
2020-12-24,2838.94,2848.34,2811.93,102202311,174342700000,0,2820.75,sz399006,创业板指
2020-12-23,2822.26,2865.47,2809.79,99054392,187706610000,0,2842.97,sz399006,创业板指
2020-12-22,2867.21,2888.35,2809.92,104673254,191347340000,0,2811.75,sz399006,创业板指
2020-12-21,2789.64,2882.44,2783.39,88575200,175092780000,0,2882.44,sz399006,创业板指
2020-12-18,2787.78,2803.11,2768.47,82883837,152865550000,0,2780.73,sz399006,创业板指
2020-12-17,2758.44,2789.25,2739.16,93729080,162824200000,0,2785.62,sz399006,创业板指
2020-12-16,2764.34,2771.59,2732.58,88134019,155234360000,0,2760.64,sz399006,创业板指
2020-12-15,2727.95,2761.32,2720.14,85709854,157492710000,0,2758.85,sz399006,创业板指
2020-12-14,2695.19,2729.07,2674.51,90804571,162012550000,0,2726.60,sz399006,创业板指
2020-12-11,2727.97,2733.94,2665.10,106423087,185437400000,0,2687.78,sz399006,创业板指
2020-12-10,2689.21,2734.64,2675.46,85881189,155131060000,0,2718.55,sz399006,创业板指
2020-12-09,2752.35,2763.41,2693.19,101002815,181141130000,0,2697.83,sz399006,创业板指
2020-12-08,2736.03,2757.34,2735.83,82537975,154524910000,0,2746.28,sz399006,创业板指
2020-12-07,2720.85,2739.77,2715.93,90628690,173246120000,0,2726.48,sz399006,创业板指
2020-12-04,2701.37,2736.27,2696.95,88609362,158581690000,0,2730.84,sz399006,创业板指
2020-12-03,2681.59,2721.85,2670.21,103656536,185370310000,0,2712.52,sz399006,创业板指
2020-12-02,2697.44,2703.25,2662.18,108326576,191294110000,0,2682.97,sz399006,创业板指
2020-12-01,2628.73,2700.28,2627.45,107272561,190245550000,0,2698.44,sz399006,创业板指
2020-11-30,2627.87,2653.44,2593.70,101784215,188924110000,0,2631.89,sz399006,创业板指
2020-11-27,2614.66,2635.69,2594.07,92445134,160937120000,0,2618.99,sz399006,创业板指
2020-11-26,2616.74,2632.87,2584.69,96422807,165584600000,0,2609.39,sz399006,创业板指
2020-11-25,2678.11,2679.03,2615.53,105680514,187336950000,0,2615.53,sz399006,创业板指
2020-11-24,2689.80,2700.02,2664.95,100786818,179873300000,0,2674.80,sz399006,创业板指
2020-11-23,2677.35,2705.77,2653.08,20140789,61306390000,0,2686.36,sz399006,创业板指
2020-11-20,2649.56,2677.13,2649.56,15156112,46625880000,0,2667.09,sz399006,创业板指
2020-11-19,2614.78,2651.37,2593.83,16226474,50283230000,0,2645.16,sz399006,创业板指
2020-11-18,2656.89,2680.62,2612.82,16927621,58128060000,0,2620.67,sz399006,创业板指
2020-11-17,2715.09,2715.69,2626.37,18581740,62649670000,0,2658.09,sz399006,创业板指
2020-11-16,2716.02,2722.52,2679.10,16151948,54853480000,0,2712.41,sz399006,创业板指
2020-11-13,2699.52,2717.46,2679.09,15692432,54215160000,0,2706.81,sz399006,创业板指
2020-11-12,2705.76,2721.43,2687.76,16499102,50261410000,0,2700.51,sz399006,创业板指
2020-11-11,2762.71,2766.64,2681.52,20418411,67966170000,0,2681.52,sz399006,创业板指
2020-11-10,2811.48,2811.48,2757.95,25848763,79845960000,0,2773.22,sz399006,创业板指
2020-11-09,2753.93,2831.37,2753.93,29277200,87524310000,0,2814,sz399006,创业板指
2020-11-06,2798.55,2798.55,2708.08,22390970,70097720000,0,2733.07,sz399006,创业板指
2020-11-05,2782.06,2791.57,2744.78,22904365,69498400000,0,2787.88,sz399006,创业板指
2020-11-04,2747.54,2758.42,2725.52,17571437,55579800000,0,2750.55,sz399006,创业板指
2020-11-03,2720.70,2750.47,2701.07,19483454,61258340000,0,2744.31,sz399006,创业板指
2020-11-02,2670.52,2721.31,2664.76,20403752,64057740000,0,2708.39,sz399006,创业板指
2020-10-30,2709,2712.45,2647.31,23770274,70293400000,0,2655.86,sz399006,创业板指
2020-10-29,2635.69,2713.88,2631.23,22170569,65999620000,0,2699.92,sz399006,创业板指
2020-10-28,2648.49,2684.95,2628.47,20283154,60125760000,0,2670.48,sz399006,创业板指
2020-10-27,2618.70,2656.16,2613.08,16861443,47727200000,0,2650.76,sz399006,创业板指
2020-10-26,2585.79,2629.31,2555.32,16517651,45862750000,0,2617.74,sz399006,创业板指
2020-10-23,2680.71,2701.46,2592.42,17312855,47033870000,0,2600.84,sz399006,创业板指
2020-10-22,2686.78,2686.89,2645.75,16825540,44413170000,0,2673.59,sz399006,创业板指
2020-10-21,2746.73,2746.73,2689.34,19691371,51990610000,0,2700.53,sz399006,创业板指
2020-10-20,2698.05,2740.58,2686.82,20161020,51067500000,0,2740.58,sz399006,创业板指
2020-10-19,2750.95,2752.76,2684.46,19289122,52735910000,0,2689.67,sz399006,创业板指
2020-10-16,2735.68,2754.35,2697.25,17537848,51096250000,0,2724.50,sz399006,创业板指
2020-10-15,2767.17,2770.34,2735.34,18846937,54454340000,0,2737.96,sz399006,创业板指
2020-10-14,2777.89,2793.49,2759.54,23633304,65496910000,0,2764.24,sz399006,创业板指
2020-10-13,2769.66,2792.97,2754.15,25025726,72019730000,0,2784.72,sz399006,创业板指
2020-10-12,2702.16,2777.39,2698.76,29838121,88371890000,0,2777.39,sz399006,创业板指
2020-10-09,2632.59,2679.01,2629.22,21872310,66650110000,0,2672.93,sz399006,创业板指
2020-09-30,2575.46,2601.80,2561.05,15720313,44458490000,0,2574.76,sz399006,创业板指
2020-09-29,2538.36,2579.27,2521.70,17166808,47080800000,0,2563.38,sz399006,创业板指
2020-09-28,2551.78,2555.02,2517.04,15875324,41096360000,0,2521.25,sz399006,创业板指
2020-09-25,2551.44,2570.36,2529.13,17483572,44464100000,0,2540.43,sz399006,创业板指
2020-09-24,2576.04,2583.62,2535.87,23500082,54937640000,0,2535.87,sz399006,创业板指
2020-09-23,2563.71,2608.42,2549.34,22390082,61773140000,0,2599.88,sz399006,创业板指
2020-09-22,2556.46,2596.81,2547.36,23076529,56143940000,0,2555.54,sz399006,创业板指
2020-09-21,2605.55,2607.65,2565.04,25124801,58631500000,0,2569.22,sz399006,创业板指
2020-09-18,2558.29,2600.58,2537.84,28504319,64887570000,0,2596.08,sz399006,创业板指
2020-09-17,2551.29,2582.26,2521.60,26078664,61365080000,0,2557.32,sz399006,创业板指
2020-09-16,2597.64,2597.64,2540.02,26178108,55226430000,0,2554.80,sz399006,创业板指
2020-09-15,2578.69,2599.54,2563.07,29726721,62205340000,0,2595.15,sz399006,创业板指
2020-09-14,2568.01,2604.39,2548.09,34383250,72905770000,0,2572.60,sz399006,创业板指
2020-09-11,2474.70,2542.13,2474.70,27403176,57430060000,0,2536.62,sz399006,创业板指
2020-09-10,2551.30,2565.85,2477.67,38493744,72217480000,0,2483.03,sz399006,创业板指
2020-09-09,2609.13,2609.37,2506.90,46009497,87684870000,0,2523.40,sz399006,创业板指
2020-09-08,2648.44,2663.69,2612.64,40178576,75267730000,0,2650.63,sz399006,创业板指
2020-09-07,2728.74,2745.61,2628.86,42316861,92094640000,0,2641.20,sz399006,创业板指
2020-09-04,2690.29,2739.90,2686.87,31188320,70663650000,0,2732.15,sz399006,创业板指
2020-09-03,2766.98,2789.12,2738.13,34257246,78744320000,0,2746.95,sz399006,创业板指
2020-09-02,2753.93,2785.35,2731.41,40866537,82494130000,0,2771.85,sz399006,创业板指
2020-09-01,2721.18,2750.42,2701.56,24668568,65343570000,0,2750.42,sz399006,创业板指
2020-08-31,2769.83,2779.52,2726.68,30265412,78885960000,0,2728.31,sz399006,创业板指
2020-08-28,2687.23,2762.89,2680.49,31648942,80677310000,0,2757.84,sz399006,创业板指
2020-08-27,2653.74,2699.88,2637.42,31132737,75022190000,0,2689.17,sz399006,创业板指
2020-08-26,2701.48,2717.80,2635.13,31969223,81085060000,0,2644.14,sz399006,创业板指
2020-08-25,2687.29,2737.47,2683.19,33807218,82802610000,0,2701.60,sz399006,创业板指
2020-08-24,2653.63,2704.80,2592.66,31223667,82739020000,0,2684.63,sz399006,创业板指
2020-08-21,2611.54,2644.02,2607.82,24920758,64358750000,0,2632.45,sz399006,创业板指
2020-08-20,2592.88,2629.29,2578.39,21680900,59639910000,0,2587.86,sz399006,创业板指
2020-08-19,2695.89,2695.89,2612.84,22146115,67469330000,0,2612.84,sz399006,创业板指
2020-08-18,2702.42,2724.04,2689.03,20365962,65582370000,0,2701.06,sz399006,创业板指
2020-08-17,2682.21,2696.70,2652.05,24535095,73239930000,0,2696.39,sz399006,创业板指
2020-08-14,2624.83,2669.48,2615.63,18705044,55205110000,0,2668.71,sz399006,创业板指
2020-08-13,2657.20,2660.71,2611.14,20156063,59180670000,0,2622.64,sz399006,创业板指
2020-08-12,2689.58,2694.95,2577.71,27409187,84409300000,0,2635.50,sz399006,创业板指
2020-08-11,2740.15,2774.90,2686.19,24437780,74480030000,0,2688.70,sz399006,创业板指
2020-08-10,2735.43,2757.43,2693.73,25018399,81118640000,0,2735.26,sz399006,创业板指
2020-08-07,2807.10,2823.97,2703.13,29753570,98303210000,0,2749.95,sz399006,创业板指
2020-08-06,2868.82,2868.82,2774.69,30253417,96953790000,0,2814.37,sz399006,创业板指
2020-08-05,2826.41,2875.44,2803.77,26382949,81893830000,0,2860.24,sz399006,创业板指
2020-08-04,2863.32,2893.40,2819.01,29255687,95119990000,0,2832.84,sz399006,创业板指
2020-08-03,2831.35,2870.65,2801.11,34364790,104284710000,0,2868.88,sz399006,创业板指
2020-07-31,2747.41,2817.42,2741.44,31294711,93718920000,0,2795.40,sz399006,创业板指
2020-07-30,2782.11,2787.38,2734.06,30026881,86167780000,0,2743.63,sz399006,创业板指
2020-07-29,2659.94,2768.17,2652.90,31227233,87795640000,0,2767.40,sz399006,创业板指
2020-07-28,2668.25,2677.74,2627.65,22359595,70817470000,0,2666.52,sz399006,创业板指
2020-07-27,2639.26,2671.45,2605.77,24666338,77317570000,0,2631.76,sz399006,创业板指
2020-07-24,2769.97,2781.79,2614.78,37899758,112561970000,0,2627.84,sz399006,创业板指
2020-07-23,2740.41,2799.67,2707.55,35266629,103563320000,0,2799.67,sz399006,创业板指
2020-07-22,2725.45,2807.42,2716.45,31018287,90026770000,0,2769.03,sz399006,创业板指
2020-07-21,2708.13,2745.05,2692.87,29236984,84307990000,0,2736.51,sz399006,创业板指
2020-07-20,2707.61,2717,2619.03,32732843,91157180000,0,2697.30,sz399006,创业板指
2020-07-17,2659.45,2726.28,2618.68,35535015,98120290000,0,2662.40,sz399006,创业板指
2020-07-16,2814.80,2849.10,2638.17,43196503,122336420000,0,2646.26,sz399006,创业板指
2020-07-15,2866.24,2894.42,2787.83,42288718,126886680000,0,2813.06,sz399006,创业板指
2020-07-14,2876.85,2892.89,2789.04,45389440,135456560000,0,2858.67,sz399006,创业板指
2020-07-13,2789.98,2896.31,2789.98,42458028,124884810000,0,2889.43,sz399006,创业板指
2020-07-10,2744.61,2799,2734.97,42094567,116493310000,0,2778.46,sz399006,创业板指
2020-07-09,2649.45,2771.22,2646.47,48518688,130232320000,0,2757.65,sz399006,创业板指
2020-07-08,2603.65,2653.07,2577.48,39430394,103360630000,0,2651.97,sz399006,创业板指
2020-07-07,2548.41,2632.81,2538.82,47345144,124318210000,0,2591.26,sz399006,创业板指
2020-07-06,2469.24,2535.71,2460.13,44630323,114719880000,0,2529.49,sz399006,创业板指
2020-07-03,2426.30,2467.50,2408,37484179,94210880000,0,2462.56,sz399006,创业板指
2020-07-02,2418.31,2435.12,2397.69,35500098,86713110000,0,2424.39,sz399006,创业板指
2020-07-01,2449.87,2450.84,2381.59,31217940,78454440000,0,2419.63,sz399006,创业板指
2020-06-30,2387.59,2441.90,2387.59,29909401,73110640000,0,2438.20,sz399006,创业板指
2020-06-29,2375.99,2387.16,2360.16,29892450,68846200000,0,2372.54,sz399006,创业板指
2020-06-24,2386.26,2397.36,2367.68,27596265,71125990000,0,2382.47,sz399006,创业板指
2020-06-23,2344.05,2382.33,2335.22,29717042,71306080000,0,2382.05,sz399006,创业板指
2020-06-22,2328.40,2358.91,2328.40,31560661,74560140000,0,2342.88,sz399006,创业板指
2020-06-19,2271.65,2328.58,2271.59,30313312,73520800000,0,2319.45,sz399006,创业板指
2020-06-18,2266.88,2270.11,2243.63,33390068,69172520000,0,2266.03,sz399006,创业板指
2020-06-17,2265.09,2274.49,2248.72,32117267,63923850000,0,2263.96,sz399006,创业板指
2020-06-16,2246.89,2261.18,2239.34,32791458,65274140000,0,2260.46,sz399006,创业板指
2020-06-15,2223.43,2256.65,2217.29,37011735,74361270000,0,2219.55,sz399006,创业板指
2020-06-12,2149.96,2220.97,2147.42,30761314,67378450000,0,2206.76,sz399006,创业板指
2020-06-11,2202.14,2236.08,2181.59,29241573,64955340000,0,2195.64,sz399006,创业板指
2020-06-10,2186.56,2205.27,2180.35,23058207,48056360000,0,2201.99,sz399006,创业板指
2020-06-09,2160.34,2186.47,2147.17,23745969,48027550000,0,2181.59,sz399006,创业板指
2020-06-08,2184.58,2186.97,2147.86,23092805,48638350000,0,2153.56,sz399006,创业板指
2020-06-05,2152.42,2166.38,2143.28,21535063,42385200000,0,2166.38,sz399006,创业板指
2020-06-04,2150.50,2157.28,2137.35,24161144,47825900000,0,2151.38,sz399006,创业板指
2020-06-03,2151.50,2165.45,2139.99,28795535,55577000000,0,2143.12,sz399006,创业板指
2020-06-02,2164.99,2164.99,2132.40,29368019,56720300000,0,2145.29,sz399006,创业板指
2020-06-01,2105.24,2163.35,2105.24,30713068,62354230000,0,2158.22,sz399006,创业板指
2020-05-29,2049.75,2090.30,2043.95,19816740,43742930000,0,2086.67,sz399006,创业板指
2020-05-28,2071.17,2075.87,2021.98,17187735,39340820000,0,2054.96,sz399006,创业板指
2020-05-27,2114.07,2114.86,2064.41,19078938,45441670000,0,2071.47,sz399006,创业板指
2020-05-26,2070.14,2113.29,2067.14,18554586,43579110000,0,2112.97,sz399006,创业板指
2020-05-25,2049.71,2055.19,2036,15370840,34160050000,0,2052.30,sz399006,创业板指
2020-05-22,2099.42,2099.42,2036.68,19119320,41635520000,0,2046.60,sz399006,创业板指
2020-05-21,2130.96,2138.72,2092.54,19125684,48172960000,0,2099.43,sz399006,创业板指
2020-05-20,2149.29,2153.24,2112.09,20880496,53500660000,0,2118.12,sz399006,创业板指
2020-05-19,2137.42,2144.98,2128.89,19496414,46943170000,0,2144.12,sz399006,创业板指
2020-05-18,2122.31,2137.15,2096.25,24142801,55975370000,0,2114.86,sz399006,创业板指
2020-05-15,2128.88,2138.97,2109.55,21018972,49332550000,0,2124.31,sz399006,创业板指
2020-05-14,2131.46,2137.14,2116.35,21770094,44896610000,0,2117.65,sz399006,创业板指
2020-05-13,2120.01,2145.02,2116.55,20085726,44535720000,0,2140.68,sz399006,创业板指
2020-05-12,2106.22,2125.32,2092.58,19653746,43329650000,0,2124.15,sz399006,创业板指
2020-05-11,2137.98,2139.67,2088.66,23179598,49907600000,0,2102.83,sz399006,创业板指
2020-05-08,2117.87,2137.79,2112.89,22525572,49247800000,0,2125.24,sz399006,创业板指
2020-05-07,2113.75,2116.23,2095.74,22348826,46771870000,0,2106.84,sz399006,创业板指
2020-05-06,2052.39,2111.66,2051.29,24631943,55899350000,0,2110.27,sz399006,创业板指
2020-04-30,2044.68,2077.81,2043.82,25345927,58018740000,0,2069.43,sz399006,创业板指
2020-04-29,2022.51,2053.38,2020.98,18838382,39557200000,0,2030.48,sz399006,创业板指
2020-04-28,2023.96,2046.93,1967.40,24644817,52024070000,0,2030.72,sz399006,创业板指
2020-04-27,2011.16,2035.89,1995.51,19034426,39979390000,0,2018.67,sz399006,创业板指
2020-04-24,2032.55,2038.24,1997.12,21754540,42862350000,0,2003.75,sz399006,创业板指
2020-04-23,2053.12,2057.85,2027.33,21255149,45685580000,0,2029.52,sz399006,创业板指
2020-04-22,2005.65,2043.56,2002.96,20640657,40547230000,0,2043.17,sz399006,创业板指
2020-04-21,2035.77,2035.77,1996.96,24975032,49108190000,0,2023.94,sz399006,创业板指
2020-04-20,2027.84,2043.56,2022.59,23085284,47963410000,0,2043.44,sz399006,创业板指
2020-04-17,2025.65,2048.28,2015.83,23758434,58136830000,0,2020.77,sz399006,创业板指
2020-04-16,1970.73,2012.46,1968.25,18550630,44241530000,0,2008.39,sz399006,创业板指
2020-04-15,1991.60,2002.76,1975.80,19264920,47541690000,0,1977.51,sz399006,创业板指
