code,end_date,holder_num,pre_holder_num,holder_change_pct,avg_holding
300188,2026-06-18,43669,43637,0.07,19681.6347981406
002041,2026-06-16,62569,63209,-1.01,14064.4728220045
002430,2026-06-12,57401,57401,0.0,17044.2809184509
300987,2026-06-11,15545,15834,-1.83,11152.6535863622
000858,2026-06-11,600000,600000,0.0,6469.346675
300699,2026-06-10,94639,95616,-1.02,8784.45461173512
300918,2026-06-10,26807,26793,0.05,18880.6814264931
300820,2026-06-10,15957,16168,-1.31,13928.2451588644
000713,2026-06-10,54313,54541,-0.42,14696.6559387255
002204,2026-06-10,70247,71113,-1.22,27493.9859638134
300124,2026-06-10,156802,152138,3.07,17267.662045127
300634,2026-06-10,45431,46941,-3.22,9931.78446435254
301399,2026-06-10,11302,12792,-11.65,16370.5538842683
301068,2026-06-10,5098,5440,-6.29,27719.8395449196
300896,2026-06-10,56361,57524,-2.02,5368.81994641685
000632,2026-06-10,36645,43915,-16.55,12703.4948833402
300407,2026-06-10,15591,16264,-4.14,22210.7120774806
001336,2026-06-10,8529,8116,5.09,9423.55493023801
001313,2026-06-10,21885,21486,1.86,31985.3781128627
300493,2026-06-10,64840,68944,-5.95,7904.39615977791
002039,2026-06-10,24269,27526,-11.83,17617.4595574601
300847,2026-06-10,22262,22536,-1.22,13296.6489982931
000737,2026-06-10,187140,185896,0.67,10178.0294699156
001286,2026-06-10,59963,63295,-5.26,62538.5654486934
003023,2026-06-10,10492,10651,-1.49,10040.1829965688
601918,2026-06-10,76000,76000,0.0,34086.0763157895
603327,2026-06-10,51263,51418,-0.3,20394.0339035952
603375,2026-06-10,11968,12871,-7.02,8411.31910093583
600064,2026-06-10,42581,42784,-0.47,40636.4257297856
603995,2026-06-10,19313,20541,-5.98,18931.198156682
600261,2026-06-10,40402,41498,-2.64,33044.2296420969
603929,2026-06-10,21558,26264,-17.92,9897.02198719733
603982,2026-06-10,26583,27025,-1.64,13735.4322311252
603980,2026-06-10,32184,32670,-1.49,21030.1193139448
600775,2026-06-10,112216,123095,-8.84,5987.01191452199
605389,2026-06-10,9544,9596,-0.54,19626.2773470243
600575,2026-06-10,58271,58401,-0.22,122990.718710851
605177,2026-06-10,10989,9879,11.24,10439.5636545637
605018,2026-06-10,26075,13397,94.63,18027.4513135187
000886,2026-06-10,70457,73500,-4.14,14034.4933789403
600727,2026-06-10,44798,41352,8.33,11799.2574445288
603706,2026-06-10,9952,9595,3.72,19029.6135450161
000563,2026-06-10,101959,102613,-0.64,50157.1254916192
600796,2026-06-10,25393,25876,-1.87,34126.9549088331
000403,2026-06-10,37683,38652,-2.51,25220.8525329724
002462,2026-06-10,25000,24000,4.17,11668.2848
601872,2026-06-10,124773,127381,-2.05,64713.8283282441
300856,2026-06-10,20100,20200,-0.5,23666.0309950249
000727,2026-06-10,143000,130000,10.0,31675.2935664336
600010,2026-06-10,839038,823467,1.89,53902.2463201905
300950,2026-06-10,14106,14279,-1.21,10892.102651354
000927,2026-06-10,71799,73737,-2.63,84267.9374503823
000962,2026-06-10,65187,63957,1.92,8091.49318115575
002483,2026-06-10,24774,24504,1.1,35782.2076774037
600794,2026-06-10,69170,69904,-1.05,17350.7612693364
605296,2026-06-10,18534,18646,-0.6,28313.6083953815
601086,2026-06-10,41605,41157,1.09,16007.6913832472
301102,2026-06-10,13333,13748,-3.02,30450.7612690317
301177,2026-06-10,10950,11904,-8.01,36554.7534246575
605166,2026-06-10,16376,15551,5.31,19219.1463116756
600448,2026-06-10,32591,33593,-2.98,19324.9566444724
002190,2026-06-10,87904,89701,-2.0,4080.92172142337
605099,2026-06-10,17521,17096,2.49,22975.4976314137
000852,2026-06-10,34591,34540,0.15,27630.6014859356
002161,2026-06-10,54998,54994,0.01,13450.6236590421
002500,2026-06-10,103943,104545,-0.58,34535.9624698152
002841,2026-06-10,27692,28023,-1.18,25134.2100606673
601699,2026-06-10,47000,49000,-4.08,63647.0042553192
688195,2026-06-10,27132,19971,35.86,6674.40660474716
603227,2026-06-10,33820,35178,-3.86,31688.1339148433
300523,2026-06-10,14037,14866,-5.58,16573.1736125953
300682,2026-06-10,45981,46025,-0.1,23449.5948543964
688291,2026-06-10,7966,7811,1.98,12888.1119758976
600671,2026-06-10,8662,9402,-7.87,14058.9800277072
300294,2026-06-10,31943,32756,-2.48,15785.8916820587
300956,2026-06-10,18042,14816,21.77,11940.3425340871
688399,2026-06-10,8994,8733,2.99,9325.29697576162
603062,2026-06-10,8100,8800,-7.95,13333.3333333333
300397,2026-06-10,53099,51528,3.05,9748.52153524549
300675,2026-06-10,12835,13195,-2.73,11427.0899883132
000423,2026-06-10,66236,66849,-0.92,9722.4594480343
301029,2026-06-10,35044,32112,9.13,18097.3265608949
601609,2026-06-10,88744,83413,6.39,19478.9303276841
300375,2026-06-10,25835,26497,-2.5,29407.3473195278
601168,2026-06-10,142500,147400,-3.32,16722.8070175439
300999,2026-06-10,112113,113523,-1.24,48358.2772381437
000768,2026-06-10,204061,205577,-0.74,13626.3672872327
002690,2026-06-10,31439,31346,0.3,28061.6081936448
600256,2026-06-10,168606,176007,-4.2,37910.8867062857
688449,2026-06-10,24650,23891,3.18,18661.2576064909
600076,2026-06-10,48654,50391,-3.45,27634.7960496568
600488,2026-06-10,83579,80693,3.58,13064.1271132701
301007,2026-06-10,12800,13400,-4.48,11979.6875
000960,2026-06-10,173730,150304,15.59,9471.2021642779
300777,2026-06-10,45471,45035,0.97,9670.06525037936
603325,2026-06-10,9846,9825,0.21,8125.53321145643
002552,2026-06-10,43112,61873,-30.32,8999.47418352199
002547,2026-06-10,91558,95005,-3.63,12320.6838069857
300941,2026-06-10,18350,18662,-1.67,11158.038147139
600785,2026-06-10,17756,18101,-1.91,12707.3259743185
002097,2026-06-10,131461,138864,-5.33,8174.41875537232
002243,2026-06-10,39285,42478,-7.52,30815.9404098256
603567,2026-06-10,28269,28994,-2.5,33282.3687785206
603289,2026-06-10,14758,15324,-3.69,19880.5731806478
688428,2026-06-10,20000,20000,0.0,13417.98585
002742,2026-06-10,13455,13778,-2.34,50843.7042735043
301682,2026-06-10,28031,25182,11.31,4336.24765438265
300839,2026-06-10,12188,13021,-6.4,24201.1466196259
300183,2026-06-10,29797,29935,-0.46,15525.3594992785
300248,2026-06-10,37660,37642,0.05,12648.6562134891
300667,2026-06-10,21089,19940,5.76,9703.44914410356
000572,2026-06-10,133889,138064,-3.02,12283.581369642
300359,2026-06-10,30677,30982,-0.98,20645.2202627376
300664,2026-06-10,30013,31538,-4.84,25197.6254289808
300597,2026-06-10,19463,19478,-0.08,14004.5229409649
301515,2026-06-10,7621,7722,-1.31,13121.63758037
300939,2026-06-10,16826,21923,-23.25,7131.81980268632
300266,2026-06-10,29000,29000,0.0,53579.5625517241
002659,2026-06-10,22139,22334,-0.87,27023.8214914856
301297,2026-06-10,33334,31984,4.22,22364.3414531709
002374,2026-06-10,47478,47839,-0.75,22857.0976662875
000686,2026-06-10,84266,85920,-1.93,27774.5818598248
002611,2026-06-10,121285,123036,-1.42,10036.5778125902
300385,2026-06-10,11937,12334,-3.22,27908.681578286
301125,2026-06-10,7646,7079,8.01,25937.0923358619
301185,2026-06-10,12277,12802,-4.1,12496.3427547446
300333,2026-06-10,40831,40472,0.89,8229.0416595234
001218,2026-06-10,12114,12762,-5.08,10746.1003797259
300586,2026-06-10,28538,26760,6.64,24921.741011984
300647,2026-06-10,30069,29259,2.77,15209.0533107187
301168,2026-06-10,7402,7805,-5.16,16211.8346392867
002912,2026-06-10,21110,20725,1.86,8088.67835149218
301230,2026-06-10,20521,20692,-0.83,6802.13464256128
000507,2026-06-10,64626,64818,-0.3,14231.6543651162
301065,2026-06-10,8864,8598,3.09,11960.7400722022
301049,2026-06-10,7089,6891,2.87,13295.7164621244
301252,2026-06-10,11307,11149,1.42,14966.4314141682
001335,2026-06-10,5970,5718,4.41,15701.7688442211
000151,2026-06-10,25415,25716,-1.17,13807.0543379894
002697,2026-06-10,59871,62896,-4.81,22715.5050024219
000650,2026-06-10,89600,90200,-0.67,15624.3106473214
000715,2026-06-10,20000,21000,-4.76,27021.7311
002448,2026-06-10,44999,45334,-0.74,13076.0604902331
300180,2026-06-10,74000,76000,-2.63,23798.1102027027
002379,2026-06-10,44779,47908,-6.53,291009.584894705
002090,2026-06-10,38833,39488,-1.66,10315.3779259908
000729,2026-06-10,71721,66712,7.51,39298.6620515609
920015,2026-06-10,6278,5850,7.32,0.0
001311,2026-06-10,15300,15200,0.66,26383.1460130719
301067,2026-06-10,9642,9569,0.76,10084.6297448662
301578,2026-06-10,8045,7589,6.01,13167.3098819142
002952,2026-06-10,22156,26145,-15.26,7417.40386351327
301386,2026-06-10,9966,9990,-0.24,14047.7623921333
301696,2026-06-10,30980,32975,-6.05,12911.8786313751
301509,2026-06-10,13313,13293,0.15,9047.29730338766
000738,2026-06-10,92935,94676,-1.84,14151.6543928552
000722,2026-06-10,60949,62332,-2.22,9374.30945544636
002169,2026-06-10,56646,56182,0.83,13817.4644988172
300002,2026-06-10,105699,106093,-0.37,18611.0924985099
002063,2026-06-10,94197,96507,-2.39,20334.7539412083
300534,2026-06-10,23301,23319,-0.08,13018.539976825
002495,2026-06-10,38201,38781,-1.5,24492.1755974974
300288,2026-06-10,32405,32844,-1.34,10428.680820861
000997,2026-06-10,84721,82963,2.12,11958.0495390753
300693,2026-06-10,35497,34419,3.13,8811.89461081218
002633,2026-06-10,9360,9408,-0.51,16025.641025641
002981,2026-06-10,18238,16031,13.77,7538.44253755894
002343,2026-06-10,39309,39938,-1.57,12050.173904195
000839,2026-06-10,154829,160072,-3.28,25317.1327852017
300289,2026-06-10,25320,25534,-0.84,21485.4457740916
002627,2026-06-10,22642,22649,-0.03,32002.5341400936
300045,2026-06-10,87057,87494,-0.5,7611.96958314667
300975,2026-06-10,72674,57672,26.01,9453.251561769
300860,2026-06-10,11473,11697,-1.92,16425.5838054563
300504,2026-06-10,23000,21941,4.83,11783.6773913043
301183,2026-06-10,35904,30153,19.07,2230.29049688057
300740,2026-06-10,25000,23000,8.7,15689.17748
002207,2026-06-10,26606,27822,-4.37,9849.48425167256
002986,2026-06-10,12256,13380,-8.4,31015.1266318538
688633,2026-06-10,11688,10646,9.79,14579.1093429158
605305,2026-06-10,22726,22737,-0.05,9351.403678606
301289,2026-06-10,8501,8136,4.49,9175.39113045524
605098,2026-06-10,7000,7000,0.0,17035.8714285714
600137,2026-06-10,10000,10100,-0.99,9721.7588
001378,2026-06-10,14694,13660,7.57,11796.2215870423
603421,2026-06-10,32506,33933,-4.21,20063.6962714576
600720,2026-06-10,57607,57564,0.07,39831.8878782092
300403,2026-06-10,44675,45267,-1.31,13497.4818130946
001395,2026-06-10,8974,8889,0.96,9721.4174281257
300371,2026-06-10,8620,8367,3.02,23343.0737819026
600985,2026-06-10,26367,28259,-6.7,102145.056661736
002726,2026-06-10,40108,44883,-10.64,26907.1653535454
301042,2026-06-10,4590,3907,17.48,21084.3472766884
600971,2026-06-10,29767,29710,0.19,40313.2624718648
603010,2026-06-10,23319,21788,7.03,25088.138127707
300611,2026-06-10,20513,21253,-3.48,10289.8006142446
002900,2026-06-10,31074,31412,-1.08,10180.6832078265
603629,2026-06-10,134400,139090,-3.37,1951.78571428571
603398,2026-06-10,15220,15788,-3.6,28491.558738502
002793,2026-06-10,35661,36159,-1.38,30497.9805950478
002946,2026-06-10,12877,12659,1.72,66838.3359478139
301302,2026-06-10,28333,20037,41.4,5501.18236685137
301665,2026-06-10,11919,12067,-1.23,37754.8452051347
300490,2026-06-10,33249,33588,-1.01,11990.4560738669
300516,2026-06-10,34277,24157,41.89,7351.86859993582
300639,2026-06-10,37262,38505,-3.23,17350.1334871988
300763,2026-06-10,50573,54655,-7.47,7871.0246574259
301062,2026-06-10,13589,13347,1.81,31885.5062918537
002695,2026-06-10,27119,27575,-1.65,20634.4555846454
002363,2026-06-10,34160,34330,-0.5,12204.1949941452
301005,2026-06-10,55022,49985,10.08,3416.18652538984
600725,2026-06-10,28500,29000,-1.72,43244.5614035088
002941,2026-06-10,69330,69856,-0.75,10525.7633347757
002353,2026-06-10,50310,48024,4.76,20350.9408268734
002222,2026-06-10,135254,89866,50.51,3476.79181392048
300575,2026-06-10,16750,17080,-1.93,28572.2656716418
002955,2026-06-10,17879,15447,15.74,13235.6346551821
300255,2026-06-10,44498,46912,-5.15,20653.981707043
300683,2026-06-10,17207,17790,-3.28,7607.04312198524
002661,2026-06-10,24631,24999,-1.47,13525.1407575819
603825,2026-06-10,17024,17282,-1.49,14881.1414473684
002286,2026-06-10,29147,29984,-2.79,13056.8284900676
000913,2026-06-10,25498,25796,-1.16,20645.1878578712
000919,2026-06-10,41649,42968,-3.07,14932.5200605057
300686,2026-06-10,16134,15260,5.73,16153.726292302
300425,2026-06-10,18220,18277,-0.31,37443.7350713502
603004,2026-06-10,17174,16196,6.04,13713.7533480843
301428,2026-06-10,17441,15714,10.99,5657.16799495442
603966,2026-06-10,22866,23010,-0.63,22758.995058165
688139,2026-06-10,13953,14941,-6.61,22682.7866408658
300396,2026-06-10,12638,12956,-2.45,21577.7940338661
301215,2026-06-10,26537,25287,4.94,49888.8344575498
301038,2026-06-10,17039,18733,-9.04,13092.3176242737
300955,2026-06-10,7000,7200,-2.78,14400.0
301176,2026-06-10,17704,17555,0.85,9549.63098734749
601065,2026-06-10,33218,33623,-1.2,19350.2341802637
603080,2026-06-10,17106,19123,-10.55,8271.95136209517
688097,2026-06-10,16259,14600,11.36,27470.8017098223
601001,2026-06-10,41000,38900,5.4,40821.9512195122
300428,2026-06-10,30426,31471,-3.32,22532.7533359627
000731,2026-06-10,41801,42513,-1.67,13129.4921174135
002224,2026-06-10,46433,47315,-1.86,19428.3445825167
301206,2026-06-10,14964,14936,0.19,13520.8299919808
300069,2026-06-10,17711,20208,-12.36,6606.06402800519
002330,2026-06-10,34518,34191,0.96,18405.333159511
301076,2026-06-10,26100,26100,0.0,8710.55785440613
002246,2026-06-10,36000,36000,0.0,15250.9665
605188,2026-06-10,26663,29099,-8.37,18841.0343922289
300770,2026-06-10,25491,25457,0.13,8938.00129457456
002546,2026-06-10,72800,78400,-7.14,11456.7183516484
000868,2026-06-10,45291,44955,0.75,20743.9609414674
002162,2026-06-10,52178,52150,0.05,17626.2211085132
002480,2026-06-10,28408,28939,-1.83,27075.7768938327
300194,2026-06-10,35737,36087,-0.97,33290.7737638862
002580,2026-06-10,125624,142920,-12.1,3612.91626600013
000895,2026-06-10,137348,137067,0.21,25225.4216515712
300426,2026-06-10,16006,15949,0.36,28138.3737348494
001299,2026-06-10,17005,19766,-13.97,18477.8116436342
688552,2026-06-10,14717,13902,5.86,22915.539851872
000548,2026-06-10,40047,40300,-0.63,12465.7480210752
002440,2026-06-10,42955,43964,-2.3,26166.9166569666
300123,2026-06-10,73820,74640,-1.1,13842.2395421295
003031,2026-06-10,44855,47977,-6.51,10055.7988852971
603577,2026-06-10,15967,17158,-6.94,21240.0012525835
002598,2026-06-10,26809,26982,-0.64,11639.839792607
300399,2026-06-10,26039,26099,-0.23,7588.61707438842
300623,2026-06-10,73010,81955,-10.91,11396.7938501575
002730,2026-06-10,25091,29190,-14.04,14430.667570045
002049,2026-06-10,208223,214202,-2.79,4080.3768651878
301362,2026-06-10,13633,10439,30.6,10705.2502017164
688687,2026-06-10,12541,12856,-2.45,13630.8445897456
002244,2026-06-10,29583,27262,8.51,105176.753202853
002124,2026-06-10,101502,103426,-1.86,21890.5423735493
300949,2026-06-10,6891,6752,2.06,12625.1632564214
002360,2026-06-10,13001,13217,-1.63,30903.3342050612
000042,2026-06-10,15407,15931,-3.29,43151.2389822808
000678,2026-06-10,76096,76735,-0.83,6039.89430456266
000691,2026-06-10,17722,14239,24.46,27361.7537523982
001258,2026-06-10,66430,78413,-15.28,14049.8770736113
002698,2026-06-10,48692,49678,-1.98,21000.6073893042
300725,2026-06-10,40311,40674,-0.89,5800.08784202823
002705,2026-06-10,34634,36733,-5.71,23441.582837674
000021,2026-06-10,366391,386878,-5.3,4296.96630102814
300916,2026-06-10,10999,10361,6.16,13150.6506955178
002999,2026-06-10,25131,25183,-0.21,13831.2044884804
301370,2026-06-10,15715,16246,-3.27,29945.911549475
301613,2026-06-10,10748,10981,-2.12,13383.0709899516
000536,2026-06-10,216832,205765,5.38,12756.5709996679
301003,2026-06-10,8168,8271,-1.25,11891.9347453477
002387,2026-06-10,61516,61505,0.02,22706.2234703167
300654,2026-06-10,21736,21442,1.37,16844.1687523003
301278,2026-06-10,13099,13539,-3.25,6848.47263149859
300349,2026-06-10,23081,24164,-4.48,18076.0501278108
000810,2026-06-10,54349,53766,1.08,21163.141529743
002510,2026-06-10,87766,87179,0.67,11566.4233074311
300578,2026-06-10,25000,25000,0.0,7930.7896
002314,2026-06-10,50532,48043,5.18,53585.5005343149
000058,2026-06-10,39101,39641,-1.36,25184.5056136672
000419,2026-06-10,21957,22427,-2.1,24756.6905770369
000757,2026-06-10,24659,24682,-0.09,21603.3129891723
002046,2026-06-10,51180,46172,10.85,10476.5700273544
002036,2026-06-10,136508,123571,10.47,7747.5170392944
000973,2026-06-10,107540,111199,-3.29,22858.8131485959
000848,2026-06-10,44879,43850,2.35,22727.780788342
300139,2026-06-10,72989,80693,-9.55,3753.99032730959
002060,2026-06-10,68982,70125,-1.63,54425.6942680699
300732,2026-06-10,25194,25341,-0.58,14708.2667301738
002272,2026-06-10,96478,83604,15.4,5025.78100706897
002117,2026-06-10,32867,33360,-1.48,15934.5530471293
002073,2026-06-10,70205,70762,-0.79,14591.3161883057
301058,2026-06-10,20199,20250,-0.25,25361.3666518144
002135,2026-06-10,36700,37500,-2.13,30395.7082833787
002223,2026-06-10,80000,80000,0.0,12530.9616125
002893,2026-06-10,29816,35619,-16.29,8842.23235846526
301361,2026-06-10,12514,12986,-3.63,9296.4679558894
002895,2026-06-10,29895,29541,1.2,20267.8167921057
300437,2026-06-10,28319,28653,-1.17,8658.6071895194
300374,2026-06-10,19050,18927,0.65,12908.7840944882
002712,2026-06-10,26556,26267,1.1,20495.4133905709
002853,2026-06-10,9467,9931,-4.67,19321.4268511672
301045,2026-06-10,9237,9871,-6.42,11943.0938616434
301092,2026-06-10,10136,9742,4.04,13273.0153906867
300808,2026-06-10,7605,7792,-2.4,21038.7902695595
301202,2026-06-10,12184,12002,1.52,11195.0098489823
300780,2026-06-10,14615,13473,8.48,10035.5798836811
002885,2026-06-10,31964,33736,-5.25,8475.69040170192
002691,2026-06-10,13211,14032,-5.85,25736.1289834229
003019,2026-06-10,16213,18100,-10.43,10914.226793314
301520,2026-06-10,6880,7065,-2.62,9689.92252906977
002654,2026-06-10,108900,108700,0.18,7762.19048668503
300314,2026-06-10,16800,17000,-1.18,17142.8571428571
300322,2026-06-10,51049,48735,4.75,9011.69764344062
300602,2026-06-10,46136,50451,-8.55,12611.9176131437
002767,2026-06-10,12898,12905,-0.05,11629.7100325632
300212,2026-06-10,53685,58899,-8.85,13409.563602496
300291,2026-06-10,42728,47461,-9.97,22043.8506599888
301158,2026-06-10,16361,16104,1.6,11919.5136605342
002590,2026-06-10,38780,37851,2.45,13384.5404074265
300483,2026-06-10,23731,22996,3.2,16228.0451729805
002660,2026-06-10,20000,20000,0.0,17831.30095
300238,2026-06-10,26373,27025,-2.41,10054.0591134873
300119,2026-06-10,22817,22802,0.07,20368.7910768287
002365,2026-06-10,43099,43919,-1.87,6837.33961344811
300644,2026-06-10,15551,15505,0.3,7116.59841810816
002466,2026-06-10,316207,319485,-1.03,4671.22101345005
300085,2026-06-10,92516,80342,15.15,7638.03596134722
002467,2026-06-10,144844,145024,-0.12,9495.53915246748
002389,2026-06-10,139333,143196,-2.7,7068.79218132101
002518,2026-06-10,44000,42000,4.76,13232.3885
301099,2026-06-10,24000,20000,20.0,6111.07404166667
002320,2026-06-10,75000,77000,-2.6,29810.6398266667
002164,2026-06-10,50485,49322,2.36,10541.2239080915
300070,2026-06-10,74173,73021,1.58,48861.5717713993
001260,2026-06-10,8274,8188,1.05,13898.9605994682
301209,2026-06-10,7491,7336,2.11,20931.7848084368
001282,2026-06-10,17284,17759,-2.67,12854.9872714649
301588,2026-06-10,8199,8340,-1.69,14497.8355897061
001318,2026-06-10,19179,19682,-2.56,14737.9946816831
301581,2026-06-10,9389,10242,-8.33,8520.60922355948
000411,2026-06-10,26659,26427,0.88,21187.9345061705
000685,2026-06-10,44569,46462,-4.07,32931.6594493931
002035,2026-06-10,36335,36113,0.61,23328.8459611944
002239,2026-06-10,120600,122400,-1.47,29146.3425704809
300233,2026-06-10,26909,27004,-0.35,14265.657846817
002333,2026-06-10,17884,18194,-1.7,37739.0292999329
002357,2026-06-10,18251,18527,-1.49,17176.5402443702
002406,2026-06-10,67379,78009,-13.63,10837.5767227178
300164,2026-06-10,72037,82885,-13.09,8168.83863847745
002677,2026-06-10,45764,46022,-0.56,14117.0275107071
002755,2026-06-10,33813,34121,-0.9,27449.8077958182
002753,2026-06-10,15636,16658,-6.14,27416.1808646713
300489,2026-06-10,16000,18000,-11.11,8697.3646875
300564,2026-06-10,9900,9200,7.61,16294.4646464646
003002,2026-06-10,10384,11032,-5.87,19260.4006163328
301135,2026-06-10,9695,9305,4.19,13387.1960804538
002883,2026-06-10,9650,9844,-1.97,16182.0897409326
301337,2026-06-10,10474,10489,-0.14,9948.44376551461
002915,2026-06-10,58040,55828,3.96,5776.59079944866
301097,2026-06-10,4998,4920,1.59,16328.4099639856
002775,2026-06-10,22526,22803,-1.21,28246.28944331
002826,2026-06-10,15669,15678,-0.06,12169.1077924564
000564,2026-06-10,301200,310300,-2.93,59953.7295949535
001296,2026-06-10,15608,15785,-1.12,9584.25717580728
000720,2026-06-10,109834,127011,-13.52,11440.2787024054
603213,2026-06-10,16500,17600,-6.25,26786.2033333333
000728,2026-06-10,87502,89722,-2.47,49870.607426116
600111,2026-06-10,637299,630916,1.01,5672.4800164444
300057,2026-06-10,39633,39080,1.42,25321.6123684808
301560,2026-06-10,7558,7251,4.23,16088.9124106907
603090,2026-06-10,18894,18895,-0.01,5292.68550862708
003037,2026-06-10,29182,31446,-7.2,20528.9109039819
300554,2026-06-10,15511,13939,11.28,7363.26329701502
301258,2026-06-10,8163,8228,-0.79,11229.9399730491
003013,2026-06-10,11809,12447,-5.13,39017.5121517487
301259,2026-06-10,12577,12308,2.19,17985.2110996263
001331,2026-06-10,18360,18362,-0.01,15372.5490196078
001380,2026-06-10,18564,19760,-6.05,14590.2934712346
002340,2026-06-10,427117,420829,1.49,11946.0467764102
300585,2026-06-10,12640,13100,-3.51,13537.2714398734
603937,2026-06-10,18004,19147,-5.97,11602.4506776272
002373,2026-06-10,89703,90666,-1.06,17615.7789037156
003027,2026-06-10,13745,13964,-1.57,9510.60021826118
688566,2026-06-10,7463,7326,1.87,26946.4859975881
002449,2026-06-10,59686,59478,0.35,10362.1815668666
301636,2026-06-10,10790,10492,2.84,5995.74819277108
301338,2026-06-10,20597,16751,22.96,5165.80084478322
002922,2026-06-10,65552,61245,7.03,6446.52983890652
301255,2026-06-10,11771,12452,-5.47,12940.2769518308
002687,2026-06-10,15213,15385,-1.12,33180.7987247749
002531,2026-06-10,59954,63284,-5.26,29970.9553657804
002395,2026-06-10,17796,16241,9.57,15071.3081591369
002394,2026-06-10,18947,19535,-3.01,17084.4988652557
002566,2026-06-10,20166,19792,1.89,16411.3656649807
001379,2026-06-10,17897,19984,-10.44,11175.0572721685
301056,2026-06-10,7770,8060,-3.6,34335.4783783784
002873,2026-06-10,26424,26841,-1.55,9237.95814411141
301363,2026-06-10,25327,25000,1.31,22461.0565799345
000505,2026-06-10,47586,49500,-3.87,13911.1345984113
600939,2026-06-10,43476,44065,-1.34,43759.1991903579
001277,2026-06-10,8768,8692,0.87,8667.88321167883
002438,2026-06-10,26757,28993,-7.71,18968.3993347535
002497,2026-06-10,96000,94000,2.13,12005.8595833333
002523,2026-06-10,48424,48482,-0.12,29254.9314389559
002671,2026-06-10,22828,23352,-2.24,24672.6102155248
000999,2026-06-10,104376,104242,0.13,15944.4494711428
002806,2026-06-10,31430,20649,52.21,6760.39417753738
002923,2026-06-10,19852,19627,1.15,16869.4985895628
000628,2026-06-10,42289,40661,4.0,8330.2986592258
002956,2026-06-10,11001,11231,-2.05,28410.6571220798
002391,2026-06-10,23445,23904,-1.92,27707.0825335892
300006,2026-06-10,24073,23805,1.13,43862.8839363602
002641,2026-06-10,31026,30428,1.97,39614.9639334752
000983,2026-06-10,115418,149739,-22.92,49187.310982689
000062,2026-06-10,148780,151730,-1.94,7029.90537706681
601137,2026-06-10,50599,48193,4.99,18153.3721219787
600719,2026-06-10,52000,46000,13.04,7780.76153846154
300782,2026-06-10,79282,81577,-2.81,7252.42786508918
600206,2026-06-10,142885,153401,-6.86,5924.71800398922
300610,2026-06-10,13500,13800,-2.17,15774.9244444444
301181,2026-06-10,7907,8188,-3.43,18996.2392816492
301226,2026-06-10,11462,11992,-4.42,9492.23521200489
300952,2026-06-10,15391,14937,3.04,15698.8827236697
002620,2026-06-10,15300,16000,-4.38,24672.8104575163
300227,2026-06-10,27245,27358,-0.41,21874.5234354928
300528,2026-06-10,34899,38719,-9.87,10676.7544628786
002471,2026-06-10,237620,231044,2.85,5760.28953791768
300561,2026-06-10,26003,26816,-3.03,12618.0815675114
002878,2026-06-10,43074,43244,-0.39,6082.36353716859
300173,2026-06-10,38209,38582,-0.97,19229.126593211
002424,2026-06-10,60223,61413,-1.94,23207.0537834382
002652,2026-06-10,20369,21189,-3.87,25139.3784672787
002277,2026-06-10,53136,58222,-8.74,26237.8199337549
000785,2026-06-10,98779,92266,7.06,63040.2090930258
000520,2026-06-10,77985,69938,11.51,12977.9246649997
002766,2026-06-10,56068,52111,7.59,15412.5494756367
300527,2026-06-10,42211,42698,-1.14,24087.8058326029
301085,2026-06-10,13152,12128,8.44,6597.90716240876
002265,2026-06-10,71500,69400,3.03,14448.1175804196
000926,2026-06-10,46300,42800,8.18,34405.2866954644
002823,2026-06-10,37571,34533,8.8,8739.95765350936
300013,2026-06-10,18661,19729,-5.41,29921.1668184985
300991,2026-06-10,9707,9702,0.05,14834.6554033172
300401,2026-06-10,26882,26521,1.36,20224.8748233018
300818,2026-06-10,12525,12326,1.61,17517.3161676647
301687,2026-06-10,20452,22699,-9.9,7180.91140230784
301137,2026-06-10,25113,26977,-6.91,7239.8120495361
600239,2026-06-10,41429,42150,-1.71,38757.558932149
600435,2026-06-10,163200,168500,-3.15,9266.89797181372
603132,2026-06-10,19552,19600,-0.24,50020.4582651391
003000,2026-06-10,26210,26640,-1.61,17203.1346432659
300722,2026-06-10,26170,26109,0.23,10575.333588078
300577,2026-06-10,9616,9130,5.32,24941.3734400998
300897,2026-06-10,9306,7683,21.12,21045.1573178594
300901,2026-06-10,8800,10000,-12.0,27272.7272727273
300218,2026-06-10,14876,16708,-10.96,14586.3807475128
301606,2026-06-10,14940,16009,-6.68,27771.7406961178
300047,2026-06-10,74513,76883,-3.08,8558.83767933112
301379,2026-06-10,23239,23020,0.95,11897.5842764319
300556,2026-06-10,20023,18532,8.05,6071.28367377516
002179,2026-06-10,124593,124548,0.04,16994.7554116202
000736,2026-06-10,26122,23730,10.08,28600.3522318352
300343,2026-06-10,50823,51318,-0.96,21021.4839541153
001205,2026-06-10,14218,16376,-13.18,13222.9244619496
301105,2026-06-10,3604,3830,-5.9,13873.473917869
300877,2026-06-10,9189,9386,-2.1,13059.0923930787
002891,2026-06-10,47961,48663,-1.44,6711.65626237985
301565,2026-06-10,24771,23433,5.71,16148.318598361
300595,2026-06-10,57708,58544,-1.43,15514.1249566785
300106,2026-06-10,15100,16100,-6.21,13995.517218543
301047,2026-06-10,18423,18772,-1.86,6602.43945068664
300668,2026-06-10,7785,8545,-8.89,15463.2335260116
300261,2026-06-10,46250,46783,-1.14,20828.3128864865
002184,2026-06-10,42084,44240,-4.87,8362.04662104363
300894,2026-06-10,19635,19320,1.63,20691.7288006112
301311,2026-06-10,14042,14301,-1.81,17091.5823956701
300226,2026-06-10,30282,31715,-4.52,10525.1113532792
001238,2026-06-10,4638,4650,-0.26,33451.4877102199
000061,2026-06-10,43956,43640,0.72,45157.9124124124
300755,2026-06-10,16328,16931,-3.56,25526.6046055855
301633,2026-06-10,8490,8343,1.76,6558.30388692579
301195,2026-06-10,11417,9823,16.23,11567.823421214
300821,2026-06-10,88718,80722,9.91,13526.0037421944
000629,2026-06-10,277000,279900,-1.04,33541.3279602888
000719,2026-06-10,15128,15691,-3.59,67636.4191565309
002356,2026-06-10,40600,39900,1.75,32296.9093842365
000779,2026-06-10,24412,23915,2.08,19041.0229395379
002819,2026-06-10,25705,26022,-1.22,11655.7128963237
301028,2026-06-10,16890,18017,-6.26,22738.2882178804
301022,2026-06-10,11750,12074,-2.68,8466.73412765958
000631,2026-06-10,30516,33266,-8.27,75370.3003342509
000831,2026-06-10,178560,202213,-11.7,5943.21688508064
002807,2026-06-10,46277,46611,-0.72,58507.0783974761
300272,2026-06-10,23021,22663,1.58,26561.3775248686
300883,2026-06-10,15773,15846,-0.46,21936.220122995
301113,2026-06-10,5612,6278,-10.61,21079.82893799
301292,2026-06-10,34782,36678,-5.17,6405.49071358749
001317,2026-06-10,16960,15172,11.78,5045.15318396226
301272,2026-06-10,6208,6135,1.19,9423.69523195876
000506,2026-06-10,109000,114000,-4.39,8523.09872477064
002205,2026-06-10,13484,14625,-7.8,13782.4998516761
002328,2026-06-10,50400,55000,-8.36,15312.8968253968
002270,2026-06-10,59284,62612,-5.32,15117.4925949666
300337,2026-06-10,68708,71968,-4.53,11962.9032427083
300817,2026-06-10,16971,17388,-2.4,12863.0157327205
301036,2026-06-10,11776,12458,-5.47,8491.84782608696
301108,2026-06-10,7858,8033,-2.18,14323.7785696106
301153,2026-06-10,19975,20153,-0.88,17805.482853567
300923,2026-06-10,8144,7782,4.65,9651.27701375246
000955,2026-06-10,39912,40466,-1.37,13489.5520144318
000966,2026-06-10,126960,132304,-4.04,27418.3602394455
300831,2026-06-10,28954,36286,-20.21,11052.0135387166
600389,2026-06-10,22183,22281,-0.44,19413.5148537168
603276,2026-06-10,12998,12156,6.93,15975.4959993845
600497,2026-06-10,225200,220500,2.13,22381.7961056838
603131,2026-06-10,58435,59149,-1.21,5765.50389321468
603459,2026-06-10,89291,115301,-22.56,8441.54044640557
600096,2026-06-10,168800,178000,-5.17,10799.7081220379
300109,2026-06-10,16600,17510,-5.2,29119.3135542169
603210,2026-06-10,25266,23860,5.89,13472.6509934299
000026,2026-06-10,24754,29044,-14.77,14752.4873959764
301566,2026-06-10,36621,26403,38.7,10922.9676961306
002432,2026-06-10,54300,52900,2.65,8579.99780847146
000828,2026-06-10,25636,26278,-2.44,40549.1103136215
000970,2026-06-10,119068,110936,7.33,10210.34848154
300679,2026-06-10,27725,28918,-4.13,15322.6330027051
688584,2026-06-10,19634,20464,-4.06,34083.4955689111
300983,2026-06-10,10483,10948,-4.25,16483.8309644186
002536,2026-06-10,54000,51000,5.88,10644.1831111111
002053,2026-06-10,28665,28772,-0.37,32120.33713588
002585,2026-06-10,127983,107166,19.43,8917.76729721916
002077,2026-06-10,84331,88486,-4.7,6881.79332629756
000735,2026-06-10,98700,99000,-0.3,11666.8042350557
300480,2026-06-10,40000,39000,2.56,9255.565
300584,2026-06-10,18401,20477,-10.14,6521.38470735286
002445,2026-06-10,71526,75477,-5.23,33227.1835556301
301220,2026-06-10,7700,8700,-11.49,14645.5636363636
301608,2026-06-10,10238,9615,6.48,12951.2697792538
000612,2026-06-10,83456,85001,-1.82,14285.364671204
300467,2026-06-10,17166,17109,0.33,11837.6381801235
000758,2026-06-10,130254,132444,-1.65,15281.2192331905
002666,2026-06-10,29053,29766,-2.4,27122.8203972051
002957,2026-06-10,46208,62660,-26.26,9088.95572195291
301286,2026-06-10,8945,7952,12.49,44728.8988261599
300319,2026-06-10,75399,48290,56.14,11771.8845608032
300145,2026-06-10,50960,50753,0.41,37681.3586342229
002125,2026-06-10,60518,49333,22.67,10402.0511748571
300296,2026-06-10,139496,132871,4.99,19441.2543872226
605399,2026-06-10,20715,21119,-1.91,15071.4616461501
300747,2026-06-10,64680,51940,24.53,8682.74582560297
300724,2026-06-10,83163,87405,-4.85,4188.06447578851
002182,2026-06-10,62391,62707,-0.5,15896.3881489317
001228,2026-06-10,8226,8238,-0.15,12626.3808655483
000878,2026-06-10,232751,233958,-0.52,10419.6503559598
000655,2026-06-10,34389,35331,-2.67,17311.9378289569
300628,2026-06-10,36823,39230,-6.14,34404.791054504
301538,2026-06-10,8555,8962,-4.54,9164.23144360024
000952,2026-06-10,27928,28241,-1.11,12415.8671942137
002425,2026-06-10,46313,46148,0.36,20656.5125558698
300411,2026-06-10,41287,36872,11.97,9846.19873083537
300237,2026-06-10,33404,33911,-1.5,43165.9361154353
002951,2026-06-10,30104,20905,44.0,13453.361679511
000518,2026-06-10,81375,88410,-7.96,12651.9965837174
002816,2026-06-10,6629,6843,-3.13,15085.2315583044
300640,2026-06-10,15856,15759,0.62,19613.6116927346
300840,2026-06-10,21310,21221,0.42,11262.318160488
000012,2026-06-10,105598,104829,0.73,18573.4866853539
001332,2026-06-10,11621,11864,-2.05,13310.9026761897
000066,2026-06-10,404751,435718,-7.11,7969.83599299322
002791,2026-06-10,32318,33381,-3.18,10950.0901355282
300593,2026-06-10,31667,31674,-0.02,17131.3502699972
300476,2026-06-10,281424,273352,2.95,3100.50782093922
002797,2026-06-10,217677,221961,-1.93,19305.6684904698
300969,2026-06-10,16650,13485,23.47,9857.04840840841
301043,2026-06-10,5996,6786,-11.64,11340.8939292862
301617,2026-06-10,11354,11558,-1.77,15301.3915800599
000530,2026-06-10,66198,64399,2.79,9089.58740445331
000008,2026-06-10,98687,100760,-2.06,27525.1824759087
301683,2026-06-10,17688,18245,-3.05,3568.31750339213
300099,2026-06-10,27109,27128,-0.07,27196.3279722601
000930,2026-06-10,103733,104197,-0.45,17896.353098821
000635,2026-06-10,22509,22066,2.01,17510.045892754
000890,2026-06-10,77100,74154,3.97,5441.03719844358
000762,2026-06-10,111058,111063,-0.0,4689.61479587243
000933,2026-06-10,100900,97500,3.49,22289.4390386521
000967,2026-06-10,79056,79946,-1.11,42491.2570962356
301577,2026-06-10,7446,7341,1.43,6047.47515444534
002993,2026-06-10,21968,22458,-2.18,12565.5498907502
300036,2026-06-10,41000,40000,2.5,12018.6979756098
001234,2026-06-10,11162,11370,-1.83,9802.33829062892
002457,2026-06-10,53387,47442,12.53,6246.5918669339
002191,2026-06-10,56776,57741,-1.67,24904.5165915175
002198,2026-06-10,20584,21559,-4.52,24655.5503303537
003035,2026-06-10,188420,204317,-7.78,20103.3796146906
300478,2026-06-10,9256,9248,0.09,13685.5012964564
301312,2026-06-10,20586,20155,2.14,8241.17633343049
001257,2026-06-10,60676,62687,-3.21,30258.2704364164
002476,2026-06-10,32787,33240,-1.36,18665.9346692287
301122,2026-06-10,7915,7396,7.02,15444.8083385976
002998,2026-06-10,17200,16900,1.78,20628.7065116279
000573,2026-06-10,36150,36382,-0.64,17656.4482434302
001366,2026-06-10,9816,9590,2.36,16369.1931540342
301112,2026-06-10,9706,9647,0.61,11360.663507109
301081,2026-06-10,9473,8417,12.55,24671.4217249024
001369,2026-06-10,73794,72164,2.26,15543.2691004689
001287,2026-06-10,85436,83831,1.91,8894.37821293132
300530,2026-06-10,14722,15311,-3.85,11679.8909115609
300465,2026-06-10,52854,50520,4.62,8395.75731259696
301211,2026-06-10,18382,18749,-1.96,22717.8761832227
300066,2026-06-10,59452,58137,2.26,17493.6631568324
002061,2026-06-10,41331,42121,-1.88,64704.4477510827
300814,2026-06-10,26365,24220,8.86,7260.76738099753
300402,2026-06-10,21958,22716,-3.34,11239.2065306494
002939,2026-06-10,104708,106977,-2.12,38530.2646980173
002275,2026-06-10,17640,17802,-0.91,33308.8775510204
002263,2026-06-10,139955,130489,7.25,13421.1718052231
600961,2026-06-10,61100,65400,-6.57,17559.2913747954
600800,2026-06-10,45611,47028,-3.01,24337.226020039
600302,2026-06-10,17300,18100,-4.42,20000.5667052023
300168,2026-06-10,53257,55164,-3.46,27050.5018307453
600207,2026-06-10,45000,49000,-8.16,24206.9456444444
301413,2026-06-10,24138,25043,-3.61,5299.634601044
002206,2026-06-10,30700,30200,1.66,37856.9127035831
000922,2026-06-10,29737,30622,-2.89,28045.2696640549
002815,2026-06-10,102399,83328,22.89,12052.3767224289
300855,2026-06-10,16000,16100,-0.62,24720.71875
002631,2026-06-10,33372,30730,8.6,23890.7731331655
002285,2026-06-10,48892,49112,-0.45,40759.8183342878
002256,2026-06-10,132725,140568,-5.58,15375.5970992654
300421,2026-06-10,40868,46186,-11.51,7194.63844572771
300752,2026-06-10,22752,19177,18.64,14190.8174226442
300155,2026-06-10,20833,21950,-5.09,26939.3627418039
002419,2026-06-10,34773,35008,-0.67,33613.6585856843
301279,2026-06-10,8119,7864,3.24,20756.8343392043
002335,2026-06-10,130000,123000,5.69,5748.84891538462
600909,2026-06-10,112153,116979,-4.13,44797.8143964049
300865,2026-06-10,11191,11127,0.58,8549.72745956572
300327,2026-06-10,48000,53000,-9.43,7111.87858333333
002079,2026-06-10,87869,97504,-9.88,10339.0037783519
000560,2026-06-10,67353,67928,-0.85,34972.471174261
301563,2026-06-10,18848,16823,12.04,4491.24193548387
301357,2026-06-10,20226,19008,6.41,4706.81301295362
300899,2026-06-10,4866,4889,-0.47,13107.9872585286
000929,2026-06-10,8535,8635,-1.16,21765.2021089631
002377,2026-06-10,25300,25300,0.0,36218.3873913044
300110,2026-06-10,38100,38400,-0.78,31029.2121259843
002227,2026-06-10,20585,20912,-1.56,12038.191401506
002316,2026-06-10,29337,30437,-3.61,13400.1431639227
300962,2026-06-10,14961,14954,0.05,17646.0060824811
301150,2026-06-10,31778,31906,-0.4,7339.46337088552
002428,2026-06-10,266745,270432,-1.36,2448.48075877711
300072,2026-06-10,52299,52875,-1.09,44928.589495019
002434,2026-06-10,41241,42010,-1.83,31827.5502533886
002911,2026-06-10,21000,21000,0.0,61817.8966666667
003041,2026-06-10,12338,11388,8.34,11671.2595234236
300603,2026-06-10,40260,41657,-3.35,11544.913835072
001206,2026-06-10,18269,18303,-0.19,10120.6310142865
301548,2026-06-10,8400,8800,-4.55,10357.1428571429
300427,2026-06-10,56140,63006,-10.9,9058.07442109013
002152,2026-06-10,90136,90913,-0.85,27551.5099183456
300092,2026-06-10,19594,21489,-8.82,13979.9566704093
300398,2026-06-10,100911,80410,25.5,5618.28195142254
301468,2026-06-10,18346,16495,11.22,9219.8866237872
002302,2026-06-10,58488,59137,-1.1,21583.1333606894
300486,2026-06-10,29372,24683,19.0,16245.0271006401
001231,2026-06-10,9840,9831,0.09,10156.5040650407
600736,2026-06-10,88600,83800,5.73,12994.2766027088
301235,2026-06-10,12054,11250,7.15,8941.17023394724
603214,2026-06-10,20678,20620,0.28,6699.87600348196
603650,2026-06-10,96175,83890,14.64,6405.85360020795
002576,2026-06-10,24854,26016,-4.47,6642.7939164722
688187,2026-06-10,25154,25335,-0.71,34543.512443349
301371,2026-06-10,12104,11716,3.31,42969.596827495
000786,2026-06-10,57000,56000,1.79,29863.7902105263
301233,2026-06-10,6342,6363,-0.33,8115.73636076947
600742,2026-06-10,24495,24684,-0.77,30335.0838946724
300658,2026-06-10,19518,22938,-14.91,17049.0882774874
002299,2026-06-10,33777,32253,4.73,36803.4970838144
000920,2026-06-10,36379,30900,17.73,12991.5917974656
300067,2026-06-10,47364,57503,-17.63,24372.4046533232
300680,2026-06-10,34006,34778,-2.22,6652.98632594248
300660,2026-06-10,49680,49108,1.16,11700.4330112721
603517,2026-06-10,35200,35200,0.0,17215.9640909091
300514,2026-06-10,14140,14486,-2.39,14144.2715700141
300122,2026-06-10,114160,115077,-0.8,20968.7258847232
002019,2026-06-10,46613,47501,-1.87,26095.5116598374
605288,2026-06-10,7702,9135,-15.69,12846.3018696442
000938,2026-06-10,290000,280000,3.57,9862.34439310345
603103,2026-06-10,28198,31830,-11.41,22490.9568054472
300979,2026-06-10,17200,17500,-1.71,67848.8372093023
002906,2026-06-10,37428,36466,2.64,14024.7686491397
688005,2026-06-10,40215,39322,2.27,17772.60897675
300410,2026-06-10,37048,38271,-3.2,9909.1664057439
301207,2026-06-10,24000,24000,0.0,25042.8125
301589,2026-06-10,9937,9729,2.14,9303.41149240214
600572,2026-06-10,92684,100194,-7.5,27372.5054054637
601118,2026-06-10,100700,90000,11.89,42496.800367428
600410,2026-06-10,384660,429584,-10.46,2850.55551136068
300957,2026-06-10,36234,35828,1.13,11690.6772644478
688759,2026-06-10,10818,11160,-3.06,41600.7262895175
000547,2026-06-10,467315,484018,-3.45,3420.53704460589
002743,2026-06-10,20755,21918,-5.31,20971.7406889906
002200,2026-06-10,8694,6644,30.85,51889.3007821486
002842,2026-06-10,102723,97441,5.42,3184.99675827225
301669,2026-06-09,76189,39,195256.41,6300.12206486501
300576,2026-06-09,51912,52642,-1.39,7057.47364771151
000875,2026-06-08,157283,163247,-3.65,23062.0640882994
605368,2026-06-05,36791,39072,-5.84,19424.2046968008
920675,2026-06-05,5210,5831,-10.65,0.0
000709,2026-06-04,235780,239463,-1.54,43842.2304351514
002606,2026-06-04,60551,61444,-1.45,7251.29593235454
920126,2026-06-02,13,13,0.0,0.0
603231,2026-06-01,15080,14671,2.79,12696.2271220159
603065,2026-05-31,16364,17211,-4.92,25603.0048887802
601975,2026-05-31,116280,119181,-2.43,40250.6422256622
688280,2026-05-31,18284,19663,-7.01,32280.7737366003
603181,2026-05-31,21116,22753,-7.19,27879.3332070468
002376,2026-05-31,43213,44790,-3.52,18757.3772013052
300723,2026-05-31,36010,41977,-14.21,12543.536961955
603979,2026-05-31,22686,28861,-21.4,27496.6458608834
603496,2026-05-31,63891,78783,-18.9,5011.80515252539
601956,2026-05-31,31694,33157,-4.41,19613.0684041143
002355,2026-05-31,42441,42776,-0.78,15750.8305647841
301221,2026-05-31,13421,13421,0.0,9661.81506594144
000809,2026-05-31,31705,24406,29.91,26014.5495347737
002971,2026-05-31,23061,26897,-14.26,9182.3858462339
002192,2026-05-31,86600,70200,23.36,2998.32797921478
688260,2026-05-31,10168,7506,35.46,11801.730920535
301216,2026-05-31,21235,20057,5.87,27322.7547445255
300149,2026-05-31,36374,37224,-2.28,13690.1080991917
301335,2026-05-31,12468,13729,-9.18,10178.2803978184
301131,2026-05-31,9105,9886,-7.9,6003.56210873147
002100,2026-05-31,54000,56000,-3.57,25282.435462963
002960,2026-05-31,32198,30786,4.59,32726.7105410274
000672,2026-05-31,35075,33966,3.27,27637.789023521
600238,2026-05-31,33000,34800,-5.17,13581.8181818182
000402,2026-05-31,77427,74810,3.5,38603.1992328258
300236,2026-05-31,46413,42371,9.54,6752.03397754939
002526,2026-05-31,110000,111000,-0.9,16207.2166909091
688592,2026-05-31,5118,5642,-9.29,15721.1047284095
601898,2026-05-31,74183,70515,5.2,123370.588948951
002258,2026-05-31,45265,44503,1.71,17683.3586214515
603978,2026-05-31,19521,23276,-16.13,10813.703140208
002132,2026-05-31,61100,65200,-6.29,22938.5384288052
002249,2026-05-31,187232,189066,-0.97,13169.5100944283
300413,2026-05-31,69368,70438,-1.52,26968.0661832545
000034,2026-05-31,145100,138100,5.07,7007.16514817367
600171,2026-05-31,190731,189864,0.46,3716.87509109688
600515,2026-05-31,173289,178416,-2.87,65932.1111091876
600959,2026-05-31,106618,115417,-7.62,46903.1278583354
002572,2026-05-31,41700,40900,1.96,23094.6562110312
300346,2026-05-31,150643,150975,-0.22,4588.04526595992
000759,2026-05-31,91867,73423,25.12,7211.1159611177
002561,2026-05-31,31500,33200,-5.12,13198.8253968254
000885,2026-05-31,22169,22840,-2.94,28962.8875907799
002827,2026-05-30,33000,33957,-2.82,8395.33333333334
002679,2026-05-30,18258,18603,-1.85,12912.4767225326
002672,2026-05-30,30381,31031,-2.09,29792.2485105823
002759,2026-05-30,147912,144774,2.17,3389.73582265131
300481,2026-05-30,22600,23000,-1.74,12913.9574336283
002219,2026-05-30,84910,86515,-1.86,40653.8894476504
301157,2026-05-30,8918,9349,-4.61,6727.96591163938
600416,2026-05-30,71743,68300,5.04,20570.4024643519
301372,2026-05-30,6725,8242,-18.41,10196.4951672862
300445,2026-05-29,15308,16623,-7.91,13877.0585968121
002148,2026-05-29,71300,74400,-4.17,7836.62454417952
300461,2026-05-29,14534,15176,-4.23,10806.1574239714
300017,2026-05-29,241386,237877,1.48,10338.9789672972
300491,2026-05-29,23579,21558,9.37,7534.95691081047
300143,2026-05-29,23358,26038,-10.29,32085.4355681137
000019,2026-05-29,36997,37820,-2.18,29753.3847068681
000063,2026-05-29,599878,588872,1.87,6714.75258802623
300758,2026-05-29,35460,37616,-5.73,11255.3759729272
600658,2026-05-29,35364,36078,-1.98,31630.6143253026
301023,2026-05-29,12959,12505,3.63,6001.01859711397
600423,2026-05-29,20867,21171,-1.44,38275.5080270283
002670,2026-05-29,80430,88756,-9.38,24059.2397488499
301251,2026-05-29,16217,16143,0.46,11627.5566380958
301288,2026-05-29,6288,5305,18.53,17177.1628498728
002640,2026-05-29,180612,199996,-9.69,8626.45521892233
301656,2026-05-29,48753,53312,-8.55,49326.0088609932
000159,2026-05-29,42533,46443,-8.42,11301.4833893683
002530,2026-05-29,80995,83519,-3.02,9620.32440274091
300613,2026-05-29,40032,49547,-19.2,5815.50519584332
300549,2026-05-29,12132,12510,-3.02,10990.7682162875
300643,2026-05-29,15783,17339,-8.97,14652.06526009
300214,2026-05-29,17254,17537,-1.61,26944.6281441984
002241,2026-05-29,512379,492891,3.95,6929.21407005361
301551,2026-05-29,27651,28612,-3.36,14466.3845792196
300637,2026-05-29,20850,21441,-2.76,11258.9990407674
605218,2026-05-29,19596,21253,-7.8,12391.0349561135
603383,2026-05-29,30364,31683,-4.16,6763.89998023976
001368,2026-05-29,9299,9093,2.27,12241.8479406388
002837,2026-05-29,221500,180000,23.06,4425.5936523702
601512,2026-05-29,21093,22391,-5.8,71061.0155027734
600603,2026-05-29,25318,22789,11.1,46446.9054032704
301622,2026-05-29,14970,15695,-4.62,7744.28056112224
300864,2026-05-29,9353,9736,-3.93,16883.4259595852
300049,2026-05-29,24510,23591,3.9,10810.9302325581
000663,2026-05-29,21123,20711,1.99,15939.2098186811
300500,2026-05-29,13157,14580,-9.76,13222.9892072661
301511,2026-05-29,56714,59859,-5.25,11114.045914589
002769,2026-05-29,28284,27838,1.6,13198.9129543205
301517,2026-05-29,20134,21751,-7.43,7511.5416708056
000937,2026-05-29,82553,80542,2.5,42803.3729846281
300936,2026-05-29,11616,9739,19.27,6473.82920110193
300201,2026-05-29,39054,38569,1.26,25837.1385005377
301607,2026-05-29,14399,14736,-2.29,11614.3348149177
300997,2026-05-29,24706,21311,15.93,17707.1753824982
002818,2026-05-29,21645,22490,-3.76,34578.8376068376
300386,2026-05-29,36078,37207,-3.03,11587.2276733744
301083,2026-05-29,10841,11210,-3.29,16406.8505672908
000553,2026-05-29,28739,26976,6.54,75753.2259647169
300074,2026-05-29,25760,26500,-2.79,21362.8726708075
002997,2026-05-29,28020,26883,4.23,7470.4255888651
301196,2026-05-29,14745,15608,-5.53,8498.72750084775
300867,2026-05-29,20790,23482,-11.46,13070.7577200577
301591,2026-05-29,17625,9503,85.47,6204.59574468085
002423,2026-05-29,103000,107000,-3.74,22369.957038835
301290,2026-05-29,10597,11057,-4.16,9452.98990280268
301397,2026-05-29,11977,12526,-4.38,12996.8187359105
301389,2026-05-29,25986,24284,7.01,10909.7206187947
300953,2026-05-29,29158,26795,8.82,8317.08587694629
301518,2026-05-29,9412,9877,-4.71,15455.7495750106
300121,2026-05-29,30695,32372,-5.18,14505.1834826519
002683,2026-05-29,33906,33653,0.75,22411.5219430189
300223,2026-05-29,110676,108232,2.26,4359.94003216596
300674,2026-05-29,64449,66754,-3.45,10924.2511132834
603226,2026-05-29,7460,8139,-8.34,47653.0522788204
002034,2026-05-29,20230,20134,0.48,25541.3347998023
301171,2026-05-29,109758,107078,2.5,5635.3158038594
603167,2026-05-29,30677,31106,-1.38,15293.0372265867
603172,2026-05-29,10016,10509,-4.69,13316.6932907348
600674,2026-05-29,70356,69433,1.33,69284.8773096822
300880,2026-05-29,20341,22624,-10.09,9593.29826458876
600862,2026-05-29,107177,108125,-0.88,12997.6497476138
002076,2026-05-29,33000,33000,0.0,33609.8330606061
300159,2026-05-29,45700,46269,-1.23,72000.4601969366
301019,2026-05-29,9461,9843,-3.88,17436.1474474157
002384,2026-05-29,306048,284513,7.57,5984.70675188206
003029,2026-05-29,27943,29662,-5.8,6929.11380309917
301268,2026-05-29,13013,12730,2.22,30768.999000999
301126,2026-05-29,14110,14399,-2.01,14557.2785258682
002460,2026-05-29,331994,341075,-2.66,4860.30982186425
002733,2026-05-29,42610,52749,-19.22,9017.01274348744
000636,2026-05-29,217208,136394,59.25,5326.75228812935
001309,2026-05-29,99252,100713,-1.45,2285.55251279571
301310,2026-05-29,13878,14282,-2.83,13759.822452803
300933,2026-05-29,23739,25247,-5.97,23046.0615021694
301489,2026-05-29,15791,18545,-14.85,5113.9172313343
600352,2026-05-29,97471,97519,-0.05,33377.4339034174
603637,2026-05-29,14114,12646,11.61,16911.2850361343
688400,2026-05-29,33126,28437,16.49,14466.895942764
300165,2026-05-29,22108,22854,-3.26,22413.231635607
603458,2026-05-29,14292,14852,-3.77,21419.2914917436
301218,2026-05-29,11000,11600,-5.17,10367.2727272727
000059,2026-05-29,47525,47581,-0.12,33654.7614308259
000027,2026-05-29,120416,118118,1.95,39507.9550558065
300849,2026-05-29,7909,7667,3.16,18965.7352383361
300594,2026-05-29,5360,5628,-4.76,17140.5690298507
002098,2026-05-29,18915,19339,-2.19,18926.7776896643
300902,2026-05-29,15273,16089,-5.07,11903.5794539383
000519,2026-05-29,172000,167000,2.99,8096.27315116279
300271,2026-05-29,38283,39764,-3.72,21206.8195543714
002099,2026-05-29,34563,35190,-1.78,46833.760177068
002140,2026-05-29,29100,29900,-2.68,24330.3736082474
300598,2026-05-29,41123,43172,-4.75,5276.408360285
301486,2026-05-29,30724,27208,12.92,4188.28912251009
301180,2026-05-29,12365,13142,-5.91,32350.1819652244
301182,2026-05-29,8145,9229,-11.75,11764.481276857
000888,2026-05-29,42545,39121,8.75,12384.841979081
000668,2026-05-29,4658,4721,-1.33,31524.6650923143
002369,2026-05-29,94776,98195,-3.48,5982.06592386258
300170,2026-05-29,148000,151000,-1.99,6915.34939864865
300008,2026-05-29,134538,149954,-10.28,12844.1714088213
002437,2026-05-29,93200,94400,-1.27,23925.6236695279
301031,2026-05-29,16282,17789,-8.47,6070.37126888588
688297,2026-05-29,37288,39273,-5.05,18102.3385539584
603679,2026-05-29,14817,20072,-26.18,11992.050820004
600759,2026-05-29,343961,391765,-12.2,12062.4410325589
002469,2026-05-29,32500,33686,-3.52,19965.004
600805,2026-05-29,34546,35811,-3.53,24630.7674984079
688630,2026-05-29,20635,19849,3.96,6384.33322025684
600338,2026-05-29,118560,124573,-4.83,7710.94946018893
000978,2026-05-29,38532,44352,-13.12,12149.1228070175
301069,2026-05-29,40960,42824,-4.35,11063.8239501953
300971,2026-05-29,13120,13428,-2.29,8963.41463414634
300042,2026-05-29,53000,56000,-5.36,3781.1320754717
300363,2026-05-29,43243,45024,-3.96,12567.1710103369
002851,2026-05-29,85000,81000,4.94,6842.67755294118
002635,2026-05-29,48600,56700,-14.29,13573.8019753086
002375,2026-05-29,31371,33596,-6.62,42714.4974020592
300786,2026-05-29,16041,20620,-22.21,11471.5964715417
301611,2026-05-29,43915,47998,-8.51,9928.27052260048
001267,2026-05-29,83069,75461,10.08,9451.95774597022
000069,2026-05-29,98432,98443,-0.01,81657.977619067
000050,2026-05-29,78752,77139,2.09,30929.6982806786
300088,2026-05-29,137783,121848,13.08,18128.0243498835
002839,2026-05-29,45469,45157,0.69,53758.4942268359
002574,2026-05-29,25000,26800,-6.72,21120.0
301316,2026-05-29,29212,28800,1.43,13829.9329042859
300485,2026-05-29,29850,29482,1.25,16136.2278056951
301298,2026-05-29,10000,10213,-2.09,14680.0
301501,2026-05-29,10874,10722,1.42,13601.2506897186
600292,2026-05-29,39833,38384,3.78,109964.255792936
300977,2026-05-29,7293,8241,-11.5,20872.9914986974
603612,2026-05-29,45902,43167,6.34,10851.4761666158
600119,2026-05-29,18775,20010,-6.17,19455.1462050599
301155,2026-05-29,22955,24447,-6.1,9470.33230233065
300851,2026-05-29,10713,9283,15.4,8114.75777093251
000589,2026-05-29,55656,55545,0.2,27928.5270950122
600348,2026-05-29,86000,84000,2.38,41947.6744186046
002487,2026-05-29,54457,55255,-1.44,11711.0628385699
002592,2026-05-29,11508,11772,-2.24,24620.3647028154
002052,2026-05-29,47366,49578,-4.46,15885.6499176625
300730,2026-05-29,25288,26635,-5.06,9535.70654065169
300253,2026-05-29,120409,120651,-0.2,18281.6280427543
300713,2026-05-29,13600,13700,-0.73,11670.6477941176
301000,2026-05-29,25194,27354,-7.9,9653.91108994205
002413,2026-05-29,351489,409818,-14.23,3753.5761432079
002475,2026-05-29,397768,414971,-4.15,18317.1753559864
301127,2026-05-29,17308,18117,-4.47,38945.8468338341
603596,2026-05-29,80000,65182,22.73,11220.493075
600141,2026-05-29,78078,73285,6.54,15391.5297138759
301149,2026-05-29,19502,20472,-4.74,22049.0215362527
300293,2026-05-29,46247,47624,-2.89,7318.05535494194
600508,2026-05-29,34579,34570,0.03,20900.488735938
000993,2026-05-29,62343,59169,5.36,7345.67561715028
301077,2026-05-29,13244,15449,-14.27,12841.961718514
000977,2026-05-29,310000,280000,10.71,4737.02146774194
000049,2026-05-29,55806,56746,-1.66,6892.42257104971
301439,2026-05-29,21915,24397,-10.17,17755.0449007529
002522,2026-05-29,55000,59000,-6.78,16468.7161272727
002252,2026-05-29,115062,114819,0.21,57690.5045714484
002401,2026-05-29,37592,39017,-3.65,9886.90253245371
300133,2026-05-29,65469,71891,-8.93,28842.2151094411
002846,2026-05-29,38974,47853,-18.55,10776.251757582
600326,2026-05-29,161803,166017,-2.54,8420.51397687311
600509,2026-05-29,89000,76000,17.11,15442.667494382
300137,2026-05-29,20374,22264,-8.49,26336.6157848238
300311,2026-05-29,34437,34937,-1.43,19561.2321050033
300708,2026-05-29,74600,70900,5.22,12585.9938873995
000995,2026-05-29,38769,35504,9.2,4576.02723825737
300706,2026-05-29,28384,37682,-24.67,5400.98291290868
002059,2026-05-29,60449,63035,-4.1,16748.5783553078
300537,2026-05-29,26452,29545,-10.47,7855.985218509
002271,2026-05-29,145374,145290,0.06,16431.410472299
300629,2026-05-29,29539,31531,-6.32,8511.57534107451
000603,2026-05-29,74197,76886,-3.5,9299.15422456434
920083,2026-05-29,12,12,0.0,0.0
002321,2026-05-29,51537,54729,-5.83,41385.6078351476
688410,2026-05-29,11045,9577,15.33,28936.2265278406
002172,2026-05-29,47414,49222,-3.67,16149.9211203442
300264,2026-05-29,21318,22146,-3.74,20210.9727929449
600479,2026-05-29,33733,32776,2.92,14591.3501912074
002047,2026-05-29,31094,27304,13.88,48763.3849938895
300096,2026-05-29,13126,13383,-1.92,32759.408806948
300044,2026-05-29,36916,37707,-2.1,20692.0909090909
002030,2026-05-29,153000,135000,13.33,9172.84988235294
000716,2026-05-29,90000,82000,9.76,8365.37833333333
000750,2026-05-29,168438,171819,-1.97,37914.0958512925
300666,2026-05-29,62926,69939,-10.03,4216.39200012713
300228,2026-05-29,53942,56523,-4.57,11075.3318193615
301315,2026-05-29,14060,15038,-6.5,6258.89046941678
002905,2026-05-29,23114,24089,-4.05,16281.0417928528
600830,2026-05-29,26800,30900,-13.27,16952.3413059702
300005,2026-05-29,29610,29716,-0.36,29844.7209050996
300555,2026-05-29,5687,5815,-2.2,35167.9268507122
002266,2026-05-29,105397,134148,-21.43,49520.1134946915
300632,2026-05-29,39890,19340,106.26,7650.57959388318
002813,2026-05-29,15125,15364,-1.56,7933.88429752066
300765,2026-05-29,22549,22380,0.76,62290.6977693024
002987,2026-05-29,74538,77343,-3.63,13965.3892242883
300144,2026-05-29,79534,80419,-1.1,33000.8746196595
002734,2026-05-29,46400,50201,-7.57,10255.1643103448
002451,2026-05-29,59192,63213,-6.36,7444.75604811461
000543,2026-05-29,78224,69473,12.6,28979.1282854367
603927,2026-05-29,66087,67873,-2.63,12574.9390954348
300292,2026-05-29,80992,67659,19.71,16566.6358899644
300536,2026-05-29,11056,11221,-1.47,26527.5084117221
600232,2026-05-28,17397,17397,0.0,20964.4504224866
688186,2026-05-28,16794,18270,-8.08,16701.7599142551
688635,2026-05-27,21730,24,90441.67,4310.63046479521
002312,2026-05-27,159170,159170,0.0,11859.7049946598
600438,2026-05-26,329662,340747,-3.25,13656.3836353599
600513,2026-05-25,42663,49398,-13.63,6690.9563321848
603435,2026-05-22,59942,6,998933.33,7660.1971906176
001237,2026-05-22,66979,34,196897.06,2214.89466847818
920211,2026-05-22,12,12,0.0,0.0
300182,2026-05-21,123000,126669,-2.9,21657.1189593496
600172,2026-05-21,132000,132000,0.0,10925.639969697
301345,2026-05-20,9142,8130,12.45,11928.3604244148
300995,2026-05-20,10646,9622,10.64,7904.08228442608
600367,2026-05-20,49946,58250,-14.26,6829.99443398871
001316,2026-05-20,15178,13563,11.91,10618.104361576
603352,2026-05-20,32123,36368,-11.67,7056.21103259347
002777,2026-05-20,58291,55272,5.46,7003.32878145854
301332,2026-05-20,19400,20377,-4.79,23791.881443299
300830,2026-05-20,43636,44737,-2.46,10350.1867036392
002573,2026-05-20,42414,42948,-1.24,33367.9228320837
688678,2026-05-20,17193,16446,4.54,23445.9664398302
688550,2026-05-20,11135,10951,1.68,15612.4326897171
688530,2026-05-20,14310,17198,-16.79,11184.1246680643
688329,2026-05-20,5296,5351,-1.03,14577.0392749245
605588,2026-05-20,11849,11007,7.65,6184.10676006414
603268,2026-05-20,19477,19446,0.16,49842.2910612517
002541,2026-05-20,17179,14607,17.61,40166.386460213
601228,2026-05-20,61596,60501,1.81,122484.111809208
300195,2026-05-20,22653,23015,-1.57,18704.2668079283
603818,2026-05-20,23898,24515,-2.52,28728.0883337518
603402,2026-05-20,11471,12322,-6.91,6741.63839246796
603660,2026-05-20,31000,29000,6.9,18573.7434193548
600234,2026-05-20,11447,8796,30.14,22933.6046999214
300927,2026-05-20,16763,17437,-3.87,8611.82365924954
002849,2026-05-20,16197,15311,5.79,13621.9062789405
300412,2026-05-20,24063,24308,-1.01,20685.5602792669
300615,2026-05-20,15288,15250,0.25,12623.5740450026
300893,2026-05-20,10559,10617,-0.55,44796.0286011933
002527,2026-05-20,62204,59340,4.83,10659.4638769211
300247,2026-05-20,31328,29492,6.23,25665.2296029111
300125,2026-05-20,9376,9284,0.99,71016.423528157
603223,2026-05-20,17772,19422,-8.5,39715.4058631555
000798,2026-05-20,31708,33804,-6.2,11538.372398133
600370,2026-05-20,63665,77315,-17.66,63184.5116154873
002802,2026-05-20,16191,18804,-13.9,11194.2369217467
688718,2026-05-20,7346,6444,14.0,23652.9252654506
001393,2026-05-20,64859,88591,-26.79,3844.23648221527
301016,2026-05-20,10921,10784,1.27,27997.4361322223
603391,2026-05-20,5619,5990,-6.19,16195.0525004449
300230,2026-05-20,22500,23087,-2.54,36142.8196
688531,2026-05-20,14700,12432,18.24,11264.8938095238
002975,2026-05-20,36274,25220,43.83,5737.73876605833
301525,2026-05-20,10900,11100,-1.8,8652.45577981651
600419,2026-05-20,22450,22837,-1.69,14053.9975055679
002859,2026-05-20,20657,18552,11.35,20875.5660550903
000690,2026-05-20,114806,127942,-10.27,18952.7364597669
300651,2026-05-20,26177,26553,-1.42,5394.41830614662
301002,2026-05-20,15326,12025,27.45,8804.4289442777
300980,2026-05-20,11474,10687,7.36,12032.8741502527
301090,2026-05-20,24194,24046,0.62,60860.6028767463
301498,2026-05-20,28005,29357,-4.61,14300.0478485985
600967,2026-05-20,168700,171900,-1.86,10087.6980853586
301336,2026-05-20,7595,7863,-3.41,5266.62277814351
300022,2026-05-20,21404,21580,-0.82,23091.0287796674
301526,2026-05-20,122593,120624,1.63,30759.3259647778
000793,2026-05-20,55320,54082,2.29,36103.4970535069
300775,2026-05-20,55714,58157,-4.2,9827.88823276017
301596,2026-05-20,11436,10922,4.71,6747.57782441413
300360,2026-05-20,31696,31678,0.06,16222.4610676426
301319,2026-05-20,15626,8565,82.44,7968.83085882504
301098,2026-05-20,10780,11041,-2.36,17062.6696660482
301584,2026-05-20,17045,17989,-5.25,24716.2516280434
002225,2026-05-20,41065,40371,1.72,28229.3716546938
301598,2026-05-20,7356,7698,-4.44,8006.69154431756
688590,2026-05-20,16354,16767,-2.46,17213.9650238474
300209,2026-05-20,49121,37042,32.61,18905.073715926
000426,2026-05-20,208637,185456,12.5,8510.64642896514
002517,2026-05-20,118976,117955,0.87,17956.9260523131
603466,2026-05-20,71972,68719,4.73,8264.57144445062
300785,2026-05-20,46229,46763,-1.14,4301.52594691644
600763,2026-05-20,90448,90510,-0.07,4945.2626592075
600372,2026-05-20,187995,185517,1.34,25739.4964227772
300301,2026-05-20,16757,17636,-4.98,49523.7076445664
000036,2026-05-20,46139,47726,-3.33,30425.8593597607
301396,2026-05-20,35424,33105,7.0,4333.71575767841
002368,2026-05-20,57623,57548,0.13,10815.6688475088
002805,2026-05-20,42427,41597,2.0,6601.04433497537
002382,2026-05-20,66685,67340,-0.97,15103.4988078278
001324,2026-05-20,13638,14307,-4.68,10118.7857457105
300378,2026-05-20,52000,51000,1.96,5222.15057692308
603839,2026-05-20,15954,16306,-2.16,24258.2549830763
300510,2026-05-20,35125,35084,0.12,23478.7387900356
300522,2026-05-20,15482,16029,-3.41,20827.509817853
002112,2026-05-20,85000,85000,0.0,3460.36802352941
301161,2026-05-20,12942,12985,-0.33,9272.13722763097
002456,2026-05-20,458509,464485,-1.29,7323.85329404657
000592,2026-05-20,364417,363816,0.17,5301.01749369541
002927,2026-05-20,28532,28902,-1.28,7822.52137950371
300547,2026-05-20,35800,35931,-0.36,6058.83167597765
002431,2026-05-20,62400,68000,-8.24,28884.6917467949
688509,2026-05-20,13865,13754,0.81,55535.5210962856
300474,2026-05-20,94967,94607,0.38,5503.16660524182
001279,2026-05-20,16370,16209,0.99,9773.97678680513
000009,2026-05-20,152400,151700,0.46,16923.976148294
000652,2026-05-20,76061,77485,-1.84,19186.3630901513
002157,2026-05-20,179300,186900,-4.07,51590.4215783603
301381,2026-05-20,15692,14701,6.74,25711.0757073668
300192,2026-05-20,29445,30800,-4.4,11178.2417727967
603318,2026-05-20,56904,41582,36.85,9747.52597356952
300509,2026-05-20,15700,14800,6.08,18878.9808917197
000523,2026-05-20,47948,49921,-3.95,38280.3967005923
002170,2026-05-20,64386,67197,-4.18,15070.8493616625
001365,2026-05-18,96528,26,371161.54,5438.83639980109
920608,2026-05-12,3573,3511,1.77,0.0
920220,2026-05-12,15,15,0.0,0.0
301531,2026-05-11,55067,8,688237.5,3990.29073673888
603407,2026-05-11,58516,27,216625.93,6970.31975869848
002692,2026-05-11,36284,37231,-2.54,19792.3602689891
300373,2026-05-10,62000,58000,6.9,8763.67398387097
605186,2026-05-10,14974,14834,0.94,9082.40950981702
301303,2026-05-10,19278,19052,1.19,21205.5192447349
002418,2026-05-10,123357,73199,68.52,9212.28629100902
002966,2026-05-10,53491,53467,0.04,83577.835729375
301072,2026-05-10,8015,7864,1.92,13106.1740486588
603190,2026-05-10,14674,13029,12.63,8487.12007632548
002829,2026-05-10,38543,37605,2.49,5391.62478271022
603977,2026-05-10,29000,25694,12.87,21422.132
002548,2026-05-10,48916,52251,-6.38,16930.5269850356
000829,2026-05-10,63503,68339,-7.08,16142.551344031
603160,2026-05-10,76587,76958,-0.48,6083.10529202084
300873,2026-05-10,12125,11703,3.61,19018.7034226804
600523,2026-05-08,23263,23031,1.01,17380.0163349525
600433,2026-05-08,84819,71203,19.12,20635.4617833268
300626,2026-05-08,11841,11329,4.52,15201.4187990879
603798,2026-05-08,11000,10800,1.85,23313.6045454546
600860,2026-05-08,42002,41020,2.39,10653.9209561449
001367,2026-05-08,11000,10000,10.0,13850.1090909091
301558,2026-05-08,26889,26354,2.03,29337.320949087
600864,2026-05-08,78062,76411,2.16,26652.7954702672
688583,2026-05-08,6290,6054,3.9,14054.0540540541
605567,2026-05-08,14634,13999,4.54,13666.8033347
300600,2026-05-08,29478,30154,-2.24,9981.49399552209
300460,2026-05-08,20986,21392,-1.9,13380.5513675784
002040,2026-05-08,41130,38604,6.54,11863.5299051787
300907,2026-05-08,10232,9837,4.02,9382.32994526974
601368,2026-05-08,26000,27000,-3.7,33960.5029615385
688138,2026-05-08,12198,11335,7.61,25807.509427775
300394,2026-05-08,196969,183182,7.53,3955.75334697338
300567,2026-05-08,26700,28127,-5.07,10477.3783520599
603689,2026-05-08,20460,20782,-1.55,25699.5482893451
603018,2026-05-08,28118,27786,1.19,24318.813678071
300854,2026-05-08,6813,7061,-3.51,14687.9128137384
001268,2026-05-08,8941,7474,19.63,12071.7295604519
300538,2026-05-08,18212,17693,2.93,9988.93987480782
002174,2026-05-08,76840,70046,9.7,12751.3139901093
002038,2026-05-08,68769,89048,-22.77,14939.1440910876
688667,2026-05-08,5539,5611,-1.28,9513.53258710959
300690,2026-05-08,28767,28589,0.62,5747.86800848194
002386,2026-05-08,57000,56339,1.17,22835.9135614035
300801,2026-05-08,28114,28473,-1.26,7769.43871380807
300681,2026-05-08,27415,27908,-1.77,11163.7913550976
000552,2026-05-08,59736,61383,-2.68,89591.1130641489
002501,2026-05-08,112259,113054,-0.7,31623.2996908934
601636,2026-05-08,107907,101715,6.09,27418.5523460016
300996,2026-05-08,21150,20904,1.18,18713.4336643026
300102,2026-05-08,162575,167349,-2.85,5660.98024296478
600165,2026-05-08,16950,16788,0.96,95332.3761061947
688131,2026-05-08,11903,12315,-3.35,17819.3709148954
002300,2026-05-08,95964,96481,-0.54,7527.13204951857
300334,2026-05-08,15352,15820,-2.96,19675.9611776967
601012,2026-05-08,918686,918149,0.06,8248.80978266786
300087,2026-05-08,40000,40000,0.0,23683.293775
600469,2026-05-08,23376,23800,-1.78,38074.7267282683
300243,2026-05-08,22423,22997,-2.5,11196.1506488873
301217,2026-05-08,92689,81793,13.32,8944.05532479582
688363,2026-05-08,31133,31260,-0.41,15471.6295249414
600392,2026-05-08,193020,197750,-2.39,9081.06191068283
300662,2026-05-08,16772,16510,1.59,11734.2212616265
002409,2026-05-08,62220,62109,0.18,7649.11086467374
688707,2026-05-08,23530,23245,1.23,21620.9181895453
002721,2026-05-08,75735,77039,-1.69,35114.2617680069
002332,2026-05-07,48000,48000,0.0,20608.4347083333
301599,2026-04-30,52577,11,477872.73,8208.91264241018
003038,2026-04-30,23705,25233,-6.06,10278.8342121915
600383,2026-04-30,95000,96304,-1.35,47521.9323368421
002007,2026-04-30,146000,147000,-0.68,12516.8264794521
605016,2026-04-30,13424,12367,8.55,31288.1644815256
688185,2026-04-30,16477,17516,-5.93,6941.36681434727
300009,2026-04-30,69524,71826,-3.2,24039.4785685519
300581,2026-04-30,54000,54000,0.0,10187.2138148148
603310,2026-04-30,19277,18595,3.67,17914.6132696996
603151,2026-04-30,10820,11003,-1.66,15814.4731977819
002601,2026-04-30,99046,98471,0.58,24072.1286674878
600531,2026-04-30,146557,147140,-0.4,8251.14254522131
002773,2026-04-30,38200,37700,1.33,24118.3495811518
301257,2026-04-30,9034,9094,-0.66,8745.27009076821
003005,2026-04-30,28299,28613,-1.1,8176.56775857804
002282,2026-04-30,23613,23371,1.04,22311.3686528607
002722,2026-04-30,25658,25958,-1.16,8666.7709876062
300844,2026-04-30,5175,5394,-4.06,18011.7642512077
300080,2026-04-30,42688,43828,-2.6,43885.4112631184
001211,2026-04-30,9432,8780,7.43,7633.58778625954
002287,2026-04-30,30037,31525,-4.72,19047.1153244332
301567,2026-04-30,9809,9770,0.4,7340.19777755123
301448,2026-04-30,6637,6254,6.12,15760.1325900256
301265,2026-04-30,15216,15501,-1.84,19911.4867245005
301262,2026-04-30,19601,19821,-1.11,21274.4247742462
301151,2026-04-30,15124,14938,1.25,11174.5636075112
300588,2026-04-30,12672,12786,-0.89,15109.7719381313
300989,2026-04-30,10231,10372,-1.36,20619.6397224123
300963,2026-04-30,44712,45482,-1.69,10257.6489533011
002494,2026-04-30,25670,25114,2.21,14698.5086871835
002929,2026-04-30,40889,40438,1.12,6947.66524004011
300810,2026-04-30,19287,19129,0.83,6120.70306424016
300543,2026-04-30,28300,28900,-2.08,10825.8421908127
300884,2026-04-30,23047,23796,-3.15,11015.0049898034
301046,2026-04-30,13461,13613,-1.12,12526.3747121313
603716,2026-04-30,70683,86702,-18.48,3194.41407410551
300649,2026-04-30,10222,11091,-7.84,12954.0803169634
603886,2026-04-30,20171,22042,-8.49,11898.2697932676
001202,2026-04-30,16214,16120,0.58,10280.6901443197
601686,2026-04-30,31000,32000,-3.12,47469.2593548387
002543,2026-04-30,26561,28202,-5.82,27995.9338880313
600359,2026-04-30,39548,40138,-1.47,9646.82967533124
603797,2026-04-30,17309,17144,0.96,33312.4495926974
002903,2026-04-30,20144,18268,10.27,7778.89197776013
301380,2026-04-30,14126,14504,-2.61,7177.71718816367
300951,2026-04-30,14102,13793,2.24,12012.5228336406
688595,2026-04-30,12739,12739,0.0,11311.2102990816
301089,2026-04-30,17321,17353,-0.18,7305.84261878644
300828,2026-04-30,15421,16576,-6.97,10791.9071396148
300590,2026-04-30,40424,33141,21.98,11377.3386602019
600871,2026-04-30,215000,224500,-4.23,63009.359772093
003009,2026-04-30,44910,41854,7.3,3667.72251169005
002663,2026-04-30,61132,60970,0.27,28190.6186939737
002514,2026-04-30,70678,71890,-1.69,10187.5302640143
002488,2026-04-30,36307,35601,1.98,27417.2766959539
002700,2026-04-30,19396,20181,-3.89,21325.4374613322
301009,2026-04-30,15706,15743,-0.24,17309.3085445053
301087,2026-04-30,17000,16386,3.75,12288.0588235294
300206,2026-04-30,22842,23931,-4.55,25377.0837054549
002852,2026-04-30,22860,23081,-0.96,15046.7325021872
000554,2026-04-30,57782,65048,-11.17,8320.81475199889
000911,2026-04-30,36700,34595,6.08,10907.8969482289
002380,2026-04-30,26756,25017,6.95,8969.63854836298
300859,2026-04-30,23328,23042,1.24,6644.37585733882
301210,2026-04-30,15953,15279,4.41,7184.50034476274
301349,2026-04-30,13636,14138,-3.55,7480.19947198592
001239,2026-04-30,16929,17437,-2.91,14176.8562821194
301050,2026-04-30,40052,41757,-4.08,6172.28031059622
300889,2026-04-30,12706,11779,7.87,17332.5263654966
300819,2026-04-30,11036,12544,-12.02,13519.8441464299
300809,2026-04-30,25271,25673,-1.57,10032.8123145107
300749,2026-04-30,12092,12381,-2.33,16967.3668541184
300618,2026-04-30,68646,65487,4.82,4511.50964367917
300562,2026-04-30,23787,23125,2.86,9190.46907974944
001396,2026-04-30,16931,15592,8.59,6314.00484318705
002218,2026-04-30,171381,179836,-4.7,8217.36452115462
300940,2026-04-30,18275,18475,-1.08,12183.0025718194
300985,2026-04-30,10048,9756,2.99,18562.1496815287
688130,2026-04-30,7562,7406,2.11,15986.6561756149
300321,2026-04-30,6298,6258,0.64,14099.7141949825
301079,2026-04-30,29621,31616,-6.31,3677.53397927146
688750,2026-04-30,17173,17179,-0.03,26931.8115646655
300317,2026-04-30,67754,66605,1.73,12252.9799716622
300912,2026-04-30,14858,14481,2.6,7731.99623098667
301234,2026-04-30,5503,5119,7.5,12356.8962384154
300992,2026-04-30,8540,10197,-16.25,11164.9259953162
301152,2026-04-30,20703,18761,10.35,5735.40100468531
301189,2026-04-30,14275,13770,3.67,8153.86795096322
301229,2026-04-30,11627,12120,-4.07,15634.34256472
300438,2026-04-30,63345,62313,1.66,7946.06298839687
001227,2026-04-30,94917,95960,-1.09,60007.134317351
300190,2026-04-30,22500,23400,-3.85,42137.2911111111
300381,2026-04-30,20024,20210,-0.92,24523.6446763883
300787,2026-04-30,17749,17574,1.0,17659.1931939828
300824,2026-04-30,16388,16753,-2.18,19913.4538686844
301587,2026-04-30,17326,15900,8.97,8503.29216206857
301601,2026-04-30,12386,12359,0.22,11341.8375585338
300862,2026-04-30,15392,15148,1.61,11994.4063149688
301172,2026-04-30,12938,13073,-1.03,13331.2722213634
000510,2026-04-30,51898,56651,-8.39,12496.5044703071
000767,2026-04-30,161659,175866,-8.08,19033.5349037171
301219,2026-04-30,40935,29863,37.08,7199.63801148162
301179,2026-04-30,23082,27087,-14.79,17520.4734858331
300627,2026-04-30,62608,65379,-4.24,12568.560743036
300959,2026-04-30,14557,16793,-13.32,5520.90403242426
600894,2026-04-30,29155,28996,0.55,29212.085817184
300187,2026-04-30,25000,21904,14.13,25824.8866
300197,2026-04-30,52822,52614,0.4,56137.5578357503
000665,2026-04-30,66653,66923,-0.4,17060.7398766747
603381,2026-04-30,19182,20055,-4.35,12368.6959649672
688103,2026-04-30,6983,6692,4.35,13649.6585994558
301459,2026-04-30,8796,8775,0.24,11837.4056389268
002649,2026-04-30,55152,56200,-1.86,10613.296562228
301261,2026-04-30,16549,13726,20.57,5310.90676173787
600897,2026-04-30,22451,24021,-6.54,18570.8431695693
002868,2026-04-30,5789,5968,-3.0,26846.7502159268
002297,2026-04-30,173957,97739,77.98,3294.52001931512
002713,2026-04-30,23800,23900,-0.42,39975.0077310924
301421,2026-04-30,31915,29344,8.76,3625.81858060473
300737,2026-04-30,29350,28816,1.85,37818.4512436116
600732,2026-04-30,87364,105979,-17.56,24234.8097957969
600776,2026-04-30,118922,65023,82.89,8038.88316711794
002801,2026-04-30,16644,16252,2.41,13796.6834895458
600259,2026-04-30,54281,46928,15.67,6198.04185626646
600082,2026-04-30,24235,26003,-6.8,26660.4425830411
000545,2026-04-30,92930,99301,-6.42,10619.1014311848
002408,2026-04-30,59542,58634,1.55,47745.3361828625
301368,2026-04-30,20142,20256,-0.56,5962.66507794658
600491,2026-04-30,43100,38944,10.67,35493.2240139211
688663,2026-04-30,7323,7214,1.51,19319.2134371159
002110,2026-04-30,43061,42879,0.42,56410.1211537122
601997,2026-04-30,66538,65822,1.09,54949.0227539151
603278,2026-04-30,46250,37010,24.97,7389.39225945946
600694,2026-04-30,28111,28654,-1.9,12249.9316281883
002111,2026-04-30,33562,31367,7.0,15851.5699600739
688385,2026-04-30,29616,24939,18.75,18212.7650594273
601077,2026-04-30,103500,104000,-0.48,85446.028589372
300250,2026-04-30,38100,39300,-3.05,5610.22254593176
920096,2026-04-30,4,4,0.0,12750000.0
600935,2026-04-30,61493,62632,-1.82,58457.6790203763
600071,2026-04-30,26958,27240,-1.04,10444.9101936345
001914,2026-04-30,23904,24405,-2.05,44081.3193607764
688638,2026-04-30,6176,5251,17.62,9067.35751295337
300965,2026-04-30,10609,9690,9.48,5655.57545480253
300432,2026-04-30,62153,59713,4.09,27508.8932473091
300670,2026-04-30,15790,16536,-4.51,20070.9613046232
000752,2026-04-30,16252,16055,1.23,16229.2943022397
603058,2026-04-30,16290,16267,0.14,25456.5748925721
600428,2026-04-30,69531,73094,-4.87,39463.2666724195
603218,2026-04-30,51102,51102,0.0,20162.4447184063
600281,2026-04-30,46879,50011,-6.26,10972.9735062608
600517,2026-04-30,65400,63245,3.41,87437.855412844
002412,2026-04-30,32331,27935,15.74,15564.0097739012
001298,2026-04-30,72102,56119,28.48,5998.64118887132
002410,2026-04-30,110730,103209,7.29,14918.6701164996
603100,2026-04-30,26347,25326,4.03,19477.48039625
000791,2026-04-30,69473,63956,8.63,46692.0924963655
002564,2026-04-30,45304,45149,0.34,18958.689674201
688733,2026-04-30,13616,12363,10.14,14672.0909224442
000876,2026-04-30,226000,219121,3.14,19923.7842345133
603759,2026-04-30,39085,40059,-2.43,11814.2509914289
600033,2026-04-30,78649,81438,-3.42,34894.277104604
600120,2026-04-30,134513,131975,1.92,25390.7168229093
300557,2026-04-30,17278,18349,-5.84,6995.47852760736
600711,2026-04-30,186993,191441,-2.32,16527.9531907612
300520,2026-04-30,57000,59276,-3.84,5123.35119298246
000718,2026-04-30,78448,79572,-1.41,38683.4130124414
688559,2026-04-30,18545,18275,1.48,13359.8837422486
688661,2026-04-30,9530,10600,-10.09,15937.8621196222
002571,2026-04-30,15016,15152,-0.9,26102.2043153969
300506,2026-04-30,14000,14325,-2.27,101828.326357143
688268,2026-04-30,21329,15042,41.8,5625.97294762999
600063,2026-04-28,75328,72376,4.08,27467.9594440314
688808,2026-04-24,23055,28,82239.29,4453.11936673173
001312,2026-04-21,100888,13,775961.54,2312.79571405915
688820,2026-04-21,114131,113,100900.88,16321.3684012232
920200,2026-04-21,24,24,0.0,0.0
301535,2026-04-20,10671,10171,4.92,39855.1324149564
300935,2026-04-20,8638,8539,1.16,9195.4943273906
301388,2026-04-20,11208,11509,-2.62,9140.57815845824
688783,2026-04-20,39000,39000,0.0,103533.333333333
302132,2026-04-20,71950,70781,1.65,37138.1706184851
300138,2026-04-20,18895,19456,-2.88,25567.6154008997
301592,2026-04-20,11957,12074,-0.97,5854.31128209417
300609,2026-04-20,14290,14253,0.26,8405.48544436669
601985,2026-04-20,517429,506436,2.17,39750.3852200012
002932,2026-04-20,19997,21595,-7.4,11627.7920188028
300079,2026-04-20,70000,78625,-10.97,20371.8294571429
000688,2026-04-20,33772,29015,16.39,35090.2435745588
000004,2026-04-20,17588,17273,1.82,7526.73879918126
688545,2026-04-20,13098,12807,2.27,27485.1122308749
600697,2026-04-20,19188,19171,0.09,8291.01912653742
002637,2026-04-20,24772,23675,4.63,18989.2217019215
301513,2026-04-20,35634,27662,28.82,2806.30858169164
301128,2026-04-20,21628,18114,19.4,4782.74782689107
601061,2026-04-20,61746,60524,2.02,79357.3672788521
603293,2026-04-16,65861,50,131622.0,2719.22166380711
301666,2026-04-16,34758,58,59827.59,12550.0995454284
002830,2026-04-10,14826,15078,-1.67,8993.65978686092
002012,2026-04-10,22889,23003,-0.5,20430.1398051466
000525,2026-04-10,45587,45787,-0.44,28586.1877508939
000637,2026-04-10,27657,28870,-4.2,18797.2432295621
002686,2026-04-10,27005,24066,12.21,20967.9367894834
600178,2026-04-10,55000,55460,-0.83,8481.38474545455
300184,2026-04-10,102700,107209,-4.21,11207.712969815
603508,2026-04-10,33821,34412,-1.72,11273.3028887378
002371,2026-04-10,80505,86524,-6.96,9003.57264766164
603186,2026-04-10,28314,26174,8.18,5537.56155965247
920125,2026-04-10,18,18,0.0,0.0
300054,2026-04-10,62000,60392,2.66,15291.4229354839
002485,2026-04-10,6326,6534,-3.18,85994.3092001265
688811,2026-04-10,62561,18,347461.11,8018.95118364476
688009,2026-04-10,61318,61236,0.13,140595.22489318
300605,2026-04-10,17080,17637,-3.16,9668.82581967213
002074,2026-04-10,251856,265201,-5.03,7203.37992344832
002529,2026-04-10,16600,16810,-1.25,15662.6506024096
920191,2026-04-08,9,9,0.0,0.0
920177,2026-04-03,8,8,0.0,0.0
002107,2026-03-31,35491,40066,-11.42,16263.5485052549
688041,2026-03-31,108573,104580,3.82,21408.0673003417
002072,2026-03-31,12040,11968,0.6,30538.2059800664
688252,2026-03-31,15166,15493,-2.11,26969.62554398
603588,2026-03-31,48336,43884,10.14,31513.4569885799
002865,2026-03-31,54236,49035,10.61,4225.08577328712
300442,2026-03-31,175378,170599,2.8,9318.97714080444
603063,2026-03-31,66784,67099,-0.47,6869.92381408721
600550,2026-03-31,210550,157647,33.56,8746.27632391356
600379,2026-03-31,18919,18233,3.76,17453.4364395581
688475,2026-03-31,16731,16247,2.98,47068.3162990855
000400,2026-03-31,137627,118808,15.84,7401.32567737435
920394,2026-03-31,4179,5734,-27.12,0.0
605228,2026-03-31,24644,27030,-8.83,19443.0822512579
002134,2026-03-31,19942,20320,-1.86,12368.3627519807
002150,2026-03-31,52684,36890,42.81,6849.68497076911
002648,2026-03-31,83737,98656,-15.12,40228.8795872792
688486,2026-03-31,9080,8795,3.24,14683.6654185022
300768,2026-03-31,27397,28479,-3.8,23499.9831733401
002083,2026-03-31,76035,86981,-12.58,12450.0429012955
002741,2026-03-31,49309,44968,9.65,9430.77957370866
300550,2026-03-31,12176,10192,19.47,21563.7435118265
002196,2026-03-31,118338,149837,-21.02,4190.30176274738
688315,2026-03-31,10260,9808,4.61,40565.3021442495
002128,2026-03-31,33204,30011,10.64,67509.1402541862
688682,2026-03-31,7620,7566,0.71,13364.6843832021
300409,2026-03-31,104029,72842,42.81,7519.52775668323
002615,2026-03-31,21011,26600,-21.01,22191.6011612965
002479,2026-03-31,50510,35738,41.33,17125.3217184716
000990,2026-03-31,46174,39321,17.43,26318.6541127041
000703,2026-03-31,30834,34547,-10.75,123924.340500746
601877,2026-03-31,107246,92556,15.87,20037.7540980549
688668,2026-03-31,16462,16117,2.14,8460.12671607338
600702,2026-03-31,110157,113731,-3.14,3020.76925660648
605507,2026-03-31,20074,19444,3.24,27838.1737570987
603061,2026-03-31,10414,11208,-7.08,5761.47493758402
600318,2026-03-31,50221,51798,-3.04,10209.4269727803
300967,2026-03-31,17692,16808,5.26,10602.0359484513
688525,2026-03-31,90340,73368,23.13,5211.82986495462
603129,2026-03-31,15786,10826,45.82,9722.71398707716
301377,2026-03-31,17326,19988,-13.32,23663.8577859864
920357,2026-03-31,5023,5362,-6.32,0.0
688273,2026-03-31,8270,6797,21.67,12091.8984280532
603102,2026-03-31,6957,6427,8.25,9199.36754348138
600829,2026-03-31,42803,45188,-5.28,13547.8493797164
600655,2026-03-31,83815,86111,-2.67,46441.0698920241
603162,2026-03-31,25775,23629,9.08,36007.8490009699
603799,2026-03-31,265434,211295,25.62,7145.75938651416
301256,2026-03-31,23903,26923,-11.22,20081.1613604987
603919,2026-03-31,42120,41322,1.93,12043.2098053181
603256,2026-03-31,60893,58368,4.33,14855.3437176687
300703,2026-03-31,19480,22259,-12.48,9260.3613963039
688510,2026-03-31,11412,10447,9.24,22741.2029442692
688148,2026-03-31,16589,17219,-3.66,30753.6954005666
002334,2026-03-31,83723,80919,3.47,9826.93644518233
300505,2026-03-31,60040,56287,6.67,4578.0733344437
300308,2026-03-31,154418,183356,-15.78,7195.52341048323
300415,2026-03-31,24598,29544,-16.74,19048.7878689324
920992,2026-03-31,5020,5095,-1.47,0.0
603877,2026-03-31,11847,13775,-14.0,39763.2932387946
601933,2026-03-31,384491,463364,-17.02,23602.7293044571
300773,2026-03-31,101869,113323,-10.11,7624.15398207502
603725,2026-03-31,14967,16916,-11.52,20368.6563773635
002655,2026-03-31,36013,42613,-15.49,10098.0175769861
603138,2026-03-31,32877,27300,20.43,8938.55005018706
920656,2026-03-31,3896,4003,-2.67,0.0
600976,2026-03-31,21395,18743,14.15,7169.83407338163
603727,2026-03-31,20893,20903,-0.05,13483.9073852486
300653,2026-03-31,15668,15956,-1.8,11488.3839673219
003006,2026-03-31,18126,17594,3.02,23703.3978814962
600746,2026-03-31,35367,36865,-4.06,33020.6939802641
603115,2026-03-31,18173,13740,32.26,13310.4275573653
603758,2026-03-31,16506,16073,2.69,26584.0936023264
605066,2026-03-31,34891,35548,-1.85,14466.4849101488
688522,2026-03-31,16793,16146,4.01,18042.9706425296
688197,2026-03-31,5589,5008,11.6,26609.2937913759
002968,2026-03-31,10898,11298,-3.54,20763.2394017251
002119,2026-03-31,74101,90266,-17.91,5064.49305677386
605007,2026-03-31,18245,22574,-19.18,26074.5411345574
920061,2026-03-31,5218,5628,-7.29,0.0
300222,2026-03-31,69283,71940,-3.69,11233.365096777
920299,2026-03-31,7426,6401,16.01,0.0
688596,2026-03-31,16115,19752,-18.41,18252.0098665839
920726,2026-03-31,5768,6813,-15.34,0.0
600250,2026-03-31,38458,35206,9.24,8133.32476987883
002262,2026-03-31,43117,39130,10.19,23558.84182573
920208,2026-03-31,5304,5397,-1.72,0.0
920016,2026-03-31,3914,4095,-4.42,0.0
000959,2026-03-31,82050,80572,1.83,94515.1416209628
002917,2026-03-31,29303,32824,-10.73,11862.7511517592
300303,2026-03-31,108713,78010,39.36,13032.5308564753
002016,2026-03-31,18845,17489,7.75,42934.2335898116
603183,2026-03-31,20417,20373,0.22,24349.9657638243
688508,2026-03-31,17618,19811,-11.07,7453.19253036667
002749,2026-03-31,17159,13420,27.86,27178.6555160557
000408,2026-03-31,54351,53625,1.35,28890.4665047561
000404,2026-03-31,30536,30735,-0.65,22792.6375098245
688368,2026-03-31,9201,7916,16.23,14004.2242147593
920339,2026-03-31,3852,3805,1.24,0.0
603708,2026-03-31,24440,26750,-8.64,26118.6037234043
002817,2026-03-31,18494,19024,-2.79,16172.7138531416
002664,2026-03-31,38379,33720,13.82,10636.0249094557
688646,2026-03-31,3711,4561,-18.64,25373.9175424414
688313,2026-03-31,65191,46818,39.24,6933.26268963507
603595,2026-03-31,16160,19781,-18.31,14383.8073019802
300136,2026-03-31,215521,139171,54.86,4489.44018448318
600936,2026-03-31,45555,49427,-7.83,36681.5111184283
002236,2026-03-31,179787,160507,12.01,18281.3861625145
002268,2026-03-31,82456,93065,-11.4,10255.6039948579
002415,2026-03-31,348870,404426,-13.74,26270.1623814028
002248,2026-03-31,50211,57520,-12.71,6124.06843122025
600872,2026-03-31,56107,65382,-14.19,13875.4385014348
688181,2026-03-31,12889,12580,2.46,10433.8231049732
688048,2026-03-31,29405,28373,3.64,5994.8968882843
688093,2026-03-31,9042,8988,0.6,31008.9350807344
603025,2026-03-31,45651,44273,3.11,24460.6859214475
688606,2026-03-31,5382,5417,-0.65,14730.7422891119
688352,2026-03-31,24701,24573,0.52,48137.2125824865
688290,2026-03-31,5305,5913,-10.28,19262.9055607917
301223,2026-03-31,14751,16036,-8.01,13092.5062707613
300012,2026-03-31,57786,61400,-5.89,29121.7286886097
002458,2026-03-31,35420,36365,-2.6,31236.954121965
301479,2026-03-31,11171,12083,-7.55,7963.95425655716
603400,2026-03-31,7617,12468,-38.91,13128.5282919785
603136,2026-03-31,19466,21120,-7.83,13876.8473235385
002008,2026-03-31,75877,100643,-24.61,13569.3742240732
301082,2026-03-31,21223,21311,-0.41,10663.3922631108
301020,2026-03-31,10042,10503,-4.39,14578.7691694882
002787,2026-03-31,19564,19882,-1.6,17132.3144040074
688337,2026-03-31,7725,8174,-5.49,25097.0119093851
001207,2026-03-31,20739,16483,25.82,10440.5689763248
002752,2026-03-31,38568,40775,-5.41,25329.7673719145
000739,2026-03-31,33720,34161,-1.29,34354.7916963227
002414,2026-03-31,169207,120492,40.43,25239.712943318
003008,2026-03-31,11949,11763,1.58,8703.65720980835
603049,2026-03-31,30150,30823,-2.18,29004.4974461028
301200,2026-03-31,21391,24842,-13.89,19891.9710158478
300172,2026-03-31,37086,38829,-4.49,18247.0474033328
688018,2026-03-31,20941,21088,-0.7,7981.61549114178
301165,2026-03-31,31808,28833,10.32,25008.0025465292
300515,2026-03-31,15971,17158,-6.92,12883.0066996431
002396,2026-03-31,60188,53855,11.76,9731.09420482488
002137,2026-03-31,49202,48007,2.49,11737.4264054307
603123,2026-03-31,86405,94194,-8.27,9244.10236676118
600203,2026-03-31,106080,132453,-19.91,5590.00831447964
001382,2026-03-31,25798,22756,13.37,15970.230250407
300249,2026-03-31,49102,55145,-10.96,8970.87682782779
300908,2026-03-31,21796,19718,10.54,6698.47678473114
603071,2026-03-31,19794,18488,7.06,28188.0591088208
603077,2026-03-31,275201,201770,36.39,32091.7174283524
600226,2026-03-31,63013,45498,38.5,47202.660149493
002026,2026-03-31,30205,32297,-6.48,14584.7356066876
688146,2026-03-31,15507,15267,1.57,34140.1795963114
603081,2026-03-31,18359,19597,-6.32,23013.1896617463
688660,2026-03-31,37191,37852,-1.75,35850.9693205345
002668,2026-03-31,35989,33534,7.32,30123.4107088277
920454,2026-03-31,6106,6548,-6.75,0.0
600114,2026-03-31,43280,50213,-13.81,14588.3428142329
600782,2026-03-31,48532,44740,8.48,65606.6543517679
688448,2026-03-31,4357,5714,-23.75,16445.3293550608
688027,2026-03-31,28831,27799,3.71,3567.72227810343
688168,2026-03-31,5565,5626,-1.08,13869.7221922731
600888,2026-03-31,75783,67769,11.83,20493.8567884618
688799,2026-03-31,8354,6797,22.91,15719.4158486952
688158,2026-03-31,60605,39319,54.14,7529.16559689794
688469,2026-03-31,128726,128003,0.56,65120.3888258782
688528,2026-03-31,6136,6360,-3.52,27379.4002607562
002788,2026-03-31,69466,78929,-11.99,5592.9049607002
688591,2026-03-31,22243,23374,-4.84,10823.3392977566
300019,2026-03-31,36053,39951,-9.76,10903.8554350539
300743,2026-03-31,12969,12283,5.58,11659.6254915568
600740,2026-03-31,80091,75729,5.76,31990.1256570651
000633,2026-03-31,33404,37807,-11.65,11528.7502394923
002136,2026-03-31,28128,34026,-17.33,7644.3401592719
920111,2026-03-31,6920,7008,-1.26,22421.1705202312
920262,2026-03-31,4024,4671,-13.85,0.0
300435,2026-03-31,39309,27440,43.25,9812.3330534992
601677,2026-03-31,72011,57677,24.85,17268.5232395051
301080,2026-03-31,17594,10495,67.64,9501.97197908378
688612,2026-03-31,9378,8318,12.74,44699.0934101088
688362,2026-03-31,23182,18199,27.38,17707.2940643603
603093,2026-03-31,27226,37585,-27.56,22407.4742158231
300841,2026-03-31,16973,16088,5.5,7656.09491545396
605179,2026-03-31,26141,29456,-11.25,15339.8875329941
300519,2026-03-31,14930,15032,-0.68,10716.6778298727
300354,2026-03-31,16639,17664,-5.8,8313.01165935453
300377,2026-03-31,107110,126868,-15.57,7011.51227709831
605338,2026-03-31,12229,12000,1.91,19590.045138605
600929,2026-03-31,37247,39608,-5.96,44033.4323838161
600309,2026-03-31,226299,178698,26.64,13833.3427279838
688088,2026-03-31,26965,24033,12.2,14877.4485444094
002294,2026-03-31,25382,26428,-3.96,43921.5402647546
688369,2026-03-31,9517,8795,8.21,12106.5536408532
600930,2026-03-31,451285,417137,8.19,92434.4609592608
300158,2026-03-31,51492,50177,2.62,19271.0140604366
600365,2026-03-31,12483,13090,-4.64,36371.8657374029
300018,2026-03-31,25970,24940,4.13,18688.3148247978
300503,2026-03-31,61309,82711,-25.88,5027.4312906751
600941,2026-03-31,200339,195542,2.45,4506.20132375623
002167,2026-03-31,114935,116234,-1.12,6740.09918649672
000683,2026-03-31,65712,68826,-4.52,56562.4476503531
920304,2026-03-31,6092,6386,-4.6,0.0
600143,2026-03-31,338380,347267,-2.56,7786.58912465276
600169,2026-03-31,90638,96898,-6.46,36928.2549261899
002540,2026-03-31,52738,53829,-2.03,23723.7569684099
603281,2026-03-31,15429,17515,-11.91,24196.8587724415
002045,2026-03-31,77712,85764,-9.39,7238.04730286185
000670,2026-03-31,147331,129131,14.09,5733.52013493426
603319,2026-03-31,35496,32591,8.91,9554.58862970476
605020,2026-03-31,30438,28749,5.87,16782.2696300677
002557,2026-03-31,41862,48045,-12.87,12083.8756867804
600510,2026-03-31,23392,23160,1.0,44118.7353368673
002825,2026-03-31,22178,23405,-5.24,15399.7261700785
300258,2026-03-31,34145,38475,-11.25,17134.1995314102
600105,2026-03-31,277695,266548,4.18,5264.75018275446
603889,2026-03-31,12742,13195,-3.43,57303.2053837702
600346,2026-03-31,70491,58270,20.97,99858.1348824673
300694,2026-03-31,18632,20313,-8.28,11650.4066122799
300200,2026-03-31,42613,45449,-6.24,10113.6555980569
002066,2026-03-31,13697,14882,-7.96,17150.2518799737
300224,2026-03-31,71037,70695,0.48,13101.6289680026
600388,2026-03-31,44993,43405,3.66,28227.6419220768
600573,2026-03-31,19909,22730,-12.41,12557.1349640866
600493,2026-03-31,17082,17270,-1.09,15923.1940053858
001333,2026-03-31,9264,10941,-15.33,13816.9257340242
002983,2026-03-31,19798,25373,-21.97,11297.2331548641
600312,2026-03-31,87652,60063,45.93,15480.7797768448
605003,2026-03-31,5350,5896,-9.26,20560.7476635514
002772,2026-03-31,23154,22649,2.23,16184.7859117215
688309,2026-03-31,5242,5110,2.58,15147.1325829836
002490,2026-03-31,81294,69665,16.69,6663.73902132999
002549,2026-03-31,152310,167878,-9.27,4565.34633970192
301469,2026-03-31,8177,9931,-17.66,10942.8885899474
688758,2026-03-31,7073,6700,5.57,58880.8262406334
603897,2026-03-31,24549,23864,2.87,8409.12790745041
300970,2026-03-31,8824,9067,-2.68,13894.9569356301
002735,2026-03-31,69331,64882,6.86,5412.50455063392
000661,2026-03-31,138133,128262,7.7,2953.22282872304
688230,2026-03-31,7898,7754,1.86,14889.8455305141
002967,2026-03-31,30035,30655,-2.02,21217.9108373564
300796,2026-03-31,17585,17238,2.01,20536.9844754052
002991,2026-03-31,10450,11382,-8.19,8920.175215311
002064,2026-03-31,49076,44874,9.36,101119.567548292
603686,2026-03-31,104151,175165,-40.54,3988.73178366026
300546,2026-03-31,30025,36139,-16.92,6215.90977518734
600050,2026-03-31,570569,570802,-0.04,54795.1699566573
002714,2026-03-31,233750,188068,24.29,23370.1457967914
603086,2026-03-31,42606,43278,-1.55,10205.4439046144
603893,2026-03-31,96175,99563,-3.4,4377.38081622043
600792,2026-03-31,47763,45848,4.18,23238.1466825786
688198,2026-03-31,4095,3428,19.46,33638.1277167277
300601,2026-03-31,61919,61262,1.07,18038.5625575348
603605,2026-03-31,73274,85533,-14.33,5404.04520020744
688359,2026-03-31,5406,4988,8.38,18266.0279319275
000975,2026-03-31,65047,68101,-4.48,42687.9374144849
002800,2026-03-31,10565,12165,-13.15,14411.0806436346
002108,2026-03-31,89630,97846,-8.4,18393.3750529956
920249,2026-03-31,10211,10702,-4.59,0.0
300508,2026-03-31,13387,14648,-8.61,8130.74848733846
603406,2026-03-31,19632,25332,-22.5,20375.4074979625
688719,2026-03-31,7745,9223,-16.03,14898.0526791478
300030,2026-03-31,24851,26085,-4.73,12441.644803026
300498,2026-03-31,87415,89406,-2.23,76118.8277755534
002588,2026-03-31,39890,31587,26.29,28876.7104537478
688267,2026-03-31,8597,7596,13.18,20495.521693614
300270,2026-03-31,18204,21677,-16.02,16634.0380136234
600869,2026-03-31,82588,85644,-3.57,26872.58131932
600845,2026-03-31,97830,106444,-8.09,21945.5056526628
300698,2026-03-31,20862,22422,-6.96,6423.16172946026
301629,2026-03-31,12416,11206,10.8,3360.7662693299
603606,2026-03-31,41665,43278,-3.73,16505.8290651626
605001,2026-03-31,21350,21550,-0.93,18402.1545667447
920855,2026-03-31,3782,4029,-6.13,0.0
600638,2026-03-31,27921,29829,-6.4,24117.932237384
300553,2026-03-31,14684,12087,21.49,7560.80686461455
300458,2026-03-31,127446,130935,-2.66,6476.68331685577
600595,2026-03-31,95329,72375,31.72,42042.8737739827
920245,2026-03-31,3836,4386,-12.54,0.0
603380,2026-03-31,13597,17000,-20.02,11799.7499448408
920509,2026-03-31,8229,10669,-22.87,0.0
688619,2026-03-31,8060,7654,5.3,23007.2012406948
688513,2026-03-31,5446,3933,38.47,32415.030481087
600873,2026-03-31,78445,71751,9.33,35747.8698451144
603856,2026-03-31,11706,12294,-4.78,24094.9991457372
300761,2026-03-31,14814,16225,-8.7,56518.8093020116
920541,2026-03-31,5713,5180,10.29,0.0
920237,2026-03-31,5946,6339,-6.2,0.0
688378,2026-03-31,7650,7470,2.41,34173.2240522876
300065,2026-03-31,138353,95340,45.12,5215.20429625668
300858,2026-03-31,19692,16390,20.15,13380.8205362584
688080,2026-03-31,9570,9007,6.25,7696.56551724138
920003,2026-03-31,4362,5014,-13.0,0.0
688276,2026-03-31,11710,11780,-0.59,35325.1578138343
002942,2026-03-31,10456,11002,-4.96,14906.0759372609
300251,2026-03-31,231966,200082,15.94,12646.6311097316
603848,2026-03-31,12710,11358,11.9,31660.6224232888
603618,2026-03-31,90139,58668,53.64,7670.10523746658
300710,2026-03-31,10472,14572,-28.14,9500.60160427807
600925,2026-03-31,86740,88251,-1.71,79419.9779686419
301287,2026-03-31,6481,6726,-3.64,10286.9927480327
603209,2026-03-31,17671,19177,-7.85,18391.7152396582
300232,2026-03-31,40722,40402,0.79,26704.1685329797
301678,2026-03-31,19674,22141,-11.14,12176.2461624479
300888,2026-03-31,31401,29044,8.12,18544.9446832903
300890,2026-03-31,21916,22492,-2.56,5436.50739185983
002069,2026-03-31,34667,38033,-8.85,20512.6545129374
600118,2026-03-31,301014,313911,-4.11,3928.35261815065
002298,2026-03-31,156699,155873,0.53,4723.13735888551
600301,2026-03-31,27913,24641,13.28,22662.1100920718
688285,2026-03-31,8422,7503,12.25,44679.4007361672
603558,2026-03-31,15578,11935,30.52,21994.9960842213
688569,2026-03-31,7688,7067,8.79,27402.0161290323
600282,2026-03-31,59397,56431,5.26,103794.653113794
605086,2026-03-31,8985,8819,1.88,19944.3516972732
300342,2026-03-31,95558,69273,37.94,4447.92809602545
301173,2026-03-31,8458,7638,10.74,10384.8157956964
301008,2026-03-31,19208,14216,35.12,6818.16087047064
300229,2026-03-31,107494,107046,0.42,8127.15995311366
300305,2026-03-31,12186,12911,-5.62,30805.8732972263
301488,2026-03-31,16786,21944,-23.51,5480.75777433576
300466,2026-03-31,27007,29220,-7.57,19829.3001073796
301109,2026-03-31,21388,24589,-13.02,36894.5596596222
300414,2026-03-31,36472,42486,-14.16,8938.89740074578
300501,2026-03-31,14198,12887,10.17,13631.3654740104
002273,2026-03-31,113819,120700,-5.7,12217.9268926981
301052,2026-03-31,20219,23433,-13.72,4894.37355952322
002632,2026-03-31,49725,55505,-10.41,12561.0676721971
300910,2026-03-31,14159,11227,26.12,20900.8600889893
002331,2026-03-31,30369,34542,-12.08,14107.5356119727
301032,2026-03-31,15044,14557,3.35,16028.5429407073
300221,2026-03-31,38543,40743,-5.4,12291.588226137
300387,2026-03-31,20293,16028,26.61,14244.1737544966
300210,2026-03-31,24074,23274,3.44,20113.8137825039
300129,2026-03-31,80364,50192,60.11,13797.8851849087
300876,2026-03-31,8344,7178,16.24,13029.7104506232
688083,2026-03-31,14667,11973,22.5,11566.5266243949
300160,2026-03-31,35066,35959,-2.48,22042.6136998802
300240,2026-03-31,23572,25721,-8.36,15762.89453589
300559,2026-03-31,15139,15242,-0.68,26389.759363234
300580,2026-03-31,40922,42435,-3.57,12275.1273642539
603878,2026-03-31,23464,18815,24.71,23914.8539464712
300234,2026-03-31,20669,21709,-4.79,24344.2396826165
300034,2026-03-31,50465,47105,7.13,15792.3622906965
300552,2026-03-31,29016,32289,-10.14,7345.36503997794
603112,2026-03-31,18141,14190,27.84,29764.6988038146
300265,2026-03-31,83449,54357,53.52,5603.43844743496
300388,2026-03-31,20622,21316,-3.26,33025.0330229852
600562,2026-03-31,47804,43846,9.03,25978.1156388587
920896,2026-03-31,5100,5104,-0.08,0.0
600726,2026-03-31,236517,88261,167.97,31605.9150420477
600664,2026-03-31,93273,95030,-1.85,27001.488919623
300058,2026-03-31,484358,282957,71.18,7412.32977879998
300286,2026-03-31,18190,20143,-9.7,13786.9518966465
000409,2026-03-31,73317,75060,-2.32,9244.11125659806
000708,2026-03-31,34306,34806,-1.44,147121.733253658
603589,2026-03-31,71025,71152,-0.18,8421.25268567406
600771,2026-03-31,65920,64501,2.2,7425.53308555825
688004,2026-03-31,6013,5513,9.07,13319.1418593048
600136,2026-03-31,21733,19042,14.13,93904.4738876363
300148,2026-03-31,46641,45315,2.93,18073.354838018
688636,2026-03-31,14265,15593,-8.52,12191.1254118472
603228,2026-03-31,107025,105619,1.33,9201.75709413688
300358,2026-03-31,30364,35365,-14.14,23550.6711895666
301528,2026-03-31,6421,6948,-7.58,9640.24295281109
688516,2026-03-31,19102,16481,15.9,16507.70291069
300938,2026-03-31,11234,10751,4.49,21674.9464126758
300263,2026-03-31,49454,48350,2.28,20928.6670845634
300259,2026-03-31,33544,36546,-8.21,34873.6440496065
301301,2026-03-31,47450,49053,-3.27,46998.6301369863
300115,2026-03-31,166644,187969,-11.34,8169.10229591224
603309,2026-03-31,16397,20238,-18.98,17800.293834238
603216,2026-03-31,10534,12478,-15.58,21140.1177140687
688578,2026-03-31,20285,15699,29.21,22183.8797140744
688778,2026-03-31,17779,19342,-8.08,28386.921817875
688702,2026-03-31,14207,10649,33.41,28859.0131625255
600276,2026-03-31,458309,449644,1.93,13918.5620923874
603248,2026-03-31,44514,51768,-14.01,10333.8275598688
600366,2026-03-31,131981,144371,-8.58,8327.26718997431
603060,2026-03-31,20666,21809,-5.24,38902.5930997774
601965,2026-03-31,24435,22808,7.13,41049.9237569061
688169,2026-03-31,23957,21642,10.7,10815.4763952081
301192,2026-03-31,6387,5851,9.16,0.0
301228,2026-03-31,5732,6482,-11.57,20935.1011863224
300620,2026-03-31,62321,79912,-22.01,3998.33996566166
600287,2026-03-31,18977,19285,-1.6,23017.1298940823
300326,2026-03-31,29393,31517,-6.74,24393.9945565271
301595,2026-03-31,5722,6665,-14.15,18923.4533379937
300767,2026-03-31,19136,20570,-6.97,14438.285326087
603028,2026-03-31,16647,24948,-33.27,17242.7464408001
300852,2026-03-31,21160,24528,-13.73,7586.06639886578
301237,2026-03-31,6141,6314,-2.74,13027.1942680345
600483,2026-03-31,38592,37071,4.1,72039.2257462686
002217,2026-03-31,251078,240274,4.5,29789.1449191088
003022,2026-03-31,56025,56201,-0.31,23838.7862561357
300112,2026-03-31,18688,19361,-3.48,15530.0671018836
300140,2026-03-31,33187,24814,33.74,93381.957272426
300048,2026-03-31,37767,35798,5.5,29875.2179680674
688670,2026-03-31,6395,6950,-7.99,19265.0508209539
920950,2026-03-31,3975,4202,-5.4,0.0
002233,2026-03-31,31846,31687,0.5,36869.638510331
001328,2026-03-31,9864,9867,-0.03,17454.7648012976
688046,2026-03-31,9140,7611,20.09,44857.7680525164
600415,2026-03-31,178993,152241,17.57,30635.607124301
603659,2026-03-31,141758,102752,37.96,15070.7478660816
688639,2026-03-31,12837,14872,-13.68,19483.9676715744
603585,2026-03-31,15992,13221,20.96,11686.7216108054
601208,2026-03-31,88006,83661,5.19,11478.5689952958
603330,2026-03-31,16182,16020,1.01,26737.958781362
603277,2026-03-31,10045,8696,15.51,61095.0029865605
603477,2026-03-31,39177,43817,-10.59,13019.6393547234
300355,2026-03-31,73864,78192,-5.54,21718.8627883678
603171,2026-03-31,18139,17520,3.53,22401.7310766856
603737,2026-03-31,11875,12470,-4.77,62131.9977263158
300507,2026-03-31,34622,40997,-15.55,23125.3800184854
300470,2026-03-31,18675,18423,1.37,11135.8359839357
300046,2026-03-31,58833,60182,-2.24,4020.38602485
300697,2026-03-31,29663,33327,-10.99,14585.1734484037
002056,2026-03-31,93451,83351,12.12,17407.1125402617
000989,2026-03-31,57668,58088,-0.72,14842.5818824998
002463,2026-03-31,240937,173495,38.87,7986.99882956956
301129,2026-03-31,11939,10415,14.63,11382.645112656
688063,2026-03-31,32008,27408,16.78,7665.5601412147
300673,2026-03-31,16797,16043,4.7,14723.215752813
301163,2026-03-31,7932,7403,7.15,10287.4432677761
603658,2026-03-31,37442,37343,0.27,15261.5984188879
300310,2026-03-31,54268,53772,0.92,16246.3796528341
300416,2026-03-31,45450,45407,0.09,11189.1706490649
603883,2026-03-31,64179,63807,0.58,11824.5880428177
600022,2026-03-31,200842,193287,3.91,53269.9811493612
300545,2026-03-31,24839,25575,-2.88,7466.53955473248
301339,2026-03-31,19064,19110,-0.24,30441.3197650021
688255,2026-03-31,8141,6987,16.52,13494.5178724972
603087,2026-03-31,81965,86686,-5.45,7287.31737936924
603901,2026-03-31,25316,22248,13.79,20701.7662742929
600319,2026-03-31,18608,16762,11.01,20835.6289767842
600511,2026-03-31,47789,50426,-5.23,15788.2148193099
300456,2026-03-31,141874,161665,-12.24,5161.01000888112
002281,2026-03-31,182603,129001,41.55,4417.64785901656
300471,2026-03-31,31734,31957,-0.7,14815.6151446398
002812,2026-03-31,122165,111670,9.4,8039.38850734662
600559,2026-03-31,172414,178709,-3.52,5305.52880856543
688327,2026-03-31,46860,47984,-2.34,22162.7938540333
300306,2026-03-31,15246,15714,-2.98,17641.2683982684
688017,2026-03-31,37647,35440,6.23,4869.71405424071
300607,2026-03-31,62993,64975,-3.05,7571.83198133126
002293,2026-03-31,22590,24298,-7.03,36912.0177512174
300631,2026-03-31,22091,22524,-1.92,5660.37861572586
301101,2026-03-31,19539,21120,-7.49,10313.3271917703
300126,2026-03-31,14483,15015,-3.54,20987.1987847822
300324,2026-03-31,113170,122946,-7.95,15265.4466289653
300482,2026-03-31,41957,40641,3.24,11156.3243797221
300179,2026-03-31,44211,45701,-3.26,10986.4949899346
600116,2026-03-31,59250,61012,-2.89,32272.4540759494
600640,2026-03-31,33309,32036,3.97,23888.31667117
600186,2026-03-31,152061,138027,10.17,11789.7727951283
601825,2026-03-31,63047,64600,-2.4,152972.297571653
603529,2026-03-31,49217,37828,30.11,17634.0082085458
600236,2026-03-31,52150,35086,48.63,151148.184122723
600110,2026-03-31,203862,171252,19.04,8511.54669335139
688045,2026-03-31,7253,7031,3.16,9628.81828209017
301491,2026-03-31,14207,20046,-29.13,9080.03097064827
600863,2026-03-31,123602,125613,-1.6,63390.4755586479
600182,2026-03-31,19755,19282,2.45,17210.8327005821
600307,2026-03-31,215728,181601,18.79,29033.5859230142
600928,2026-03-31,51429,51708,-0.54,86419.0329386144
603939,2026-03-31,18427,25064,-26.48,65794.3415097411
603408,2026-03-31,13193,13471,-2.06,33925.0360039415
300733,2026-03-31,23570,22491,4.8,12968.8705982181
301188,2026-03-31,14939,16190,-7.73,17908.6026507798
600594,2026-03-31,45929,48843,-5.97,17242.4263537199
600106,2026-03-31,50710,52617,-3.62,26208.3427726287
600661,2026-03-31,21273,22700,-6.29,13470.0714520754
300569,2026-03-31,51547,43580,18.28,19840.500087299
300800,2026-03-31,11044,10980,0.58,21437.7942774357
688689,2026-03-31,8502,8692,-2.19,15161.5971536109
688389,2026-03-31,11295,10814,4.45,37935.8769366977
688349,2026-03-31,15396,10910,41.12,79657.3275526111
300906,2026-03-31,9081,9863,-7.93,8809.60246668869
300328,2026-03-31,44765,47765,-6.28,15423.2905171451
688055,2026-03-31,21643,19652,10.13,154014.388023841
603390,2026-03-31,24557,30318,-19.0,14319.8266889278
603938,2026-03-31,36182,34925,3.6,10574.995771378
601101,2026-03-31,33247,33128,0.36,43312.1161608566
301360,2026-03-31,7681,7275,5.58,6944.40828017185
002383,2026-03-31,85892,94580,-9.19,8619.66545196293
603193,2026-03-31,24101,23624,2.02,16787.4077424173
603299,2026-03-31,27379,29972,-8.65,34883.2538076628
688367,2026-03-31,3590,3755,-4.39,24407.9665738162
301632,2026-03-31,21160,27553,-23.2,19780.7183364839
920261,2026-03-31,6304,6435,-2.04,0.0
603590,2026-03-31,15241,11755,29.66,10433.0737484417
601595,2026-03-31,40553,40792,-0.59,11052.2032895224
000088,2026-03-31,62617,67445,-7.16,83036.2896018653
301138,2026-03-31,12549,12378,1.38,9562.5149414296
601838,2026-03-31,62228,70222,-11.38,68111.3864498297
300558,2026-03-31,40316,36958,9.09,10435.9024456791
600233,2026-03-31,25754,32320,-20.32,132900.024772851
603198,2026-03-31,47157,49230,-4.21,16964.6075874207
002165,2026-03-31,173468,113050,53.44,4238.6482636567
002979,2026-03-31,43974,45488,-3.33,7166.12170828217
600201,2026-03-31,44780,43303,3.41,24826.8831174632
688105,2026-03-31,8985,8987,-0.02,44266.5046188091
688620,2026-03-31,17721,19116,-7.3,22120.6478189718
603773,2026-03-31,29195,23660,23.39,7697.77814694297
300532,2026-03-31,27390,24082,13.74,16576.4434465133
300487,2026-03-31,13142,14691,-10.54,38741.0800486988
300033,2026-03-31,98651,90881,8.55,5449.51394309231
002926,2026-03-31,80536,81349,-1.0,32594.1194000199
300003,2026-03-31,108751,85352,27.41,16950.8760011402
601665,2026-03-31,48139,50104,-3.92,127834.864143418
300061,2026-03-31,47205,49978,-5.55,13960.2516047029
000862,2026-03-31,76157,50147,51.87,12053.4513701958
688381,2026-03-31,14976,16012,-6.47,16526.4423076923
603601,2026-03-31,219417,194131,13.03,5206.255536262
688050,2026-03-31,17097,18188,-6.0,11312.1117739954
688581,2026-03-31,6191,6313,-1.93,13103.2271038604
603786,2026-03-31,18384,12342,48.95,21967.8361618799
603275,2026-03-31,13261,16498,-19.62,11218.7505467159
300452,2026-03-31,18353,16994,8.0,12774.7040810767
000558,2026-03-31,106529,122032,-12.7,12102.0937866684
300895,2026-03-31,32802,23051,42.3,4292.44122309615
603826,2026-03-31,19064,22087,-13.69,34368.4431389006
600059,2026-03-31,52742,54259,-2.8,17283.0460164575
300205,2026-03-31,10833,12495,-13.3,39698.6984214899
688089,2026-03-31,10709,8291,29.16,15716.6047249977
688120,2026-03-31,15265,19779,-22.82,23167.5067802162
300691,2026-03-31,20695,20853,-0.76,13000.6651848273
002251,2026-03-31,135873,162136,-16.2,19788.3294620712
300811,2026-03-31,24866,22906,8.56,11658.0149601866
300364,2026-03-31,131408,115160,14.11,5543.80340618532
600744,2026-03-31,252438,182484,38.33,8046.03219008232
001314,2026-03-31,23366,24831,-5.9,6104.3396387914
603626,2026-03-31,46349,69700,-33.5,11971.7726380289
600926,2026-03-31,52582,65535,-19.77,137860.913392416
601009,2026-03-31,70668,69854,1.17,174952.839262467
920271,2026-03-31,4248,4353,-2.41,0.0
601311,2026-03-31,67678,69035,-1.97,17334.2314784716
601798,2026-03-31,24081,24783,-2.83,14722.3204185873
600268,2026-03-31,102061,72561,40.66,9953.56480928072
688262,2026-03-31,24715,26210,-5.7,13594.9792838357
600235,2026-03-31,17614,17090,3.07,19944.362438969
603308,2026-03-31,56475,37729,49.69,12023.7415139442
603444,2026-03-31,28215,25244,11.77,2553.29083820663
603967,2026-03-31,15421,15907,-3.06,22480.1705466572
301373,2026-03-31,12463,10105,23.33,8703.52972799486
300579,2026-03-31,23602,24681,-4.37,11439.7084992797
301393,2026-03-31,8787,8365,5.04,12290.8842608399
300055,2026-03-31,30094,32683,-7.92,27804.5326643185
688060,2026-03-31,5283,5186,1.87,11393.285633163
603016,2026-03-31,16596,11695,41.91,8927.45239816823
688059,2026-03-31,7783,6270,24.13,12846.8158807658
300105,2026-03-31,22345,22382,-0.17,23084.1091966883
301552,2026-03-31,7913,7624,3.79,12030.8353342601
600987,2026-03-31,20304,18461,9.98,50276.7372438928
300943,2026-03-31,19895,19828,0.34,10244.7851218899
603999,2026-03-31,27291,30183,-9.58,21105.8590744201
603811,2026-03-31,23965,24585,-2.52,13657.5973294388
002484,2026-03-31,48024,47600,0.89,17710.3935740463
002481,2026-03-31,51876,51607,0.52,23781.642763513
301266,2026-03-31,11251,10369,8.51,9775.12834414719
300784,2026-03-31,7989,7957,0.4,7039.3791463262
002122,2026-03-31,102414,117264,-12.66,19543.2321264671
300848,2026-03-31,17842,22739,-21.54,23982.0438852147
300707,2026-03-31,19736,19069,3.5,8945.13366436968
603097,2026-03-31,14913,14121,5.61,11075.1624086368
601519,2026-03-31,145076,150604,-3.67,13711.1582894483
300990,2026-03-31,18804,21095,-10.86,9071.42895128696
301419,2026-03-31,15640,12076,29.51,7672.63427109974
300517,2026-03-31,9493,9198,3.21,21111.737806805
301299,2026-03-31,10600,12027,-11.86,5696.27924528302
002393,2026-03-31,26060,21774,19.68,9884.37617037606
301088,2026-03-31,15399,16440,-6.33,14799.6623157348
000717,2026-03-31,88751,89042,-0.33,27310.6284999606
300922,2026-03-31,20731,18802,10.26,7658.21040953162
301160,2026-03-31,10420,10352,0.66,10897.8712092131
300025,2026-03-31,21585,22658,-4.74,23571.597034978
300196,2026-03-31,26237,21973,19.41,15577.9363494302
300339,2026-03-31,198347,212875,-6.82,4015.24016496342
301505,2026-03-31,9682,9417,2.81,11815.7396199132
600710,2026-03-31,33063,32713,1.07,39523.0146689653
301170,2026-03-31,8417,8810,-4.46,11880.7175953428
300563,2026-03-31,32791,38493,-14.81,5554.46695739685
301507,2026-03-31,19932,21397,-6.85,17888.5375275938
002116,2026-03-31,23267,25602,-9.12,20019.5147204195
920580,2026-03-31,5438,5930,-8.3,0.0
301359,2026-03-31,7596,8319,-8.69,15820.9583991574
600397,2026-03-31,81637,44649,82.84,12126.3628256795
300443,2026-03-31,33120,30157,9.83,9665.89969806763
300283,2026-03-31,21949,22842,-3.91,22642.4084012939
600499,2026-03-31,50966,55732,-8.55,37630.1140171879
600989,2026-03-31,162125,105685,53.4,45232.7525057826
600216,2026-03-31,51827,61532,-15.77,18554.7639261389
300267,2026-03-31,52656,47113,11.77,39171.317038894
002322,2026-03-31,24981,24540,1.8,14632.2393018694
605116,2026-03-31,15779,9373,68.35,25742.0136890804
300011,2026-03-31,27689,24880,11.29,21869.890100762
301328,2026-03-31,7618,10254,-25.71,14425.5177211867
001230,2026-03-31,11310,13021,-13.14,11867.9095490716
001217,2026-03-31,21599,25970,-16.83,15365.0631973702
300688,2026-03-31,24593,29572,-16.84,6805.97991298337
300370,2026-03-31,47161,48591,-2.94,33192.176268527
300239,2026-03-31,20913,20274,3.15,28384.6379285612
300434,2026-03-31,23911,24418,-2.08,16801.6340596378
002407,2026-03-31,254786,295701,-13.84,4672.28406976835
002177,2026-03-31,121273,146460,-17.2,6276.67571512208
688249,2026-03-31,61891,60240,2.74,32437.5385274111
603676,2026-03-31,15688,15588,0.64,27738.494390617
300479,2026-03-31,25311,24782,2.13,7784.79179013077
301559,2026-03-31,26308,26438,-0.49,22806.7507982363
920914,2026-03-31,7803,8337,-6.41,0.0
688112,2026-03-31,6048,6478,-6.64,26388.3735119048
688109,2026-03-31,4484,5917,-24.22,17583.0285459411
603456,2026-03-31,59705,57068,4.62,14897.3457499372
603298,2026-03-31,19681,19194,2.54,66552.108581881
688602,2026-03-31,13785,14447,-4.58,37676.8226332971
603236,2026-03-31,50676,45781,10.69,5679.67911832031
688676,2026-03-31,39860,34064,17.02,11534.9815353738
002160,2026-03-31,109294,75029,45.67,9449.56875034311
603956,2026-03-31,35459,40722,-12.92,16072.2605262416
603303,2026-03-31,9553,12125,-21.21,49926.1567047001
600966,2026-03-31,41508,45954,-9.67,32206.9068131445
600983,2026-03-31,14153,15729,-10.02,54153.8189783085
603948,2026-03-31,12244,15697,-22.0,13270.9218392682
603173,2026-03-31,13143,13842,-5.05,12173.7807197748
920974,2026-03-31,4666,4572,2.06,0.0
605598,2026-03-31,23767,21671,9.67,10224.967770438
600901,2026-03-31,49409,48956,0.93,117222.903337449
603238,2026-03-31,10437,10155,2.78,17007.6650378461
605090,2026-03-31,54843,57487,-4.6,12863.7689768977
688308,2026-03-31,14162,8536,65.91,11211.8138680977
600874,2026-03-31,51924,51425,0.97,23696.5196248363
603960,2026-03-31,36656,38042,-3.64,7152.93267132257
603233,2026-03-31,25410,28116,-9.62,44818.8928374656
000795,2026-03-31,98807,96636,2.25,11473.722539901
300826,2026-03-31,9648,10362,-6.89,18276.8136401327
603202,2026-03-31,18952,20983,-9.68,8442.38075137189
300207,2026-03-31,157471,126725,24.26,11732.0804846607
301116,2026-03-31,12447,13197,-5.68,36071.3097935245
605369,2026-03-31,11340,11027,2.84,19443.8226631393
300097,2026-03-31,15618,15279,2.22,18475.4558202074
300920,2026-03-31,6908,7224,-4.37,14475.9698899826
301277,2026-03-31,17136,16620,3.1,22880.3921568627
301178,2026-03-31,9312,9024,3.19,7179.20962199313
603122,2026-03-31,87548,75003,16.73,4546.67877050304
300043,2026-03-31,66720,70944,-5.95,18648.0575689448
002229,2026-03-31,121932,134483,-9.33,4069.41154085884
301446,2026-03-31,6013,7719,-22.1,17295.8589722268
301628,2026-03-31,15143,15264,-0.79,4977.60021131876
000915,2026-03-31,26162,23768,10.07,8956.94079198838
300390,2026-03-31,48449,57835,-16.23,17146.9130013003
002033,2026-03-31,34730,33217,4.55,15821.7883961992
301167,2026-03-31,9938,9300,6.86,11269.8732139263
688416,2026-03-31,10994,11373,-3.33,7550.089958159
000807,2026-03-31,127827,129753,-1.48,27130.0852323844
603066,2026-03-31,18237,18056,1.0,16130.9466469266
920363,2026-03-31,5401,5874,-8.05,0.0
000516,2026-03-31,139415,101951,36.75,16059.2242800273
002718,2026-03-31,5873,5406,8.64,22041.1764004768
688157,2026-03-31,4042,4880,-17.17,38701.4052449283
600791,2026-03-31,15392,15603,-1.35,29423.0769230769
300541,2026-03-31,44749,50063,-10.61,9610.14753402311
300107,2026-03-31,33531,32961,1.73,16783.9392800692
688111,2026-03-31,45543,45905,-0.79,10174.3873043058
600662,2026-03-31,55837,48159,15.94,40895.0583842255
300335,2026-03-31,37093,23584,57.28,12859.9031623217
600733,2026-03-31,210455,241354,-12.8,30254.2299398921
002213,2026-03-31,62638,71614,-12.53,3791.38733676043
002937,2026-03-31,12472,13626,-8.47,23875.7776619628
301148,2026-03-31,6752,8788,-23.17,17253.7144549763
603153,2026-03-31,16874,17058,-1.08,24289.50491881
688058,2026-03-31,5449,5401,0.89,13917.5158744724
301307,2026-03-31,13501,14668,-7.96,15598.8445300348
688609,2026-03-31,17840,19464,-8.34,28026.9058295964
605088,2026-03-31,14289,16685,-14.36,14187.5605710687
300191,2026-03-31,23331,17158,35.98,13715.6572800137
603617,2026-03-31,21879,22571,-3.07,17816.6889254536
301096,2026-03-31,11216,11110,0.95,9738.61305278174
300499,2026-03-31,60539,65205,-7.16,5042.18047869968
301281,2026-03-31,8878,10618,-16.39,12197.567019599
300756,2026-03-31,9666,7713,25.32,16304.3840264846
688551,2026-03-31,7289,5610,29.93,11533.9153519001
600667,2026-03-31,178193,153627,15.99,11737.5103286886
000513,2026-03-31,59444,58201,2.14,9893.34590538994
300242,2026-03-31,31887,29875,6.73,19900.123059554
300020,2026-03-31,26296,27534,-4.5,30220.4888195923
300408,2026-03-31,38909,36476,6.67,49255.8886375903
300570,2026-03-31,83044,64794,28.17,2735.01838784259
300215,2026-03-31,39259,32083,22.37,19080.8269950839
920086,2026-03-31,7435,193,3752.33,11254.8755884331
300621,2026-03-31,11929,11479,3.92,17441.252410093
301232,2026-03-31,22123,12688,74.36,3397.47534240383
002186,2026-03-31,31602,33283,-5.05,9712.09379153218
600293,2026-03-31,52263,43012,21.51,22198.2099381972
002550,2026-03-31,74524,72756,2.43,17172.9912511406
003036,2026-03-31,21755,13774,57.94,9941.80813606068
001319,2026-03-31,15998,18344,-12.79,8838.6048256032
603301,2026-03-31,11657,14466,-19.42,22804.7984043922
920873,2026-03-31,7420,8629,-14.01,0.0
600566,2026-03-31,32642,36778,-11.25,28235.4714784633
300678,2026-03-31,47936,49624,-3.4,6182.95838200934
000721,2026-03-31,85766,88000,-2.54,6691.62964344845
301550,2026-03-31,21676,21356,1.5,10669.6346189334
002916,2026-03-31,67900,54331,24.97,10031.9086156112
920856,2026-03-31,5083,5488,-7.38,0.0
300932,2026-03-31,20094,18180,10.53,15930.3273614014
603121,2026-03-31,18318,17029,7.57,18480.9321432471
300332,2026-03-31,46941,28458,64.95,18432.2044907437
300444,2026-03-31,86792,60555,43.33,9201.59795833718
001360,2026-03-31,14153,14885,-4.92,14413.905179114
600549,2026-03-31,161907,96406,67.94,9805.54161339534
301107,2026-03-31,7480,8340,-10.31,13577.9973262032
300075,2026-03-31,62078,65187,-4.77,10005.6406134218
300886,2026-03-31,9125,9913,-7.95,8197.04109589041
688156,2026-03-31,4517,4135,9.24,22296.6918308612
300211,2026-03-31,9081,11048,-17.8,33468.7504680101
300836,2026-03-31,6964,6902,0.9,13309.2489948306
688380,2026-03-31,30944,34545,-10.42,12938.3725439504
301212,2026-03-31,7811,7133,9.51,13826.6547177058
301630,2026-03-31,8643,8241,4.88,4628.02267731112
300357,2026-03-31,35569,29116,22.16,14720.2339115522
301536,2026-03-31,25743,26156,-1.58,16381.7438526978
300695,2026-03-31,9838,9700,1.42,10394.0764383005
600769,2026-03-31,21530,20428,5.39,17416.4979098932
920351,2026-03-31,6221,6592,-5.63,0.0
600927,2026-03-31,32430,36207,-10.43,44882.9958680234
000601,2026-03-31,118727,98656,20.34,8964.62745626521
600880,2026-03-31,61054,52519,16.25,17907.6242670423
002211,2026-03-31,21639,23398,-7.52,19985.9410786081
002075,2026-03-31,71120,66776,6.51,30846.8144685039
300929,2026-03-31,8517,8163,4.34,15514.0255958671
300455,2026-03-31,61284,63383,-3.31,11712.1587363749
300083,2026-03-31,94816,96102,-1.34,17558.8781323827
301027,2026-03-31,10370,10191,1.76,14175.506268081
300689,2026-03-31,11018,10066,9.46,10491.922308949
002032,2026-03-31,24374,23894,2.01,32891.1726840076
000950,2026-03-31,52072,56291,-7.49,33188.3679520664
603365,2026-03-31,6815,7295,-6.58,38517.4321349963
600335,2026-03-31,35220,36575,-3.7,42469.8663259512
603111,2026-03-31,26812,25810,3.88,32150.9276443384
603297,2026-03-31,11490,16312,-29.56,9655.06527415144
688787,2026-03-31,11651,11279,3.3,5177.68260235173
600536,2026-03-31,150199,153180,-1.95,6216.99601195747
300925,2026-03-31,47089,50135,-6.08,9104.22699568902
688582,2026-03-31,22857,24834,-7.96,17576.1935512097
301071,2026-03-31,33217,34511,-3.75,7835.51533853147
300726,2026-03-31,30600,35060,-12.72,13458.8184640523
603012,2026-03-31,28904,30090,-3.94,22367.146415721
603515,2026-03-31,12094,12642,-4.33,61452.6169174797
603139,2026-03-31,7657,8900,-13.97,13044.2732140525
600333,2026-03-31,47372,47046,0.69,12856.3430718568
688301,2026-03-31,10020,8610,16.38,21102.7100798403
002014,2026-03-31,19832,19464,1.89,30884.0190601049
000751,2026-03-31,212498,135398,56.94,7603.03906389707
002351,2026-03-31,70947,71708,-1.06,12531.9886675969
002673,2026-03-31,166850,176247,-5.33,26788.0234042553
300804,2026-03-31,7531,8742,-13.85,9826.05231708936
300494,2026-03-31,46777,48211,-2.97,10486.1379737905
300395,2026-03-31,90818,68145,33.27,5750.70661102425
301575,2026-03-31,8926,15970,-44.11,9709.83643289267
000815,2026-03-31,132923,75753,75.47,5230.56984118625
601860,2026-03-31,60662,62491,-2.93,60350.8885298869
000701,2026-03-31,45373,50234,-9.68,14729.3127190179
601566,2026-03-31,35858,49446,-27.48,16025.3541748006
688781,2026-03-31,23189,48992,-52.67,43123.8949501919
601128,2026-03-31,45013,49186,-8.48,73679.1926110235
001388,2026-03-31,17071,22640,-24.6,9138.30472731533
300589,2026-03-31,45946,49757,-7.66,8219.82318373743
688338,2026-03-31,6726,6711,0.22,15780.9099018733
300077,2026-03-31,118800,124353,-4.47,4908.47390572391
600546,2026-03-31,57266,63709,-10.11,34618.3798414417
301117,2026-03-31,24546,28581,-14.12,5262.30831907439
300565,2026-03-31,32079,29609,8.34,7784.05224601764
300422,2026-03-31,17872,19117,-6.51,29872.4479073411
300475,2026-03-31,122051,113566,7.47,3808.94680912078
000963,2026-03-31,84304,66656,26.48,20802.5342569748
688626,2026-03-31,13705,9933,37.97,11674.5713243342
600123,2026-03-31,61882,65177,-5.06,23807.2463882874
000906,2026-03-31,25680,27260,-5.8,27634.8589953271
300659,2026-03-31,24370,25969,-6.16,10684.9560114895
920047,2026-03-31,6905,7594,-9.07,0.0
002478,2026-03-31,40962,31601,29.62,21991.216932767
688259,2026-03-31,10335,10120,2.12,10807.9342041606
605333,2026-03-31,20073,17381,15.49,23117.640910676
300928,2026-03-31,9367,9505,-1.45,8540.62133020177
600202,2026-03-31,22469,21934,2.44,17060.8692865726
600429,2026-03-31,36457,52465,-30.51,41201.6640151411
300150,2026-03-31,29170,30070,-2.99,20058.4865615358
300845,2026-03-31,14309,15759,-9.2,14371.4515339996
688269,2026-03-31,6446,5767,11.77,20276.7607818802
301093,2026-03-31,8632,9576,-9.86,19022.4309545876
301314,2026-03-31,7072,6790,4.15,7812.5
000089,2026-03-31,53780,56795,-5.31,38132.5680364448
688517,2026-03-31,7424,7931,-6.39,18401.5603448276
002482,2026-03-31,47037,50840,-7.48,79744.9319259306
688617,2026-03-31,6525,6030,8.21,21613.8006130268
000833,2026-03-31,65164,70630,-7.74,12308.6707537904
603616,2026-03-31,37920,39032,-2.85,10319.5675105485
600109,2026-03-31,122542,126298,-2.97,30237.5096701539
920069,2026-03-31,5111,26,19557.69,0.0
920046,2026-03-31,8427,5408,55.82,0.0
002835,2026-03-31,20392,21021,-2.99,10763.727491173
002020,2026-03-31,31813,22558,41.03,27065.323609845
300024,2026-03-31,177921,183629,-3.11,8799.52310295018
001203,2026-03-31,39304,39748,-1.12,39005.7102330552
688117,2026-03-31,10014,8423,18.89,15716.5945676054
603041,2026-03-31,11202,11904,-5.9,16349.5529369755
301120,2026-03-31,39053,35287,10.67,9511.20413284511
300827,2026-03-31,91108,68370,33.26,6110.23816788866
603199,2026-03-31,11337,11052,2.58,9762.72382464497
301270,2026-03-31,12909,10848,19.0,7746.53342629173
688228,2026-03-31,12092,11809,2.4,5586.40092623222
688011,2026-03-31,5352,6209,-13.8,18684.6038863976
603203,2026-03-31,14763,15403,-4.16,17182.2202804308
688125,2026-03-31,3563,3802,-6.29,23049.7771540836
603205,2026-03-31,14887,16566,-10.14,10478.941358232
603353,2026-03-31,21088,13168,60.15,8151.83990895296
002472,2026-03-31,99004,83599,18.43,8584.58185527858
300702,2026-03-31,14955,14367,4.09,23268.2821130057
301100,2026-03-31,11852,11110,6.68,16874.7890651367
603992,2026-03-31,13320,9484,40.45,33261.3978978979
000958,2026-03-31,96764,101306,-4.48,179541.241856476
300502,2026-03-31,155489,139475,11.48,6392.7950658889
688151,2026-03-31,17562,17904,-1.91,19616.2168317959
300331,2026-03-31,24315,34507,-29.54,10679.0987456303
301091,2026-03-31,31133,32831,-5.17,16936.3697684129
301106,2026-03-31,7857,8062,-2.54,12996.6698485427
002429,2026-03-31,137924,90841,51.83,32821.9933224094
688466,2026-03-31,5691,5265,8.09,21464.4442101564
601229,2026-03-31,92300,96303,-4.16,153943.855514626
603006,2026-03-31,12749,13854,-7.98,19943.0739665856
001339,2026-03-31,28749,42567,-32.46,8775.10049045184
300677,2026-03-31,38118,42723,-10.78,17177.0098903405
301037,2026-03-31,6036,6618,-8.79,23033.7451954937
600777,2026-03-31,45654,46117,-1.0,148957.283589609
300976,2026-03-31,15146,14863,1.9,8854.10114881817
002953,2026-03-31,42194,37067,13.83,11650.4632886192
920078,2026-03-31,6848,15,45553.33,17523.3644859813
300791,2026-03-31,12719,10566,20.38,24187.016510732
688621,2026-03-31,7988,7159,11.58,14021.031547321
002127,2026-03-31,89515,92476,-3.2,27424.1233647992
920012,2026-03-31,238,238,0.0,0.0
600981,2026-03-31,48913,55619,-12.06,45845.341565637
002799,2026-03-31,19450,21570,-9.83,16454.498714653
300619,2026-03-31,23223,25165,-7.72,7492.55729233949
000812,2026-03-31,67031,71462,-6.2,11467.7181304173
300166,2026-03-31,70186,74971,-6.38,16224.6850938934
301248,2026-03-31,16602,17380,-4.48,9258.22190097579
300015,2026-03-31,344196,337946,1.85,27093.2743843624
600889,2026-03-31,24938,29500,-15.46,22376.2097602053
300295,2026-03-31,21155,24637,-14.13,8963.06849444576
920090,2026-03-31,8989,10057,-10.62,0.0
002977,2026-03-31,22068,27479,-19.69,5443.1756389342
600126,2026-03-31,164725,178577,-7.76,20501.9825952345
605183,2026-03-31,13446,13865,-3.02,30929.8784024989
688419,2026-03-31,5746,5827,-1.39,19935.897841977
002254,2026-03-31,40123,41505,-3.33,21360.745283254
603095,2026-03-31,11031,13415,-17.77,23413.0359894842
601608,2026-03-31,117077,120728,-3.02,39115.7395303945
600062,2026-03-31,54972,54633,0.62,18892.9366040894
920663,2026-03-31,4820,5175,-6.86,0.0
000822,2026-03-31,61808,57078,8.29,14481.813454569
000931,2026-03-31,66078,66525,-0.67,11397.5450528164
002324,2026-03-31,74800,34600,116.18,14870.8054545455
002080,2026-03-31,102905,88616,16.12,16307.5028812983
000532,2026-03-31,38537,42625,-9.59,8944.86701092457
002461,2026-03-31,32676,32511,0.51,67735.6004406904
300993,2026-03-31,17175,20165,-14.83,17940.6812227074
300193,2026-03-31,26950,27695,-2.69,17671.606864564
603037,2026-03-31,19414,17551,10.61,13748.9080045328
603656,2026-03-31,13366,13685,-2.33,13687.3677988927
001696,2026-03-31,185574,158645,16.97,6170.19043616024
603677,2026-03-31,13423,13445,-0.16,14348.5707367951
002392,2026-03-31,43108,45264,-4.76,27616.4711654449
603767,2026-03-31,38058,49919,-23.76,8109.50391507699
600721,2026-03-31,39928,37951,5.21,9631.02672310158
603312,2026-03-31,15195,15272,-0.5,10529.74662718
603790,2026-03-31,7530,6866,9.67,25413.0146082337
688657,2026-03-31,6882,7041,-2.26,9519.65823888404
688600,2026-03-31,5199,5298,-1.87,25910.461627236
000698,2026-03-31,36664,37164,-1.35,22352.0181922322
001965,2026-03-31,42719,44232,-3.42,159064.935789695
000802,2026-03-31,56657,61063,-7.22,12635.6894117232
000816,2026-03-31,123504,116538,5.98,11716.3275521441
002982,2026-03-31,19816,20264,-2.21,10254.0354763827
600241,2026-03-31,17166,15727,9.15,17144.4783292555
688377,2026-03-31,5668,5220,8.58,34340.63549753
603688,2026-03-31,55648,56884,-2.17,9734.01180635423
605208,2026-03-31,17747,20140,-11.88,18591.311207528
600446,2026-03-31,79575,84914,-6.29,11828.6833678919
600615,2026-03-31,12443,13927,-10.66,18132.653700876
000514,2026-03-31,45420,50739,-10.48,18577.0798106561
300073,2026-03-31,81051,81969,-1.12,6715.44666938101
002158,2026-03-31,30201,33493,-9.83,17705.5110426807
301162,2026-03-31,8740,7395,18.19,15169.7624713959
601089,2026-03-31,18753,18794,-0.22,25595.9046552552
600644,2026-03-31,92059,81834,12.49,6282.06713086173
600750,2026-03-31,30659,30360,0.98,20731.7032192831
600380,2026-03-31,76018,78525,-3.19,24066.0552237628
603817,2026-03-31,31479,41962,-24.98,18109.9793195464
000823,2026-03-31,53985,56170,-3.89,9947.23704732796
603682,2026-03-31,14835,17212,-13.81,31850.353892821
002676,2026-03-31,38764,44016,-11.93,18573.9345784749
600529,2026-03-31,79427,80605,-1.46,8355.01923779068
600273,2026-03-31,33907,39187,-13.47,40017.6813637302
600535,2026-03-31,70931,70236,0.99,21062.018088001
000821,2026-03-31,62868,85265,-26.27,9907.66014506585
601567,2026-03-31,35951,41431,-13.23,39086.7959166644
600917,2026-03-31,38847,31735,22.41,40184.3066388653
688788,2026-03-31,8952,8712,2.75,17523.9508489723
000985,2026-03-31,9627,11230,-14.27,13466.2407811364
600963,2026-03-31,44847,44174,1.52,39190.3104778469
600368,2026-03-31,52848,57192,-7.6,30458.1792688465
600316,2026-03-31,42961,42196,1.81,16692.221130793
605299,2026-03-31,48078,20851,130.58,8511.72101584924
300189,2026-03-31,116496,102896,13.22,8790.00137343772
300700,2026-03-31,13224,14421,-8.3,30023.3532214156
688312,2026-03-31,12291,10460,17.5,11859.9964201448
603787,2026-03-31,27244,14873,83.18,8447.50367053296
300213,2026-03-31,37256,40332,-7.63,15953.5285591583
601616,2026-03-31,101100,50751,99.21,8443.8706132542
600055,2026-03-31,27350,27556,-0.75,25706.0715904936
300887,2026-03-31,36558,26915,35.83,14927.9832868319
600522,2026-03-31,226221,211851,6.78,15086.794117257
603703,2026-03-31,34409,34185,0.66,12060.2784155308
600173,2026-03-31,37059,39080,-5.17,18902.4594295583
600409,2026-03-31,73697,78005,-5.52,28011.3091170604
600399,2026-03-31,106145,107269,-1.05,18579.3018983466
301318,2026-03-31,11680,11643,0.32,11583.8086472603
688553,2026-03-31,15208,14473,5.08,27853.7611783272
600780,2026-03-31,50288,31209,61.13,22798.7297764874
603836,2026-03-31,11507,12357,-6.88,17835.6858433997
301500,2026-03-31,17106,14612,17.07,32851.1635098796
300717,2026-03-31,10154,10274,-1.17,10121.6269450463
300127,2026-03-31,30984,36590,-15.32,10429.459075652
300447,2026-03-31,31242,32398,-3.57,9996.49110172204
300960,2026-03-31,12792,9607,33.15,11291.7655565979
688203,2026-03-31,7590,6976,8.8,26703.3027667984
600693,2026-03-31,92831,169595,-45.26,9370.21303228447
002245,2026-03-31,187772,192160,-2.28,6144.74222461283
601011,2026-03-31,108582,114127,-4.86,17642.5608203938
688215,2026-03-31,4106,3652,12.43,15202.9393570385
301539,2026-03-31,10274,10691,-3.9,14405.2949192135
601225,2026-03-31,70549,81483,-13.42,137422.217182384
600980,2026-03-31,31042,34243,-9.35,6097.01456091747
600853,2026-03-31,59484,63026,-5.62,17041.4909219286
301387,2026-03-31,8338,8861,-5.9,12802.4950827537
000550,2026-03-31,34118,34594,-1.38,15218.1839498212
003040,2026-03-31,65821,86827,-24.19,7005.90954254721
605162,2026-03-31,21454,18344,16.95,18672.1355924303
688335,2026-03-31,6006,5890,1.97,24647.7842157842
603125,2026-03-31,17828,19099,-6.65,22707.89628674
601218,2026-03-31,105093,79739,31.8,9220.72366380254
603766,2026-03-31,40068,24698,62.23,51251.4188379754
300484,2026-03-31,29960,32543,-7.94,6914.6829105474
603722,2026-03-31,9682,9840,-1.61,10092.9684982442
688479,2026-03-31,7642,9718,-21.36,18884.7683852395
688370,2026-03-31,7507,7661,-2.01,18264.0041294792
600895,2026-03-31,190920,204429,-6.61,8111.71983029541
688030,2026-03-31,8195,8388,-2.3,21993.3945088469
600176,2026-03-31,115266,124116,-7.13,34729.5536237919
688392,2026-03-31,8326,7233,15.11,13900.2354071583
300278,2026-03-31,46160,51673,-10.67,30630.1236568458
301040,2026-03-31,11654,9187,26.85,8580.83456324009
600588,2026-03-31,205157,203716,0.71,16655.5243496444
688692,2026-03-31,11122,9530,16.71,10181.6220104298
000909,2026-03-31,16126,16521,-2.39,27143.3861465956
002028,2026-03-31,52921,29947,76.72,14785.2682677954
002519,2026-03-31,220618,129820,69.94,5105.79779528416
002004,2026-03-31,71767,69849,2.75,27588.155990915
600501,2026-03-31,67681,55898,21.08,6321.18615268687
601216,2026-03-31,145277,177925,-18.35,58082.2662224578
603527,2026-03-31,22167,22110,0.26,14299.2376054495
603693,2026-03-31,38570,33873,13.87,23113.1936738398
605005,2026-03-31,11631,12078,-3.7,34476.8291634425
600351,2026-03-31,51117,52632,-2.88,13537.5715711016
300368,2026-03-31,66598,76293,-12.71,7942.33272770954
600030,2026-03-31,716929,686332,4.46,17017.6823283756
605319,2026-03-31,14843,17222,-13.81,23586.7089537156
600121,2026-03-31,88944,80895,9.95,13698.642269293
600502,2026-03-31,62082,49919,24.37,27649.4626139622
920556,2026-03-31,6831,6654,2.66,0.0
601121,2026-03-31,33338,31838,4.71,29523.1491991121
601968,2026-03-31,32964,32063,2.81,38702.2042227885
688655,2026-03-31,9097,6264,45.23,14663.0757392547
603600,2026-03-31,14526,15067,-3.59,22747.7054935977
688628,2026-03-31,4730,6054,-21.87,23629.511205074
688322,2026-03-31,26463,24592,7.61,15158.6834448097
300348,2026-03-31,77069,88074,-12.5,10550.9656282033
600861,2026-03-31,22287,18937,17.69,25401.0283124692
688035,2026-03-31,12470,11594,7.56,11406.5757818765
688233,2026-03-31,18565,18301,1.44,9173.48429841099
920110,2026-03-31,3211,3465,-7.33,0.0
605255,2026-03-31,14546,14951,-2.71,9217.65433796232
603663,2026-03-31,23728,22937,3.45,17839.6725387728
000948,2026-03-31,52949,56764,-6.72,7363.47757275869
603019,2026-03-31,411138,405865,1.3,3558.69752735091
300275,2026-03-31,24060,24293,-0.96,12801.5406483791
603861,2026-03-31,41690,33048,26.15,12965.4102902375
600099,2026-03-31,13305,12821,3.78,16468.9966178129
601996,2026-03-31,24583,24377,0.85,45597.136883212
688777,2026-03-31,33847,40031,-15.45,23375.4698200727
603579,2026-03-31,29877,21911,36.36,6729.33574321384
920670,2026-03-31,8976,9888,-9.22,0.0
603608,2026-03-31,16619,20130,-17.44,25256.4041759432
301322,2026-03-31,10044,11165,-10.04,14066.8934687376
688589,2026-03-31,11380,12541,-9.26,12770.5200351494
002259,2026-03-31,22582,21275,6.14,33315.3957576831
300837,2026-03-31,10647,8103,31.4,9392.81854043392
000559,2026-03-31,273506,275788,-0.83,12121.7027926261
002706,2026-03-31,49798,44899,10.91,22553.6170127314
000619,2026-03-31,25478,25949,-1.82,17315.6774864589
600184,2026-03-31,52793,51455,2.6,11037.968442786
002608,2026-03-31,33113,32684,1.31,114096.569444025
002234,2026-03-31,27500,26754,2.79,12689.4622545455
600237,2026-03-31,60156,60003,0.25,10484.476278343
688208,2026-03-31,24969,25674,-2.75,26840.6218110457
600812,2026-03-31,91802,85576,7.28,18689.4661336354
601990,2026-03-31,104485,106071,-1.5,42107.7455615639
688115,2026-03-31,5362,3705,44.72,12433.7933606863
920116,2026-03-31,15056,11709,28.58,0.0
603170,2026-03-31,11940,10554,13.13,33501.675041876
300592,2026-03-31,16124,19859,-18.81,25078.2354874721
603958,2026-03-31,13912,15940,-12.72,15767.6825761932
601606,2026-03-31,209879,233246,-10.02,3450.69492421824
600422,2026-03-31,55570,55412,0.29,13622.0219003059
001215,2026-03-31,10748,9012,19.26,9039.86285820618
000972,2026-03-31,23225,25327,-8.3,33209.1960818084
603739,2026-03-31,20179,15976,26.31,12539.2173051192
300185,2026-03-31,161022,121746,32.26,25066.052154364
301408,2026-03-31,26630,29115,-8.54,15021.0289147578
300705,2026-03-31,34345,34106,0.7,14566.6363662833
300958,2026-03-31,10734,11138,-3.63,14601.879914291
001210,2026-03-31,11089,9210,20.4,14141.2819911624
603586,2026-03-31,18405,19379,-5.03,10652.1477859277
301395,2026-03-31,10440,13728,-23.95,23261.5362068966
301456,2026-03-31,14170,13226,7.14,10617.3468595625
002197,2026-03-31,48657,49090,-0.88,12626.4037651314
603976,2026-03-31,17824,18457,-3.43,8483.15748429084
688722,2026-03-31,10151,11005,-7.76,22132.469707418
002882,2026-03-31,39248,41262,-4.88,11029.8613942112
688398,2026-03-31,4489,5442,-17.51,37383.4272666518
600955,2026-03-31,35830,34429,4.07,15350.2651409433
603970,2026-03-31,13849,13159,5.24,19409.3533107084
002554,2026-03-31,66870,45154,48.09,19944.9689247794
601116,2026-03-31,44311,47946,-7.58,12359.8745232561
600993,2026-03-31,41404,32304,28.17,10410.9238479374
001356,2026-03-31,30004,31668,-5.25,19641.3811491801
002029,2026-03-31,39462,48112,-17.98,17865.8845725001
000753,2026-03-31,95167,85671,11.08,10418.328527746
688539,2026-03-31,11614,12190,-4.73,16008.2658859997
600361,2026-03-31,76150,63075,20.73,49017.2411424819
600578,2026-03-31,66311,57398,15.53,100957.925758924
600179,2026-03-31,81386,82692,-1.58,51993.3032585457
000534,2026-03-31,29019,24722,17.38,17559.134222406
300591,2026-03-31,46181,62556,-26.18,8784.43032849007
300404,2026-03-31,31226,27099,15.23,12357.107506565
002516,2026-03-31,38865,39007,-0.36,37844.8136369484
300231,2026-03-31,45502,42766,6.4,9764.29365742165
600761,2026-03-31,43081,37579,14.64,20674.8395116176
600583,2026-03-31,125176,94560,32.38,35321.1062823544
688345,2026-03-31,6926,5936,16.68,14604.3170661276
000755,2026-03-31,30765,32818,-6.26,47694.1393141557
300014,2026-03-31,239418,233254,2.64,8671.28316584384
688355,2026-03-31,6010,5080,18.31,20624.9703826955
300946,2026-03-31,9995,12563,-20.44,15608.5842921461
603931,2026-03-31,19826,19782,0.22,10065.4887521436
600784,2026-03-31,28746,26934,6.73,23504.2189174146
600839,2026-03-31,629922,678904,-7.21,7328.27909169707
688221,2026-03-31,16219,13063,24.16,23095.0522843578
300177,2026-03-31,56932,64780,-12.11,13071.1913510855
605589,2026-03-31,40414,44829,-9.85,20942.9528876132
688326,2026-03-31,10589,8910,18.84,11326.9392766078
300146,2026-03-31,64893,64574,0.49,26068.7135900636
300803,2026-03-31,131581,136653,-3.71,4634.34625819837
605365,2026-03-31,14952,10897,37.21,33574.9649545211
002465,2026-03-31,289303,291942,-0.9,8578.66647770676
301305,2026-03-31,18287,18109,0.98,13191.2398971947
601211,2026-03-31,313606,305548,2.64,45034.7441726242
920050,2026-03-31,6667,9,73977.78,0.0
002843,2026-03-31,36678,36060,1.71,6863.44844320846
600408,2026-03-31,119181,121614,-2.0,8447.65524706119
002908,2026-03-31,47553,46455,2.36,9072.65762412466
000957,2026-03-31,61776,65100,-5.11,9597.64206164206
688767,2026-03-31,8102,6774,19.6,18431.6630461614
301519,2026-03-31,10583,10827,-2.25,15273.8239629595
301141,2026-03-31,19663,20320,-3.23,6307.91867975385
600339,2026-03-31,114782,65288,75.81,48641.3154588699
601088,2026-03-31,186516,177175,5.27,95725.2267955564
002092,2026-03-31,90798,91279,-0.53,28525.0723253816
002757,2026-03-31,54310,44924,20.89,5440.17516111213
002367,2026-03-31,32699,26689,22.52,24396.6315789474
600095,2026-03-31,100166,104244,-3.91,28544.4935706727
002301,2026-03-31,32918,41636,-20.94,21912.2648095267
600519,2026-03-31,243159,255892,-4.98,5150.00561361085
300062,2026-03-31,62395,66227,-5.79,10095.9591313407
688677,2026-03-31,6587,7060,-6.7,18199.0283892516
002436,2026-03-31,147330,146000,0.91,11536.5069096586
600310,2026-03-31,126908,51896,144.54,11549.3957985312
601611,2026-03-31,227977,171697,32.78,13219.90469214
002945,2026-03-31,55160,53425,3.25,48948.5134155185
002232,2026-03-31,59452,60554,-1.82,6871.90430935881
688199,2026-03-31,12214,12399,-1.49,13200.2006713607
300903,2026-03-31,29685,38493,-22.88,14666.8877547583
603538,2026-03-31,52449,34336,52.75,4203.85227554386
603486,2026-03-31,48277,40916,17.99,11991.6722870104
600391,2026-03-31,53224,54262,-1.91,6202.64104539306
688336,2026-03-31,15976,15813,1.03,38688.4390961442
300059,2026-03-31,1024127,1028963,-0.47,15431.716647447
603867,2026-03-31,13878,14996,-7.46,15671.331820147
600131,2026-03-31,44541,42018,6.0,26904.5383803687
002758,2026-03-31,25308,26625,-4.95,20499.5455587166
300968,2026-03-31,30958,34688,-10.75,13352.9297758253
301327,2026-03-31,19620,15169,29.34,8887.93863404689
002420,2026-03-31,28869,31355,-7.93,14246.7698915792
300772,2026-03-31,28289,24156,17.11,27814.6171656828
300802,2026-03-31,17836,18806,-5.16,15927.2401323167
002120,2026-03-31,91211,92942,-1.86,31785.6544276458
688081,2026-03-31,4616,6054,-23.75,22322.3570190641
300816,2026-03-31,8464,7970,6.2,9451.79584120983
002121,2026-03-31,89377,82131,8.82,18582.1485169563
603998,2026-03-31,24973,27900,-10.49,17582.2432226805
688395,2026-03-31,4822,4566,5.61,17958.880132725
600148,2026-03-31,15541,16749,-7.21,9106.00669197606
688631,2026-03-31,11594,10718,8.17,14099.5342418492
920260,2026-03-31,5708,5115,11.59,0.0
920429,2026-03-31,6063,6351,-4.53,0.0
688302,2026-03-31,7984,8233,-3.02,12401.753256513
688163,2026-03-31,7269,6674,8.92,14887.8800385197
688568,2026-03-31,41090,35370,16.17,19666.0723290338
300868,2026-03-31,10591,9996,5.95,12081.2010197337
300572,2026-03-31,14591,15032,-2.93,15693.8394900966
000528,2026-03-31,86899,60296,44.12,23438.2650548338
002426,2026-03-31,153583,145700,5.41,22154.9645208128
000001,2026-03-31,457610,462824,-1.13,42407.1112912742
002278,2026-03-31,71734,81207,-11.67,5437.28098251875
688396,2026-03-31,55934,48758,14.72,23746.0342546573
002862,2026-03-31,18758,18724,0.18,8956.17869708924
001269,2026-03-31,23608,21630,9.14,8150.28757200949
002935,2026-03-31,31926,33808,-5.57,13283.9224456556
301039,2026-03-31,26593,24510,8.5,70474.3511450382
300599,2026-03-31,14152,14677,-3.58,25306.0745477671
688755,2026-03-31,4459,4890,-8.81,19735.3666741422
600789,2026-03-31,115017,107299,7.19,9087.2634306233
688659,2026-03-31,6858,6472,5.96,23330.4170312044
300986,2026-03-31,35315,23096,52.91,11665.6937561943
600653,2026-03-31,129783,130964,-0.9,14997.1900557084
688523,2026-03-31,19121,20566,-7.03,21279.2217980231
300246,2026-03-31,17862,19811,-9.84,14813.9165267047
605555,2026-03-31,23060,22341,3.22,20991.7189939289
601108,2026-03-31,103224,102255,0.95,44987.2523541037
600449,2026-03-31,27650,28576,-3.24,17294.0702350814
920753,2026-03-31,4183,4488,-6.8,0.0
920378,2026-03-31,5885,6494,-9.38,0.0
688455,2026-03-31,7432,7910,-6.04,22609.0777717976
920371,2026-03-31,4763,4689,1.58,0.0
688450,2026-03-31,6714,6580,2.04,9830.2055406613
920002,2026-03-31,7743,8888,-12.88,0.0
301025,2026-03-31,17446,15920,9.59,22945.6265046429
920826,2026-03-31,8757,9516,-7.98,0.0
002327,2026-03-31,32863,32952,-0.27,25507.2738033655
000593,2026-03-31,28477,27106,5.06,12593.7075183481
920819,2026-03-31,22643,23095,-1.96,0.0
300736,2026-03-31,8956,9921,-9.73,14284.7615006699
920414,2026-03-31,5975,4584,30.34,0.0
603755,2026-03-31,8786,5751,52.77,11223.9564079217
300696,2026-03-31,19430,31539,-38.39,15087.6470921256
603156,2026-03-31,19716,23146,-14.82,63921.564516129
002978,2026-03-31,25948,24017,8.04,18189.8396022815
300753,2026-03-31,26248,21359,22.89,4802.1944529107
601949,2026-03-31,50194,48257,4.01,37932.1842052835
603881,2026-03-31,170063,148079,14.85,4224.18162092871
688184,2026-03-31,7971,8754,-8.94,19953.2698532179
600703,2026-03-31,409833,379422,8.02,12173.2967501397
688365,2026-03-31,20537,20000,2.69,20734.5125383454
002017,2026-03-31,79784,100843,-20.88,7275.0414744811
603366,2026-03-31,82960,87904,-5.62,9800.48337753134
002154,2026-03-31,61619,68999,-10.7,23683.1777373862
002142,2026-03-31,87174,102657,-15.08,75751.8387592631
688757,2026-03-31,7249,7365,-1.58,55636.84453028
000565,2026-03-31,44755,50074,-10.62,9688.12914758128
688607,2026-03-31,4718,4406,7.08,18679.3189910979
688456,2026-03-31,10719,9624,11.38,9670.67823490997
603416,2026-03-31,16301,14522,12.25,9639.8155327894
688712,2026-03-31,19207,33684,-42.98,21710.8345915552
002397,2026-03-31,28373,28613,-0.84,26355.3886793783
002589,2026-03-31,97854,97505,0.36,15377.097216261
002855,2026-03-31,32107,35861,-10.47,7674.95194194412
603511,2026-03-31,13044,12814,1.79,30975.9745476848
920821,2026-03-31,6688,7213,-7.28,0.0
002902,2026-03-31,60873,43096,41.25,3860.6453107289
000723,2026-03-31,244373,237799,2.76,18019.5768108588
300313,2026-03-31,9345,9891,-5.52,25658.5333333333
920087,2026-03-31,9463,8696,8.82,0.0
920833,2026-03-31,3973,4378,-9.25,0.0
002643,2026-03-31,55193,60292,-8.46,16722.3964089649
920284,2026-03-31,5551,5142,7.95,0.0
688597,2026-03-31,8153,7509,8.58,41219.2169753465
301236,2026-03-31,122119,126594,-3.53,8476.88959130029
688068,2026-03-31,10126,6460,56.75,9155.43551254197
688003,2026-03-31,9669,10647,-9.19,20097.2696245734
300642,2026-03-31,19753,18842,4.83,8228.82807674784
300863,2026-03-31,10078,10376,-2.87,18671.9424488986
920694,2026-03-31,5138,5617,-8.53,0.0
301103,2026-03-31,9766,9820,-0.55,16181.2892688921
300676,2026-03-31,67519,64163,5.23,6195.54606851405
688114,2026-03-31,16999,15081,12.72,24502.3916112712
300582,2026-03-31,23624,26309,-10.21,12637.0
605138,2026-03-31,14332,16128,-11.14,38764.4076890874
920190,2026-03-31,9263,11329,-18.24,0.0
605300,2026-03-31,24567,24408,0.65,18496.2997924044
002492,2026-03-31,16995,16485,3.09,23830.5383936452
300625,2026-03-31,16537,16494,0.26,16891.274112596
002861,2026-03-31,15627,16647,-6.13,11920.6477250912
920368,2026-03-31,16602,14938,11.14,0.0
920703,2026-03-31,3961,4069,-2.65,0.0
002889,2026-03-31,25146,29035,-13.39,15018.9879901376
002051,2026-03-31,41809,43507,-3.9,29596.7121194001
002057,2026-03-31,39339,46917,-16.15,19163.7740156079
920005,2026-03-31,6581,6913,-4.8,12612.0650357089
920395,2026-03-31,6303,6561,-3.93,0.0
920640,2026-03-31,13543,12244,10.61,0.0
301321,2026-03-31,10650,12657,-15.86,0.0
688207,2026-03-31,14334,14446,-0.78,18067.0536486675
300091,2026-03-31,27137,37916,-28.43,104729.523049711
688548,2026-03-31,20359,17206,18.33,64806.6467409991
002366,2026-03-31,196768,193573,1.65,10575.5897300374
300739,2026-03-31,40287,30322,32.86,9269.86762479212
002544,2026-03-31,58882,55454,6.18,11557.5878876397
002963,2026-03-31,12627,12214,3.38,11907.8110398353
300604,2026-03-31,69737,72005,-3.15,9097.30292384244
688387,2026-03-31,56291,53249,5.71,60733.5097973033
600487,2026-03-31,222325,159602,39.3,11093.6343506128
688593,2026-03-31,10675,13919,-23.31,43047.2517096019
688720,2026-03-31,8918,10601,-15.88,9882.63444718547
920130,2026-03-31,4927,6871,-28.29,0.0
920006,2026-03-31,6349,6470,-1.87,0.0
603882,2026-03-31,43126,40049,7.68,10741.9717803645
920475,2026-03-31,4564,5111,-10.7,0.0
920808,2026-03-31,13229,13429,-1.49,0.0
920159,2026-03-31,5780,9,64122.22,0.0
000813,2026-03-31,56965,52291,8.94,36813.9303080839
600645,2026-03-31,39684,35325,12.34,11791.8780868864
600490,2026-03-31,98501,78859,24.91,22465.6305925828
002370,2026-03-31,88101,78606,12.08,8463.78054732636
603208,2026-03-31,11546,12161,-5.06,15344.9397193833
600802,2026-03-31,40359,43492,-7.2,11354.3051116232
688350,2026-03-31,6037,5123,17.84,23727.7833360941
601518,2026-03-31,38751,39008,-0.66,48787.209852649
603092,2026-03-31,23035,24730,-6.85,17364.8838723681
688563,2026-03-31,20654,26447,-21.9,21787.5472063523
600592,2026-03-31,71864,102005,-29.55,5559.85710508739
600642,2026-03-31,78207,83543,-6.39,62578.5335839503
688118,2026-03-31,9257,7873,17.58,10080.6646861834
603439,2026-03-31,24970,26521,-5.85,16376.8608730477
603079,2026-03-31,12668,14274,-11.25,14921.8206504578
688662,2026-03-31,10281,9221,11.5,8582.82268261842
603599,2026-03-31,20504,21255,-3.53,44394.7202984784
603176,2026-03-31,21782,24787,-12.12,21817.8868790745
603648,2026-03-31,18124,18819,-3.69,19996.2922092253
600665,2026-03-31,26329,26860,-1.98,32820.1800676061
688809,2026-03-31,16532,21788,-24.12,7836.8799903218
002151,2026-03-31,162498,137958,17.79,3341.03135423205
603685,2026-03-31,8441,7972,5.88,29729.957114086
688795,2026-03-31,42813,44466,-3.72,10978.6330553804
605151,2026-03-31,10326,8672,19.07,13030.6238620957
300905,2026-03-31,14443,15709,-8.06,12394.6338018417
002507,2026-03-31,91674,91761,-0.09,12587.2006021336
300290,2026-03-31,67911,53780,26.28,9420.1612257219
003039,2026-03-31,30390,27981,8.61,20319.8002632445
300797,2026-03-31,20251,25107,-19.34,18899.2252234458
300174,2026-03-31,16831,17503,-3.84,21639.2585110807
300870,2026-03-31,28150,29558,-4.76,3873.20358792185
301225,2026-03-31,10323,7126,44.86,10014.5306596919
002845,2026-03-31,33161,34097,-2.75,9877.61843732095
002653,2026-03-31,10654,10565,0.84,105117.136286841
301458,2026-03-31,17077,18423,-7.31,15615.5472272647
300448,2026-03-31,31217,31450,-0.74,21671.4315597271
300822,2026-03-31,18280,19007,-3.82,17042.4617067834
300846,2026-03-31,76502,79013,-3.18,6573.63227105174
301282,2026-03-31,20785,16371,26.96,7271.58854943469
002651,2026-03-31,78755,85736,-8.14,13122.4684147038
002877,2026-03-31,35839,32506,10.25,9928.95156114847
001337,2026-03-31,64423,40360,59.62,6519.41076944569
300457,2026-03-31,49036,50069,-2.06,13157.2605432743
300181,2026-03-31,41550,41979,-1.02,16880.561612515
002809,2026-03-31,30796,25451,21.0,7286.26708014028
300930,2026-03-31,8292,8563,-3.16,12059.8166907863
301603,2026-03-31,12881,12885,-0.03,9375.04852107756
002144,2026-03-31,14712,15882,-7.37,12014.8537248505
300981,2026-03-31,21282,21248,0.16,20151.5345832159
300134,2026-03-31,41541,44585,-6.83,18475.6747791339
002216,2026-03-31,39348,39943,-1.49,22343.8052251703
002707,2026-03-31,58957,61308,-3.83,16668.3351086385
300496,2026-03-31,94700,99215,-4.55,4865.58758183738
001373,2026-03-31,6396,8041,-20.46,10739.038148843
300729,2026-03-31,19115,19654,-2.74,17871.4484436307
000529,2026-03-31,34011,34426,-1.21,17164.75052189
002928,2026-03-31,30356,22248,36.44,42108.3657267097
300103,2026-03-31,12590,12459,1.05,25226.4495631454
002237,2026-03-31,84762,85026,-0.31,16870.4184422265
300440,2026-03-31,15761,16747,-5.89,27886.3396992577
002880,2026-03-31,15508,12101,28.15,14624.709827186
000070,2026-03-31,117165,108085,8.4,7684.41736013314
301556,2026-03-31,16316,12630,29.18,5226.77126746752
000065,2026-03-31,50048,38073,31.45,23206.5648777174
002155,2026-03-31,213701,109732,94.75,7312.32570741363
300835,2026-03-31,14714,14010,5.02,8104.3591137692
002210,2026-03-31,110862,126453,-12.33,24004.9139831502
002888,2026-03-31,16552,16731,-1.07,8919.97414209763
300663,2026-03-31,59617,63302,-5.82,8025.41954476072
002976,2026-03-31,13631,17082,-20.2,10982.3701122442
300806,2026-03-31,23514,17259,36.24,19277.8984009526
002836,2026-03-31,14825,10562,40.36,15541.3153456998
301035,2026-03-31,7236,6703,7.95,38801.958817026
301222,2026-03-31,9409,9799,-3.98,10653.7995536189
300111,2026-03-31,92480,94457,-2.09,13918.8009731834
002972,2026-03-31,15822,14075,12.41,15548.5273669574
002762,2026-03-31,13668,15806,-13.53,25901.7412935323
300340,2026-03-31,35228,33887,3.96,7820.90141364823
300792,2026-03-31,29392,33111,-11.23,8061.47012792597
000657,2026-03-31,148615,114984,29.25,15332.2639033745
301095,2026-03-31,24056,26192,-8.16,8325.6188892584
300406,2026-03-31,21242,18000,18.01,27601.3853686094
300453,2026-03-31,21545,21450,0.44,24232.2708284985
301369,2026-03-31,6399,6169,3.73,11029.1292389436
001259,2026-03-31,5559,5394,3.06,13237.7924087066
002650,2026-03-31,14950,15511,-3.62,74052.4296989966
002810,2026-03-31,33146,28711,15.45,10534.993453207
301186,2026-03-31,8199,7475,9.69,9824.33869984144
002562,2026-03-31,77097,92095,-16.29,14823.1697342309
301121,2026-03-31,11472,12634,-9.2,8614.54471757322
000156,2026-03-31,44134,46779,-5.65,41984.2398604251
301021,2026-03-31,16292,15426,5.61,9382.07635649398
300671,2026-03-31,37965,41510,-8.54,5831.33043592783
301041,2026-03-31,15286,14999,1.91,6978.93497317807
300843,2026-03-31,17180,20647,-16.79,9528.8697322468
300153,2026-03-31,57768,59303,-2.59,5539.39897521119
300351,2026-03-31,29803,33056,-9.84,13049.2075294433
301197,2026-03-31,9043,10581,-14.54,13329.6472409599
002739,2026-03-31,135888,112483,20.81,15540.5827446132
300350,2026-03-31,33224,35030,-5.16,16915.8523657597
300661,2026-03-31,80221,95444,-15.95,7734.9746699742
300141,2026-03-31,23393,19876,17.69,11022.2972684136
301208,2026-03-31,15383,19199,-19.88,7800.82298641357
300795,2026-03-31,12951,12464,3.91,23078.8255733148
000988,2026-03-31,265976,220267,20.75,3780.42645577044
301213,2026-03-31,14576,8752,66.54,5488.47413556531
300279,2026-03-31,22211,26746,-16.96,22020.5974517131
300472,2026-03-31,11932,13944,-14.43,23068.9424237345
301059,2026-03-31,14063,10373,35.57,16437.0333499253
301010,2026-03-31,7867,10869,-27.62,13728.2318545824
002115,2026-03-31,176611,164594,7.3,4591.9638754098
000617,2026-03-31,273166,246170,10.97,46279.8411185872
301110,2026-03-31,14000,9604,45.77,6609.66664285714
001221,2026-03-31,9597,10725,-10.52,41680.7335625716
300135,2026-03-31,40658,36062,12.74,22667.1257809041
300462,2026-03-31,7877,9088,-13.33,23006.4666751301
002587,2026-03-31,41799,42976,-2.74,15587.5536735329
301533,2026-03-31,10193,11530,-11.6,9644.53056018836
300692,2026-03-31,20106,17906,12.29,27496.6739281806
300709,2026-03-31,30800,34782,-11.45,6041.45068181818
300798,2026-03-31,23192,23245,-0.23,20216.6726888582
002578,2026-03-31,69121,72222,-4.29,13579.5226197538
001229,2026-03-31,10932,11586,-5.64,9371.7069154775
300942,2026-03-31,17527,17236,1.69,23111.1357334398
002796,2026-03-31,27892,22342,24.84,9048.0047325398
301331,2026-03-31,7731,6755,14.45,13309.001034795
002228,2026-03-31,53338,94941,-43.82,22748.9900071244
001300,2026-03-31,10385,14678,-29.25,23473.8482426577
002969,2026-03-31,108003,59491,81.55,10170.9740470172
301013,2026-03-31,33756,43501,-22.4,6924.48915748311
300277,2026-03-31,45415,27889,62.84,33394.3579213916
002988,2026-03-31,14296,13033,9.69,17471.4764969222
002892,2026-03-31,60666,67808,-10.53,12272.7240958692
002104,2026-03-31,167348,223111,-24.99,4232.79724884671
000615,2026-03-31,32587,34193,-4.7,54852.9380734649
300648,2026-03-31,12682,14759,-14.07,13742.4223308626
301187,2026-03-31,13375,14917,-10.34,19060.4504672897
600265,2026-03-31,3355,3547,-5.41,38688.5245901639
000610,2026-03-31,56965,55801,2.09,4156.02389186342
603610,2026-03-31,16000,15603,2.54,22061.9763125
603949,2026-03-31,19706,17248,14.25,10694.0376535065
603137,2026-03-31,7762,7121,9.0,23567.8090698274
603107,2026-03-31,28369,29451,-3.67,11890.9725404491
600621,2026-03-31,58347,60796,-4.03,18182.5850857799
600038,2026-03-31,58204,61099,-4.74,14086.544103498
688501,2026-03-31,5102,4264,19.65,24348.4907879263
301529,2026-03-31,9476,9051,4.7,8952.85035880118
603091,2026-03-31,4379,4161,5.24,23347.5206668189
603083,2026-03-31,127840,124576,2.62,2155.72882509387
600520,2026-03-31,36103,38280,-5.69,4388.27798243913
920976,2026-03-31,3379,4070,-16.98,0.0
600375,2026-03-31,63439,66999,-5.31,25269.4930090323
001358,2026-03-31,7939,7402,7.25,15518.327245245
301119,2026-03-31,7288,7726,-5.67,14270.0329308452
000819,2026-03-31,26718,23760,12.45,13829.7966165132
002250,2026-03-31,33342,54368,-38.67,26989.1793233759
600269,2026-03-31,50079,49619,0.93,46634.4578366181
002337,2026-03-31,51420,56963,-9.73,11447.2141190198
301366,2026-03-31,18146,19626,-7.54,11547.2391160586
002381,2026-03-31,23429,23272,0.67,17567.0288958129
300829,2026-03-31,21665,20381,6.3,10490.4272790215
300573,2026-03-31,44981,46173,-2.58,5478.52486605456
000586,2026-03-31,15201,15129,0.48,12725.4785869351
002274,2026-03-31,50133,50059,0.15,18996.7615343187
300235,2026-03-31,18963,15318,23.8,13275.6755260244
301086,2026-03-31,9870,8538,15.6,9118.54103343465
301367,2026-03-31,9875,7228,36.62,9073.41772151899
001390,2026-03-31,16513,19113,-13.6,12111.6695936535
002870,2026-03-31,12932,14267,-9.36,10213.0866068667
300568,2026-03-31,96463,101079,-4.57,13950.5368794253
301333,2026-03-31,11166,8663,28.89,8649.58409457281
300320,2026-03-31,20889,21092,-0.96,28782.3347694959
603680,2026-03-31,15993,15631,2.32,49003.8621271806
603332,2026-03-31,21079,25382,-16.95,10263.6360358651
600731,2026-03-31,25317,24533,3.2,22069.850930205
601008,2026-03-31,86565,84059,2.98,14331.8662970023
605058,2026-03-31,13730,19192,-28.46,10409.6103423161
002338,2026-03-31,36663,48411,-24.27,6546.10915637018
300926,2026-03-31,19904,21563,-7.69,21820.7342745177
300454,2026-03-31,55769,50571,10.28,7738.33231723717
603916,2026-03-31,24627,24296,1.36,17310.1795184148
600470,2026-03-31,72013,41550,73.32,7243.13665588158
601113,2026-03-31,26586,31467,-15.51,41531.3407808621
920225,2026-03-31,5834,5432,7.4,0.0
603969,2026-03-31,26353,25674,2.64,33073.6917997951
688708,2026-03-31,7754,7581,2.28,51587.5677069899
600426,2026-03-31,51938,40556,28.06,40879.2533790288
603806,2026-03-31,84093,70561,19.18,31022.1407846075
601789,2026-03-31,87898,68753,27.85,17342.7367744431
603987,2026-03-31,28353,30135,-5.91,15405.4555073537
601177,2026-03-31,48534,56814,-14.57,8400.57485474101
920571,2026-03-31,19004,17438,8.98,0.0
920270,2026-03-31,4612,6573,-29.83,0.0
603895,2026-03-31,9001,8942,0.66,12007.5547161427
002378,2026-03-31,141240,92472,52.74,8506.21400453129
002555,2026-03-31,166811,132552,25.85,13261.9412448819
603042,2026-03-31,30285,22498,34.61,5302.61977876837
603890,2026-03-31,39437,39491,-0.14,11329.6752034891
000902,2026-03-31,36354,27841,30.58,34514.3320129834
002716,2026-03-31,496218,198141,150.44,5689.21048007126
300021,2026-03-31,42362,43695,-3.05,24134.0698975497
002921,2026-03-31,11066,15437,-28.32,13461.9670160853
002404,2026-03-31,26966,28120,-4.1,20768.8029741156
001208,2026-03-31,96518,106922,-9.73,6613.79672185499
600198,2026-03-31,104532,104619,-0.08,12470.8562067118
002255,2026-03-31,100492,106639,-5.76,8268.13134378856
300669,2026-03-31,5533,5898,-6.19,34828.3979757817
002783,2026-03-31,35724,37780,-5.44,13978.2120423245
300871,2026-03-31,22983,19929,15.32,8779.72227298438
300931,2026-03-31,9074,8990,0.93,26465.2854309015
601026,2026-03-31,42738,51981,-17.78,15428.8923206514
600558,2026-03-31,42573,42885,-0.73,21083.8989735278
002850,2026-03-31,24994,24232,3.14,11032.6505561335
605258,2026-03-31,11758,11505,2.2,7484.26603163803
600371,2026-03-31,31894,30433,4.8,9173.44955163981
920124,2026-03-31,12636,16952,-25.46,0.0
603697,2026-03-31,23845,24995,-4.6,17936.3429649822
920180,2026-03-31,9178,16,57262.5,12870.2381782523
688610,2026-03-31,6003,6763,-11.24,11327.669498584
603035,2026-03-31,24414,23948,1.95,15005.6148111739
605289,2026-03-31,11769,9050,30.04,9262.25677627666
605100,2026-03-31,9743,11400,-14.54,17523.3500975059
688175,2026-03-31,5880,6711,-12.38,21992.6870748299
605168,2026-03-31,19867,21961,-9.54,10611.4152111542
603909,2026-03-31,11739,12438,-5.62,22205.7364341085
688036,2026-03-31,37351,40638,-8.09,30820.7155096249
688311,2026-03-31,12602,12591,0.09,13790.8126487859
300318,2026-03-31,31967,34210,-6.56,25554.4935402133
300882,2026-03-31,20509,18040,13.69,13954.9070164318
603662,2026-03-31,57193,64972,-11.97,4910.21397723498
603001,2026-03-31,11777,11578,1.72,34047.7201324616
002728,2026-03-31,74487,81515,-8.62,6891.2670935868
000407,2026-03-31,74828,72264,3.55,11761.4349708665
002675,2026-03-31,39547,27096,45.95,20851.0305459327
002474,2026-03-31,92544,117523,-21.25,6723.28838174274
000766,2026-03-31,43008,34606,24.28,22472.4401739211
002441,2026-03-31,32982,27232,21.11,16510.3271178218
002515,2026-03-31,43610,51229,-14.87,27760.0129328136
003020,2026-03-31,16639,16877,-1.41,11429.9045615722
603370,2026-03-31,17928,27390,-34.55,9758.47835787595
301609,2026-03-31,19763,22851,-13.51,8241.66371502302
002658,2026-03-31,35748,42840,-16.55,17784.5172876804
603519,2026-03-31,12182,13261,-8.14,21862.4067476605
603182,2026-03-31,8703,7980,9.06,18907.2733540159
300204,2026-03-31,82652,63607,29.94,5780.53229201955
300622,2026-03-31,44511,46477,-4.23,5119.05281840444
002838,2026-03-31,23917,24438,-2.13,20002.4418614375
000850,2026-03-31,29405,31058,-5.32,32091.9914640367
601878,2026-03-31,145037,149602,-3.05,31535.3781379924
300281,2026-03-31,17933,23181,-22.64,23360.485139129
002558,2026-03-31,69450,43785,58.62,27365.9031101512
300869,2026-03-31,32816,33285,-1.41,12244.1286872257
300721,2026-03-31,14525,13426,8.19,11349.173080895
600157,2026-03-31,601829,551957,9.04,36252.4307486014
603379,2026-03-31,22754,18530,22.8,26829.5261053002
603075,2026-03-31,12660,12726,-0.52,31791.71492891
600768,2026-03-31,15297,10790,41.77,8743.36144342028
601179,2026-03-31,557976,272428,104.82,9186.56421064705
605488,2026-03-31,29300,36000,-18.61,10303.1037201365
600486,2026-03-31,22124,20638,7.2,18320.6153046465
300257,2026-03-31,16761,14850,12.87,59282.5617803234
000068,2026-03-31,34770,34761,0.03,28952.299798677
301078,2026-03-31,75339,84917,-11.28,16740.3684147653
600185,2026-03-31,52787,56168,-6.02,35709.6594805539
000422,2026-03-31,111062,96446,15.15,9798.56667447012
600023,2026-03-31,146127,152287,-4.04,91760.8159272414
002778,2026-03-31,10372,11427,-9.23,12027.8924026224
605378,2026-03-31,30521,35586,-14.23,8562.83870122211
001306,2026-03-31,10618,12519,-15.18,5919.25032962893
002534,2026-03-31,39325,40571,-3.07,21257.0928671329
600969,2026-03-31,18380,18741,-1.93,20133.3233949946
600251,2026-03-31,34361,33654,2.1,22612.6592066587
600051,2026-03-31,22236,21840,1.81,13980.9318222702
300807,2026-03-31,8628,8002,7.82,7885.9048446917
688697,2026-03-31,12758,13373,-4.6,35846.7926007211
688768,2026-03-31,6153,5697,8.0,14300.132130668
603105,2026-03-31,62013,46253,34.07,8063.00137068034
603291,2026-03-31,11127,15271,-27.14,38035.4636469848
000856,2026-03-31,36429,37212,-2.1,6231.29923961679
300329,2026-03-31,13266,12208,8.67,19062.9262777024
002208,2026-03-31,62671,48064,30.39,12817.6013467154
002309,2026-03-31,270538,58189,364.93,11117.3490785028
002171,2026-03-31,165580,168009,-1.45,9801.5332286508
001283,2026-03-31,27398,22846,19.92,3647.82345426673
002864,2026-03-31,22008,23898,-7.91,4829.19665576154
002803,2026-03-31,26804,33443,-19.85,14270.0823757648
002760,2026-03-31,14135,13597,3.96,7639.80940926778
002106,2026-03-31,48835,50529,-3.35,14453.0799631412
603259,2026-03-31,285145,251250,13.49,8673.76333444388
600601,2026-03-31,283446,289962,-2.25,15077.8027807766
600581,2026-03-31,79440,83694,-5.08,19296.2974572004
003028,2026-03-31,13369,13228,1.07,10824.3698107562
688238,2026-03-31,14931,14000,6.65,43469.0710602103
603220,2026-03-31,69091,60030,15.09,7762.90574749244
603568,2026-03-31,18686,19938,-6.28,91519.2154019052
301012,2026-03-31,21552,14761,46.01,9138.83453971789
688077,2026-03-31,12260,13127,-6.6,9337.56150081566
920082,2026-03-31,6024,6651,-9.43,0.0
301390,2026-03-31,6217,7201,-13.66,9650.95705324111
002996,2026-03-31,31292,27778,12.65,21393.2262559121
603120,2026-03-31,9461,9972,-5.12,9555.01532607547
001285,2026-03-31,22185,33554,-33.88,8121.62199684472
688300,2026-03-31,11381,11438,-0.5,21216.8693436429
688485,2026-03-31,4690,5186,-9.56,32045.2157782516
601058,2026-03-31,57758,42057,37.33,56928.9147650542
300655,2026-03-31,121174,127128,-4.68,8854.82851106673
002831,2026-03-31,15636,11578,35.05,58871.418521361
920837,2026-03-31,5109,5324,-4.04,0.0
688565,2026-03-31,5338,4988,7.02,28049.8313975272
688227,2026-03-31,6328,8274,-23.52,17865.8778445006
603871,2026-03-31,21078,20112,4.8,64902.2040990606
603032,2026-03-31,28472,29709,-4.16,8191.46529924136
600770,2026-03-31,62026,64339,-3.6,20958.952697256
920267,2026-03-31,3739,3987,-6.22,0.0
600021,2026-03-31,269622,241028,11.86,10463.6674492438
601399,2026-03-31,174326,157916,10.39,41379.6902928995
001338,2026-03-31,32860,33260,-1.2,15268.7411442483
002364,2026-03-31,95575,83790,14.06,5896.57295317813
300142,2026-03-31,118448,118767,-0.27,13502.5373243955
002920,2026-03-31,106899,104206,2.58,5582.92681877286
600285,2026-03-31,42365,42838,-1.1,13386.4153428538
002774,2026-03-31,21081,14072,49.81,15971.1541198235
002896,2026-03-31,72160,75316,-4.19,2723.42946230599
600893,2026-03-31,121106,137744,-12.08,22010.4225884762
605011,2026-03-31,27365,27022,1.27,14620.8660697972
688388,2026-03-31,23863,20310,17.49,19094.775887357
603768,2026-03-31,14768,15190,-2.78,16112.9372291441
605339,2026-03-31,15180,15514,-2.15,27950.6334650856
601702,2026-03-31,28410,24235,17.23,35147.1524111228
000099,2026-03-31,120251,123568,-2.68,6451.25726189387
600527,2026-03-31,69041,67306,2.58,25083.0796483249
002283,2026-03-31,39631,56471,-29.82,28751.6635462138
600078,2026-03-31,52102,45855,13.62,12990.1512609881
605060,2026-03-31,15275,22260,-31.38,15750.7037643208
603196,2026-03-31,8682,8881,-2.24,48224.7684865238
300898,2026-03-31,15396,17225,-10.62,8054.04001039231
600903,2026-03-31,51409,48227,6.6,22369.8069987745
301111,2026-03-31,15740,17051,-7.69,10165.1842439644
603101,2026-03-31,34011,37857,-10.16,13830.8194407692
688334,2026-03-31,13814,11432,20.84,22917.2915882438
301057,2026-03-31,5784,6411,-9.78,20222.9318810512
301191,2026-03-31,14770,13500,9.41,4694.78672985782
603053,2026-03-31,23712,22117,7.21,37486.9264507422
301063,2026-03-31,12338,11429,7.95,8458.47981844708
600704,2026-03-31,92615,97147,-4.67,55835.230686174
603392,2026-03-31,41832,41149,1.66,30225.492541595
603530,2026-03-31,20236,24030,-15.79,21332.5051887725
002342,2026-03-31,235111,134680,74.57,4083.17773307076
605169,2026-03-31,20836,20826,0.05,13576.5022077174
688656,2026-03-31,3592,3704,-3.02,17672.5334075724
920768,2026-03-31,5794,6295,-7.96,0.0
605318,2026-03-31,5900,7588,-22.25,21310.0047457627
603607,2026-03-31,17797,17759,0.21,10030.7242793729
301296,2026-03-31,14527,14148,2.68,29401.8389206306
603072,2026-03-31,36670,35955,1.99,7206.98118352877
603551,2026-03-31,9718,11008,-11.72,39590.7233998765
603488,2026-03-31,12238,14707,-16.79,23859.3266873672
600828,2026-03-31,41706,54803,-23.9,41528.3783148708
688225,2026-03-31,9207,10148,-9.27,43446.2908656457
601339,2026-03-31,19738,22353,-11.7,75973.7055426082
920879,2026-03-31,6495,7196,-9.74,0.0
688536,2026-03-31,17895,18191,-1.63,7715.86940486169
603283,2026-03-31,44623,44147,1.08,6077.00138941801
688507,2026-03-31,9961,9479,5.08,8945.76689087441
600675,2026-03-31,62027,62393,-0.59,97475.862624341
920781,2026-03-31,8251,8774,-5.96,0.0
601579,2026-03-31,34157,34710,-1.59,14037.0468425213
301159,2026-03-31,12677,12036,5.33,6101.60132523468
603583,2026-03-31,40593,45978,-11.71,9503.38617495627
600267,2026-03-31,47673,50992,-6.51,25147.3202022109
603206,2026-03-31,21723,22736,-4.46,14049.6242692078
002729,2026-03-31,18705,22448,-16.67,9781.87222667736
601100,2026-03-31,38388,38786,-1.03,34928.12837345
001288,2026-03-31,9590,9833,-2.47,24492.2981230448
688616,2026-03-31,6752,6165,9.52,26566.6861670616
003033,2026-03-31,12920,11248,14.86,6327.39938080495
600315,2026-03-31,35824,38163,-6.13,18764.6823358642
603338,2026-03-31,29027,24000,20.95,17444.0306955593
603363,2026-03-31,98803,80652,22.51,26344.9675212291
600824,2026-03-31,54871,68002,-19.31,19209.1828652658
601117,2026-03-31,130784,139902,-6.52,46692.7618210179
301201,2026-03-31,14295,12962,10.28,10822.9327736971
920030,2026-03-31,5719,6646,-13.95,0.0
688690,2026-03-31,16122,15788,2.12,25047.4361121449
300393,2026-03-31,57672,61796,-6.67,18893.5247260369
603709,2026-03-31,7862,12864,-38.88,16036.2757568049
688253,2026-03-31,6140,6856,-10.44,22310.1491856678
603655,2026-03-31,6190,5886,5.16,17124.394184168
601456,2026-03-31,102734,104632,-1.81,50985.5822415169
603194,2026-03-31,17032,17270,-1.38,23543.9173320808
688217,2026-03-31,4568,4591,-0.5,12227.6479859895
688231,2026-03-31,10232,11652,-12.19,24125.9913017983
688281,2026-03-31,9251,8111,14.05,29463.914711923
688519,2026-03-31,12809,11119,15.2,18328.5972363182
600997,2026-03-31,41852,44367,-5.67,37938.4462152346
300511,2026-03-31,25855,27338,-5.42,24786.1928447109
603118,2026-03-31,63198,60453,4.54,12457.2993765625
688629,2026-03-31,44935,34669,29.61,10259.1038388784
601015,2026-03-31,119972,89223,34.46,17024.7861084253
605337,2026-03-31,29681,32236,-7.93,13143.1665712072
603300,2026-03-31,176105,213205,-17.4,11326.0511683371
002022,2026-03-31,48349,45135,7.12,10638.2897060953
301011,2026-03-31,10857,11772,-7.77,14216.9069724602
002593,2026-03-31,44682,53046,-15.77,17990.6456514928
300365,2026-03-31,28694,28401,1.03,20905.2578587858
301066,2026-03-31,15114,12780,18.26,15543.4108111685
300053,2026-03-31,91370,77529,17.85,7626.94892196563
300727,2026-03-31,17657,18147,-2.7,10201.979498216
002511,2026-03-31,80269,76342,5.14,16025.8357896573
300217,2026-03-31,47299,49184,-3.83,31247.530391763
300776,2026-03-31,25181,24931,1.0,10881.4943806838
300050,2026-03-31,39692,37733,5.19,13726.8648090295
300650,2026-03-31,19372,18119,6.92,12461.4222589304
000899,2026-03-31,59599,36884,61.58,16370.7068910552
002669,2026-03-31,29269,25138,16.43,10365.9161570262
000789,2026-03-31,41971,42437,-1.1,18999.031521765
688603,2026-03-31,7239,5759,25.7,17229.5239673988
000421,2026-03-31,31136,30389,2.46,18448.6039953751
300285,2026-03-31,78753,52160,50.98,12660.4484781532
002163,2026-03-31,121679,149925,-18.84,6944.1552527552
300685,2026-03-31,29264,27327,7.09,13379.4472389284
001212,2026-03-31,21713,24457,-11.22,9255.26753557776
002961,2026-03-31,35742,38996,-8.34,13343.7813496727
600600,2026-03-31,104654,96588,8.35,6775.90864181015
002542,2026-03-31,130754,142340,-8.14,13813.0897563363
002372,2026-03-31,43472,53083,-18.11,36622.1473132131
002443,2026-03-31,26165,27453,-4.69,19894.3443531435
605136,2026-03-31,33411,35242,-5.2,11985.8280207117
601022,2026-03-31,39689,37872,4.8,32972.192143919
002947,2026-03-31,21839,24341,-10.28,11731.7338705985
920957,2026-03-31,3809,3515,8.36,0.0
605009,2026-03-31,21682,23308,-6.98,9919.10155889678
300244,2026-03-31,49913,43390,15.03,12521.3759140905
002524,2026-03-31,40719,36629,11.17,12655.8013212505
002313,2026-03-31,41443,46079,-10.06,9034.09502207852
300446,2026-03-31,63981,69135,-7.45,13213.4557290446
605196,2026-03-31,21060,17572,19.85,24264.139648623
300823,2026-03-31,9987,10233,-2.4,13115.3226194052
605111,2026-03-31,62112,75384,-17.61,6686.83293083462
603915,2026-03-31,23287,25277,-7.87,28197.3839481256
000590,2026-03-31,14784,15034,-1.66,16198.0023674242
301156,2026-03-31,8359,10167,-17.78,16842.2867567891
603082,2026-03-31,13482,13780,-2.16,12032.89890224
001301,2026-03-31,24206,23680,2.22,10774.285301165
600219,2026-03-31,401731,363719,10.45,28585.5499301772
688535,2026-03-31,13608,14116,-3.6,7055.72626396238
600066,2026-03-31,41091,49250,-16.57,53878.9326859896
600507,2026-03-31,58098,61229,-5.11,39815.2757409894
002980,2026-03-31,19397,16509,17.49,9764.45635923081
603135,2026-03-31,21279,29645,-28.22,29806.7146012501
688196,2026-03-31,4786,5168,-7.39,26575.5944421229
301198,2026-03-31,8229,8961,-8.17,20537.1248025276
603869,2026-03-31,10026,10937,-8.33,49283.5216437263
688798,2026-03-31,17439,17781,-1.92,13368.2341877401
688113,2026-03-31,4370,4072,7.32,14736.2835240275
688549,2026-03-31,33850,36583,-7.47,43641.8316100443
688205,2026-03-31,20830,20513,1.55,7598.91161785886
301516,2026-03-31,14866,15122,-1.69,18882.1307009283
301449,2026-03-31,17769,17406,2.09,3670.29050593731
600227,2026-03-31,159760,65389,144.32,10570.4036367051
688765,2026-03-31,16797,18723,-10.29,21283.5625409299
603633,2026-03-31,26545,24194,9.72,16078.7650404973
688008,2026-03-31,124176,115743,7.29,9232.27130041232
002361,2026-03-31,190899,227417,-16.06,4981.87507006323
601890,2026-03-31,112261,108934,3.05,8546.15583328137
300988,2026-03-31,12978,12409,4.59,10810.3989058407
688160,2026-03-31,10897,10331,5.48,8335.52408919886
688786,2026-03-31,6622,5941,11.46,21715.4942615524
920252,2026-03-31,9880,11498,-14.07,0.0
603657,2026-03-31,11047,12959,-14.75,12237.7161220241
601966,2026-03-31,85407,87239,-2.1,17135.6291990118
600798,2026-03-31,79501,82570,-3.72,15176.339932831
688023,2026-03-31,13091,13327,-1.77,7775.14926285234
688123,2026-03-31,25079,23361,7.35,6310.89931815463
601098,2026-03-31,35951,36722,-2.1,49956.8857611749
688807,2026-03-31,14644,16132,-9.22,5462.98825457525
002303,2026-03-31,56834,53179,6.87,26943.7957032762
002876,2026-03-31,19053,18903,0.79,9126.3807274445
000877,2026-03-31,96850,97569,-0.74,73417.5704078472
688498,2026-03-31,13571,14388,-5.68,6333.19033232628
603230,2026-03-31,15852,16147,-1.83,22301.4761544285
600156,2026-03-31,24636,26429,-6.78,16322.0775288196
688085,2026-03-31,9409,8713,7.99,35440.8011478372
688128,2026-03-31,13145,12433,5.73,30772.1567135793
300269,2026-03-31,57332,54669,4.87,9577.78945440592
300608,2026-03-31,24851,27022,-8.03,13329.0401593497
301358,2026-03-31,49543,40243,23.11,15356.4120259169
301616,2026-03-31,9257,9755,-5.11,8642.10867451658
002153,2026-03-31,66956,73133,-8.45,40761.0048539339
002879,2026-03-31,21530,24316,-11.46,8969.23548536925
600858,2026-03-31,29578,31188,-5.16,17582.8855568328
603073,2026-03-31,9139,8496,7.57,12692.854798118
300118,2026-03-31,131803,79276,66.26,8649.37719930502
300641,2026-03-31,44365,43878,1.11,11845.9328299335
300389,2026-03-31,23175,18013,28.66,15926.6587702265
603197,2026-03-31,25663,28345,-9.46,8325.5998519269
300287,2026-03-31,107963,114555,-5.75,13294.1267656512
920839,2026-03-31,5340,5392,-0.96,0.0
605500,2026-03-31,16289,16794,-3.01,25440.4813064031
603630,2026-03-31,20644,19456,6.11,10908.9604727766
002307,2026-03-31,66925,70666,-5.29,24636.2204856182
600223,2026-03-31,44660,42585,4.87,22762.3997984774
002048,2026-03-31,51640,63564,-18.76,15759.7428737413
003030,2026-03-31,8212,9244,-11.16,15194.8368241598
601900,2026-03-31,35348,27551,28.3,24951.0607106484
000659,2026-03-31,40034,55250,-27.54,32115.265024729
603858,2026-03-31,51168,52700,-2.91,20609.9210834897
688580,2026-03-31,10297,8304,24.0,9300.89229872779
300531,2026-03-31,38426,35952,6.88,8355.77382501431
000969,2026-03-31,153444,171332,-10.44,6846.27223612523
688700,2026-03-31,14732,15038,-2.03,20255.3190333967
603207,2026-03-31,14499,14051,3.19,11091.7994344438
688153,2026-03-31,13582,12338,10.08,31682.5951995288
300488,2026-03-31,17188,13971,23.03,11125.25
688087,2026-03-31,7093,6979,1.63,27358.6317496123
688258,2026-03-31,13159,8541,54.07,9206.03670491679
300316,2026-03-31,81635,68027,20.0,16041.327825075
300441,2026-03-31,28740,30960,-7.17,22422.2640222686
301555,2026-03-31,10941,10117,8.14,8433.11397495659
002311,2026-03-31,24178,22454,7.68,68812.5556290843
301309,2026-03-31,10276,9396,9.37,9783.41767224601
920471,2026-03-31,4119,3628,13.53,0.0
688029,2026-03-31,11634,11721,-0.74,16146.4175691937
688383,2026-03-31,4175,5042,-17.2,24346.4670658683
002318,2026-03-31,26203,27866,-5.97,37292.3222531771
002950,2026-03-31,37419,36004,3.93,16923.6325663433
688216,2026-03-31,7166,6810,5.23,16017.2767234161
688669,2026-03-31,4621,4324,6.87,26256.9430859121
920790,2026-03-31,6062,6395,-5.21,0.0
920924,2026-03-31,6993,7249,-3.53,0.0
002782,2026-03-31,37432,31962,17.11,13249.7331961958
002696,2026-03-31,14937,16032,-6.83,23188.2079400147
688015,2026-03-31,7803,7783,0.26,24180.5385108292
688209,2026-03-31,18113,16774,7.98,23948.7687848507
603936,2026-03-31,57525,74377,-22.66,10958.678904824
688084,2026-03-31,6418,6200,3.52,11788.5736989716
603396,2026-03-31,42461,34706,22.34,3262.46386095476
603351,2026-03-31,6687,6359,5.16,20254.094810827
002646,2026-03-31,51889,50532,2.69,9233.3244811039
605266,2026-03-31,15083,14879,1.37,10246.1664125174
301512,2026-03-31,7722,8013,-3.63,6906.68220668221
301680,2026-03-31,25433,33064,-23.08,3255.61278653718
002201,2026-03-31,87551,100315,-12.72,7442.93315895878
300917,2026-03-31,18116,19808,-8.54,9328.77014793552
002709,2026-03-31,233672,256492,-8.9,8724.03088089288
600480,2026-03-31,61907,59019,4.89,19743.8807727721
300252,2026-03-31,65347,72163,-9.45,10132.8880285246
301033,2026-03-31,7567,6106,23.93,8860.7929166116
688727,2026-03-31,19237,20113,-4.36,23357.051515309
603257,2026-03-31,14087,15707,-10.31,8518.49222687584
002264,2026-03-31,61166,64665,-5.41,11768.1604159173
002560,2026-03-31,59409,56419,5.3,8849.47684694238
300612,2026-03-31,26298,34615,-24.03,6861.9094988212
301169,2026-03-31,7175,7705,-6.88,10040.4928222997
603320,2026-03-31,10676,11528,-7.39,13970.2325777445
301166,2026-03-31,11627,9901,17.43,7453.91485335856
300762,2026-03-31,100153,91645,9.28,6270.06452128244
600032,2026-03-31,78713,44989,74.96,30549.9132798902
003015,2026-03-31,30389,31907,-4.76,9248.96070946724
002551,2026-03-31,56453,58944,-4.23,14976.9645191575
603518,2026-03-31,22659,24674,-8.17,15241.2720773203
603810,2026-03-31,10052,10295,-2.36,16448.5398925587
300254,2026-03-31,18820,22776,-17.37,13605.6622210414
600673,2026-03-31,103329,79159,30.53,29125.947788133
002860,2026-03-31,25645,20981,22.23,14026.6139988302
600506,2026-03-31,40812,40388,1.05,4704.96260903656
600133,2026-03-31,65536,70732,-7.35,16269.5293426514
300151,2026-03-31,21568,23034,-6.36,24689.765578635
002267,2026-03-31,37727,34538,9.23,29476.9116282768
603908,2026-03-31,11494,11742,-2.11,8102.22620497651
301508,2026-03-31,13959,14551,-4.07,16196.3750985028
002674,2026-03-31,13268,14220,-6.69,22275.4706059692
300788,2026-03-31,13458,13647,-1.38,14129.2550899093
300535,2026-03-31,9410,9455,-0.48,11372.992879915
300857,2026-03-31,36816,31965,15.18,9401.36812798783
601212,2026-03-31,507966,303948,67.12,14577.3034238512
688270,2026-03-31,44574,37166,19.93,4802.16269574191
601777,2026-03-31,68425,63864,7.14,66073.8044720497
600998,2026-03-31,58392,51257,13.92,86355.4979106727
002811,2026-03-31,16359,15523,5.39,18825.7231493368
688177,2026-03-31,9898,9186,7.75,41834.7140836533
002226,2026-03-31,67886,64869,4.65,39020.1640249831
002918,2026-03-31,15605,15144,3.04,26197.1470041653
003017,2026-03-31,12064,11633,3.7,6962.86472148541
300302,2026-03-31,42034,39455,6.54,11401.8127706143
000881,2026-03-31,47334,45423,4.21,19973.5035069929
300665,2026-03-31,15958,15119,5.55,13720.1234490538
920942,2026-03-31,7629,7287,4.69,0.0
603273,2026-03-31,15670,16777,-6.6,13676.6687938736
301348,2026-03-31,43033,30708,40.14,5577.11523714359
600330,2026-03-31,116436,134633,-13.52,10593.2393417843
002003,2026-03-31,24822,22602,9.82,47896.6099830795
002624,2026-03-31,92168,94700,-2.67,21048.1772849579
920970,2026-03-31,5154,5582,-7.67,0.0
688179,2026-03-31,12414,12226,1.54,26864.4264540035
300875,2026-03-31,25107,23819,5.41,3976.37117138647
688695,2026-03-31,5271,4970,6.06,16135.7195977993
603106,2026-03-31,50089,53260,-5.95,10391.9024137036
300274,2026-03-31,312188,255128,22.37,6640.90683818725
300423,2026-03-31,29485,28446,3.65,16873.3691707648
002556,2026-03-31,34771,36991,-6.0,27221.4799689396
002521,2026-03-31,19606,18026,8.77,28565.7987350811
300832,2026-03-31,19630,14446,35.89,40026.4281711666
300276,2026-03-31,106891,124156,-13.91,13107.2119261678
603178,2026-03-31,27236,29862,-8.79,8680.12487149361
603317,2026-03-31,30499,28990,5.21,34909.8263549625
002126,2026-03-31,39798,52112,-23.63,21277.5942258405
688358,2026-03-31,6404,6207,3.17,17508.6841036852
002326,2026-03-31,125373,136185,-7.94,7379.00214559754
002296,2026-03-31,41455,41702,-0.59,9397.67024484381
603395,2026-03-31,26535,26271,1.0,9798.3794987752
600048,2026-03-31,252972,254779,-0.71,47319.2425169584
002746,2026-03-31,27814,29019,-4.15,30939.0496512548
603382,2026-03-31,15694,16710,-6.08,11549.0867847585
600456,2026-03-31,63454,57318,10.71,7529.51018060327
002603,2026-03-31,148000,150712,-1.8,11288.5498378378
301001,2026-03-31,10960,12484,-12.21,7299.2700729927
688577,2026-03-31,7233,5459,32.5,15385.0033181253
002833,2026-03-31,19803,28222,-29.83,21422.6257637732
300551,2026-03-31,18960,26584,-28.68,17935.8037447257
300449,2026-03-31,20823,18454,12.84,18538.9227776977
301392,2026-03-31,17579,21207,-17.11,5688.60572273736
000928,2026-03-31,49229,50653,-2.81,29142.2661642528
301571,2026-03-31,12419,14868,-16.47,14447.6936951445
300039,2026-03-31,48413,47127,2.73,21605.7670460414
603776,2026-03-31,11976,14124,-15.21,23443.6015364062
300583,2026-03-31,13671,13375,2.21,13876.2435813035
688653,2026-03-31,12105,13393,-9.62,35066.5014456836
605358,2026-03-31,92835,88952,4.37,7231.9471104648
688229,2026-03-31,6837,5678,20.41,6494.076349276
688082,2026-03-31,22450,20296,10.61,21388.1865924276
002402,2026-03-31,195990,233121,-15.93,4717.7829736211
001222,2026-03-31,12847,12125,5.95,14858.7218805947
603681,2026-03-31,17055,14617,16.68,12541.1855174436
688012,2026-03-31,51122,52180,-2.03,12248.0596807637
600882,2026-03-31,42840,40385,6.08,11906.0141690009
002575,2026-03-31,64237,51472,24.8,9597.27259990348
603399,2026-03-31,46157,39904,15.67,11098.8723053925
920100,2026-03-31,6075,7657,-20.66,0.0
600298,2026-03-31,48067,46712,2.9,18056.6432479664
301239,2026-03-31,9923,11003,-9.82,15078.0054419026
300298,2026-03-31,25281,26471,-4.5,22161.5993433804
300001,2026-03-31,66805,73868,-9.56,15800.2801137639
002292,2026-03-31,120136,120827,-0.57,12308.5477875075
301285,2026-03-31,6714,8344,-19.53,30781.9481680072
300315,2026-03-31,174498,164187,6.28,15516.5732730461
002187,2026-03-31,39776,44158,-9.92,17621.0436695495
300078,2026-03-31,65255,69013,-5.45,17130.8287487549
603613,2026-03-31,41851,38831,7.78,17216.7406513584
300529,2026-03-31,47950,49587,-3.3,16654.9588112617
300913,2026-03-31,31333,35518,-11.78,10939.939361057
002756,2026-03-31,29922,41576,-28.03,18016.895261012
688180,2026-03-31,38172,37960,0.56,20077.3910457927
000524,2026-03-31,40943,43187,-5.2,16369.3084776396
002416,2026-03-31,58223,70755,-17.71,21285.0901877265
300921,2026-03-31,22544,17877,26.11,8152.83388041164
300624,2026-03-31,53320,50784,4.99,3625.96256564141
000582,2026-03-31,67489,66080,2.13,37296.2183466935
000801,2026-03-31,74278,81769,-9.16,13682.715730095
301418,2026-03-31,8567,8278,3.49,8559.97828878254
000863,2026-03-31,25253,37650,-32.93,46754.8235853166
000598,2026-03-31,60953,60518,0.72,48955.8958705888
300718,2026-03-31,61607,69328,-11.14,4849.75781972828
300973,2026-03-31,12144,10973,10.67,13944.3783761528
002565,2026-03-31,203377,167844,21.17,5211.94098644389
002579,2026-03-31,92561,105302,-12.1,6618.53934162336
002702,2026-03-31,64480,84716,-23.89,8619.10669975186
603262,2026-03-31,16385,17748,-7.68,24413.1827891364
300300,2026-03-31,105977,103479,2.41,6292.37534559386
000797,2026-03-31,49417,58006,-14.81,31785.7056680899
688785,2026-03-31,9063,16420,-44.81,7470.11894516164
000537,2026-03-31,95372,43488,119.31,21554.7319863272
688506,2026-03-31,7777,5761,34.99,53089.0853799666
002639,2026-03-31,223092,329195,-32.23,3463.15501228193
000428,2026-03-31,31634,39973,-20.86,32209.8375165961
000776,2026-03-31,158637,166081,-4.48,37217.3535240833
603386,2026-03-31,30721,46842,-34.42,10622.1333940952
688102,2026-03-31,40299,38113,5.74,19295.6104866126
002015,2026-03-31,177480,81002,119.11,9146.52137705657
920247,2026-03-31,9027,10371,-12.96,0.0
000903,2026-03-31,82451,90583,-8.98,23466.597251701
300751,2026-03-31,57903,31261,85.22,4825.39775141184
301263,2026-03-31,12996,13106,-0.84,32740.6509695291
688283,2026-03-31,4012,3996,0.4,30358.9232303091
000778,2026-03-31,108715,118723,-8.43,36454.7880697236
688790,2026-03-31,12957,14673,-11.69,7681.69236706028
688091,2026-03-31,9401,8343,12.68,21987.409850016
301190,2026-03-31,11031,10694,3.15,19457.5741093283
688002,2026-03-31,19097,15075,26.68,24310.5121746871
688299,2026-03-31,17502,20985,-16.6,16420.5744486344
688376,2026-03-31,6578,7919,-16.93,20561.2563089085
000032,2026-03-31,70444,71420,-1.37,17250.2883283175
301378,2026-03-31,12054,11825,1.94,8013.93728222996
301055,2026-03-31,7964,7665,3.9,19588.1466599699
300596,2026-03-31,15418,15941,-3.28,14892.960630432
920274,2026-03-31,4614,6003,-23.14,0.0
920123,2026-03-31,4625,5026,-7.98,0.0
688328,2026-03-31,9275,7053,31.5,10183.967115903
600052,2026-03-31,32764,31112,5.31,25765.9242156025
000893,2026-03-31,31170,23836,30.77,29645.530542188
301429,2026-03-31,7781,7437,4.63,15193.4198689115
001376,2026-03-31,25249,21464,17.63,18254.1882846845
600153,2026-03-31,58564,66764,-12.28,49510.5961170685
300805,2026-03-31,23870,19955,19.62,17781.4056137411
603110,2026-03-31,23651,25996,-9.02,8508.17014079743
920802,2026-03-31,2648,2899,-8.66,0.0
603728,2026-03-31,60834,61848,-1.64,6885.66426669297
920807,2026-03-31,9829,10691,-8.06,18504.4256791128
920527,2026-03-31,5278,5558,-5.04,0.0
920438,2026-03-31,6296,7611,-17.28,0.0
688010,2026-03-31,10351,11986,-13.64,15511.697227321
002139,2026-03-31,108427,107647,0.72,11499.3035682994
301626,2026-03-31,8788,7787,12.85,13163.4046426946
002970,2026-03-31,17394,17405,-0.06,10464.6751753478
300945,2026-03-31,29420,26607,10.57,8907.94116247451
688078,2026-03-31,5411,5353,1.08,13471.2622435779
605080,2026-03-31,10971,11570,-5.18,12901.3617719442
000597,2026-03-31,47538,48100,-1.17,30019.9475156717
000566,2026-03-31,112860,117458,-3.91,11495.3493354599
002446,2026-03-31,108280,90904,19.11,8454.15334318434
002005,2026-03-31,30311,31283,-3.11,57814.8150176504
603335,2026-03-31,17268,18754,-7.92,24794.1047023396
600243,2026-03-31,14924,15381,-2.97,29405.6553202895
300879,2026-03-31,23686,22729,4.21,8545.08287596048
000526,2026-03-31,20107,20368,-1.28,6060.63107375541
300154,2026-03-31,16545,16160,2.38,27171.6652160774
603360,2026-03-31,31387,23181,35.4,22500.5146716794
688170,2026-03-31,11813,8631,36.87,8749.68255311944
920685,2026-03-31,5559,5688,-2.27,0.0
920035,2026-03-31,4772,5882,-18.87,0.0
920932,2026-03-31,8800,9805,-10.25,0.0
920207,2026-03-31,8160,6627,23.13,0.0
920717,2026-03-31,3395,2929,15.91,0.0
920163,2026-03-31,4358,4620,-5.67,0.0
000777,2026-03-31,86165,74787,15.21,4449.80668484884
920799,2026-03-31,14723,16287,-9.6,0.0
002493,2026-03-31,76418,67353,13.46,130721.063806956
001201,2026-03-31,20231,19162,5.58,12742.0296080273
688560,2026-03-31,11187,11175,0.11,17994.2717439886
301193,2026-03-31,7548,7866,-4.04,25858.3359830419
920857,2026-03-31,3415,3787,-9.82,0.0
002023,2026-03-31,89328,76164,17.28,8293.70673249149
300833,2026-03-31,7846,7292,7.6,16121.6543461637
003016,2026-03-31,19102,27365,-30.2,22014.5331378913
920564,2026-03-31,6458,5801,11.33,0.0
000968,2026-03-31,58166,38736,50.16,16633.4741945466
600737,2026-03-31,94345,81184,16.21,22670.4989983571
603038,2026-03-31,22347,24733,-9.65,12022.9608448561
603376,2026-03-31,24678,26769,-7.81,16208.8094659211
002195,2026-03-31,945629,620719,52.34,5996.59559510125
002577,2026-03-31,28847,31151,-7.4,9730.23191319721
605055,2026-03-31,11324,17796,-36.37,38855.5280819498
002149,2026-03-31,165571,143130,15.68,2948.67020190734
920964,2026-03-31,9574,10195,-6.09,0.0
003021,2026-03-31,49689,46026,7.96,4844.82279780233
920188,2026-03-31,13068,4,326600.0,0.0
301273,2026-03-31,4825,4998,-3.46,14848.0397927461
601169,2026-03-31,222364,215202,3.33,95082.7664190247
301323,2026-03-31,11106,13088,-15.14,9507.35548352242
002189,2026-03-31,35635,39992,-10.89,7329.85191525186
002919,2026-03-31,12695,11909,6.6,20994.5699881843
002790,2026-03-31,20491,20807,-1.52,20392.9676443317
688251,2026-03-31,4472,3733,19.8,22496.0789355993
301136,2026-03-31,26014,31279,-16.83,10579.1043284385
920748,2026-03-31,4840,5197,-6.87,0.0
300384,2026-03-31,19079,19272,-1.0,16720.3346611458
300420,2026-03-31,30759,31637,-2.78,36294.5336649436
301275,2026-03-31,20483,12979,57.82,20621.9792022653
920576,2026-03-31,12266,9840,24.65,0.0
688090,2026-03-31,6170,7958,-22.47,19833.0735818477
000711,2026-03-31,72011,32270,123.15,41006.5437641471
301382,2026-03-31,31429,34342,-8.48,9086.95481879792
300812,2026-03-31,22511,18852,19.41,6222.60357158722
300790,2026-03-31,36131,33808,6.87,10354.5149871302
301070,2026-03-31,5428,6504,-16.54,16623.0361090641
002101,2026-03-31,46081,48521,-5.03,14417.5742496908
920547,2026-03-31,3259,3508,-7.1,0.0
000555,2026-03-31,113225,114012,-0.69,8618.0122499448
603116,2026-03-31,17038,20569,-17.17,33818.5702547247
688623,2026-03-31,5093,5993,-15.02,11612.546632633
600289,2026-03-31,16624,17076,-2.65,37960.302514437
301276,2026-03-31,8684,8140,6.68,14923.9981575311
301267,2026-03-31,21273,22281,-4.52,39486.6732477789
300735,2026-03-31,59948,65274,-8.16,12802.1066424234
002468,2026-03-31,44764,46127,-2.95,34197.171074971
301308,2026-03-31,89679,80056,12.02,4673.8396614592
002319,2026-03-31,12533,10880,15.19,16713.6766935291
002362,2026-03-31,52804,53113,-0.58,4629.47212332399
600979,2026-03-31,84749,74581,13.63,14886.9838464171
300037,2026-03-31,46230,43937,5.22,16261.9904391088
002129,2026-03-31,288844,304021,-4.99,13997.5757606182
600197,2026-03-31,56751,56311,0.78,8337.73355535585
002253,2026-03-31,21927,26203,-16.32,10289.8752679345
920403,2026-03-31,4352,4054,7.35,0.0
002869,2026-03-31,26570,25723,3.29,6658.44904027098
002215,2026-03-31,36870,37905,-2.73,27248.0013561161
002305,2026-03-31,35498,41115,-13.66,48853.9007831427
002931,2026-03-31,43089,12984,231.86,5071.0356703567
000917,2026-03-31,96691,90762,6.53,14660.6854619354
301269,2026-03-31,50621,51762,-2.2,10774.9275597084
300004,2026-03-31,30397,36319,-16.31,15790.8213968484
002199,2026-03-31,8743,10030,-12.83,27844.2597506577
300518,2026-03-31,12310,12471,-1.29,16199.1532087734
920476,2026-03-31,5708,6261,-8.83,0.0
300424,2026-03-31,33115,35010,-5.41,7411.62406764306
605089,2026-03-31,11361,12471,-8.9,12146.8180617903
301118,2026-03-31,11193,13511,-17.16,9845.11748414188
002261,2026-03-31,432070,432908,-0.19,2916.09385979124
920221,2026-03-31,4365,4996,-12.63,0.0
301306,2026-03-31,29923,24546,21.91,2820.57280352906
002388,2026-03-31,33625,25598,31.36,15188.0327137546
002745,2026-03-31,58641,49743,17.89,25309.3637386811
300978,2026-03-31,18727,23337,-19.75,22571.8341966145
001400,2026-03-31,11537,8263,39.62,5200.65875010835
920806,2026-03-31,8885,9629,-7.73,33847.6833989871
920008,2026-03-31,5687,5940,-4.26,0.0
002295,2026-03-31,24744,31730,-22.02,10128.3543485289
301115,2026-03-31,18686,19230,-2.83,9821.51610831639
688072,2026-03-31,17104,22606,-24.34,16507.5363657624
001387,2026-03-31,15180,16789,-9.58,12057.3386034256
000788,2026-03-31,56011,57502,-2.59,10640.5424827266
688515,2026-03-31,8726,8732,-0.07,9168.00366720147
002570,2026-03-31,120090,136400,-11.96,8993.61589641102
002625,2026-03-31,134099,105882,26.65,16067.1433940596
300353,2026-03-31,52560,59459,-11.6,11698.8752092846
920690,2026-03-31,3058,3549,-13.83,21680.837148463
920346,2026-03-31,5641,6173,-8.62,0.0
002304,2026-03-31,167555,159511,5.04,8990.74974784399
000656,2026-03-31,112451,117898,-4.62,94566.3589652382
300284,2026-03-31,49803,52144,-4.49,25356.4599321326
300163,2026-03-31,29345,27220,7.81,16152.6665530755
300712,2026-03-31,21555,20424,5.54,8700.81350034795
300169,2026-03-31,27644,29485,-6.24,11792.2276081609
920926,2026-03-31,3971,4138,-4.04,0.0
002792,2026-03-31,165236,138311,19.47,3170.22942942216
301203,2026-03-31,6027,6303,-4.38,13273.6021237763
300587,2026-03-31,25360,25379,-0.07,51193.5645504732
002009,2026-03-31,106950,109313,-2.16,3760.94630201028
301557,2026-03-31,6290,4154,51.42,7044.17662957075
300082,2026-03-31,32827,36903,-11.05,20717.6470588235
000825,2026-03-31,154030,160837,-4.23,36981.4178796338
300260,2026-03-31,62405,81907,-23.81,6534.84099030526
300746,2026-03-31,14530,14966,-2.91,15536.0170681349
920407,2026-03-31,3351,3542,-5.39,0.0
300419,2026-03-31,15503,19192,-19.22,23721.4584274012
920239,2026-03-31,9721,10654,-8.76,0.0
688472,2026-03-31,72411,67004,8.07,50311.9707226803
001266,2026-03-31,13767,18525,-25.68,7527.9539478463
300345,2026-03-31,44338,27392,61.86,13092.1319184447
600468,2026-03-31,89993,90701,-0.78,12086.888102408
920786,2026-03-31,9165,10852,-15.55,0.0
600512,2026-03-31,59187,56924,3.98,26928.3960835994
601133,2026-03-31,33959,38638,-12.11,15548.7035542861
603367,2026-03-31,42064,45143,-6.82,10763.4587533283
603700,2026-03-31,13525,13372,1.14,14784.6161922366
688183,2026-03-31,40028,40484,-1.13,20780.982687119
600088,2026-03-31,28412,27673,2.67,13997.8319020132
920000,2026-03-31,5346,5773,-7.4,0.0
600503,2026-03-31,104510,108195,-3.41,15331.4515357382
603284,2026-03-31,20653,37501,-44.93,3651.51793928243
603229,2026-03-31,31020,29760,4.23,26766.5101547389
600160,2026-03-31,76832,67718,13.46,35138.3028035194
603757,2026-03-31,39352,50301,-21.77,4740.47720573287
603225,2026-03-31,25608,18484,38.54,65506.6299593877
603009,2026-03-31,32446,34858,-6.92,10675.8865499599
601366,2026-03-31,44818,52098,-13.97,21414.1887857557
600724,2026-03-31,22343,25885,-13.68,64684.2890838294
688056,2026-03-31,3628,3223,12.57,18592.1885336273
600463,2026-03-31,12749,13409,-4.92,23531.2573535179
688543,2026-03-31,20032,20640,-2.95,10425.4207268371
603788,2026-03-31,14137,15384,-8.11,15778.8121949494
600097,2026-03-31,19216,20195,-4.85,12538.3305058285
600668,2026-03-31,36252,36695,-1.21,11389.7328147413
688372,2026-03-31,17384,12821,35.59,9638.80430280718
600970,2026-03-31,43231,42450,1.84,60646.7471027735
603279,2026-03-31,21201,18412,15.15,27186.1232960709
688459,2026-03-31,14365,14153,1.5,33414.5492516533
603109,2026-03-31,22116,24275,-8.89,9443.31524688009
301668,2026-03-31,13890,19181,-27.58,7919.36645068394
600630,2026-03-31,54002,57326,-5.8,7867.51596237176
301330,2026-03-31,25251,21054,19.93,9320.48433725397
300220,2026-03-31,17434,19580,-10.96,8672.70850063095
002067,2026-03-31,140911,158443,-11.07,10466.5629581793
002612,2026-03-31,52758,50929,3.59,8386.31818871072
301295,2026-03-31,5323,5556,-4.19,18936.6898365583
300533,2026-03-31,32787,32762,0.08,7151.0650562723
300984,2026-03-31,10059,10288,-2.23,12275.4177353614
300885,2026-03-31,25972,24727,5.03,9554.58955798552
002727,2026-03-31,41801,44488,-6.04,14009.3329106959
003026,2026-03-31,29113,28568,1.91,4452.2721808127
600151,2026-03-31,180211,203862,-11.6,7958.73885056961
688122,2026-03-31,74239,68850,7.83,8750.98663775105
920505,2026-03-31,6016,6408,-6.12,0.0
000910,2026-03-31,18150,18030,0.67,30159.6418732782
001256,2026-03-31,10150,9255,9.67,14050.4983251232
002350,2026-03-31,49819,33377,49.26,10886.0344647624
600560,2026-03-31,17488,17426,0.36,12788.5121225984
688069,2026-03-31,4412,4004,10.19,25611.9673617407
920018,2026-03-31,7652,9451,-19.04,16640.0371144799
688571,2026-03-31,8797,8765,0.37,48217.6537455951
600854,2026-03-31,23850,24019,-0.7,21780.2322012579
300369,2026-03-31,47677,39598,20.4,17002.3677454538
301051,2026-03-31,11935,12199,-2.16,17012.4387096774
300026,2026-03-31,91988,93824,-1.96,32658.1166782624
688420,2026-03-31,5342,4931,8.34,16553.7251965556
920504,2026-03-31,2616,2672,-2.1,0.0
603050,2026-03-31,15439,14398,7.23,26123.4013213291
002105,2026-03-31,27108,31060,-12.72,13510.4747675963
920223,2026-03-31,7242,8677,-16.54,0.0
920834,2026-03-31,6475,7220,-10.32,0.0
600851,2026-03-31,31187,32358,-3.62,23670.3148747876
601226,2026-03-31,59317,49163,20.65,19593.43358565
920055,2026-03-31,11869,5,237280.0,0.0
603926,2026-03-31,11490,10922,5.2,20427.9034812881
002965,2026-03-31,40225,45893,-12.35,6597.39860783095
300633,2026-03-31,18332,18578,-1.32,23604.2114881082
300909,2026-03-31,9947,8623,15.35,17389.462048859
300774,2026-03-31,16979,17953,-5.43,24074.6604629248
002685,2026-03-31,77480,82774,-6.4,13005.8162235416
920099,2026-03-31,3666,3467,5.74,0.0
603928,2026-03-31,22164,25462,-12.95,11824.5804006497
688425,2026-03-31,65156,63330,2.88,81857.3423782921
300098,2026-03-31,84852,86863,-2.32,20480.1569202847
301293,2026-03-31,66578,44604,49.26,3093.91971822524
600262,2026-03-31,17148,16719,2.57,9913.692558899
603615,2026-03-31,14434,11942,20.87,16753.4986836636
920037,2026-03-31,6679,5714,16.89,0.0
300701,2026-03-31,21624,24770,-12.7,13075.0609970403
301283,2026-03-31,7707,6515,18.3,10434.3871804853
300203,2026-03-31,22611,23947,-5.58,19845.986466764
600590,2026-03-31,77253,92878,-16.82,11039.9563770986
603611,2026-03-31,22493,23171,-2.93,11452.4870404126
301317,2026-03-31,11534,11000,4.85,13628.4029824866
300872,2026-03-31,41443,45212,-8.34,11778.1309992037
300779,2026-03-31,30423,25754,18.13,6607.10689281136
300850,2026-03-31,58441,53814,8.6,7085.5364384593
300891,2026-03-31,22986,23966,-4.09,17402.2558948925
301175,2026-03-31,47044,51682,-8.97,31287.3055012329
301329,2026-03-31,14360,16269,-11.73,11852.3676880223
600255,2026-03-31,147766,148453,-0.46,12223.0212295115
600654,2026-03-31,114140,121975,-6.42,25211.0906518311
600249,2026-03-31,39132,38590,1.4,14054.9933558213
601958,2026-03-31,99389,79000,25.81,32464.401493123
603345,2026-03-31,28634,63194,-54.69,10242.866242928
600795,2026-03-31,443579,312202,42.08,40208.4388169864
603029,2026-03-31,14384,13344,7.79,8435.90100111235
300132,2026-03-31,21930,24882,-11.86,23555.8999544004
688382,2026-03-31,17726,14901,18.96,32627.129132348
603306,2026-03-31,26043,21169,23.02,12651.9542679415
600210,2026-03-31,77135,78162,-1.31,19663.397394179
002398,2026-03-31,37128,38242,-2.91,18800.8479045464
002290,2026-03-31,14597,12907,13.09,16997.4878399671
603096,2026-03-31,11092,11489,-3.46,13905.0328164443
600135,2026-03-31,42900,34051,25.99,12897.6013752914
600975,2026-03-31,68106,68147,-0.06,18348.7760256071
603013,2026-03-31,17245,16780,2.77,29470.5458973616
600968,2026-03-31,114932,78824,45.81,88444.5080482372
600211,2026-03-31,43143,42842,0.7,7470.95000347681
603334,2026-03-31,17894,18656,-4.08,8019.44785961775
603089,2026-03-31,15325,16619,-7.79,17991.466949429
002857,2026-03-31,12677,12106,4.72,10304.803975704
300815,2026-03-31,34039,36627,-7.07,11709.8622168689
600633,2026-03-31,80243,79995,0.31,15802.9295016388
603221,2026-03-31,12192,15894,-23.29,20057.4146981627
605167,2026-03-31,14071,22683,-37.97,31916.6586596546
600327,2026-03-31,60241,66541,-9.47,14687.3311864013
600838,2026-03-31,44816,49250,-9.0,8945.06383880757
301667,2026-03-31,26483,30278,-12.53,4216.65219197221
300972,2026-03-31,8257,7423,11.24,23167.4197650478
301199,2026-03-31,13148,14856,-11.5,14198.0529358077
688019,2026-03-31,14331,14747,-2.82,12210.8991696323
000935,2026-03-31,20497,24920,-17.75,37246.4425525687
920599,2026-03-31,12765,13135,-2.82,36233.8425381904
600584,2026-03-31,320364,366823,-12.67,5585.56694884569
600867,2026-03-31,103178,85759,20.31,18982.1747756305
688320,2026-03-31,11458,13601,-15.76,13179.7580729621
603341,2026-03-31,44944,34732,29.4,10464.83499466
002771,2026-03-31,49907,42988,16.1,4203.09976556395
688162,2026-03-31,7582,7732,-1.94,18082.4024004221
688244,2026-03-31,7299,7540,-3.2,20682.4933552541
603683,2026-03-31,14732,14493,1.65,19764.4486152593
605180,2026-03-31,8109,8660,-6.36,20841.0408188433
002194,2026-03-31,80499,82040,-1.88,8488.12787736494
002444,2026-03-31,39486,29539,33.67,30250.6757331712
688232,2026-03-31,10939,9575,14.25,29434.3152939026
000591,2026-03-31,193163,154431,25.08,20323.7706600125
920227,2026-03-31,4611,5021,-8.17,0.0
603267,2026-03-31,40267,40157,0.27,5738.71636824198
600990,2026-03-31,37939,37560,1.01,7144.39840269907
600496,2026-03-31,69712,75060,-7.12,28547.8134754418
688266,2026-03-31,8344,10029,-16.8,31724.3751198466
300439,2026-03-31,23782,23223,2.41,16160.0712723909
002185,2026-03-31,402658,474547,-15.15,8113.16021785237
600500,2026-03-31,70456,67871,3.81,50929.7476864994
605298,2026-03-31,8595,10179,-15.56,21855.7300756254
600741,2026-03-31,60882,57995,4.98,51784.172399067
600455,2026-03-31,10731,10181,5.4,5820.33361289721
600395,2026-03-31,42337,45395,-6.74,50703.283038477
603005,2026-03-31,133062,143132,-7.04,4901.26186289098
002890,2026-03-31,5975,6097,-2.0,28430.9891213389
600758,2026-03-31,97234,45007,116.04,13596.2461073287
300400,2026-03-31,23152,25607,-9.59,10479.690739461
920627,2026-03-31,5255,5325,-1.31,0.0
920212,2026-03-31,4894,5212,-6.1,0.0
300711,2026-03-31,24886,27029,-7.93,11268.7306919553
603305,2026-03-31,75175,82422,-8.79,15373.5757366146
603855,2026-03-31,15336,17964,-14.63,22007.7595200835
603270,2026-03-31,19744,19251,2.56,11097.3798115883
600538,2026-03-31,19201,18219,5.39,27300.5753866986
601921,2026-03-31,43147,43626,-1.1,51503.5164206086
920419,2026-03-31,6180,6549,-5.63,0.0
002095,2026-03-31,36696,37607,-2.42,6886.8541530412
601231,2026-03-31,55869,55118,1.36,42762.6246755804
688314,2026-03-31,5692,5715,-0.4,14272.5179198876
605377,2026-03-31,14765,19095,-22.68,37702.0161192008
688178,2026-03-31,4120,3699,11.38,20630.5446601942
603040,2026-03-31,10678,7801,36.88,12779.1623899607
920523,2026-03-31,9638,10249,-5.96,0.0
688468,2026-03-31,10721,9995,7.26,37413.3009980412
688119,2026-03-31,20894,20573,1.56,53843.2085766249
603201,2026-03-31,9106,10100,-9.84,20863.136613222
603043,2026-03-31,19097,19156,-0.31,29783.2541760486
603031,2026-03-31,21221,21363,-0.66,12149.5119457142
603713,2026-03-31,12067,12405,-2.72,13104.1369022955
603899,2026-03-31,41279,40286,2.46,22310.8693766806
300617,2026-03-31,24621,17360,41.83,6730.33849153162
603328,2026-03-31,44744,43554,2.73,22314.5586223851
688698,2026-03-31,16273,12087,34.63,13152.0170835126
601000,2026-03-31,59108,59770,-1.11,100255.948670231
600444,2026-03-31,14372,17229,-16.58,10187.999721681
603036,2026-03-31,14627,14007,4.43,14083.9560401996
603085,2026-03-31,21051,27195,-22.59,18863.7119376752
603337,2026-03-31,12390,14963,-17.2,38451.306779661
300100,2026-03-31,62924,67200,-6.36,9090.06007246838
001223,2026-03-31,6788,6958,-2.44,13752.5044195639
300892,2026-03-31,12246,13460,-9.02,8165.93173281071
688686,2026-03-31,7868,6459,21.81,15535.7721148958
603701,2026-03-31,9154,9013,1.56,28551.6605855364
603002,2026-03-31,49057,47978,2.25,23117.5675031086
603200,2026-03-31,41869,39551,5.86,4191.1701497528
000544,2026-03-31,24277,23631,2.73,40148.4733698562
300041,2026-03-31,34273,34637,-1.05,16322.8977329093
301365,2026-03-31,11300,10729,5.32,15929.203539823
301048,2026-03-31,23680,20328,16.49,22522.5253378378
688167,2026-03-31,14508,14257,1.76,6193.79128756548
002439,2026-03-31,91844,93259,-1.52,13189.7587757502
300016,2026-03-31,40838,40452,0.95,13783.0736813752
300606,2026-03-31,17532,15546,12.77,7891.1605065024
301590,2026-03-31,7592,7145,6.26,5539.13698630137
300113,2026-03-31,76820,58451,31.43,8898.28276490497
003011,2026-03-31,10027,11890,-15.67,10239.952129251
301073,2026-03-31,11338,12246,-7.41,17150.3833127536
688779,2026-03-31,44600,49658,-10.19,43256.0448430493
688331,2026-03-31,19720,17456,12.97,18047.4768762678
301291,2026-03-31,23309,21385,9.0,13393.967995195
002563,2026-03-31,42224,45738,-7.68,63804.7120121258
002141,2026-03-31,48649,41876,16.17,21232.4158358856
920876,2026-03-31,5729,5791,-1.07,0.0
300566,2026-03-31,23141,24970,-7.32,11326.4173112657
002532,2026-03-31,93692,58563,59.98,49403.7635550527
601555,2026-03-31,109066,103705,5.17,45556.8448187336
605178,2026-03-31,9993,15644,-36.12,9914.94045832082
601018,2026-03-31,117319,135632,-13.5,165824.703577426
603331,2026-03-31,30974,12810,141.8,6527.26919351714
920166,2026-03-31,5078,15,33753.33,0.0
002455,2026-03-31,102707,78576,30.71,7034.2089633618
001213,2026-03-31,65681,67804,-3.13,67667.1251046726
300838,2026-03-31,10749,10922,-1.58,12836.3568704066
603124,2026-03-31,9023,10936,-17.49,16152.6320514241
002145,2026-03-31,127431,108409,17.55,29872.4186657878
601599,2026-03-31,47198,57877,-18.45,24588.8057332938
300451,2026-03-31,58596,61788,-5.17,26437.379548092
002390,2026-03-31,70442,73900,-4.68,27595.0692484597
300904,2026-03-31,8961,8714,2.83,8077.58419819217
600056,2026-03-31,129001,131402,-1.83,11595.8771482392
688278,2026-03-31,9485,7906,19.97,43035.2641012124
600598,2026-03-31,93979,108976,-13.76,18915.7142446717
002715,2026-03-31,14290,14179,0.78,9657.10286913926
603779,2026-03-31,23717,23703,0.06,14001.8870008854
600073,2026-03-31,49287,48772,1.06,19025.8987562643
920866,2026-03-31,8013,8299,-3.45,0.0
002084,2026-03-31,31808,39004,-18.45,20311.1179577465
002385,2026-03-31,271782,229840,18.25,15821.7930731248
605398,2026-03-31,22419,23308,-3.81,7257.96775056871
920033,2026-03-31,3743,3821,-2.04,0.0
002662,2026-03-31,41500,42327,-1.95,36144.578313253
000630,2026-03-31,866667,342027,153.39,15472.4611759765
002093,2026-03-31,86809,95974,-9.55,11605.9394763216
688361,2026-03-31,14367,13398,7.23,24372.7456671539
688813,2026-03-31,24863,22,112913.64,6435.26525358967
920689,2026-03-31,6146,6611,-7.03,0.0
603020,2026-03-31,18327,18110,1.2,20911.1024171987
600815,2026-03-31,75987,80949,-6.13,23347.3420453499
920526,2026-03-31,4663,4880,-4.45,0.0
600714,2026-03-31,29592,20435,44.81,9738.31687618275
603505,2026-03-31,27650,24151,14.49,30440.1017359855
601858,2026-03-31,34557,42710,-19.09,22875.2495876378
601020,2026-03-31,96289,85644,12.43,8515.66324294572
603866,2026-03-31,56049,59998,-6.58,28541.4397223858
601233,2026-03-31,53585,48839,9.72,44396.7806289073
600686,2026-03-31,34243,28667,19.45,20939.9707093421
603536,2026-03-31,20961,23833,-12.05,11563.4168217165
601886,2026-03-31,18132,16790,7.99,62486.3258327818
600718,2026-03-31,75725,87296,-13.25,15799.7867547045
920422,2026-03-31,3906,4803,-18.68,0.0
605376,2026-03-31,18332,13461,36.19,14270.1287366354
601388,2026-03-31,105007,70605,48.72,20962.627405792
688132,2026-03-31,7792,8134,-4.2,19536.0888090349
688067,2026-03-31,4704,4336,8.49,14455.7823129252
605222,2026-03-31,20825,19292,7.95,19827.2906122449
600556,2026-03-31,163981,122203,34.19,11024.1286612473
605336,2026-03-31,7253,10897,-33.44,25287.8050461878
688292,2026-03-31,10796,6912,56.19,14667.3591144868
603838,2026-03-31,5874,6377,-7.89,54480.0817160368
920149,2026-03-31,4426,4766,-7.13,0.0
920578,2026-03-31,3896,4463,-12.7,0.0
688038,2026-03-31,6527,6420,1.67,17829.5388386701
601163,2026-03-31,38307,36556,4.79,20883.9115566346
605133,2026-03-31,30662,30054,2.02,9222.13658600222
600258,2026-03-31,32494,31948,1.71,34363.3632670647
688685,2026-03-31,8254,6964,18.52,17791.575842016
600278,2026-03-31,23164,25119,-7.78,37640.9755223623
601929,2026-03-31,264975,294907,-10.15,13170.2544315501
601096,2026-03-31,94939,74643,27.19,28177.6202403649
600183,2026-03-31,171634,118596,44.72,14152.9022804339
601199,2026-03-31,20733,23460,-11.62,45107.330921719
002498,2026-03-31,291890,89415,226.44,11397.4305389016
603011,2026-03-31,102442,116456,-12.03,4826.28645477441
688101,2026-03-31,12209,11740,3.99,27194.0425915308
603076,2026-03-31,14321,13380,7.03,8428.2762376929
603269,2026-03-31,21612,19308,11.93,14286.1265963354
603888,2026-03-31,55991,46151,21.32,12050.8325980961
600760,2026-03-31,168062,152394,10.28,16869.3381847175
601601,2026-03-31,90985,84999,7.04,75232.636753311
600283,2026-03-31,29286,28467,2.88,19149.9316396913
603355,2026-03-31,10825,10239,5.72,52969.6774133949
600717,2026-03-31,73035,73330,-0.4,39624.8516190867
688683,2026-03-31,4506,3600,25.17,35751.8419884598
600879,2026-03-31,571010,622353,-8.25,5778.00622405912
603819,2026-03-31,13357,14677,-8.99,16300.8300516583
600037,2026-03-31,51853,53528,-3.13,26840.8362871965
605028,2026-03-31,10563,9762,8.21,15147.2119662975
603920,2026-03-31,70353,61764,13.91,10242.5243699629
600579,2026-03-31,24630,26789,-8.06,20040.6317092976
600475,2026-03-31,39834,30269,31.6,23998.7379876487
600167,2026-03-31,39837,40665,-2.04,56802.4816878781
002708,2026-03-31,42963,52606,-18.33,13083.303470428
603639,2026-03-31,14045,14308,-1.84,24894.8548237807
688143,2026-03-31,14772,9542,54.81,8717.89886271324
603578,2026-03-31,10885,11287,-3.56,21503.037574644
600495,2026-03-31,84070,85712,-1.92,14371.2487926728
603985,2026-03-31,49768,38451,29.43,8858.26239752451
688701,2026-03-31,4211,4041,4.21,31887.2885300404
605118,2026-03-31,9718,12099,-19.68,42326.4046100021
600657,2026-03-31,37164,37665,-1.33,76737.6653481864
688588,2026-03-31,18638,19344,-3.65,21462.0669063204
603566,2026-03-31,17807,17098,4.15,19434.05812321
603868,2026-03-31,12129,11373,6.65,35913.9253029928
601139,2026-03-31,49171,47907,2.64,58504.872831547
600548,2026-03-31,22604,24365,-7.23,79205.2790214121
603099,2026-03-31,42680,47399,-9.96,6381.34629803186
300007,2026-03-31,78828,80978,-2.66,4153.92524229969
600012,2026-03-31,16481,18949,-13.02,70723.8638432134
600530,2026-03-31,23315,22425,3.97,33236.971906498
000417,2026-03-31,35753,46798,-23.6,21813.11218639
002291,2026-03-31,101821,98773,3.09,9184.06176525471
301227,2026-03-31,5096,4185,21.77,18687.3037676609
000695,2026-03-31,26870,30365,-11.51,8624.94004465947
300842,2026-03-31,18747,20251,-7.43,7749.49287886062
002422,2026-03-31,41048,44067,-6.85,38931.3333658156
300323,2026-03-31,54250,37245,45.66,29917.028516129
600816,2026-03-31,80830,83139,-2.78,121792.01106025
002078,2026-03-31,40636,38538,5.44,68769.9359927158
002427,2026-03-31,56181,58339,-3.7,17540.3210516011
601038,2026-03-31,31621,29328,7.82,23139.8524714588
600336,2026-03-31,34117,39065,-12.67,23390.5316704282
920981,2026-03-31,6330,6824,-7.24,0.0
603155,2026-03-31,20204,19403,4.13,15629.9148683429
300715,2026-03-31,10463,10061,4.0,36132.6034598108
002539,2026-03-31,45927,42767,7.39,26296.59594574
301018,2026-03-31,25886,35435,-26.95,10277.8553658348
002795,2026-03-31,21000,21600,-2.78,21032.7346190476
300307,2026-03-31,44472,45888,-3.09,18001.2991545242
002765,2026-03-31,69974,72099,-2.95,9319.57712864778
001216,2026-03-31,20065,21655,-7.34,12552.5392474458
603719,2026-03-31,34072,36314,-6.17,11769.1946466307
605577,2026-03-31,17008,18143,-6.26,26131.4937088429
603678,2026-03-31,49504,49367,0.28,9606.63039350356
920701,2026-03-31,5468,6094,-10.27,0.0
603150,2026-03-31,8043,10682,-24.71,10628.2481661072
688356,2026-03-31,6183,5953,3.86,9809.26734594857
002001,2026-03-31,78970,78318,0.83,38918.85120932
600757,2026-03-31,25941,28217,-8.07,46785.0226668209
600025,2026-03-31,78075,89446,-12.71,238630.7301569
601138,2026-03-31,722584,732173,-1.31,27462.6787805985
601801,2026-03-31,25110,24749,1.46,77974.1631620868
688136,2026-03-31,13578,10966,23.82,14822.3044631021
603255,2026-03-31,7532,6714,12.18,17869.313197026
603282,2026-03-31,10325,10006,3.19,12960.7748184019
601999,2026-03-31,23696,20986,12.91,23249.2699189737
301638,2026-03-31,72403,72040,0.5,43916.0011325498
002909,2026-03-31,24979,39896,-37.39,15613.115016614
001322,2026-03-31,16924,16467,2.78,57147.4214133774
000599,2026-03-31,44923,51457,-12.7,18181.3099525855
003816,2026-03-31,231483,248339,-6.79,169926.67689204
688716,2026-03-31,13300,15229,-12.67,9148.87218045113
300919,2026-03-31,40993,43558,-5.89,22882.6496718952
603990,2026-03-31,34993,35315,-0.91,8752.68570857028
000503,2026-03-31,64487,59163,9.0,15184.6139531999
000901,2026-03-31,165097,172270,-4.16,4834.74203649975
600778,2026-03-31,25377,25519,-0.56,12274.5538085668
600593,2026-03-31,24883,30926,-19.54,5242.33412369891
603187,2026-03-31,18588,19242,-3.4,20788.4714331827
688503,2026-03-31,23026,25336,-9.12,10511.3195083818
600217,2026-03-31,45997,47457,-3.08,36038.2997369394
600712,2026-03-31,29858,30703,-2.75,18241.5218701855
600369,2026-03-31,112903,112816,0.08,58856.7985261685
600877,2026-03-31,102279,78551,30.21,11576.7605471309
600101,2026-03-31,58906,67078,-12.18,9300.62253420704
603311,2026-03-31,14082,15076,-6.59,16750.7390285471
000096,2026-03-31,46218,38989,18.54,11424.1204725432
300738,2026-03-31,111361,107054,4.02,8846.74338412909
300900,2026-03-31,45414,46033,-1.34,7216.28427357203
300304,2026-03-31,42900,43837,-2.14,20469.5505361305
301568,2026-03-31,13837,14225,-2.73,7462.48464262485
301600,2026-03-31,11805,11403,3.53,8854.17196103346
002339,2026-03-31,76829,47295,62.45,6561.22393887725
000039,2026-03-31,75650,83489,-9.39,30438.6317250496
001391,2026-03-31,122895,124805,-1.53,99344.0028072745
000551,2026-03-31,39273,64692,-39.29,12342.653884348
001326,2026-03-31,5938,7232,-17.89,12327.3829572247
002748,2026-03-31,19758,22001,-10.19,12146.9784391133
600323,2026-03-31,19585,19345,1.24,41631.2047995915
600666,2026-03-31,238019,113875,109.02,11559.780496515
300964,2026-03-31,17237,14792,16.53,4428.1652259674
601619,2026-03-31,83245,75468,10.31,34990.3764069914
600279,2026-03-31,34772,40106,-13.3,34132.8161451743
600017,2026-03-31,90119,89344,0.87,34128.8062228831
688652,2026-03-31,13487,14716,-8.35,12456.4395343664
603587,2026-03-31,17078,18077,-5.53,27760.4395713784
000860,2026-03-31,90040,91309,-1.39,8238.19401377166
300256,2026-03-31,79805,88134,-9.45,28424.201315707
002930,2026-03-31,14451,15919,-9.22,31658.0170230434
002992,2026-03-31,12228,13859,-11.77,14791.3505888126
688310,2026-03-31,5516,5287,4.33,30134.0989847716
688271,2026-03-31,36273,29558,22.72,22720.9767044358
603239,2026-03-31,17327,17233,0.55,15624.1703699429
920010,2026-03-31,11539,9281,24.33,0.0
603803,2026-03-31,69442,50852,36.56,6118.53859335849
600036,2026-03-31,591391,598877,-1.25,34882.0736686896
002131,2026-03-31,978409,547510,78.7,6921.21464847523
603017,2026-03-31,52804,29074,81.62,5230.48051283994
920242,2026-03-31,4044,4381,-7.69,0.0
300994,2026-03-31,14416,11765,22.53,16168.7014428413
300463,2026-03-31,36044,32151,12.11,16775.7913661081
300760,2026-03-31,152082,152491,-0.27,7972.28727923094
002636,2026-03-31,67334,47509,41.73,10811.7741408501
301355,2026-03-31,15385,18875,-18.49,12681.0482937927
000803,2026-03-31,21692,23388,-7.25,21496.2268578278
600060,2026-03-31,41655,39191,6.29,31328.1059656704
603933,2026-03-31,28969,40148,-27.84,7164.3679450447
603108,2026-03-31,60635,59942,1.16,9956.35096891234
688222,2026-03-31,25798,20546,25.56,15531.4365454686
600995,2026-03-31,81974,53407,53.49,38988.0426110718
688107,2026-03-31,14738,14651,0.59,27198.3557470484
688332,2026-03-31,15767,15396,2.41,7648.77275321875
600938,2026-03-31,216267,222282,-2.71,13825.5027350451
688691,2026-03-31,16269,14230,14.33,7375.99114881062
688049,2026-03-31,21935,22233,-1.34,7985.76020059266
688099,2026-03-31,27695,26924,2.86,15207.2797616898
600189,2026-03-31,32411,33067,-1.98,22066.5148252137
688096,2026-03-31,6241,6128,1.84,37821.614004166
600489,2026-03-31,243988,156878,55.53,19867.0121645327
000799,2026-03-31,129290,133851,-3.41,2513.17951891098
300176,2026-03-31,26013,24516,6.11,14887.9713989159
300468,2026-03-31,97467,104685,-6.89,5444.39938645901
688480,2026-03-31,7629,3784,101.61,12495.2390876917
300063,2026-03-31,90469,76483,18.29,8384.38746974102
603418,2026-03-31,23703,33099,-28.39,8145.31679534236
688800,2026-03-31,17985,17592,2.23,11435.8818459828
920445,2026-03-31,8204,8972,-8.56,0.0
001386,2026-03-31,40691,51629,-21.19,29365.7074045858
688100,2026-03-31,10749,10847,-0.9,45742.4109219462
603896,2026-03-31,24048,24231,-0.76,8243.6756071191
600561,2026-03-31,12629,11708,7.87,22525.6789927944
300793,2026-03-31,42624,46635,-8.6,8927.96605198949
300771,2026-03-31,22960,28056,-18.16,10452.9616724739
600738,2026-03-31,27455,28865,-4.88,27730.2945183027
603559,2026-03-31,10824,9467,14.33,37072.8916297118
920187,2026-03-31,8444,284,2873.24,0.0
600817,2026-03-31,14704,16501,-10.89,36269.3380032644
002352,2026-03-31,283112,297800,-4.93,16952.4089724208
301061,2026-03-31,6577,6781,-3.01,33262.4906492322
301015,2026-03-31,14963,13738,8.92,35128.2548285772
688047,2026-03-31,35887,23613,51.98,11173.962716304
688373,2026-03-31,17006,16423,3.55,38588.0500999647
688775,2026-03-31,18900,20967,-9.86,21216.9312169312
920491,2026-03-31,11788,13435,-12.26,0.0
688533,2026-03-31,10799,9024,19.67,15277.9924993055
002344,2026-03-31,30916,34276,-9.8,41487.157458921
300947,2026-03-31,12847,16955,-24.23,11764.4349653616
003025,2026-03-31,17828,20330,-12.31,15927.3927529729
600280,2026-03-31,64121,78879,-18.71,17596.9618065844
603069,2026-03-31,32118,42942,-25.21,9838.71972102871
000923,2026-03-31,26365,26012,1.36,24757.404172198
601577,2026-03-31,29732,31250,-4.86,135260.115498453
601033,2026-03-31,29881,30395,-1.69,30119.473913189
002867,2026-03-31,40988,34610,18.43,26482.7240411828
688028,2026-03-31,12829,11891,7.89,11766.2327539169
603329,2026-03-31,11764,11572,1.66,21255.6252125128
600168,2026-03-31,31365,32432,-3.29,31672.168627451
688680,2026-03-31,10371,8007,29.52,9241.74901166715
002871,2026-03-31,9692,12183,-20.45,25985.7454601733
300376,2026-03-31,68081,61299,11.06,34198.0945638284
920184,2026-03-31,9847,10157,-3.05,0.0
600128,2026-03-31,20591,21983,-6.33,12223.7239570686
600006,2026-03-31,110657,115841,-4.48,18073.8678980995
300915,2026-03-31,7656,8252,-7.22,16436.6859979101
920026,2026-03-31,4509,5097,-11.54,0.0
603185,2026-03-31,72078,64561,11.64,9476.91115180776
600681,2026-03-31,68905,64574,6.71,19459.4704303026
002594,2026-03-31,718604,732736,-1.93,7561.60216892753
002847,2026-03-31,21874,20707,5.64,12467.2981164853
000883,2026-03-31,75601,74049,2.1,93641.4548749355
001209,2026-03-31,15744,15147,3.94,8353.83130081301
601200,2026-03-31,60846,60470,0.62,22125.2054531111
688135,2026-03-31,21356,19970,6.94,10915.1498876194
002913,2026-03-31,21300,13868,53.59,14899.5541784038
920931,2026-03-31,3306,3065,7.86,0.0
688739,2026-03-31,23999,23828,0.72,17352.806366932
688191,2026-03-31,7628,6527,16.87,30368.4281594127
688818,2026-03-31,45228,88953,-49.16,38403.7297691695
002897,2026-03-31,44488,47813,-6.95,4358.0447761194
002043,2026-03-31,20989,21933,-4.3,39532.8257658774
601598,2026-03-31,39781,40508,-1.79,129646.570649305
300542,2026-03-31,34295,40339,-14.98,8705.63927686252
300418,2026-03-31,174539,151865,14.93,7192.41517941549
001359,2026-03-31,9445,12332,-23.41,19640.3562731604
000035,2026-03-31,76462,42185,81.25,31231.6283774947
688432,2026-03-31,21882,22647,-3.38,57138.3720866466
000682,2026-03-31,76373,73456,3.97,17554.9868016184
920810,2026-03-31,5158,5910,-12.72,0.0
688296,2026-03-31,5144,4659,10.41,20975.633748056
002230,2026-03-31,430642,404714,6.41,5368.37441076346
920735,2026-03-31,8528,8268,3.14,0.0
002990,2026-03-31,22369,23753,-5.83,11706.0278957486
920204,2026-03-31,4661,5177,-9.97,0.0
688062,2026-03-31,18977,18567,2.21,21057.0690836276
300040,2026-03-31,59537,44098,35.01,10806.9005156457
300095,2026-03-31,34989,53117,-34.13,12006.3495384264
601158,2026-03-31,41695,42244,-1.3,115122.325314786
301353,2026-03-31,7410,7256,2.12,13249.8311740891
300881,2026-03-31,7765,10657,-27.14,14166.1300708307
002354,2026-03-31,186575,189113,-1.34,8868.20753048372
300657,2026-03-31,65890,70683,-6.78,7317.12924571255
300383,2026-03-31,154093,140856,9.4,11665.63599255
300616,2026-03-31,12610,13553,-6.96,17804.5979381443
002634,2026-03-31,15797,14050,12.43,29078.4650883079
301499,2026-03-31,11316,10702,5.74,12217.6445740544
601136,2026-03-31,70754,73690,-3.98,38631.5091726263
920478,2026-03-31,4669,4752,-1.75,0.0
000936,2026-03-31,61420,68899,-10.86,14425.4784597851
002863,2026-03-31,28906,32513,-11.09,20739.0698816855
000712,2026-03-31,73633,76287,-3.48,12168.457077669
002642,2026-03-31,77741,82681,-5.97,8510.05663678111
605580,2026-03-31,24694,21056,17.28,11338.7867498178
603219,2026-03-31,13674,14139,-3.29,41056.0187216616
300783,2026-03-31,47402,53689,-11.71,8474.03907008143
920169,2026-03-31,8508,8582,-0.86,0.0
688393,2026-03-31,8268,8266,0.02,11316.8479680697
301585,2026-03-31,9933,10230,-2.9,10470.1500050337
920132,2026-03-31,2887,2894,-0.24,0.0
603088,2026-03-31,33024,33284,-0.78,15212.8138929264
603026,2026-03-31,56713,53976,5.07,4103.13356725971
601668,2026-03-31,420337,375914,11.82,98303.0055503084
600605,2026-03-31,12136,11284,7.55,16997.5633651945
688095,2026-03-31,12161,10572,15.03,7512.50094564592
688039,2026-03-31,12150,11657,4.23,9102.9978600823
002985,2026-03-31,43165,49001,-11.91,7688.02502027105
002081,2026-03-31,66341,71940,-7.78,40025.3793129437
603015,2026-03-31,34872,29562,17.96,11591.506079376
600790,2026-03-31,23178,24307,-4.64,63240.6129950816
603669,2026-03-31,25406,25378,0.11,28388.8111469732
920885,2026-03-31,11045,12289,-10.12,0.0
300032,2026-03-31,43196,40426,6.85,18593.6107046949
300052,2026-03-31,29774,31512,-5.52,8794.87841741116
000090,2026-03-31,39728,44529,-10.78,47033.4634011277
300341,2026-03-31,29981,31801,-5.72,17257.9412294453
300745,2026-03-31,13628,15441,-11.74,12369.1312004696
920056,2026-03-31,5786,6778,-14.64,0.0
000557,2026-03-31,38433,38215,0.57,37945.8989670335
688390,2026-03-31,20022,19375,3.34,12139.7571171711
600596,2026-03-31,78774,79057,-0.36,17132.5189656486
301280,2026-03-31,8547,8609,-0.72,16003.2923832924
301618,2026-03-31,11108,11785,-5.74,8121.7014764134
300834,2026-03-31,19447,20513,-5.2,9961.04041754512
300731,2026-03-31,20121,21576,-6.74,6293.5144376522
301326,2026-03-31,7517,8410,-10.62,9672.70560063855
002567,2026-03-31,74419,74750,-0.44,19256.5257931442
688575,2026-03-31,11660,12478,-6.56,49004.1423670669
920693,2026-03-31,4708,5068,-7.1,0.0
600774,2026-03-31,17639,17336,1.75,16726.14105108
920699,2026-03-31,2553,2922,-12.63,0.0
301313,2026-03-31,9476,10065,-5.85,10917.4124102997
002962,2026-03-31,34131,35942,-5.04,8545.4675221939
002535,2026-03-31,47658,52032,-8.41,16821.5844978807
920344,2026-03-31,5310,5490,-3.28,0.0
603033,2026-03-31,12898,12941,-0.33,79947.5541944488
002183,2026-03-31,152090,137636,10.5,17075.4756459991
301075,2026-03-31,6865,4986,37.69,11653.3139111435
002400,2026-03-31,202870,245729,-17.44,8593.37076945827
920077,2026-03-31,16296,14617,11.49,0.0
002123,2026-03-31,138113,152839,-9.63,5831.62041227111
300405,2026-03-31,14323,15598,-8.17,19854.2673322628
301006,2026-03-31,8360,8273,1.05,16660.2870813397
300161,2026-03-31,23378,26213,-10.82,8499.31157498503
688648,2026-03-31,8260,8917,-7.37,16464.8910411622
003043,2026-03-31,11183,12125,-7.77,11967.398014844
300031,2026-03-31,48399,53344,-9.27,8651.96997871857
000965,2026-03-31,53200,50505,5.34,20861.4829887218
002613,2026-03-31,47003,52513,-10.49,23414.860583367
003018,2026-03-31,17051,23119,-26.25,15248.3725294704
002617,2026-03-31,211009,209065,0.93,9047.83186025241
300966,2026-03-31,11828,13067,-9.48,9746.45865742306
000897,2026-03-31,79406,79480,-0.09,20367.1288567615
300131,2026-03-31,69110,74511,-7.25,16423.3755607003
920522,2026-03-31,9487,9671,-1.9,0.0
920020,2026-03-31,7285,8721,-16.47,0.0
600452,2026-03-31,47877,40249,18.95,32093.5241138751
002887,2026-03-31,13388,14547,-7.97,22855.3660740962
301053,2026-03-31,6840,4413,55.0,13445.1839181287
002405,2026-03-31,177424,196351,-9.64,13361.4889417441
600749,2026-03-31,38588,39790,-3.02,5881.7642013061
301658,2026-03-31,22444,14707,52.61,18373.3351898057
300492,2026-03-31,8891,5270,68.71,22121.3652007648
300429,2026-03-31,45497,50189,-9.35,11827.6573180649
300825,2026-03-31,30242,28528,6.01,16468.503438926
300219,2026-03-31,34547,30194,14.42,20492.1847338409
920634,2026-03-31,5181,5434,-4.66,0.0
603489,2026-03-31,20467,16436,24.53,11463.2324717838
000998,2026-03-31,145849,136279,7.02,10075.1329182922
688512,2026-03-31,16352,17153,-4.67,28549.6298923679
688726,2026-03-31,18323,12152,50.78,22121.1695137259
603307,2026-03-31,5757,5489,4.88,11825.0825082508
603180,2026-03-31,9402,9933,-5.35,16406.8432248458
301602,2026-03-31,14993,15487,-3.19,28568.6412325752
002506,2026-03-31,681536,240889,182.93,8584.01673132454
002899,2026-03-31,9599,11312,-15.14,15397.1222002292
688433,2026-03-31,8881,6547,35.65,46635.3788987727
301004,2026-03-31,6728,7613,-11.62,21671.557372176
688288,2026-03-31,8827,6364,38.7,11307.7720629886
301398,2026-03-31,8415,11666,-27.87,13309.5662507427
688172,2026-03-31,17821,18802,-5.22,80108.7535491836
605277,2026-03-31,37655,41536,-9.34,8604.11230912229
002858,2026-03-31,17306,16771,3.19,9471.85010978851
920158,2026-03-31,6333,8155,-22.34,0.0
603285,2026-03-31,9296,13813,-32.7,17211.7039586919
301132,2026-03-31,16734,15814,5.82,8849.42326998924
300540,2026-03-31,16084,15262,5.39,14272.5136781895
920679,2026-03-31,2568,2822,-9.0,21748.4423676012
000007,2026-03-31,11658,12993,-10.27,29717.6225767713
300171,2026-03-31,30150,30786,-2.07,25400.5983416252
301017,2026-03-31,20828,23355,-10.82,19474.0953043979
300948,2026-03-31,10308,9705,6.21,15598.1827706636
002936,2026-03-31,111042,111018,0.02,63684.3118639794
920729,2026-03-31,4987,4507,10.65,0.0
002688,2026-03-31,47987,51872,-7.49,16035.6846229187
001255,2026-03-31,13250,13149,0.77,6575.25916981132
601963,2026-03-31,26944,28306,-4.81,75962.330685867
002317,2026-03-31,111004,113974,-2.61,7656.75540521062
603348,2026-03-31,30390,32932,-7.72,10348.0484369858
920792,2026-03-31,4862,5142,-5.45,34047.7169888935
601318,2026-03-31,681091,619820,9.89,15651.4549201208
920022,2026-03-31,5568,6265,-11.13,0.0
600028,2026-03-31,685442,367651,86.44,141723.024883214
688200,2026-03-31,8905,9876,-9.83,15219.9017405952
688234,2026-03-31,21719,21951,-1.06,19785.0289608177
301580,2026-03-31,10773,10008,7.64,9891.81630000928
301662,2026-03-31,9062,10265,-11.72,8828.07327300816
300766,2026-03-31,87187,93134,-6.39,4527.62174406735
300436,2026-03-31,34937,34386,1.6,4558.69135873143
603516,2026-03-31,44766,36670,22.08,4540.6844256802
920075,2026-03-31,5038,5707,-11.72,0.0
920870,2026-03-31,7717,8067,-4.34,0.0
300130,2026-03-31,49939,52203,-4.34,11359.8414665892
920175,2026-03-31,6556,7326,-10.51,0.0
603373,2026-03-31,8767,8376,4.67,12264.9574540892
920091,2026-03-31,5804,7584,-23.47,10590.144727774
002701,2026-03-31,50588,46600,8.56,50600.1515972167
300162,2026-03-31,31490,25663,22.71,13322.0079390283
301060,2026-03-31,25022,22108,13.18,16006.5941971065
300741,2026-03-31,16511,16253,1.59,37301.1931439646
300687,2026-03-31,35881,37457,-4.21,11382.3920737995
300539,2026-03-31,23921,23908,0.05,11207.7531039672
301300,2026-03-31,7487,8235,-9.08,8666.75570989716
605388,2026-03-31,29942,31774,-5.77,20054.9061518937
688137,2026-03-31,6734,5138,31.06,10421.0631125631
920171,2026-03-31,7176,8139,-11.83,0.0
605268,2026-03-31,23045,16168,42.53,19366.5654154914
920112,2026-03-31,5845,6493,-9.98,0.0
920871,2026-03-31,4794,4912,-2.4,0.0
920045,2026-03-31,7200,8722,-17.45,0.0
300645,2026-03-31,16054,18978,-15.41,8851.78242182634
688538,2026-03-31,107703,110392,-2.44,128217.762040055
920036,2026-03-31,5460,3,181900.0,0.0
301024,2026-03-31,6363,7127,-10.72,9992.92786421499
920119,2026-03-31,11813,14,84278.57,0.0
001280,2026-03-31,113597,117403,-3.24,18206.3066630281
301246,2026-03-31,32018,29180,9.73,12493.1850833906
300120,2026-03-31,46032,47407,-2.9,12478.1440954119
300719,2026-03-31,33953,32144,5.63,7487.61965069361
300081,2026-03-31,44930,50717,-11.41,13460.8372357
300101,2026-03-31,54090,48229,12.15,10499.2734331669
300757,2026-03-31,41625,32019,30.0,4026.62128528528
300571,2026-03-31,21558,17909,20.38,6472.2281287689
688193,2026-03-31,3866,3898,-0.82,10364.6844283497
600439,2026-03-31,63410,67505,-6.07,17851.8441886138
688717,2026-03-31,12174,9850,23.59,13142.7632659767
920370,2026-03-31,9911,10394,-4.65,0.0
920642,2026-03-31,7136,8433,-15.38,0.0
920425,2026-03-31,4827,5252,-8.09,0.0
920275,2026-03-31,4363,4085,6.81,0.0
920101,2026-03-31,8166,9139,-10.65,10916.9941219691
300380,2026-03-31,27503,30756,-10.58,5033.59815292877
300525,2026-03-31,39095,36215,7.95,19400.2680138125
300998,2026-03-31,7727,7302,5.82,17751.9386566585
920066,2026-03-31,3500,3504,-0.11,0.0
920089,2026-03-31,6623,7514,-11.86,0.0
920665,2026-03-31,5436,6275,-13.37,0.0
920278,2026-03-31,6530,7040,-7.24,0.0
003001,2026-03-31,17456,17568,-0.64,9988.67111594867
920418,2026-03-31,9686,10913,-11.24,0.0
002247,2026-03-31,22905,22881,0.1,37147.7864658372
000818,2026-03-31,110737,109362,1.26,5960.06789961801
300684,2026-03-31,37360,38975,-4.14,8016.84215738758
688598,2026-03-31,14756,14432,2.25,14067.031444836
301205,2026-03-31,35883,34582,3.76,3615.75119137196
300473,2026-03-31,16672,20980,-20.53,10356.4289227447
301130,2026-03-31,7849,7138,9.96,9745.78736144732
002820,2026-03-31,26668,30804,-13.43,7532.18445327734
002798,2026-03-31,18615,20219,-7.93,29555.604995971
001323,2026-03-31,10610,10586,0.23,41006.6695570217
920570,2026-03-31,3589,3944,-9.0,0.0
000707,2026-03-31,40068,37334,7.32,14593.1215184187
920183,2026-03-31,4047,8,50487.5,0.0
688729,2026-03-31,32608,36897,-11.62,90639.1069676153
003012,2026-03-31,25286,27368,-7.61,45755.7999683619
920374,2026-03-31,6296,6653,-5.37,0.0
920028,2026-03-31,10076,20,50280.0,0.0
301522,2026-03-31,37222,39863,-6.63,9990.50741496964
688295,2026-03-31,28714,15326,87.35,31343.5954586613
600708,2026-03-31,32776,34857,-5.97,67995.9953319502
920195,2026-03-31,5497,6326,-13.1,0.0
920198,2026-03-31,7515,8033,-6.45,0.0
000830,2026-03-31,77067,56450,36.52,24709.9148922366
002995,2026-03-31,32622,27509,18.59,5439.71798173012
688013,2026-03-31,5826,4730,23.17,13929.9004462753
000568,2026-03-31,182100,164074,10.99,8083.15191103789
000425,2026-03-31,127680,100414,27.15,92016.1008145364
002176,2026-03-31,195507,207282,-5.68,8727.69558634729
920266,2026-03-31,6589,6855,-3.88,0.0
002586,2026-03-31,10805,11014,-1.9,105897.613512263
000692,2026-03-31,40708,31703,28.4,13089.1465068291
002832,2026-03-31,31056,35179,-11.72,18376.7092993302
002538,2026-03-31,39785,35884,10.87,21454.2104562021
920436,2026-03-31,4932,5216,-5.44,0.0
003003,2026-03-31,15867,18510,-14.28,11137.5811432533
603777,2026-03-31,29256,38527,-24.06,11430.9600082034
300241,2026-03-31,52410,41441,26.47,13391.0094256821
600100,2026-03-31,153546,166042,-7.53,21819.504988733
920593,2026-03-31,11166,12014,-7.06,0.0
002761,2026-03-31,80356,81991,-1.99,16487.5268057146
688298,2026-03-31,12810,12986,-1.36,15737.7049180328
920011,2026-03-31,5,5,0.0,0.0
603369,2026-03-31,76608,71577,7.03,16275.0631396199
002086,2026-03-31,81606,75803,7.66,24004.9322353748
600525,2026-03-31,29269,30279,-3.34,45057.2329768697
603313,2026-03-31,24733,25676,-3.67,23069.8615210448
920566,2026-03-31,8612,8750,-1.58,0.0
920639,2026-03-31,9097,9305,-2.24,0.0
920592,2026-03-31,6807,6890,-1.2,0.0
600199,2026-03-31,116150,112471,3.27,5663.33899268188
603068,2026-03-31,35876,42503,-15.59,4230.8874735199
601615,2026-03-31,138428,128434,7.78,16336.9889473228
601778,2026-03-31,206892,143520,44.16,17267.8969704
300789,2026-03-31,9703,8750,10.89,14825.2145728125
600881,2026-03-31,116636,121268,-3.82,27711.4354744676
688147,2026-03-31,16780,15275,9.85,27482.6348629321
688613,2026-03-31,10675,10442,2.23,12834.5277751756
688435,2026-03-31,8089,7657,5.64,10322.6604030164
920029,2026-03-31,8485,8163,3.94,0.0
600418,2026-03-31,150675,162238,-7.13,14960.5322382612
920651,2026-03-31,2903,2558,13.49,0.0
920971,2026-03-31,8920,10435,-14.52,0.0
300071,2026-03-31,72629,82463,-11.93,13271.3425215823
300512,2026-03-31,14842,17707,-16.18,27572.9264923865
002681,2026-03-31,181858,204504,-11.07,9868.42609068614
688766,2026-03-31,18575,17490,6.2,7970.34196500673
301383,2026-03-31,13435,16699,-19.55,12159.5236323037
002085,2026-03-31,210290,209551,0.35,10096.9970992439
002508,2026-03-31,41108,48606,-15.43,22986.7401965554
601908,2026-03-31,136155,127885,6.47,17734.2210054717
300652,2026-03-31,18011,14326,25.72,7406.06140691799
003007,2026-03-31,16066,15860,1.3,6337.6073696004
000415,2026-03-31,71778,85019,-15.57,86161.7944495528
920019,2026-03-31,8844,8621,2.59,23775.0678426052
002724,2026-03-31,32687,32966,-0.85,23602.5941199865
920641,2026-03-31,4296,3837,11.96,0.0
920001,2026-03-31,8442,8008,5.42,0.0
001220,2026-03-31,22018,44128,-50.1,4191.57053320011
688411,2026-03-31,25169,14441,74.29,7155.32965155548
688429,2026-03-31,6658,5443,22.32,60078.2216881946
301231,2026-03-31,13392,11690,14.56,6302.27001194743
002689,2026-03-31,50462,59842,-15.67,20675.1758749158
300459,2026-03-31,235808,231210,1.99,14909.6338504207
603067,2026-03-31,41580,39277,5.86,17093.8017556518
688098,2026-03-31,10068,10929,-7.88,40787.0480731029
688108,2026-03-31,26871,26328,2.06,15554.017342116
002037,2026-03-31,34589,38519,-10.2,13989.5216976495
605599,2026-03-31,14553,14406,1.02,53444.499415928
920396,2026-03-31,7270,7912,-8.11,0.0
600919,2026-03-31,141748,152584,-7.1,129464.433099585
000420,2026-03-31,141307,142430,-0.79,17400.8955182687
688277,2026-03-31,17644,15791,11.73,25844.0282248923
002584,2026-03-31,70398,75604,-6.89,8312.96943094974
920152,2026-03-31,3755,3651,2.85,0.0
002786,2026-03-31,59425,64817,-8.32,8340.12620950778
920122,2026-03-31,4399,4783,-8.03,0.0
300382,2026-03-31,25610,22958,11.55,25318.2348301445
920146,2026-03-31,7500,7377,1.67,0.0
000900,2026-03-31,41299,41055,0.59,36752.1812634688
002520,2026-03-31,68673,80404,-14.59,10924.8929127896
002657,2026-03-31,90932,116811,-22.15,3739.6295583513
600606,2026-03-31,118050,124020,-4.81,119053.098805591
002875,2026-03-31,11036,14070,-21.56,19302.0
300853,2026-03-31,15910,18025,-11.73,9236.26913890635
301356,2026-03-31,12574,13242,-5.04,17178.3044377286
000705,2026-03-31,29031,30200,-3.87,11509.1896937756
002780,2026-03-31,17461,22386,-22.0,9470.34608556211
002622,2026-03-31,41869,41678,0.46,20062.5761303112
002042,2026-03-31,44355,41196,7.67,38342.4947582009
002055,2026-03-31,53537,71345,-24.96,11291.0700450156
688226,2026-03-31,8231,7790,5.66,22934.7005224153
920427,2026-03-31,5257,4648,13.1,0.0
920892,2026-03-31,4125,4239,-2.69,0.0
920985,2026-03-31,10420,10754,-3.11,0.0
688246,2026-03-31,9667,9684,-0.18,14232.5021206165
301503,2026-03-31,8474,8421,0.63,9440.64196365353
300672,2026-03-31,28953,26100,10.93,7498.44409905709
600545,2026-03-31,92283,76418,20.76,19374.2316786407
002948,2026-03-31,41610,40511,2.71,84797.1461187214
301133,2026-03-31,6741,10498,-35.79,18019.0808485388
301376,2026-03-31,10007,9046,10.62,40218.7443789347
300614,2026-03-31,10113,9675,4.53,15864.795708494
000301,2026-03-31,78149,69540,12.38,84597.7649234155
688210,2026-03-31,9464,5842,62.0,17102.581043956
002358,2026-03-31,99430,52430,89.64,9350.86972744644
301123,2026-03-31,31768,44309,-28.3,7386.0488541929
002512,2026-03-31,110252,158788,-30.57,10090.4893516671
920489,2026-03-31,9829,10539,-6.74,0.0
920076,2026-03-31,5603,31,17974.19,0.0
003042,2026-03-31,24959,14844,68.14,5708.56204174847
000605,2026-03-31,19276,20909,-7.81,18295.2168499689
000600,2026-03-31,72319,55761,29.69,24934.4484298732
002789,2026-03-31,5858,7599,-22.91,27248.8074428132
002568,2026-03-31,43769,42160,3.82,23798.2065160273
002623,2026-03-31,26822,28233,-5.0,7421.61285511893
002973,2026-03-31,13499,14082,-4.14,30273.7758352471
002984,2026-03-31,46152,41284,11.79,22453.3160209742
920533,2026-03-31,8553,9033,-5.31,0.0
002088,2026-03-31,18335,15567,17.78,27985.9605126807
002940,2026-03-31,40232,39503,1.85,5014.12273811891
300464,2026-03-31,19673,19718,-0.23,23271.4717124994
000733,2026-03-31,79348,76353,3.92,6984.0377955336
000517,2026-03-31,28968,32520,-10.92,109911.712406794
301026,2026-03-31,17798,16024,11.07,8892.79621305765
300656,2026-03-31,13529,14635,-7.56,12648.7598492128
300086,2026-03-31,45927,62064,-26.0,9909.73525377229
300781,2026-03-31,26398,27764,-4.92,6219.23403288128
605199,2026-03-31,22210,24862,-10.67,18014.8019810896
920832,2026-03-31,5652,5801,-2.57,0.0
000410,2026-03-31,80678,80605,0.09,32835.1348446912
002289,2026-03-31,7714,8652,-10.84,36330.5331864143
000676,2026-03-31,103819,107582,-3.5,12134.4764927422
300982,2026-03-31,14457,14126,2.34,14315.9124299647
300157,2026-03-31,68641,48003,42.99,10983.7809326787
301510,2026-03-31,25687,30233,-15.04,15572.468563865
002011,2026-03-31,48974,49326,-0.71,21943.830175195
002346,2026-03-31,18454,18797,-1.82,23928.4391459846
300861,2026-03-31,25899,23400,10.68,25940.7869029692
001233,2026-03-31,18757,33317,-43.7,9914.87625952978
002943,2026-03-31,17596,13141,33.9,11686.055694476
002910,2026-03-31,19715,28989,-31.99,9901.5977681968
002958,2026-03-31,74317,74574,-0.34,74755.7529367439
301502,2026-03-31,5975,5480,9.03,9553.72384937239
300035,2026-03-31,88706,76916,15.33,7726.9482447636
002582,2026-03-31,45734,33386,36.99,9789.38844185945
300961,2026-03-31,22739,21061,7.97,7796.29711069088
300051,2026-03-31,32719,25263,29.51,11370.0812983282
000882,2026-03-31,115990,124790,-7.05,23599.8960858695
920809,2026-03-31,19396,20613,-5.9,0.0
920167,2026-03-31,6266,6131,2.2,0.0
920058,2026-03-31,3835,3495,9.73,0.0
300778,2026-03-31,13122,15567,-15.71,15520.4726413656
002348,2026-03-31,24914,32187,-22.6,38018.7846190897
920145,2026-03-31,4046,3577,13.11,0.0
300769,2026-03-31,59069,59937,-1.45,4743.4022922345
002459,2026-03-31,181093,164584,10.03,18276.3164561855
300477,2026-03-31,42151,45816,-8.0,25432.8174183293
600916,2026-03-31,237261,123225,92.54,7080.80974117112
300635,2026-03-31,9597,7921,21.16,14589.3508388038
000925,2026-03-31,54515,50200,8.6,12407.0413280748
000887,2026-03-31,99930,103406,-3.36,13174.1193535475
300521,2026-03-31,10796,9219,17.11,13869.0255650241
300469,2026-03-31,24393,22474,8.54,10176.6418234739
300911,2026-03-31,12450,9711,28.21,14725.8081124498
301586,2026-03-31,9360,10061,-6.97,8864.90416666667
301631,2026-03-31,12168,10736,13.34,7512.70381328074
301320,2026-03-31,12915,13898,-7.07,14092.9152148664
300513,2026-03-31,20751,20398,1.73,15116.9174979519
000651,2026-03-31,602850,568403,6.06,9291.54141328689
000567,2026-03-31,47737,52753,-9.51,40945.014454197
300636,2026-03-31,16023,15093,6.16,26209.2925794171
002607,2026-03-31,256307,270257,-5.16,24062.5476050205
002614,2026-03-31,40185,37365,7.55,15521.6922732363
300366,2026-03-31,39820,45265,-12.03,15258.0650426921
301260,2026-03-31,22335,23856,-6.38,21639.6186702485
300720,2026-03-31,11952,9380,27.42,16304.9912985274
300299,2026-03-31,43581,48536,-10.21,15839.4732796402
300056,2026-03-31,25649,33394,-23.19,15029.4531170806
920405,2026-03-31,5458,5261,3.74,0.0
000620,2026-03-31,195910,167959,16.64,29972.00265428
300937,2026-03-31,14259,17780,-19.8,6709.21397012413
000980,2026-03-31,125283,113063,10.81,40249.2575928099
002146,2026-03-31,135944,154588,-12.06,31984.9633010651
301391,2026-03-31,6512,6852,-4.96,14590.726504914
300878,2026-03-31,7451,7284,2.29,19432.3341833311
300128,2026-03-31,35741,41608,-14.1,36348.0431996866
300084,2026-03-31,31838,21070,51.11,15968.0224574408
000820,2026-03-31,16758,18294,-8.4,38581.8820264948
000796,2026-03-31,115457,139329,-17.13,13890.7897832093
600476,2026-03-31,19406,23054,-15.82,8300.0103060909
600537,2026-03-31,115502,138398,-16.54,10248.4374123392
300245,2026-03-31,51639,46247,11.66,5907.35624237495
300198,2026-03-31,21896,23458,-6.66,47111.2778589697
300338,2026-03-31,9213,10187,-9.56,43701.8009334636
002719,2026-03-31,16711,17290,-3.35,10420.6484950033
688201,2026-03-31,12375,13796,-10.3,25628.5911919192
603272,2026-03-31,8574,6172,38.92,12086.1908094238
002027,2026-03-31,218859,185367,18.07,65988.6032833925
002872,2026-03-31,10781,11064,-2.56,29496.3361469251
300199,2026-03-31,98777,101231,-2.42,8941.77122204562
002638,2026-03-31,32984,34727,-5.02,43554.2793172447
301325,2026-03-31,17442,19522,-10.65,8249.77984176127
000638,2026-03-31,25056,19648,27.52,12427.6241618774
000153,2026-03-31,34467,36038,-4.36,13482.0414309339
601099,2026-03-31,313992,334382,-6.1,21708.567001707
600826,2026-03-31,27023,32748,-17.48,27218.7969137402
601882,2026-03-31,24668,23005,7.23,21161.0183233339
603014,2026-03-31,16822,16710,0.67,24833.7930091547
688386,2026-03-31,6130,5622,9.04,16249.4221859706
688305,2026-03-31,13657,13577,0.59,9731.76231968954
688129,2026-03-31,4694,4714,-0.42,25666.5530464423
600820,2026-03-31,110518,117107,-5.63,28448.724135435
688426,2026-03-31,4406,3832,14.98,25531.937358148
600129,2026-03-31,63770,63510,0.41,8646.98424023836
603409,2026-03-31,10279,12736,-19.29,12260.9203229886
600170,2026-03-31,284672,297117,-4.19,31214.6601843525
688092,2026-03-31,6133,5129,19.57,13478.5162237078
603286,2026-03-31,14166,14341,-1.22,8287.16158407454
600992,2026-03-31,28995,30594,-5.23,8452.83669598206
603266,2026-03-31,20524,20401,0.6,9690.44776846619
601369,2026-03-31,29715,26968,10.19,58000.151169443
688317,2026-03-31,15499,13629,13.72,12398.0901348474
688728,2026-03-31,34643,32566,6.38,75068.171549808
688696,2026-03-31,7802,8261,-5.56,8974.62189182261
601689,2026-03-31,169226,161555,4.75,10269.3178353208
600020,2026-03-31,50290,49718,1.15,44688.2448200438
600906,2026-03-31,75855,77528,-2.16,42778.9862237163
600061,2026-03-31,81853,81131,0.89,78115.4709784614
600035,2026-03-31,43765,44440,-1.52,36790.035439278
600192,2026-03-31,53293,55316,-3.66,8289.04358921434
603191,2026-03-31,31011,27730,11.83,10640.2450420818
600885,2026-03-31,73158,46722,56.58,21154.136430739
688651,2026-03-31,5531,6416,-13.79,13632.0737660459
688489,2026-03-31,5911,5993,-1.37,19490.7250888175
688601,2026-03-31,10991,12753,-13.82,12163.8340460377
600218,2026-03-31,39747,40932,-2.9,10959.3156464639
603699,2026-03-31,17258,16036,7.62,44923.1022714104
600843,2026-03-31,73090,85395,-14.41,6419.79381584348
688110,2026-03-31,48842,47036,3.84,9054.70205970272
600018,2026-03-31,165267,168201,-1.74,140862.728215554
600865,2026-03-31,33478,57094,-41.36,11238.4346735169
300813,2026-03-31,15526,10901,42.43,7806.21016359655
600748,2026-03-31,39689,39591,0.25,46475.4186802389
603055,2026-03-31,17698,18019,-1.78,50304.7377669793
605366,2026-03-31,26440,32106,-17.65,29352.4092284418
301487,2026-03-31,42673,47738,-10.61,10770.6614955593
688693,2026-03-31,6863,5702,20.36,10736.4433921026
000014,2026-03-31,31851,32060,-0.65,7599.32887507456
920579,2026-03-31,6616,7211,-8.25,0.0
600162,2026-03-31,59796,68514,-12.72,54659.8120610074
600571,2026-03-31,63914,67391,-5.16,7296.02761523297
601901,2026-03-31,199399,197727,0.85,41284.5670991329
600085,2026-03-31,140841,139102,1.25,9737.7202803161
603326,2026-03-31,11262,11479,-1.89,28341.052210975
002421,2026-03-31,117684,128155,-8.17,18019.285875735
002103,2026-03-31,49372,55171,-10.51,10821.3755367415
002212,2026-03-31,111205,115890,-4.04,10606.122737287
002489,2026-03-31,73629,71130,3.51,29458.7229624197
605117,2026-03-31,44039,44912,-1.94,20648.3467381185
603833,2026-03-31,15238,21286,-28.41,39975.9067462922
603130,2026-03-31,9883,8699,13.61,13914.2163310736
002006,2026-03-31,58847,51521,14.22,8832.9641273132
002188,2026-03-31,20253,32854,-38.35,16150.8845109367
000571,2026-03-31,45192,46649,-3.12,18568.0872720836
000681,2026-03-31,137575,166129,-17.19,5092.33099036889
920092,2026-03-31,5295,6048,-12.45,0.0
605056,2026-03-31,13170,11966,10.06,31085.284738041
600075,2026-03-31,57920,65617,-11.73,29485.4205801105
002886,2026-03-31,27886,32381,-13.88,9438.55572688804
000702,2026-03-31,26309,29074,-9.51,13175.1472119807
000859,2026-03-31,103641,117483,-11.78,8644.99832112774
002442,2026-03-31,23877,23196,2.94,21078.4395862127
600809,2026-03-31,113020,95745,18.04,10794.2330737922
603048,2026-03-31,11421,10186,12.12,12860.5200945626
601188,2026-03-31,44399,44725,-0.73,29403.1377958963
603429,2026-03-31,10505,12226,-14.08,49927.2217991433
920946,2026-03-31,10377,10869,-4.53,0.0
600152,2026-03-31,50338,53735,-6.32,10510.5362747825
600403,2026-03-31,73118,65221,12.11,32698.0005197079
605566,2026-03-31,11448,9417,21.57,11647.4493361286
688021,2026-03-31,5831,4360,33.74,13104.7362373521
600308,2026-03-31,45705,50988,-10.36,33188.2764686577
603350,2026-03-31,11142,11580,-3.78,10455.394004667
920718,2026-03-31,4678,4786,-2.26,0.0
600822,2026-03-31,29792,33317,-10.58,13297.1236573577
603860,2026-03-31,8961,7790,15.03,7441.13380203102
688161,2026-03-31,9603,9980,-3.78,41653.6499010726
603165,2026-03-31,19505,14311,36.29,16428.8632658293
920553,2026-03-31,5505,5899,-6.68,0.0
600834,2026-03-31,29753,29406,1.18,16044.8326219205
600568,2026-03-31,19759,21544,-8.29,100858.832987499
688418,2026-03-31,15628,13946,12.06,12321.1309188636
600356,2026-03-31,15610,15562,0.31,21110.602434337
603598,2026-03-31,51733,46676,10.83,5212.97624340363
600498,2026-03-31,196846,129669,51.81,6899.64480863213
688558,2026-03-31,7370,7894,-6.64,17910.447761194
688071,2026-03-31,5576,5957,-6.4,15206.1915351506
601500,2026-03-31,55643,64554,-13.8,28562.7255000629
603968,2026-03-31,16054,11088,44.79,12737.0125825339
600386,2026-03-31,22475,22747,-1.2,35879.8665183537
920160,2026-03-31,6385,7887,-19.04,0.0
603232,2026-03-31,48424,56277,-13.95,4834.01195688088
600159,2026-03-31,28940,31703,-8.72,28680.1393227367
600986,2026-03-31,178746,262114,-31.81,8321.15998120238
603235,2026-03-31,12253,12941,-5.32,35728.3930466008
600195,2026-03-31,41331,34425,20.06,24706.5945658223
601279,2026-03-31,36702,37804,-2.92,43207.0727753256
600177,2026-03-31,76800,80285,-4.34,60201.0664322917
600676,2026-03-31,35623,32935,8.16,28871.598237094
600113,2026-03-31,18701,18215,2.67,22521.6116785199
001308,2026-03-31,24654,25215,-2.22,28558.9069116573
001872,2026-03-31,17534,20110,-12.81,131287.88382571
920493,2026-03-31,13012,13543,-3.92,0.0
601678,2026-03-31,90676,74002,22.53,22683.3591689091
603098,2026-03-31,31522,22329,41.17,17121.3748493116
600518,2026-03-31,300298,297940,0.79,46050.578725133
603385,2026-03-31,14418,14566,-1.02,26402.0646414204
600516,2026-03-31,203952,214416,-4.88,19739.7935200439
600039,2026-03-31,43145,44746,-3.58,201543.415111832
920402,2026-03-31,9857,9999,-1.42,0.0
603179,2026-03-31,35330,29530,19.64,14439.3403056892
688353,2026-03-31,19254,18545,3.82,8283.99293653267
603733,2026-03-31,14254,14220,0.24,49650.9184790234
600908,2026-03-31,34815,35349,-1.51,63038.3942266265
600803,2026-03-31,23046,23796,-3.15,134330.691096069
688070,2026-03-31,6876,5617,22.41,12737.0564281559
000811,2026-03-31,42167,35134,20.02,23536.8412502668
600716,2026-03-31,19972,22547,-11.42,46868.6456038454
603070,2026-03-31,19317,15458,24.96,20758.9170160998
002591,2026-03-31,22245,30752,-27.66,13495.1442571364
600382,2026-03-31,26857,25563,5.06,25855.7578657333
002284,2026-03-31,43752,41905,4.41,16892.9499908576
600079,2026-03-31,80842,84094,-3.87,20190.321429455
688557,2026-03-31,6038,6171,-2.16,17005.5713812521
001389,2026-03-31,28017,21879,28.05,15222.0073883713
600313,2026-03-31,131555,98971,32.92,8828.04886929421
688360,2026-03-31,10671,11424,-6.59,24716.1153593852
603175,2026-03-31,24808,26063,-4.82,17616.4673089326
002054,2026-03-31,32769,40315,-18.72,14712.5469803778
688307,2026-03-31,8297,7721,7.46,10699.5299505845
600222,2026-03-31,38752,43797,-11.52,14809.2042475227
688665,2026-03-31,5398,6058,-10.89,18746.2654686921
688502,2026-03-31,9295,10546,-11.86,5680.47337278106
600713,2026-03-31,47508,49249,-3.54,27551.0008419635
603271,2026-03-31,15457,14989,3.12,12726.9198421427
603500,2026-03-31,25002,17822,40.29,13310.5449964003
601700,2026-03-31,72537,61344,18.25,15698.9853454099
600149,2026-03-31,42714,28023,52.42,8900.12642225032
688155,2026-03-31,10080,10282,-1.96,12543.2547619048
605155,2026-03-31,10483,9775,7.24,18248.4117142039
603885,2026-03-31,29570,21626,36.73,73858.8186675685
002738,2026-03-31,84109,55367,51.91,8578.05796050363
002656,2026-03-31,8831,9162,-3.61,80683.936587023
688529,2026-03-31,8400,8743,-3.92,20020.9467857143
601112,2026-03-31,91494,97306,-5.97,19021.6447745207
688679,2026-03-31,4097,3755,9.11,32142.9521601172
603665,2026-03-31,7981,7675,3.99,20186.8258363614
603815,2026-03-31,30698,29034,5.73,20161.7120007818
688275,2026-03-31,13687,15375,-10.98,9214.47088478118
600425,2026-03-31,60172,59827,0.58,26668.6117629462
920009,2026-03-31,3707,4342,-14.62,14942.0016185595
000700,2026-03-31,67667,92165,-26.58,13566.663055847
603726,2026-03-31,12648,19773,-36.03,14678.3048703352
000531,2026-03-31,37143,25745,44.27,28037.6203322295
603344,2026-03-31,13358,14200,-5.93,14562.8821679892
000782,2026-03-31,28191,30031,-6.13,24354.6347770565
002010,2026-03-31,52193,48915,6.7,52957.8853102907
000800,2026-03-31,74137,73783,0.48,66380.9025857534
002616,2026-03-31,36241,26927,34.59,23708.4067216688
600420,2026-03-31,36225,35868,1.0,37023.4007453416
002242,2026-03-31,41405,42870,-3.42,18428.1366984664
002159,2026-03-31,11554,13503,-14.43,15345.4496278345
000623,2026-03-31,63885,61691,3.56,18719.5020270799
002091,2026-03-31,54758,58522,-6.43,29725.6194528653
600855,2026-03-31,81685,78768,3.7,5735.97022709188
601698,2026-03-31,339232,249905,35.74,12452.7916352231
600637,2026-03-31,169160,158753,6.56,19874.0826259163
601198,2026-03-31,78414,78313,0.13,41222.811232688
688192,2026-03-31,10895,10012,8.82,42646.4747131712
603876,2026-03-31,44921,45502,-1.28,20686.6991607489
600089,2026-03-31,853087,511867,66.66,5922.95108353544
600108,2026-03-31,142013,103904,36.68,13709.4147789287
600459,2026-03-31,102824,77468,32.73,7389.39475219793
605123,2026-03-31,25277,29381,-13.97,4793.72124856589
002629,2026-03-31,37978,23432,62.08,11219.6008215283
920978,2026-03-31,6564,5989,9.6,0.0
603997,2026-03-31,19528,17158,13.81,65150.8021302745
603667,2026-03-31,128685,101239,27.11,2845.73003846602
600376,2026-03-31,145614,190384,-23.52,17715.0908703833
600266,2026-03-31,71650,52540,36.37,28970.6002372645
002329,2026-03-31,60463,73822,-18.1,13767.1631410946
000607,2026-03-31,42108,41484,1.5,24168.7662676926
002907,2026-03-31,30944,30279,2.2,13495.2273138573
002513,2026-03-31,30833,39399,-21.74,12181.5580060325
002559,2026-03-31,61131,62202,-1.72,8993.22805123424
002403,2026-03-31,37125,42783,-13.22,9175.44993939394
002470,2026-03-31,222304,64358,245.42,14781.6851788542
002349,2026-03-31,80720,83901,-3.79,10278.4304757185
002628,2026-03-31,46733,59659,-21.67,16200.5523933837
002949,2026-03-31,13470,11991,12.33,14554.3680772086
688152,2026-03-31,9969,10020,-0.51,10315.0124385595
002096,2026-03-31,27544,26088,5.58,45034.8812808597
601816,2026-03-31,199200,193413,2.99,245610.840210843
600743,2026-03-31,38268,38447,-0.47,61307.1201526079
603730,2026-03-31,21031,20634,1.92,102162.805287433
603045,2026-03-31,11945,11607,2.91,11339.0669736291
688319,2026-03-31,9522,8993,5.88,42607.5299306868
600132,2026-03-31,50926,48810,4.34,9503.4206102973
000838,2026-03-31,44685,48851,-8.53,24627.1046212376
603738,2026-03-31,41237,48345,-14.7,9357.79741494289
002238,2026-03-31,31040,31928,-2.78,25855.6430412371
000576,2026-03-31,39982,35639,12.19,10915.3672652694
002062,2026-03-31,35187,32145,9.46,35162.7273993236
000158,2026-03-31,349235,389331,-10.3,4577.48141222959
002678,2026-03-31,21766,23939,-9.08,62405.6015345034
603918,2026-03-31,62328,66896,-6.83,5857.84119496855
688579,2026-03-31,11699,11345,3.12,34191.8112659202
603823,2026-03-31,15428,20290,-23.96,26987.7951775992
600231,2026-03-31,57082,55655,2.56,50274.6618023195
000048,2026-03-31,21181,18044,17.39,25035.7513809546
600084,2026-03-31,23998,23728,1.14,46825.8534044504
688026,2026-03-31,7722,7904,-2.3,18177.2114737115
300417,2026-03-31,11593,9903,17.07,11607.2802553265
600215,2026-03-31,32319,30142,7.22,14136.6651195891
605259,2026-03-31,9795,9603,2.0,17608.9841755998
605050,2026-03-31,25683,18805,36.58,19188.9257874859
002597,2026-03-31,31857,38570,-17.4,17839.7174247418
002025,2026-03-31,51729,66083,-21.72,8804.07485163061
600533,2026-03-31,33374,34840,-4.21,31461.6168274705
002178,2026-03-31,96479,101541,-4.99,7381.43016615015
688006,2026-03-31,22262,22596,-1.48,27116.7079328003
688351,2026-03-31,11333,11278,0.49,41524.7507279626
603168,2026-03-31,26587,25324,4.99,14071.7833903788
688371,2026-03-31,8294,8366,-0.86,40447.5953701471
688116,2026-03-31,29826,27917,6.84,12289.0106283109
688176,2026-03-31,26290,24080,9.18,21725.7697223279
603619,2026-03-31,57003,22054,158.47,8110.77418732348
688562,2026-03-31,17232,17001,1.36,23212.6276694522
605077,2026-03-31,14841,14577,1.81,20419.7826292029
600764,2026-03-31,49735,54090,-8.05,14288.3157937066
002173,2026-03-31,151022,112818,33.86,2921.98720716187
688321,2026-03-31,26281,26290,-0.03,16854.0499600472
600284,2026-03-31,45794,44379,3.19,21187.4044634668
600616,2026-03-31,50338,50732,-0.78,13290.2568636021
603260,2026-03-31,79230,76011,4.23,14921.2033446927
000155,2026-03-31,118172,105854,11.64,15622.7223200081
002094,2026-03-31,111164,117060,-5.04,6215.11954409701
002021,2026-03-31,36750,39191,-6.23,32529.9951836735
002600,2026-03-31,476428,489777,-2.73,15339.2121789651
002779,2026-03-31,20377,20858,-2.31,9069.04843696324
600589,2026-03-31,239277,152678,56.72,6204.81655152814
605128,2026-03-31,10772,11140,-3.3,19600.6968065355
600528,2026-03-31,101843,93505,8.92,21813.4932003181
603712,2026-03-31,56919,54745,3.97,13563.1335757831
000710,2026-03-31,57422,59249,-3.08,6156.55088641984
000533,2026-03-31,118454,83961,41.08,5831.93475948469
688265,2026-03-31,6840,6668,2.58,11398.1744152047
000932,2026-03-31,82606,72822,13.44,82955.3441638622
603177,2026-03-31,15114,18026,-16.15,13510.1230647082
603863,2026-03-31,15722,14617,7.56,13016.7917567739
600814,2026-03-31,35475,41699,-14.93,20721.0316560958
688165,2026-03-31,26686,28928,-7.75,19552.5743835719
603499,2026-03-31,9898,11584,-14.55,30571.2659123055
603057,2026-03-31,8491,10213,-16.86,48521.964432929
600580,2026-03-31,383778,407387,-5.8,4070.3675327924
920519,2026-03-31,4325,4397,-1.64,0.0
603687,2026-03-31,45676,16250,181.08,12042.0322269901
603356,2026-03-31,9256,9225,0.34,14405.7908383751
688586,2026-03-31,18033,19256,-6.35,43882.8345810459
601155,2026-03-31,41385,39809,3.96,54503.3914703395
603324,2026-03-31,14625,16375,-10.69,10097.7490598291
600230,2026-03-31,39786,30876,28.86,10404.6904690092
600859,2026-03-31,97577,105416,-7.44,11518.4051979462
688239,2026-03-31,15163,14070,7.77,12572.1586757238
688057,2026-03-31,11095,10943,1.39,24876.0703019378
688671,2026-03-31,4635,4730,-2.01,16940.4314994606
601236,2026-03-31,74807,75150,-0.46,63052.7589931424
688133,2026-03-31,10349,8808,17.5,15889.165813122
603698,2026-03-31,57262,68766,-16.73,9360.30875624324
603983,2026-03-31,20841,19882,4.82,19240.9193416823
603903,2026-03-31,15256,15720,-2.95,16735.6764551652
600793,2026-03-31,22251,23379,-4.82,7950.38434227675
600557,2026-03-31,42174,42742,-1.33,13424.3563807085
688211,2026-03-31,10216,10109,1.06,12832.11256852
605158,2026-03-31,17612,17357,1.47,29038.1558028617
603321,2026-03-31,15190,13655,11.24,22968.3653061224
600586,2026-03-31,103721,80744,28.46,13664.9058532023
600739,2026-03-31,58786,60843,-3.38,26021.6686966284
002276,2026-03-31,142572,176539,-19.24,7091.68312151053
600378,2026-03-31,27363,27031,1.23,47143.9396265029
605108,2026-03-31,18483,20693,-10.68,14066.9804685387
000951,2026-03-31,30319,33432,-9.31,38750.2674890333
600138,2026-03-31,68168,70656,-3.52,10618.4720103274
002599,2026-03-31,60624,67856,-10.66,8786.61564726841
002866,2026-03-31,41222,36835,11.91,7023.4888166513
600619,2026-03-31,105259,111705,-5.77,7497.45673054086
603078,2026-03-31,46116,48763,-5.43,8362.33081793738
603393,2026-03-31,23363,26315,-11.22,18144.9868167615
603339,2026-03-31,31319,27334,14.58,9880.30189341933
600641,2026-03-31,68546,65858,4.08,13576.7210340501
601069,2026-03-31,73945,71830,2.94,12319.9556832781
603161,2026-03-31,12933,13769,-6.07,15031.9110028609
603912,2026-03-31,44834,48390,-7.35,12085.6668822768
600058,2026-03-31,55437,59557,-6.92,19335.6550859534
601788,2026-03-31,168732,170897,-1.27,23153.2776177607
920060,2026-03-31,9404,9104,3.3,0.0
601002,2026-03-31,59918,48713,23.0,15929.1151240028
688681,2026-03-31,5955,5333,11.66,17576.8261964736
002347,2026-03-31,71615,111038,-35.5,7047.4380506877
603822,2026-03-31,6154,5372,14.56,12483.8943776406
600755,2026-03-31,96728,115066,-15.94,22099.3000682326
301238,2026-03-31,37725,40073,-5.86,19438.9211398277
000669,2026-03-31,21729,15352,41.54,31313.3967048645
001226,2026-03-31,5814,6733,-13.65,12842.5696594427
002545,2026-03-31,30242,18562,62.92,41136.8984524833
000790,2026-03-31,34466,34827,-1.04,18096.6565310741
600754,2026-03-31,32917,34812,-5.44,27654.356229304
600577,2026-03-31,113064,117474,-3.75,19025.454972405
600977,2026-03-31,146428,164406,-10.94,12750.2936596826
601515,2026-03-31,35713,34109,4.7,53887.1187242741
688511,2026-03-31,4289,3896,10.09,23975.0855677314
601766,2026-03-31,572708,558322,2.58,42478.537139345
605068,2026-03-31,7766,8211,-5.42,20885.719160443
600303,2026-03-31,36880,35635,3.49,18535.9059381779
600458,2026-03-31,48639,45409,7.11,19135.9509858344
600597,2026-03-31,73824,74622,-1.07,18672.4339374729
601398,2026-03-31,688712,586639,17.4,391473.086775024
601658,2026-03-31,200335,205442,-2.49,500356.335597874
688020,2026-03-31,6015,6312,-4.71,13697.2568578554
002840,2026-03-31,36221,40306,-10.13,22146.4452389498
002553,2026-03-31,84267,84921,-0.77,4193.92691089038
002240,2026-03-31,112944,126184,-10.49,8103.96189261935
603192,2026-03-31,12981,18753,-30.78,12892.8034049765
601336,2026-03-31,86202,69051,24.84,24192.4704763231
600081,2026-03-31,25677,27532,-6.74,21537.8030922616
600405,2026-03-31,65040,69139,-5.93,9422.34913899139
600305,2026-03-31,79781,82283,-3.04,13868.8601045362
002933,2026-03-31,19262,21169,-9.01,6092.30609490188
600350,2026-03-31,28237,34651,-18.51,171214.039203881
601007,2026-03-31,22241,22014,1.03,17535.1827705589
920415,2026-03-31,9499,9672,-1.79,0.0
603000,2026-03-31,117445,112465,4.43,9414.5434543829
603059,2026-03-31,7322,9221,-20.59,13718.7517071838
688488,2026-03-31,11700,10901,7.33,35964.3425641026
688316,2026-03-31,12526,10245,22.26,3823.89661504072
601016,2026-03-31,403931,186107,117.04,16201.8481720888
603859,2026-03-31,40654,38130,6.62,6019.03136222758
601126,2026-03-31,57281,47988,19.37,14545.3029800457
688789,2026-03-31,6614,4858,36.15,27253.7204414878
600857,2026-03-31,14829,14384,3.09,15127.1103243644
603222,2026-03-31,43297,53737,-19.43,12127.6442940619
688408,2026-03-31,14675,11754,24.85,14927.8286882453
600651,2026-03-31,66387,66814,-0.64,37763.839531836
603520,2026-03-31,49835,38299,30.12,8797.22847396408
920021,2026-03-31,19241,13586,41.62,16059.4554856816
920953,2026-03-31,7451,8319,-10.43,0.0
920906,2026-03-31,4380,5420,-19.19,0.0
688391,2026-03-31,6236,6768,-7.86,18470.4233483002
600007,2026-03-31,15047,16366,-8.06,66942.4160297734
600161,2026-03-31,88197,88218,-0.02,22419.9399752826
603816,2026-03-31,15453,17311,-10.73,53158.0611531741
601799,2026-03-31,15791,11617,35.93,18091.2810461655
688611,2026-03-31,3448,3583,-3.77,44486.5429234339
601360,2026-03-31,368468,380203,-3.09,18996.3792758123
600103,2026-03-31,156929,179448,-12.55,14279.2393184179
600104,2026-03-31,247983,221645,11.88,46355.1029868983
688709,2026-03-31,21190,21056,0.64,30054.1305332704
920375,2026-03-31,6035,4703,28.32,0.0
601628,2026-03-31,109155,85197,28.12,190770.280793367
600626,2026-03-31,42119,43376,-2.9,31357.4554714025
600984,2026-03-31,45160,53461,-15.53,27835.3393489814
600628,2026-03-31,38873,50298,-22.71,16640.7373755563
600019,2026-03-31,251062,210267,19.4,86759.783435964
002596,2026-03-31,80358,124881,-35.65,14280.8496727146
601881,2026-03-31,133862,131014,2.17,54111.081733427
600004,2026-03-31,79874,77503,3.06,32266.3770188046
688658,2026-03-31,14764,13019,13.4,30479.5448387971
603022,2026-03-31,15803,18480,-14.49,12655.8248433842
601969,2026-03-31,62595,72396,-13.54,31822.5377586069
600345,2026-03-31,33990,26904,26.34,9697.32662547808
600478,2026-03-31,91356,82028,11.37,18231.3248828758
600271,2026-03-31,126399,157934,-19.97,14659.0134257391
600057,2026-03-31,37495,39429,-4.91,75759.1502600347
688772,2026-03-31,30301,26371,14.9,37364.6316623214
001225,2026-03-31,8066,4778,68.82,8165.98065955864
688220,2026-03-31,25398,22401,13.38,16469.8357744704
688206,2026-03-31,15522,15024,3.31,28036.1972039686
920455,2026-03-31,3996,3384,18.09,0.0
603188,2026-03-31,26735,24428,9.44,21326.7252665046
600707,2026-03-31,70985,78595,-9.68,50551.3803197859
688293,2026-03-31,4880,4014,21.57,26646.7266393443
600689,2026-03-31,14233,14903,-4.5,10693.7499473056
603565,2026-03-31,35899,36519,-1.7,58499.2089751804
688213,2026-03-31,29193,28992,0.69,13780.9329291268
600343,2026-03-31,153397,130385,17.65,4160.48780615006
603163,2026-03-31,20285,16980,19.46,4929.7510475721
600155,2026-03-31,58004,59481,-2.48,38161.8936107855
603696,2026-03-31,32702,45156,-27.58,7192.22065928689
600973,2026-03-31,81082,87911,-7.77,16913.3253743124
600850,2026-03-31,45122,36287,24.35,15074.6585036124
601800,2026-03-31,159719,150767,5.94,74231.420338219
603986,2026-03-31,243735,174437,39.73,2740.06339261903
600692,2026-03-31,20540,21238,-3.29,17125.8064264849
688805,2026-03-31,16398,20165,-18.68,10225.6372728382
600329,2026-03-31,60450,59484,1.62,9430.84129032258
601006,2026-03-31,327538,262823,24.62,61510.9627463073
600684,2026-03-31,35057,38843,-9.75,31550.7397381407
600460,2026-03-31,259362,277288,-6.46,6416.02025354524
603008,2026-03-31,22265,18517,20.24,16541.3175387379
600810,2026-03-31,49435,62766,-21.24,22479.4798219885
603315,2026-03-31,20421,16514,23.66,15688.0791342246
920943,2026-03-31,4757,5683,-16.29,21341.4710952281
600377,2026-03-31,42094,43061,-2.25,90648.2515322849
601857,2026-03-31,606489,460783,31.62,266982.711669956
603501,2026-03-31,197991,178666,10.82,6113.07066987893
600905,2026-03-31,507838,492016,3.22,56292.8535123406
601669,2026-03-31,701183,513549,36.54,24567.2803447887
603950,2026-03-31,14550,13022,11.73,22277.0309278351
600008,2026-03-31,145722,158598,-8.12,50373.9358298678
688037,2026-03-31,15581,12256,27.13,12940.5876387908
600833,2026-03-31,22478,23047,-2.47,9924.65286057478
600331,2026-03-31,81798,78923,3.64,32294.188121959
688618,2026-03-31,5340,5490,-2.73,20634.0131086142
688567,2026-03-31,30640,31142,-1.61,39885.8970300261
603357,2026-03-31,28231,28129,0.36,19856.820835252
688608,2026-03-31,24757,25252,-1.96,6813.98129821868
600552,2026-03-31,58597,57340,2.19,16120.3968462549
600765,2026-03-31,97842,89015,9.92,15867.3591402465
688605,2026-03-31,13826,13234,4.47,14637.6288152756
688237,2026-03-31,4473,4594,-2.63,20049.6203890007
605286,2026-03-31,11459,7662,49.56,14660.9651802077
688065,2026-03-31,18523,14417,28.48,38940.2253414674
600756,2026-03-31,88119,81988,7.48,3967.68861426026
600797,2026-03-31,172992,185098,-6.54,5939.73345588235
603212,2026-03-31,63364,53427,18.6,6904.40369926141
688737,2026-03-31,7835,8278,-5.35,15260.3074664965
688016,2026-03-31,16311,15320,6.47,7556.99325608485
600505,2026-03-31,44620,43954,1.52,8170.49529359032
600620,2026-03-31,21641,23538,-8.06,31730.3781248556
601928,2026-03-31,46565,44739,4.08,54652.6361000752
605033,2026-03-31,16575,12170,36.2,8156.86274509804
600825,2026-03-31,48533,47694,1.76,21529.430490594
600288,2026-03-31,27274,30306,-10.0,16015.2526215443
688819,2026-03-31,19106,18627,2.57,50879.3049303884
600526,2026-03-31,38815,41421,-6.29,22895.8608785263
600624,2026-03-31,48208,53083,-9.18,14091.9959757717
603039,2026-03-31,27065,25903,4.49,9472.2318492518
688306,2026-03-31,25776,27737,-7.07,47652.1880819367
603528,2026-03-31,50773,55188,-8.0,13903.6521576428
603506,2026-03-31,9862,10729,-8.08,19040.5373149463
603661,2026-03-31,7436,7645,-2.73,18701.8600053792
688218,2026-03-31,7738,8601,-10.03,15052.3827862497
920014,2026-03-31,7569,6425,17.81,0.0
603533,2026-03-31,63483,56988,11.4,6913.6120693729
688518,2026-03-31,17063,15334,11.28,20003.8149797808
688073,2026-03-31,4924,3892,26.52,18457.1380991064
603169,2026-03-31,94263,89571,5.24,13857.9484845592
688188,2026-03-31,10812,12254,-11.77,26704.5807436182
603258,2026-03-31,24079,24366,-1.18,10129.0211387516
600461,2026-03-31,19066,19805,-3.73,67353.1724535823
601319,2026-03-31,148005,135473,9.25,239841.603885004
600353,2026-03-31,58613,50536,15.98,14160.2756896934
920682,2026-03-31,12327,12818,-3.83,0.0
688615,2026-03-31,16691,14688,13.64,8387.75387933617
688699,2026-03-31,12020,9743,23.37,9156.79201331115
600887,2026-03-31,414273,349084,18.67,15268.5805422994
603052,2026-03-31,25419,17807,42.75,7392.00133758212
600722,2026-03-31,135536,45061,200.78,5019.47582929996
688520,2026-03-31,13485,12910,4.45,33024.5245828699
600996,2026-03-31,59754,39667,50.64,20865.5463065234
688443,2026-03-31,12843,12628,1.7,28550.9616133302
600098,2026-03-31,57415,52735,8.87,61061.830201167
603556,2026-03-31,19956,20043,-0.43,24366.815494087
600166,2026-03-31,122916,117234,4.85,64413.0981076508
600962,2026-03-31,15218,15582,-2.34,17230.253646997
600779,2026-03-31,77220,82952,-6.91,6313.17272727273
600728,2026-03-31,124654,143458,-13.11,17108.1494456656
603113,2026-03-31,35621,34171,4.24,23819.9549703826
688272,2026-03-31,4636,4550,1.89,16393.4426229508
603609,2026-03-31,23938,23850,0.37,37943.4845434038
920185,2026-03-31,25856,26476,-2.34,0.0
600883,2026-03-31,14346,12419,15.52,16456.712672522
600191,2026-03-31,17200,19115,-10.02,28193.7209302326
600521,2026-03-31,89340,82636,8.11,16759.0344302664
600918,2026-03-31,100513,100710,-0.2,78779.2722931362
600467,2026-03-31,71735,79630,-9.91,20366.5477660835
600569,2026-03-31,84798,78231,8.39,33873.6926106748
688261,2026-03-31,14451,13157,9.84,8482.11023458584
600212,2026-03-31,41525,39564,4.96,16957.259795304
600127,2026-03-31,100115,97452,2.73,6410.46015082655
600163,2026-03-31,87477,48372,80.84,21754.2456074168
688526,2026-03-31,10659,10654,0.05,43730.9368608688
688348,2026-03-31,14647,12328,18.81,10669.5866047655
603336,2026-03-31,20460,22353,-8.47,29751.6590909091
603900,2026-03-31,35053,31508,11.25,9784.15085727327
600821,2026-03-31,267055,60619,340.55,7366.74075752186
603898,2026-03-31,16772,11766,42.55,18563.3831385643
920199,2026-03-31,6898,5512,25.15,0.0
601083,2026-03-31,32948,33029,-0.25,39277.6496297196
688248,2026-03-31,12978,12538,3.51,43512.0973955925
688570,2026-03-31,12639,13312,-5.06,34259.0394809716
601952,2026-03-31,47869,44775,6.91,28786.8975746308
920156,2026-03-31,15,15,0.0,0.0
688625,2026-03-31,5396,4723,14.25,34900.1021126761
688166,2026-03-31,20364,20114,1.24,20777.0798467885
920895,2026-03-31,3571,3846,-7.15,0.0
600257,2026-03-31,33496,37029,-9.54,14367.0046572725
688001,2026-03-31,12932,12182,6.16,34371.3177389422
600208,2026-03-31,105628,106556,-0.87,80555.7314348468
000060,2026-03-31,232043,150671,54.01,19139.4373370453
600563,2026-03-31,30341,30144,0.65,7415.70811772849
000401,2026-03-31,71042,71881,-1.17,37417.5450437769
688202,2026-03-31,13496,13907,-2.96,9954.96324836989
002221,2026-03-31,40730,37821,7.69,38696.9743923398
000538,2026-03-31,169274,186046,-9.01,10540.6772628992
002235,2026-03-31,66973,94236,-28.93,8653.81995729622
002065,2026-03-31,258630,283713,-8.84,12394.0856629161
002626,2026-03-31,36879,37357,-1.28,16538.8230429242
002453,2026-03-31,41784,47759,-12.51,19442.0621769098
002647,2026-03-31,31501,32782,-3.91,35881.1357417225
000880,2026-03-31,75305,53197,41.56,6159.60215125158
000501,2026-03-31,38430,38638,-0.54,20010.2193858964
920662,2026-03-31,5095,5979,-14.79,0.0
688212,2026-03-31,6675,5831,14.47,20174.5692883895
600773,2026-03-31,42123,47844,-11.96,22590.6717232866
002737,2026-03-31,47695,47664,0.07,12244.470070238
002645,2026-03-31,38403,63890,-39.89,16342.4826185454
002925,2026-03-31,35257,51809,-31.95,21886.9743029753
002824,2026-03-31,23645,23053,2.57,13160.4499048425
002644,2026-03-31,32491,35048,-7.3,15716.8754424302
600587,2026-03-31,46633,41707,11.81,13008.9110501147
603707,2026-03-31,35693,38096,-6.31,45265.0054352394
600868,2026-03-31,235000,207126,13.46,8077.2284212766
002595,2026-03-31,23477,19833,18.37,34075.90407633
002214,2026-03-31,15054,15340,-1.86,39767.6821442806
688126,2026-03-31,80359,80247,0.14,41128.2294826964
600582,2026-03-31,73385,73800,-0.56,56395.5698303468
002138,2026-03-31,59510,49453,20.34,13549.2917828936
920961,2026-03-31,9767,10809,-9.64,0.0
688007,2026-03-31,16037,15587,2.89,28659.7016274864
002725,2026-03-31,32174,28879,11.41,7956.73525206689
002315,2026-03-31,44961,40340,11.46,7055.80100531572
001219,2026-03-31,14978,14752,1.53,13018.0097476299
002181,2026-03-31,106262,78565,35.25,10926.3723061866
601827,2026-03-31,31720,27897,13.7,52709.1204287516
605008,2026-03-31,13016,10089,29.01,49628.3354333128
600609,2026-03-31,58297,57414,1.54,22377.7991663379
600067,2026-03-31,56550,60415,-6.4,24609.5267727675
920230,2026-03-31,5095,5161,-1.28,0.0
920139,2026-03-31,15147,15280,-0.87,0.0
688182,2026-03-31,11919,12025,-0.88,33559.8624045641
688190,2026-03-31,6356,6713,-5.32,18879.7986154814
688357,2026-03-31,6255,6028,3.77,15996.7825739408
600252,2026-03-31,118957,118763,0.16,26767.3450910833
688505,2026-03-31,20953,21402,-2.1,33912.666443946
688379,2026-03-31,9420,10212,-7.76,10082.6497876858
605006,2026-03-31,39297,33154,18.53,15269.5720792936
600477,2026-03-31,127784,77036,65.88,18460.5931572028
603296,2026-03-31,58532,56850,2.96,17353.4535638625
600570,2026-03-31,234506,239927,-2.26,8075.05113728433
002884,2026-03-31,20632,20606,0.13,17336.2984199302
002723,2026-03-31,16673,15458,7.86,19933.4178612127
002901,2026-03-31,20297,20376,-0.39,20398.0640488742
603711,2026-03-31,18827,21362,-11.87,21929.8932384342
002533,2026-03-31,46067,45762,0.67,15932.035122756
002938,2026-03-31,93953,82295,14.17,24672.4534181985
601375,2026-03-31,106438,107299,-0.8,32389.9331065973
600406,2026-03-31,302939,160182,89.12,26512.7836165037
603023,2026-03-31,34204,38560,-11.3,16317.3139691264
920779,2026-03-31,5702,5177,10.14,0.0
601107,2026-03-31,35306,30905,14.24,61257.0101399196
605189,2026-03-31,9481,9412,0.73,20470.1704461555
920469,2026-03-31,5671,6342,-10.58,0.0
605198,2026-03-31,6859,7093,-3.3,39442.4843271614
002133,2026-03-31,27123,31689,-14.41,28541.9818972828
002345,2026-03-31,49585,49623,-0.08,17918.9816880105
605303,2026-03-31,11650,13520,-13.83,13840.1208583691
920300,2026-03-31,5008,5755,-12.98,0.0
603358,2026-03-31,26238,8585,205.63,17903.1586248952
600539,2026-03-31,16042,16774,-4.36,14337.3644184017
600933,2026-03-31,37741,32313,16.8,27294.7903341194
601288,2026-03-31,647989,653289,-0.81,492669.182311737
002279,2026-03-31,98766,109891,-10.12,8729.79437255736
002180,2026-03-31,57407,67120,-14.47,24768.3892730852
000031,2026-03-31,86115,88828,-3.05,49774.2941299425
688318,2026-03-31,22145,21772,1.71,11565.566583879
688330,2026-03-31,11420,8963,27.41,12259.1943957968
688053,2026-03-31,5406,5528,-2.21,18497.9652238254
603215,2026-03-31,12770,15151,-15.72,14717.2710258418
688500,2026-03-31,6966,5513,26.36,10809.1745621591
688171,2026-03-31,3376,3509,-3.79,24814.3957345972
688282,2026-03-31,5551,5407,2.66,15852.9994595568
600886,2026-03-31,88980,101015,-11.91,89958.3531355361
688075,2026-03-31,5761,5624,2.44,22059.1572643638
600150,2026-03-31,722942,814467,-11.24,10409.7165305101
920367,2026-03-31,4244,4059,4.56,0.0
688127,2026-03-31,13463,12161,10.71,30149.1272376142
920057,2026-03-31,6001,6398,-6.21,0.0
920098,2026-03-31,4848,5246,-7.59,0.0
600000,2026-03-31,151091,160813,-6.05,220435.620255343
600543,2026-03-31,19245,20619,-6.66,16685.8924395947
600866,2026-03-31,50106,53253,-5.91,33159.1549115874
603955,2026-03-31,9996,10751,-7.02,13577.430972389
603808,2026-03-31,16413,14220,15.42,22487.8375677816
600390,2026-03-31,120403,123880,-2.81,37358.4168085513
603368,2026-03-31,31486,30132,4.49,12615.491170679
920007,2026-03-31,5037,5746,-12.34,0.0
002491,2026-03-31,144570,90727,59.35,8507.95116552535
920508,2026-03-31,4650,5003,-7.06,0.0
920062,2026-03-31,10711,11021,-2.81,0.0
920751,2026-03-31,3388,3865,-12.34,0.0
605069,2026-03-31,10063,14793,-31.97,21037.2431680413
920128,2026-03-31,5433,5851,-7.14,0.0
600299,2026-03-31,27474,32721,-16.04,112097.956504331
920106,2026-03-31,4910,4705,4.36,0.0
688223,2026-03-31,110326,77776,41.85,93082.3766201983
600831,2026-03-31,40810,39017,4.6,17420.9015437393
600622,2026-03-31,50953,55747,-8.6,29432.7203893784
000987,2026-03-31,106135,74371,42.71,47271.2343901635
000546,2026-03-31,61459,72192,-14.87,12653.1226020599
920017,2026-03-31,8029,7945,1.06,0.0
002881,2026-03-31,51340,52330,-1.89,5098.49435138294
688816,2026-03-31,14867,21891,-32.09,6726.30658505415
920181,2026-03-31,15,15,0.0,0.0
600691,2026-03-31,77079,51710,49.06,30825.2825283151
002068,2026-03-31,41984,42838,-1.99,17514.8912919207
601106,2026-03-31,324609,256660,26.47,21126.2870930874
600982,2026-03-31,86109,48999,75.74,12979.2180259903
600683,2026-03-31,26245,27832,-5.7,28225.4752143265
000498,2026-03-31,43698,44648,-2.13,35526.6021557051
002454,2026-03-31,25118,25708,-2.3,25025.1453141174
600629,2026-03-31,71884,93545,-23.16,13498.6736825997
688802,2026-03-31,28699,28352,1.22,13941.2523084428
600649,2026-03-31,69299,73143,-5.26,36140.5037302126
920770,2026-03-31,9160,9191,-0.34,0.0
603800,2026-03-31,17463,14900,17.2,11910.8973257745
603027,2026-03-31,64914,65326,-0.63,20536.7934806051
600248,2026-03-31,48622,48098,1.09,76914.4684710625
688478,2026-03-31,7187,6284,14.37,19252.274384305
600900,2026-03-31,739609,543860,35.99,33082.6392269429
603030,2026-03-31,35384,37494,-5.63,37218.3337101515
688556,2026-03-31,24922,25728,-3.13,33334.9624428216
688323,2026-03-31,9301,8810,5.57,19352.9487151919
600072,2026-03-31,108337,125731,-13.83,13851.6823338287
600229,2026-03-31,28696,29456,-2.58,23024.3861165319
000100,2026-03-31,614385,582032,5.56,33856.3969611888
601003,2026-03-31,50171,54200,-7.43,52504.8687688107
600846,2026-03-31,25706,27526,-6.61,24304.1125029176
603117,2026-03-31,25995,26333,-1.28,23050.4997884209
688573,2026-03-31,7443,7466,-0.31,13133.7347843611
600715,2026-03-31,56491,50622,11.59,71867.2620417412
603377,2026-03-31,12958,13836,-6.35,55210.8647167773
601162,2026-03-31,410466,445063,-7.77,24542.8007045651
688247,2026-03-31,7965,7781,2.36,56916.509730069
688076,2026-03-31,15016,15241,-1.48,21047.6756126798
920706,2026-03-31,5200,5695,-8.69,17770.2394230769
603988,2026-03-31,19481,20591,-5.39,12073.3021918793
601059,2026-03-31,62113,66283,-6.29,52211.2923220582
920273,2026-03-31,5873,7127,-17.6,0.0
603887,2026-03-31,47943,49099,-2.35,12557.1912687984
688343,2026-03-31,34875,36612,-4.74,10311.2080286738
600354,2026-03-31,63882,51874,23.15,8262.14082214082
600436,2026-03-31,129937,129241,0.54,4643.15175815972
603668,2026-03-31,24400,25552,-4.51,20729.3742622951
600398,2026-03-31,63064,65634,-3.92,76157.0832170494
601222,2026-03-31,72528,73226,-0.95,28405.1560225017
600358,2026-03-31,22500,22021,2.18,22441.6293333333
601377,2026-03-31,209880,209582,0.14,41147.2617400419
688710,2026-03-31,4079,4665,-12.56,34562.2983574406
600960,2026-03-31,39999,47949,-16.58,23763.4820370509
920433,2026-03-31,7988,8410,-5.02,0.0
920720,2026-03-31,8423,9076,-7.19,0.0
603809,2026-03-31,81809,92532,-11.59,11249.236722121
920118,2026-03-31,2770,2842,-2.53,0.0
920392,2026-03-31,4037,2809,43.72,0.0
600735,2026-03-31,18255,21128,-13.6,23488.2617912901
920719,2026-03-31,6647,7632,-12.91,0.0
603119,2026-03-31,54207,44705,21.25,6710.24314202963
600884,2026-03-31,204833,166415,23.09,10981.691734242
688079,2026-03-31,11538,10925,5.61,35662.2619171434
688521,2026-03-31,45016,38910,15.69,11682.8521636751
920496,2026-03-31,8232,7614,8.12,0.0
601696,2026-03-31,133860,157204,-14.85,20753.0255490811
001278,2026-03-31,9832,10253,-4.11,12584.7640358015
000561,2026-03-31,100020,100997,-0.97,8638.45468906219
001330,2026-03-31,120064,128095,-6.27,11448.2191497868
688375,2026-03-31,15762,10471,50.53,37813.4056591803
002959,2026-03-31,23131,23856,-3.04,6736.99891919934
002736,2026-03-31,115452,108995,5.92,88709.966566192
001325,2026-03-31,12084,17507,-30.98,6487.91790797749
002114,2026-03-31,53007,53883,-1.63,6100.99169920954
002569,2026-03-31,4374,4121,6.14,32924.0969364426
920088,2026-03-31,11168,6884,62.23,0.0
003010,2026-03-31,32597,29543,10.34,9542.57986931313
002763,2026-03-31,17073,17302,-1.32,24010.0743864582
688025,2026-03-31,13882,10878,27.62,6846.95454545454
920925,2026-03-31,6185,3273,88.97,0.0
920168,2026-03-31,9882,122,8000.0,0.0
002209,2026-03-31,16864,19541,-13.7,11802.0072343454
920121,2026-03-31,4615,7114,-35.13,0.0
688257,2026-03-31,12649,8113,55.91,19954.8188789628
688776,2026-03-31,11552,11427,1.09,9382.22117382272
920186,2026-03-31,1116,1116,0.0,0.0
688031,2026-03-31,19866,12184,63.05,6097.65005537098
920068,2026-03-31,7021,10771,-34.82,0.0
601995,2026-03-31,130514,135211,-3.47,22400.2209724627
601328,2026-03-31,299695,310669,-3.53,178020.726381822
920080,2026-03-31,6210,7198,-13.73,13365.539452496
002156,2026-03-31,350783,281833,24.46,4326.31259781688
000679,2026-03-31,19316,21362,-9.58,18451.0250569476
603906,2026-03-31,75324,87182,-13.6,7501.97683341299
002166,2026-03-31,39042,40691,-4.05,18995.1699451872
002024,2026-03-31,174759,174409,0.2,53014.5378378224
600015,2026-03-31,104466,113374,-7.86,152345.533168686
601988,2026-03-31,490093,551386,-11.12,486826.246077785
603989,2026-03-31,21766,23992,-9.28,18321.2285215474
688051,2026-03-31,5124,4678,9.53,15092.5058548009
601688,2026-03-31,202890,187744,8.07,36018.6214500468
920027,2026-03-31,7692,6350,21.13,0.0
688236,2026-03-31,7658,7215,6.14,37663.6197440585
600783,2026-03-31,59614,63406,-5.98,12486.3168718757
920765,2026-03-31,3687,4514,-18.32,0.0
601818,2026-03-31,227656,224075,1.6,203846.222199283
688286,2026-03-31,10092,10104,-0.12,5554.87237415775
601998,2026-03-31,86490,98412,-12.11,471303.032570239
601528,2026-03-31,30202,29712,1.65,64967.9291106549
000626,2026-03-31,30449,31193,-2.39,16638.5386712207
002203,2026-03-31,46237,27101,70.61,49565.3972792352
000837,2026-03-31,92197,87970,4.81,11097.387518032
002732,2026-03-31,15402,16164,-4.71,10216.205687573
603917,2026-03-31,21945,25670,-14.51,9288.67623604466
688219,2026-03-31,16252,17563,-7.46,33817.3763229141
688585,2026-03-31,15603,16345,-4.54,25851.5495737999
002537,2026-03-31,96071,117711,-18.38,12220.3031612037
002050,2026-03-31,674702,576008,17.13,5530.55650494589
000905,2026-03-31,64835,65244,-0.63,23788.1994755919
000792,2026-03-31,196434,203583,-3.51,26938.1702811122
000166,2026-03-31,220026,220440,-0.19,102424.006980993
603280,2026-03-31,16588,16742,-0.92,6535.24638292742
600322,2026-03-31,56659,60046,-5.64,19514.993204963
688561,2026-03-31,26548,27034,-1.8,25698.8370122043
000509,2026-03-31,45519,33557,35.65,23575.3872448868
000609,2026-03-31,16446,17481,-5.92,18196.857716162
000889,2026-03-31,35682,31431,13.52,26239.8720923715
600847,2026-03-31,9563,8768,9.07,16029.2167729792
688627,2026-03-31,13495,9788,37.87,6966.41378288255
603316,2026-03-31,17692,15094,17.21,14936.9206420981
600009,2026-03-31,180970,163472,10.7,13749.8648394762
688256,2026-03-31,68582,66525,3.09,6148.62748242979
603159,2026-03-31,6604,7859,-15.97,21199.2731677771
603959,2026-03-31,29956,30273,-1.05,16367.3051141674
603290,2026-03-31,57872,56910,1.69,4137.98496682333
002609,2026-03-31,35395,35775,-1.06,18178.8060743043
603717,2026-03-31,18756,18415,1.85,15469.5158882491
603880,2026-03-31,10955,10733,2.07,26384.4819717024
600807,2026-03-31,40350,46157,-12.58,21924.0329863693
920039,2026-03-31,5491,5925,-7.32,28013.1123656893
002785,2026-03-31,15172,14876,1.99,14936.7054442394
688458,2026-03-31,8440,8812,-4.22,13215.2404028436
600246,2026-03-31,81183,90309,-10.11,23933.4278851484
600328,2026-03-31,64881,62080,4.51,22599.9835545075
688061,2026-03-31,8443,8311,1.59,13607.6502428047
688711,2026-03-31,14720,16446,-10.49,14476.4149456522
688403,2026-03-31,29505,28513,3.48,31557.4535502457
688499,2026-03-31,20435,22111,-7.58,8256.839246391
601021,2026-03-31,34350,17037,101.62,28481.3223580786
601156,2026-03-31,29318,28972,1.19,54149.5175660004
000006,2026-03-31,60447,63921,-5.43,22333.532615349
002044,2026-03-31,184275,199455,-7.61,21241.3725301859
002602,2026-03-31,156421,164612,-4.98,47120.7978596224
688401,2026-03-31,10995,11703,-6.05,17585.1473396999
920982,2026-03-31,11215,11868,-5.5,0.0
920179,2026-03-31,6358,6304,0.86,0.0
688173,2026-03-31,14676,16570,-11.43,28144.0318206596
920108,2026-03-31,4525,4580,-1.2,0.0
920263,2026-03-31,6373,7127,-10.58,0.0
688793,2026-03-31,6012,5677,5.9,14295.6452095808
000002,2026-03-31,489800,497899,-1.63,19853.402476521
002583,2026-03-31,210931,237413,-11.15,8621.86867269391
600643,2026-03-31,69510,63987,8.63,22920.0227017695
920510,2026-03-31,5928,7786,-23.86,0.0
603602,2026-03-31,27765,25277,9.84,8321.89785701423
600481,2026-03-31,136275,108305,25.83,15147.1771197945
603158,2026-03-31,41912,56518,-25.84,11709.537793472
600158,2026-03-31,84482,74668,13.14,11357.6035960323
002828,2026-03-31,39568,31751,24.62,5079.54913061059
603801,2026-03-31,20989,25085,-16.33,20694.2396969841
002486,2026-03-31,45353,47024,-3.55,18174.8307719445
600576,2026-03-31,45991,52011,-11.57,22929.4522841426
688409,2026-03-31,11571,15911,-27.28,26463.6393570132
603778,2026-03-31,124729,92972,34.16,5291.80960321978
000783,2026-03-31,154660,154068,0.38,35756.3232122074
002031,2026-03-31,304315,359386,-15.32,7227.36529582834
688150,2026-03-31,12862,10768,19.45,31288.8808116934
000680,2026-03-31,54948,46701,17.66,27301.1321977142
603828,2026-03-31,7628,6739,13.19,78127.9703723125
603195,2026-03-31,49969,53915,-7.32,36180.6227461026
605287,2026-03-31,11265,7660,47.06,12427.87394585
603628,2026-03-31,34131,33658,1.41,8001.65102106589
603636,2026-03-31,62488,71206,-12.24,9287.55157790296
600787,2026-03-31,80710,82861,-2.6,26887.3693718251
002605,2026-03-31,54260,53780,0.89,7697.47709178032
000949,2026-03-31,60021,52505,14.31,27605.3368321088
920725,2026-03-31,7018,7364,-4.7,0.0
688484,2026-03-31,18415,16817,9.5,23223.6312788488
688721,2026-03-31,8226,8793,-6.45,16229.0299051787
603237,2026-03-31,13733,14131,-2.82,14350.2903225806
688325,2026-03-31,5618,5539,1.43,15332.6833392666
002269,2026-03-31,106533,115167,-7.5,23584.241502633
688159,2026-03-31,11257,11493,-2.05,8253.42631251666
600373,2026-03-31,53413,48018,11.24,25225.2956958044
601019,2026-03-31,24221,28534,-15.12,86160.7695801164
600117,2026-03-31,78507,82561,-4.91,41462.7339855045
300866,2026-03-31,30037,27255,10.21,17849.9497619602
603507,2026-03-31,19320,20211,-4.41,9539.4051242236
688141,2026-03-31,15513,14388,7.82,29028.6604138464
600551,2026-03-31,19583,21608,-9.37,34624.6866670071
600482,2026-03-31,57792,84005,-31.2,39248.4490586932
600892,2026-03-31,10990,12369,-11.15,50906.6595086442
600682,2026-03-31,52199,53328,-2.12,25769.3101591985
600300,2026-03-31,66540,70805,-6.02,24303.3089870754
688106,2026-03-31,23566,22307,5.64,21295.7896121531
603879,2026-03-31,18910,36831,-48.66,19002.8789000529
600325,2026-03-31,55967,52911,5.78,49174.5513606232
920305,2026-03-31,7258,7928,-8.45,0.0
603211,2026-03-31,16081,21353,-24.69,16902.4314408308
688289,2026-03-31,21493,19960,7.68,26957.0560647653
688032,2026-03-31,12310,9568,28.66,10079.0857026807
600381,2026-03-31,24453,25808,-5.25,24007.7185212448
605122,2026-03-31,12935,16695,-22.52,13324.6231155779
688303,2026-03-31,37298,37749,-1.19,57515.3017319964
601187,2026-03-31,32738,34088,-3.96,80613.5954548232
000912,2026-03-31,69590,41666,67.02,22531.9729846242
603323,2026-03-31,31848,31123,2.33,63380.4771728209
603166,2026-03-31,42500,49507,-14.15,15191.7800235294
002682,2026-03-31,82342,130859,-37.08,6829.66886886401
001896,2026-03-31,170554,84942,100.79,8946.03075858672
601939,2026-03-31,261009,298937,-12.69,81158.3569110644
000892,2026-03-31,63141,64792,-2.55,15536.3467952677
603387,2026-03-31,45313,25285,79.21,11192.229978152
688599,2026-03-31,68161,69167,-1.45,34368.1531374246
000725,2026-03-31,971956,952576,2.03,37400.2978910568
688333,2026-03-31,29505,26356,11.95,9297.48090154211
601166,2026-03-31,279840,274392,1.99,75624.847387793
603580,2026-03-31,4217,5753,-26.7,30987.2421152478
000898,2026-03-31,98317,92717,6.04,80939.0162230337
600016,2026-03-31,363160,367968,-1.31,97648.7587096597
603666,2026-03-31,23848,24454,-2.48,8618.35038577658
688439,2026-03-31,14403,15270,-5.68,13885.9959730612
000488,2026-03-31,83920,84373,-0.54,20338.0086272641
300167,2026-03-31,10202,10596,-3.72,38166.4379533425
002822,2026-03-31,26055,26081,-0.1,74877.8430243715
002989,2026-03-31,11755,11772,-0.14,17151.4113994045
000981,2026-03-31,682051,735102,-7.22,14657.9521003561
001979,2026-03-31,93670,82721,13.24,96253.145841785
600540,2026-03-31,32283,29799,8.34,18008.7649846669
603569,2026-03-31,24139,24531,-1.6,25001.336053689
603128,2026-03-31,58296,63431,-8.1,22455.1683477426
600567,2026-03-31,189881,197500,-3.86,33217.9275756921
600730,2026-03-31,39338,45079,-12.74,14913.2137373532
688576,2026-03-31,4643,5117,-9.26,9799.71139349558
603690,2026-03-31,89760,97607,-8.04,4266.53576203209
600706,2026-03-31,33392,38706,-13.73,7638.35005390513
600363,2026-03-31,62679,55623,12.69,7193.61269324654
600125,2026-03-31,58621,58171,0.77,22270.5493594446
601666,2026-03-31,66348,66357,-0.01,37218.3624977392
603051,2026-03-31,24794,26667,-7.02,6519.03266919416
600396,2026-03-31,195384,59648,227.56,7537.49957519551
603535,2026-03-31,17389,16428,5.85,29381.6971073667
600400,2026-03-31,66369,74536,-10.96,34524.7307025871
603389,2026-03-31,6892,7891,-12.66,38124.2019733024
300560,2026-03-31,28517,30145,-5.4,8056.3741627801
300094,2026-03-31,58690,64338,-8.78,19222.4783268018
603843,2026-03-31,28089,31127,-9.76,24907.3743102282
000826,2026-03-31,69119,69764,-0.92,20621.7284393582
600180,2026-03-31,31351,31153,0.64,34660.0575420242
000010,2026-03-31,38357,37934,1.12,29972.4246421774
600678,2026-03-31,78762,98159,-19.76,4430.9438561743
600080,2026-03-31,19931,21782,-8.5,18728.1262856856
600734,2026-03-31,179800,226160,-20.5,12115.1451946607
600053,2026-03-31,22396,18459,21.33,19357.9567779961
000639,2026-03-31,54159,49956,8.41,19930.7242563563
002102,2026-03-31,57285,49166,16.51,43215.9691018591
002175,2026-03-31,127777,138739,-7.9,9992.25781635193
601010,2026-03-31,97240,99306,-2.08,19004.5248868778
002630,2026-03-31,39878,43754,-8.86,29610.3114499223
300152,2026-03-31,41875,43382,-3.47,17022.0895522388
002528,2026-03-31,44350,52079,-14.84,27027.6230439684
300068,2026-03-31,98068,99615,-1.55,9160.65688093976
300027,2026-03-31,94267,97245,-3.06,29432.419818176
002323,2026-03-31,125206,61670,103.03,16938.9257863042
600130,2026-03-31,40671,47548,-14.46,18440.6579626761
002581,2026-03-31,22619,24643,-8.21,29167.3188911977
300147,2026-03-31,29481,32272,-8.65,22430.6856958719
002694,2026-03-31,17373,17322,0.29,43923.6055948886
603729,2026-03-31,14272,12539,13.82,6539.93834080718
002717,2026-03-31,86401,101364,-14.76,21067.2741982153
603359,2026-03-31,38900,47223,-17.62,11467.763496144
603922,2026-03-31,10662,10812,-1.39,16807.3532170324
688622,2026-03-31,4230,4477,-5.52,16658.5156028369
002856,2026-03-31,9337,11420,-18.24,14492.107529185
920023,2026-03-31,10085,12399,-18.66,0.0
600031,2026-03-31,452539,454590,-0.45,18726.3198022712
002898,2026-03-31,5441,5987,-9.12,32346.9950376769
002310,2026-03-31,226424,77555,191.95,26495.9638421722
002808,2026-03-31,9602,10742,-10.61,27994.1678816913
600187,2026-03-31,101254,107488,-5.8,15937.949147688
000078,2026-03-31,185069,175448,5.48,14216.9853243925
600337,2026-03-31,38546,32627,18.14,37280.0844964458
600965,2026-03-31,28847,26950,7.04,28380.8006031823
600745,2026-03-31,249683,273653,-8.76,4984.93128486921
600107,2026-03-31,15298,15945,-4.06,23532.4879069159
000697,2026-03-31,23094,23471,-1.61,60452.4248722612
000677,2026-03-31,74097,55700,33.03,11660.093499062
002109,2026-03-31,45590,26534,71.82,27994.5130730423
002193,2026-03-31,18604,20754,-10.36,14067.7031821114
002082,2026-03-31,47037,22869,105.68,13004.4232200183
300076,2026-03-31,22801,26096,-12.63,18595.6756282619
601718,2026-03-31,161883,169789,-4.66,26939.6385228838
300010,2026-03-31,98982,100226,-1.24,20878.671465519
002667,2026-03-31,23170,24240,-4.41,11246.9356927061
600340,2026-03-31,182018,208796,-12.82,21501.8313683262
300352,2026-03-31,73682,87913,-16.19,19676.7743410874
300430,2026-03-31,36131,31512,14.66,7557.13365254214
603718,2026-03-31,40923,38150,7.27,15930.0320113384
920575,2026-03-31,8570,8003,7.08,0.0
688066,2026-03-31,22838,25305,-9.75,11440.5095017077
688033,2026-03-31,17776,20382,-12.79,31626.8337083708
603021,2026-03-31,10186,10381,-1.88,31410.5703907324
603189,2026-03-31,28980,29294,-1.07,9301.18526570048
603378,2026-03-31,17175,19385,-11.4,24954.6807569141
603557,2026-03-31,11423,13131,-13.01,54577.3341503983
300716,2026-03-31,5737,5768,-0.54,27892.6268084365
688022,2026-03-31,9632,9579,0.55,18259.7927740864
301030,2026-03-31,19139,20359,-5.99,10574.3941689743
603638,2026-03-31,25635,24240,5.75,32420.0823093427
603829,2026-03-31,15948,17000,-6.19,11679.5936167545
300548,2026-03-31,70146,74663,-6.05,4156.66934679098
000595,2026-03-31,38324,38324,0.0,29711.3131719027
002168,2026-03-31,27377,27689,-1.13,28643.1445373854
688235,2026-03-31,35235,33074,6.53,3265.36852561374
600729,2026-03-31,28290,23078,22.58,15569.2144574054
301139,2026-03-31,18815,20187,-6.8,6461.9080520861
688496,2026-03-31,7539,7722,-2.37,59689.6140071628
300268,2026-03-31,4412,4548,-2.99,39483.2275611967
601568,2026-03-31,69946,67723,3.28,56789.8410774026
688981,2026-03-31,309539,309227,0.1,6459.80813080096
300497,2026-03-31,51274,37005,38.56,10505.3035456567
603007,2026-03-31,20417,17800,14.7,43328.8975363668
603126,2026-03-31,34663,34663,0.0,17612.4397772841
000430,2026-03-31,17560,18980,-7.48,46106.7979498861
688287,2026-03-31,8523,9157,-6.92,0.0
600360,2026-03-31,49067,54722,-10.33,19571.1028593556
603789,2026-03-31,12492,14943,-16.4,21230.7556836375
003004,2026-03-31,3660,4204,-12.94,22366.787704918
001270,2026-03-31,39791,30685,29.68,5179.93769947978
000608,2026-03-31,20093,19395,3.6,37322.1176031454
002693,2026-03-31,32225,38708,-16.75,12868.5725368503
920174,2026-03-31,10121,10608,-4.59,0.0
000953,2026-03-31,27793,29950,-7.2,13173.1801172957
603991,2026-03-31,9265,10387,-10.8,16482.4295736643
600636,2026-03-31,21606,23204,-6.89,20301.6200129594
600421,2026-03-31,5213,5990,-12.97,37521.5806637253
600696,2026-03-31,21710,23514,-7.67,15406.2381851681
600599,2026-03-31,13452,15158,-11.25,12340.172465061
002848,2026-03-31,8793,10907,-19.38,19009.4393267372
603721,2026-03-31,8442,10108,-16.48,15399.1945036721
002452,2026-03-31,43338,35859,20.86,14313.8143199963
300175,2026-03-31,13884,15037,-7.67,33909.5361567272
600193,2026-03-31,18373,20331,-9.63,23152.0709737114
600608,2026-03-31,11732,11821,-0.75,28031.1490794408
605081,2026-03-31,7267,7546,-3.7,15583.7445988716
603217,2026-03-31,13018,11008,18.26,15984.6059302504
600228,2026-03-31,15500,18650,-16.89,26882.0920645161
300225,2026-03-31,15189,16869,-9.96,31300.9144775825
003032,2026-03-31,19825,23694,-16.33,20300.0
688189,2026-03-31,12673,13017,-2.64,21652.3317288724
000908,2026-03-31,37486,26847,39.63,46938.8225470842
000504,2026-03-31,10803,11879,-9.06,30549.2083680459
002306,2026-03-31,29418,34012,-13.51,29565.6570806989
603333,2026-03-31,26556,28617,-7.2,23404.4127880705
300093,2026-03-31,12054,13462,-10.46,44798.4071677452
002058,2026-03-31,6494,6835,-4.99,22089.3643363104
600753,2026-03-31,9501,10653,-10.81,24240.3089148511
603322,2026-03-31,35081,40301,-12.95,4492.08392007069
603813,2026-03-31,3058,3052,0.2,34341.0725964683
603261,2026-03-31,4709,6049,-22.15,16458.9131450414
002496,2026-03-31,26030,27615,-5.74,57917.3905877833
300029,2026-03-31,6843,7409,-7.64,29300.9644892591
600332,2026-02-28,100924,94704,6.57,13930.1944928857
600585,2026-02-28,208190,247831,-16.0,19211.7900907825
601066,2026-02-28,138889,122259,13.6,46768.7940369648
601111,2026-02-28,122186,110179,10.9,102244.204147775
000756,2026-02-28,76941,77491,-0.71,6520.3654098595
601186,2026-02-28,256669,224335,14.41,44817.432179188
601127,2026-02-28,292264,290573,0.58,5588.66670544439
688052,2026-02-28,11821,12445,-5.01,12057.2229929786
601916,2026-02-28,213588,209313,2.04,100869.13105137
002747,2026-02-28,115243,120634,-4.47,7558.10290429787
000333,2026-02-28,249414,251644,-0.89,27870.1208753318
688347,2026-02-28,50852,54865,-7.31,8018.36702587902
600660,2025-12-31,97167,85688,13.4,20613.8537981002
002768,2025-12-31,13636,12679,7.55,19892.1971252567
300450,2025-12-31,235615,280890,-16.12,6647.12787386202
605499,2025-12-31,18710,15984,17.05,27793.3190807055
002130,2025-12-31,221516,203344,8.94,5687.61878148757
920178,2025-12-31,20,20,0.0,0.0
920161,2025-12-31,363,363,0.0,0.0
920218,2025-12-31,9,9,0.0,0.0
920206,2025-12-31,134,134,0.0,0.0
688796,2025-12-10,28549,0,0.0,11773.3195558513
000539,2025-11-30,69901,70942,-1.47,63688.3018268694
600362,2025-10-31,167630,204721,-18.12,12379.928443596
601828,2025-10-31,54071,261197,-79.3,66827.819700024
603388,2025-09-30,12554,10153,23.65,25946.5964632786
300433,2025-09-30,159870,147817,8.15,31167.4009570276
300750,2025-09-30,227422,226315,0.49,19377.8029434268
688121,2025-09-30,6701,6779,-1.15,34862.5582748843
600699,2025-09-30,126515,91541,38.21,11031.6607754021
688279,2025-09-30,6589,5216,26.32,14017.8145393838
300638,2025-09-30,79494,82410,-3.54,9629.07316275442
300379,2025-09-30,45869,55684,-17.63,12163.3963679173
002731,2025-09-30,24283,24038,1.02,10548.7789811802
300391,2025-09-30,14233,15911,-10.55,24614.3548092461
000627,2025-07-18,111900,120000,-6.75,43826.0872654155
601989,2025-06-30,561385,575700,-2.49,40617.4645279087
920680,2025-06-30,6634,8284,-19.92,0.0
603288,2025-03-31,184536,177221,4.13,30132.876750336
600988,2025-02-28,72399,128352,-43.59,22982.518791696
000921,2025-01-20,30848,30224,2.06,30031.7880251556
001236,2025-01-10,40409,40926,-1.26,18760.1222004999
300630,2025-01-10,37000,36000,2.78,12210.1547297297
600956,2024-12-31,44082,45515,-3.15,53688.32351073
601028,2024-09-30,38049,35411,7.45,20579.4044521538
000622,2024-09-30,18480,20640,-10.47,23010.0649350649
000040,2024-09-30,70339,84570,-16.83,21138.6836605582
300280,2024-09-30,32578,37589,-13.33,4974.6989993247
600837,2024-09-30,230835,244422,-5.56,41824.8150410466
600898,2024-09-30,13685,13741,-0.41,20853.5612714651
600705,2024-09-30,229655,180651,27.13,38426.745622782
000541,2024-08-09,60633,60322,0.52,20535.1045140435
600819,2024-07-31,35681,32019,11.44,20947.1726409013
601717,2024-07-31,33045,29914,10.47,46679.0052958088
000413,2024-06-30,275544,282386,-2.42,19534.9924041169
000023,2024-06-30,6609,8029,-17.69,20995.0431230141
688339,2024-06-30,14157,15253,-7.19,9878.35996326906
300495,2024-03-31,21002,22214,-5.46,32105.4893819636
300282,2024-03-20,9508,9291,2.34,39367.5278712663
601005,2024-02-08,167136,168435,-0.77,50141.6515113441
002002,2024-01-19,145194,139389,4.16,21502.8007631169
000976,2023-12-29,37158,37262,-0.28,42943.0754077184
601728,2023-09-30,334873,1096291,-69.45,231818.416829664
300742,2023-09-30,9569,10243,-6.58,14766.1642804891
601607,2023-09-30,78313,65724,19.15,35552.5691775312
000157,2023-08-31,297098,302476,-1.78,23884.4680475803
600650,2023-06-30,33568,33540,0.08,11634.8926060534
000666,2023-05-10,38990,35911,8.57,18059.2459605027
000038,2023-04-10,17271,17519,-1.42,30269.0880088009
002118,2023-03-31,109369,110982,-1.45,11710.4465250665
300336,2023-03-31,25764,29299,-12.07,31292.8967551622
300297,2023-03-31,57256,58886,-2.77,21822.8277036468
600781,2023-03-31,20918,20494,2.07,29981.7148867004
300356,2023-03-31,12318,13683,-9.98,33114.5169670401
300392,2023-03-31,15231,15065,1.1,25211.7392160725
601258,2023-03-31,253524,257621,-1.59,40340.2639197867
600242,2023-03-31,23024,22050,4.42,19834.3086344684
000037,2023-03-20,27766,28027,-0.93,12205.8686883238
002013,2023-01-31,153941,147684,4.24,25089.1886112212
600827,2022-09-30,72733,77045,-5.6,22059.4492183741
688555,2022-09-30,6538,6810,-3.99,12711.8384827164
688086,2022-09-30,12352,13259,-6.84,15413.0102817358
002499,2022-09-30,7732,7218,7.12,24443.8696326953
600260,2022-09-30,69942,72537,-3.58,14224.443939264
601238,2022-06-30,101186,136175,-25.69,72790.0831340304
600876,2022-06-30,36809,36718,0.25,10749.408106713
601888,2022-06-30,157952,174441,-9.45,12361.1954517828
600848,2021-12-31,55863,49347,13.2,42853.2709127687
300748,2021-09-30,63247,48456,30.52,11187.8949199172
002821,2021-09-30,20259,26659,-24.01,12076.6631126907
601868,2021-09-28,207653,0,0.0,156167.874463648
000625,2021-03-10,362000,356000,1.69,12534.8216353591
600320,2021-02-26,161935,34453,370.02,20514.3894834347
601866,2021-01-13,325255,370879,-12.3,24387.4037293816
000025,2020-11-10,42394,40268,5.28,9264.95070057084
603127,2020-09-30,17882,18665,-4.2,12680.0653730008
600690,2020-09-30,142184,161351,-11.88,44368.9349997187
300347,2020-08-20,41197,41513,-0.76,18191.9933490303
002399,2020-06-30,26595,24945,6.61,46896.0971611205
000869,2020-03-31,26635,25418,4.79,17024.9971841562
688366,2020-02-29,7605,6687,13.73,18119.6581196581
600875,2019-12-30,120000,120000,0.0,22923.361925
000030,2019-12-20,24780,24888,-0.43,71135.3186440678
600698,2019-11-30,77378,77446,-0.09,10783.5564630774
000761,2019-10-31,32951,33347,-1.19,105470.897150314
300759,2019-09-30,16616,19996,-16.9,39497.6874699085
600999,2019-09-02,101250,99800,1.45,56484.0311012346
600026,2019-06-30,90463,101365,-10.76,30244.772570001
600844,2019-05-29,33809,13344,153.36,24334.6633736579
601865,2019-02-15,139344,17,819570.59,10764.7261453669
601068,2018-08-31,245413,0,0.0,10429.7273045845
601869,2018-07-20,72506,0,0.0,5604.20260392243
601330,2018-06-30,98070,109309,-10.28,7717.34687468135
600547,2018-06-30,172972,177455,-2.53,10736.5285075041
601298,2018-06-30,7,0,0.0,705385571.428571
601727,2018-06-05,320868,358452,-10.49,36626.4903854545
601326,2017-08-16,423429,0,0.0,11235.7892350311
600958,2017-06-30,151919,159421,-4.71,34152.2259296072
601919,2017-05-16,326080,368819,-11.59,23416.5675815751
600602,2017-02-03,75684,143104,-47.11,13654.9953887215
600663,2016-10-18,59398,77161,-23.02,41155.4463113236
601811,2016-09-30,52484,65535,-19.91,15088.4822041003
600635,2016-09-30,228549,241658,-5.42,10795.5172632565
600188,2016-06-30,51183,59378,-13.8,57831.7019322822
600011,2016-03-31,106310,118145,-10.02,98767.7546797103
000016,2015-10-15,132487,38279,246.11,12051.9040358677
600054,2015-04-09,22562,24385,-7.48,13977.0410424608
000020,2014-09-30,16340,17819,-8.3,11087.2332313342
600623,2014-09-30,18924,21071,-10.19,34155.9777002748
600604,2014-09-30,20666,20325,1.68,16138.7878641246
601618,2014-09-30,340681,308639,10.38,47666.291927052
600818,2014-09-30,12240,13283,-7.85,19441.0057189542
601808,2014-06-30,98641,98164,0.49,30012.5505621395
601333,2014-06-30,342251,344734,-0.72,16514.88819609
600618,2014-06-30,45372,45718,-0.76,16526.4915807106
600612,2014-06-30,15714,15060,4.34,20180.070637648
601880,2014-03-31,89923,93271,-3.59,37403.1115509936
600685,2014-03-11,52296,54937,-4.81,8384.2636912957
601992,2013-06-30,66736,76436,-12.69,46666.7859176456
000017,2013-06-30,21358,23944,-10.8,14186.1405562319
