code,code6,name,totalShare,liqaShare
sz.000001,000001,平安银行,19405918198,19405685028
sz.000002,000002,万  科Ａ,9724196533,9715113154
sz.000004,000004,国华退,132380282,126289068
sz.000006,000006,深振业Ａ,1349995046,1349995046
sz.000007,000007,全新好,346448044,346448044
sz.000008,000008,神州高铁,2716377683,2716296952
sz.000009,000009,中国宝安,2579213965,2576020465
sz.000010,000010,*ST美丽,1149652292,873054967
sz.000011,000011,深物业A,528373849,526475543
sz.000012,000012,南  玻Ａ,1961323047,1959316598
sz.000014,000014,沙河股份,242046224,242046224
sz.000016,000016,*ST康佳A,1596593800,1596593800
sz.000017,000017,深中华A,440821951,440821951
sz.000019,000019,深粮控股,1100785974,416208907
sz.000020,000020,深华发Ａ,181165391,181165391
sz.000021,000021,深科技,1574369780,1574155580
sz.000025,000025,特  力Ａ,392778320,392778320
sz.000026,000026,飞亚达,365183073,364437819
sz.000027,000027,深圳能源,4757389916,4757352416
sz.000028,000028,国药一致,533735176,525859082
sz.000029,000029,深深房Ａ,891660000,891627150
sz.000030,000030,富奥股份,1671991930,1670808645
sz.000031,000031,大悦城,4286313339,4286304701
sz.000032,000032,深桑达Ａ,1215179311,1137959234
sz.000034,000034,神州数码,1016739663,849147841
sz.000035,000035,中国天楹,2388032769,2313124623
sz.000036,000036,华联控股,1403818725,1402981231
sz.000037,000037,深南电A,338908150,338908150
sz.000039,000039,中集集团,2302682490,2301407141
sz.000042,000042,中洲控股,664831139,664142227
sz.000045,000045,深纺织Ａ,457021849,457021849
sz.000048,000048,京基智农,530202750,529302750
sz.000049,000049,德赛电池,384638534,384534862
sz.000050,000050,深天马Ａ,2435775599,2435753974
sz.000055,000055,方大集团,679715472,675854429
sz.000056,000056,*ST皇庭,939293208,903733208
sz.000058,000058,深 赛 格,984739354,984739279
sz.000059,000059,华锦股份,1599442537,1599412762
sz.000060,000060,中金岭南,4441172458,4441101208
sz.000061,000061,农 产 品,1984961198,1794311988
sz.000062,000062,深圳华强,1045909322,1044762204
sz.000063,000063,中兴通讯,4028032353,4027621232
sz.000065,000065,北方国际,1161442159,974962288
sz.000066,000066,中国长城,3225799088,3225574838
sz.000068,000068,华控赛格,1006671464,1006671464
sz.000069,000069,华侨城Ａ,8037758053,6898601781
sz.000070,000070,特发信息,868392949,856717041
sz.000078,000078,ST海王,2631123257,2630124937
sz.000088,000088,盐 田 港,5199483346,3162894468
sz.000089,000089,深圳机场,2050769509,2050769509
sz.000090,000090,天健集团,1868545434,1868459934
sz.000096,000096,广聚能源,528000000,510848000
sz.000099,000099,中信海直,775770137,775770137
sz.000100,000100,TCL科技,20800862447,19130545199
sz.000151,000151,中成股份,350906286,307934695
sz.000153,000153,丰原药业,464685522,460855922
sz.000155,000155,川能动力,1846168342,1846168342
sz.000156,000156,华数传媒,1852932442,1699861877
sz.000157,000157,中联重科,7096027688,7070417363
sz.000158,000158,常山北明,1598616721,1590643645
sz.000159,000159,国际实业,480685993,480672868
sz.000166,000166,申万宏源,22535944560,22535507316
sz.000301,000301,东方盛虹,6611232395,6608372948
sz.000333,000333,美的集团,6962590407,6862262278
sz.000338,000338,潍柴动力,6719104621,4953224647
sz.000400,000400,许继电气,1018622249,1011701259
sz.000401,000401,金隅冀东,2658217288,2631354688
sz.000402,000402,金 融 街,2988929907,2988667172
sz.000403,000403,派林生物,950397386,940687137
sz.000404,000404,长虹华意,695995979,693332660
sz.000407,000407,胜利股份,880084656,875782212
sz.000408,000408,藏格矿业,1568914754,1568898254
sz.000409,000409,云鼎科技,677750505,590473934
sz.000410,000410,沈阳机床,2649073009,1971018333
sz.000411,000411,英特集团,564849146,563735936
sz.000415,000415,渤海租赁,6184521282,5392913883
sz.000417,000417,合百集团,779884200,779027451
sz.000419,000419,通程控股,543582655,543361733
sz.000420,000420,吉林化纤,2458868343,2458094143
sz.000421,000421,南京公用,574415734,574208022
sz.000422,000422,湖北宜化,1087584712,1057856712
sz.000423,000423,东阿阿胶,643976824,642850293
sz.000425,000425,徐工机械,11711210449,8998063694
sz.000426,000426,兴业银锡,1775635739,1775175464
sz.000428,000428,华天酒店,1018926000,1018926000
sz.000429,000429,粤高速Ａ,1742056126,1303329906
sz.000430,000430,张家界,809635372,370556486
sz.000488,000488,ST晨鸣,1706765684,1699414334
sz.000498,000498,山东路桥,1552442024,1449347779
sz.000501,000501,武商集团,768992731,768293891
sz.000503,000503,国新健康,979252472,979235472
sz.000504,000504,南华生物,330023098,329122398
sz.000505,000505,京粮控股,661975251,661975251
sz.000506,000506,招金黄金,929017761,928706961
sz.000507,000507,珠海港,919734895,902354455
sz.000509,000509,华塑控股,1073128052,1073124808
sz.000510,000510,新金路,648543589,606986792
sz.000513,000513,丽珠集团,588100054,567651788
sz.000514,000514,渝 开 发,843770965,843770965
sz.000516,000516,国际医学,2238896753,2204748361
sz.000517,000517,荣安地产,3183922485,2491986416
sz.000518,000518,四环生物,1029556222,1029444622
sz.000519,000519,中兵红箭,1392558982,1392558982
sz.000520,000520,凤凰航运,1012083455,1012080643
sz.000521,000521,长虹美菱,881733881,875288864
sz.000523,000523,红棉股份,1835468461,1794818054
sz.000524,000524,岭南控股,670208597,670008507
sz.000525,000525,红太阳,1303158541,1111760005
sz.000526,000526,学大教育,121861109,119459459
sz.000528,000528,柳    工,2037127911,2034297352
sz.000529,000529,广弘控股,583790330,569884377
sz.000530,000530,冰山冷热,601712507,600116725
sz.000531,000531,穗恒运Ａ,1041401332,909745488
sz.000532,000532,华金资本,344708340,343549746
sz.000533,000533,顺钠股份,690816000,684902400
sz.000534,000534,万泽股份,509548516,500913541
sz.000536,000536,华映科技,2766032803,2763082516
sz.000537,000537,绿发电力,2055717899,2055712049
sz.000538,000538,云南白药,1784262603,1784132393
sz.000539,000539,粤电力Ａ,4451875986,2555386899
sz.000541,000541,佛山照明,1232104992,1230519707
sz.000543,000543,皖能电力,2266863331,2266863331
sz.000544,000544,中原环保,974684488,974684488
sz.000545,000545,金浦钛业,986833096,985403096
sz.000546,000546,金圆股份,777648262,696705206
sz.000547,000547,航天发展,1598468269,1589121062
sz.000548,000548,湖南投资,499215811,499215811
sz.000550,000550,江铃汽车,519214000,518463120
sz.000551,000551,创元科技,484733046,484361977
sz.000552,000552,甘肃能化,5351816776,3725813542
sz.000553,000553,安道麦A,2177071961,2177071961
sz.000554,000554,泰山石油,477444918,359304797
sz.000555,000555,神州信息,975774437,974916887
sz.000557,000557,西部创业,1458374735,1457916198
sz.000558,000558,天府文旅,1289223949,1288679883
sz.000559,000559,万向钱潮,3315358444,3314260664
sz.000560,000560,我爱我家,2355500851,2342688119
sz.000561,000561,烽火电子,864018238,776247360
sz.000563,000563,陕国投Ａ,5113970358,5113970358
sz.000564,000564,供销大集,18058063354,15094879525
sz.000565,000565,渝三峡Ａ,433592220,433572720
sz.000566,000566,海南海药,1297365126,1296655540
sz.000567,000567,海德股份,1954592155,1948764564
sz.000568,000568,泸州老窖,1471901463,1471060137
sz.000570,000570,苏常柴Ａ,555692507,555692507
sz.000571,000571,新大洲A,839129000,813992150
sz.000572,000572,海马汽车,1644636426,1642253067
sz.000573,000573,粤宏远Ａ,638280604,632559819
sz.000576,000576,甘化科工,436418214,433815261
sz.000581,000581,威孚高科,794405693,793891049
sz.000582,000582,北部湾港,2517084480,2156848223
sz.000586,000586,汇源通信,193440000,191190000
sz.000589,000589,贵州轮胎,1554390104,1544110704
sz.000590,000590,古汉医药,239471267,239351027
sz.000591,000591,太阳能,3904852975,3903396026
sz.000592,000592,平潭发展,1931780892,1915092449
sz.000593,000593,德龙汇能,358631009,358483019
sz.000595,000595,*ST宝实,1138656366,1138656366
sz.000596,000596,古井贡酒,408600000,408599250
sz.000597,000597,东北制药,1426928265,1409203737
sz.000598,000598,兴蓉环境,2984008721,2979228446
sz.000599,000599,青岛双星,2443113119,816742112
sz.000600,000600,建投能源,1803234376,1090050876
sz.000601,000601,韶能股份,1064343324,1049618524
sz.000603,000603,盛达资源,689969346,666716359
sz.000605,000605,渤海股份,352658600,352658600
sz.000607,000607,华媒控股,1017698410,885062168
sz.000608,000608,阳光股份,749913309,576849309
sz.000609,000609,*ST中迪,299265522,290713022
sz.000610,000610,*ST西旅,236747901,235504294
sz.000612,000612,焦作万方,1192199394,1192199394
sz.000615,000615,*ST美谷,1787492693,925092663
sz.000617,000617,中油资本,12642079079,12642076829
sz.000619,000619,海螺新材,441168831,360000000
sz.000620,000620,盈新发展,5871815040,4671748815
sz.000623,000623,吉林敖东,1195895387,1191023318
sz.000625,000625,长安汽车,8271290771,8267021316
sz.000626,000626,远大控股,506626864,504312771
sz.000628,000628,高新发展,352280000,192238585
sz.000629,000629,钒钛股份,9290947845,9290444430
sz.000630,000630,铜陵有色,13409471510,11143001681
sz.000631,000631,顺发恒能,2300000085,2300000085
sz.000632,000632,ST三木,465519570,465481606
sz.000633,000633,合金投资,385106373,385106373
sz.000635,000635,英 力 特,394133623,366819816
sz.000636,000636,风华高科,1157013211,1157012761
sz.000637,000637,茂化实华,519875356,367968505
sz.000639,000639,ST西王,1079428095,1079426247
sz.000650,000650,仁和药业,1399938234,1331385834
sz.000651,000651,格力电器,5601405741,5512892991
sz.000652,000652,泰达股份,1459333963,1458222470
sz.000655,000655,金岭矿业,595340230,595340230
sz.000656,000656,*ST金科,10588731632,7587349007
sz.000657,000657,中钨高新,2278604400,1452788777
sz.000659,000659,珠海中富,1285702520,1285702520
sz.000661,000661,长春高新,407937529,399623731
sz.000663,000663,永安林业,336683929,306301196
sz.000665,000665,湖北广电,1137149495,1137119780
sz.000668,000668,荣丰控股,146841890,146841890
sz.000669,000669,ST金鸿,680408797,680406322
sz.000670,000670,盈方微,845853477,822991077
sz.000672,000672,上峰材料,969395450,969395450
sz.000676,000676,智度股份,1259789215,1259028332
sz.000677,000677,ST海龙,863977948,863602948
sz.000678,000678,襄阳轴承,459611797,459611797
sz.000679,000679,大连友谊,356400000,356400000
sz.000680,000680,山推股份,1500142612,1314570547
sz.000681,000681,视觉中国,700577436,676135043
sz.000682,000682,东方电子,1340727007,1340600019
sz.000683,000683,博源化工,3716831560,3338565773
sz.000685,000685,中山公用,1467731130,1246581940
sz.000686,000686,东北证券,2340452915,2340452915
sz.000688,000688,国城矿业,1185067706,1185063386
sz.000690,000690,宝新能源,2175887862,2174468225
sz.000691,000691,亚太实业,484905000,323270000
sz.000692,000692,惠天热电,532832976,532832976
sz.000695,000695,滨海能源,231752139,221811139
sz.000697,000697,炼石航空,1396088300,734593079
sz.000698,000698,ST沈化,819514395,785714395
sz.000700,000700,模塑科技,918015389,918015389
sz.000701,000701,厦门信达,668313106,667746631
sz.000702,000702,正虹科技,346624948,266634576
sz.000703,000703,恒逸石化,3821087064,3801914814
sz.000705,000705,浙江震元,334123286,281965270
sz.000707,000707,双环科技,584717193,550703589
sz.000708,000708,中信特钢,5047158447,5047135947
sz.000709,000709,河钢股份,10337121092,10335412398
sz.000710,000710,贝瑞基因,353521465,335527208
sz.000711,000711,ST京蓝,2953497223,2354764860
sz.000712,000712,锦龙股份,896000000,895734125
sz.000713,000713,国投丰乐,798219474,614014980
sz.000715,000715,中兴商业,540434622,486231055
sz.000716,000716,黑芝麻,752884050,735724137
sz.000717,000717,中南股份,2423845590,2423697090
sz.000718,000718,苏宁环球,3034636384,2282494897
sz.000719,000719,中原传媒,1023203749,667147543
sz.000720,000720,新能泰山,1256531571,1256531571
sz.000721,000721,西安饮食,573914308,512360308
sz.000722,000722,湖南发展,571354787,464158282
sz.000723,000723,美锦能源,4403501882,4395175662
sz.000725,000725,京东方Ａ,36351443937,35367134117
sz.000726,000726,鲁  泰Ａ,591399642,589336475
sz.000727,000727,冠捷科技,4529566980,4529566980
sz.000728,000728,国元证券,4363777891,4363777891
sz.000729,000729,燕京啤酒,2818539341,2509606667
sz.000731,000731,四川美丰,548825900,548825900
sz.000733,000733,振华科技,554169431,554084081
sz.000735,000735,罗 牛 山,1151513578,1150897517
sz.000736,000736,中交发展,747098401,747098401
sz.000737,000737,北方铜业,1904716435,1904542585
sz.000738,000738,航发控制,1315184001,1315184001
sz.000739,000739,普洛药业,1158443576,1157979723
sz.000750,000750,国海证券,6386174477,5796203977
sz.000751,000751,锌业股份,1615630595,1409868754
sz.000752,000752,*ST西发,263758491,263758491
sz.000753,000753,漳州发展,991481071,991481071
sz.000755,000755,山西高速,1467310196,1467310196
sz.000756,000756,新华制药,501683435,498872911
sz.000757,000757,浩物股份,532716095,532716095
sz.000758,000758,中色股份,1990439930,1982378132
sz.000759,000759,中百集团,662463590,655706025
sz.000761,000761,本钢板材,3708333697,3708333697
sz.000762,000762,西藏矿业,520819240,520800618
sz.000766,000766,通化金马,966494707,965613556
sz.000767,000767,晋控电力,3076942219,2912246436
sz.000768,000768,中航西飞,2780610135,2776414009
sz.000776,000776,广发证券,5904049311,5904049311
sz.000777,000777,中核科技,383417593,383410827
sz.000778,000778,新兴铸管,3963182285,3893451290
sz.000779,000779,甘咨询,464829452,464779692
sz.000782,000782,恒申新材,686581509,528135152
sz.000783,000783,长江证券,5530072948,5530072948
sz.000785,000785,居然智家,6227048814,6176726835
sz.000786,000786,北新建材,1702236042,1689507842
sz.000788,000788,北大医药,595987425,595984425
sz.000789,000789,万年青,797420215,797420215
sz.000790,000790,华神科技,623719364,622642739
sz.000791,000791,甘肃能源,3243839742,1935632286
sz.000792,000792,盐湖股份,5291572541,5291518096
sz.000793,000793,*ST华闻,4393940005,2664703163
sz.000795,000795,英洛华,1116250714,1116249027
sz.000796,000796,凯撒旅业,1603788916,1330768828
sz.000797,000797,中国武夷,1570754217,1570574029
sz.000798,000798,中水渔业,365858712,365836212
sz.000799,000799,酒鬼酒,324928980,324897530
sz.000800,000800,一汽解放,4921280975,4920709433
sz.000801,000801,四川九洲,1016324759,1015952798
sz.000802,000802,北京文化,715900255,715544005
sz.000803,000803,山高环能,466296153,460544680
sz.000807,000807,云铝股份,3467957405,3467920676
sz.000809,000809,和展能源,824791293,824791293
sz.000810,000810,创维数字,1150195579,1118158175
sz.000811,000811,冰轮环境,992477985,978598913
sz.000812,000812,陕西金叶,756331187,756129681
sz.000813,000813,德展健康,2097105540,2096648040
sz.000815,000815,美利云,695263035,695261160
sz.000816,000816,智慧农业,1447013318,1439509072
sz.000818,000818,航锦科技,660000039,658211439
sz.000819,000819,岳阳兴长,369504506,365178145
sz.000820,000820,*ST节能,646555179,296966877
sz.000821,000821,ST京机,622874778,598575718
sz.000822,000822,山东海化,895091926,895091926
sz.000823,000823,超声电子,594954911,594932167
sz.000825,000825,太钢不锈,5696247796,5696247796
sz.000826,000826,*ST启环,1425353248,1425153834
sz.000828,000828,东莞控股,1039516992,1039516992
sz.000829,000829,天音控股,1025100438,1024129669
sz.000830,000830,鲁西化工,1904319011,1904178218
sz.000831,000831,中国稀土,1061220807,1061220807
sz.000833,000833,粤桂股份,802082221,453706652
sz.000837,000837,秦川机床,1023145837,1007397487
sz.000838,000838,*ST发展,1100462170,1053765855
sz.000839,000839,国安股份,3919826352,3919818852
sz.000848,000848,承德露露,1020000074,1010614074
sz.000850,000850,华茂股份,943665009,943374379
sz.000852,000852,石化机械,955770136,950258873
sz.000856,000856,冀东装备,227000000,227000000
sz.000858,000858,五 粮 液,3881608005,3881513391
sz.000859,000859,国风新材,895976271,895920771
sz.000860,000860,顺鑫农业,741766989,741766989
sz.000862,000862,银星能源,917954696,627967088
sz.000863,000863,三湘印象,1180699560,1164814068
sz.000868,000868,安凯客车,939514735,939434391
sz.000869,000869,张  裕Ａ,457666921,455055620
sz.000875,000875,电投绿能,3627270626,3342439867
sz.000876,000876,新 希 望,4502775425,4500003811
sz.000877,000877,天山股份,7110491694,7110490194
sz.000878,000878,云南铜业,2425184040,2003620810
sz.000880,000880,潍柴重机,463848840,227026425
sz.000881,000881,中广核技,945425815,903730851
sz.000882,000882,华联股份,2737351947,2735336141
sz.000883,000883,湖北能源,7079387630,6479510729
sz.000885,000885,城发环境,642078255,642078255
sz.000886,000886,海南高速,988828300,977836898
sz.000887,000887,中鼎股份,1316489747,1314370608
sz.000888,000888,峨眉山Ａ,526913102,526911352
sz.000889,000889,中嘉博创,936291116,869800576
sz.000890,000890,法尔胜,419503968,419491046
sz.000892,000892,欢瑞世纪,980980473,710798804
sz.000893,000893,亚钾国际,924051187,811138324
sz.000895,000895,双汇发展,3464661213,3464438469
sz.000897,000897,津滨发展,1617272234,1617240634
sz.000898,000898,鞍钢股份,7957681258,7957508008
sz.000899,000899,赣能股份,975677760,975677760
sz.000900,000900,现代投资,1517828334,1517752584
sz.000901,000901,航天科技,798201406,798193306
sz.000902,000902,新洋丰,1254734085,1142783267
sz.000903,000903,ST云动,1934844410,1920261648
sz.000905,000905,厦门港务,1542307913,741808097
sz.000906,000906,浙商中拓,709663179,700160183
sz.000908,000908,景峰医药,1759548702,879774151
sz.000909,000909,*ST数源,437714245,437710570
sz.000910,000910,大亚圣象,547397500,547235125
sz.000911,000911,*ST广糖,400319818,400319818
sz.000912,000912,泸天化,1568000000,1567994750
sz.000913,000913,钱江摩托,526411000,520102675
sz.000915,000915,华特达因,234331485,234122860
sz.000917,000917,电广传媒,1417556338,1417459363
sz.000919,000919,金陵药业,621924528,621717978
sz.000920,000920,沃顿科技,472621118,472597868
sz.000921,000921,海信家电,925271363,918133463
sz.000922,000922,佳电股份,833982184,704929203
sz.000923,000923,河钢资源,652728961,627901354
sz.000925,000925,众合科技,676369858,671152543
sz.000926,000926,福星股份,1592964774,1573209145
sz.000927,000927,中国铁物,6050353641,6050350581
sz.000928,000928,中钢国际,1434644621,1434627071
sz.000929,000929,兰州黄河,185766000,185757148
sz.000930,000930,中粮科技,1856442396,1856302967
sz.000931,000931,中 关 村,753126982,751029532
sz.000932,000932,华菱钢铁,6852609160,6852609160
sz.000933,000933,神火股份,2249004399,2247569459
sz.000935,000935,四川双马,763440333,763440333
sz.000936,000936,华西股份,886012887,885887337
sz.000937,000937,冀中能源,3886901535,3776733486
sz.000938,000938,紫光股份,2860079874,2860072674
sz.000948,000948,南天信息,389888774,389093561
sz.000949,000949,新乡化纤,1656899922,1656501548
sz.000950,000950,重药控股,1728184696,1727864596
sz.000951,000951,中国重汽,1168994951,1168994951
sz.000952,000952,广济药业,346750339,343994535
sz.000953,000953,中哲精化,366122195,366122195
sz.000955,000955,欣龙控股,538395000,538312875
sz.000957,000957,中通客车,592903936,592903936
sz.000958,000958,电投产融,18316524953,5383418520
sz.000959,000959,首钢股份,7754967370,7451607404
sz.000960,000960,锡业股份,1645431952,1645431952
sz.000962,000962,东方钽业,527460166,503042470
sz.000963,000963,华东医药,1753736848,1753013098
sz.000965,000965,天保基建,1109830895,1109830895
sz.000966,000966,长源电力,3481035016,3481035016
sz.000967,000967,盈峰环境,3359188821,3357668277
sz.000968,000968,蓝焰控股,967502660,967502660
sz.000969,000969,安泰科技,1050519397,1040792721
sz.000970,000970,中科三环,1215725773,1214194283
sz.000972,000972,*ST中基,771283579,771237604
sz.000973,000973,佛塑科技,2458236766,967423171
sz.000975,000975,山金国际,2772527436,2523214817
sz.000977,000977,浪潮信息,1468476655,1466915664
sz.000978,000978,桂林旅游,468130000,468121563
sz.000980,000980,众泰汽车,5042547739,5042485839
sz.000981,000981,山子高科,9997470888,9513356093
sz.000983,000983,山西焦煤,5677101059,5677071809
sz.000985,000985,大庆华科,129639500,129639500
sz.000987,000987,越秀资本,5017132462,5012547583
sz.000988,000988,华工科技,1005502707,1004985657
sz.000989,000989,九芝堂,855942012,734250253
sz.000990,000990,诚志股份,1215237535,1215237535
sz.000993,000993,闽东电力,457951455,457951455
sz.000995,000995,皇台酒业,177408000,177408000
sz.000997,000997,新 大 陆,1013097915,1007439381
sz.000998,000998,隆平高科,1469448061,1315050546
sz.000999,000999,华润三九,1664217858,1662560811
sz.001201,001201,东瑞股份,257784001,212507395
sz.001202,001202,炬申股份,166691110,116823955
sz.001203,001203,大中矿业,1533080435,1305958622
sz.001205,001205,盛航股份,188003540,166484329
sz.001206,001206,依依股份,184893808,106864458
sz.001207,001207,联科科技,303137744,292622092
sz.001208,001208,华菱线缆,638350432,318733657
sz.001209,001209,洪兴股份,131522720,96126596
sz.001210,001210,金房能源,219537746,133419891
sz.001211,001211,双枪科技,100000000,93340122
sz.001212,001212,中旗新材,200959624,180626449
sz.001213,001213,中铁特货,4444444444,4444444444
sz.001215,001215,千味央厨,97160446,96901642
sz.001216,001216,华瓷股份,291958338,246740449
sz.001217,001217,华尔泰,331870000,328578747
sz.001218,001218,丽臣实业,130178260,118691170
sz.001219,001219,青岛食品,194983750,190107971
sz.001220,001220,世盟股份,92290000,22608648
sz.001221,001221,悍高集团,400010000,36009000
sz.001222,001222,源飞宠物,190890000,112998685
sz.001223,001223,欧克科技,130692800,69834800
sz.001225,001225,和泰机电,65570800,21038773
sz.001226,001226,拓山重工,74666700,35501400
sz.001227,001227,兰州银行,5695697168,4216758055
sz.001228,001228,永泰运,103864609,79864609
sz.001229,001229,魅视科技,143432100,73751206
sz.001230,001230,劲旅环境,187776479,109980178
sz.001231,001231,农心科技,99940000,51122690
sz.001233,001233,海安集团,185973334,37713127
sz.001234,001234,泰慕士,109413700,91541500
sz.001236,001236,弘业期货,758077778,758077778
sz.001237,001237,惠康科技,148351430,34856028
sz.001238,001238,浙江正特,155148000,145422996
sz.001239,001239,永达股份,240000000,114000000
sz.001255,001255,博菲电气,87008184,76222184
sz.001256,001256,炜冈科技,142612558,106912558
sz.001257,001257,盛龙股份,1835950817,136947788
sz.001258,001258,立新能源,933333334,933321609
sz.001259,001259,利仁科技,73588888,47544499
sz.001260,001260,坤泰股份,115000000,57625000
sz.001266,001266,宏英智能,103651662,58147647
sz.001267,001267,汇绿生态,785164678,608556558
sz.001268,001268,联合精密,107933334,67672584
sz.001269,001269,欧晶科技,192412366,192412366
sz.001270,001270,铖昌科技,206114901,204803256
sz.001277,001277,速达股份,76000000,45795689
sz.001278,001278,一彬科技,123733400,85348376
sz.001279,001279,强邦新材,160000000,40000000
sz.001280,001280,中国铀业,2068181818,173727273
sz.001282,001282,三联锻造,222185600,152727200
sz.001283,001283,豪鹏科技,129680120,103398898
sz.001285,001285,瑞立科密,180178184,41496770
sz.001286,001286,陕西能源,3750000000,1350000000
sz.001287,001287,中电港,759900097,759900022
sz.001288,001288,运机集团,233763685,151872809
sz.001289,001289,龙源电力,5041934164,5041934164
sz.001296,001296,长江材料,149591086,80982751
sz.001298,001298,好上好,432514027,407419448
sz.001299,001299,美能能源,314215187,282337678
sz.001300,001300,三柏硕,243775914,243775914
sz.001301,001301,尚太科技,260756150,185857851
sz.001306,001306,夏厦精密,62850600,15500000
sz.001308,001308,康冠科技,704091291,527325325
sz.001309,001309,德明利,226845658,164914830
sz.001311,001311,多利科技,403662134,181871689
sz.001312,001312,福恩股份,233333334,57160269
sz.001313,001313,粤海饲料,700000000,699145051
sz.001314,001314,亿道信息,142634000,124396387
sz.001316,001316,润贝航科,161161588,150200714
sz.001317,001317,三羊马,85565798,85502517
sz.001318,001318,阳光乳业,282660000,282660000
sz.001319,001319,铭科精技,141400000,82000075
sz.001322,001322,箭牌家居,967162960,785611975
sz.001323,001323,慕思股份,435080764,311248039
sz.001324,001324,长青科技,138000000,138000000
sz.001325,001325,元创股份,78400000,19600000
sz.001326,001326,联域股份,73200000,24017329
sz.001328,001328,登康口腔,172173800,161716900
sz.001330,001330,博纳影业,1374518984,1162847322
sz.001331,001331,胜通能源,282240000,197127000
sz.001332,001332,锡装股份,154686000,67204901
sz.001333,001333,光华股份,128000000,74000000
sz.001335,001335,信凯科技,93739560,25544030
sz.001336,001336,楚环科技,80373500,49460510
sz.001337,001337,四川黄金,420000000,420000000
sz.001338,001338,永顺泰,501730834,501730834
sz.001339,001339,智微智能,252295756,124538209
sz.001356,001356,富岭股份,589320000,200646750
sz.001358,001358,兴欣新材,123200000,50976308
sz.001359,001359,平安电工,241154114,60290782
sz.001360,001360,南矿集团,204000000,125484354
sz.001365,001365,天海电子,525000000,57505646
sz.001366,001366,播恩集团,160680000,160680000
sz.001367,001367,海森药业,152351200,121613372
sz.001368,001368,通达创智,113836944,108080599
sz.001369,001369,双欣材料,1147000000,201029388
sz.001373,001373,翔腾新材,68686888,41960482
sz.001376,001376,百通能源,460900000,214015313
sz.001378,001378,德冠新材,173333680,84341811
sz.001379,001379,腾达科技,200000000,67298425
sz.001380,001380,华纬科技,270854208,232732365
sz.001382,001382,新亚电缆,412000000,63000000
sz.001386,001386,马可波罗,1194920000,107542800
sz.001387,001387,雪祺电气,183030400,116409541
sz.001388,001388,信通电子,156000000,31200000
sz.001389,001389,广合科技,426709164,152356894
sz.001390,001390,古麒绒材,200000000,118779250
sz.001391,001391,国货航,12208881225,1519354020
sz.001393,001393,维通利,249333334,48040181
sz.001395,001395,亚联机械,113412000,53001000
sz.001396,001396,誉帆科技,106902416,22207144
sz.001400,001400,江顺科技,84000000,32214000
sz.001696,001696,宗申动力,1145026920,891513519
sz.001872,001872,招商港口,2302222855,2302204105
sz.001896,001896,豫能控股,1525781330,1525781330
sz.001914,001914,招商积余,1053719858,1053719483
sz.001965,001965,招商公路,6795094992,6795094992
sz.001979,001979,招商蛇口,9016032171,8413591784
sz.002001,002001,新 和 成,3073421680,3036849928
sz.002003,002003,伟星股份,1188889653,1035340341
sz.002004,002004,华邦健康,1979919191,1885347429
sz.002005,002005,ST德豪,1752424858,1751993158
sz.002006,002006,精工科技,519793440,519793440
sz.002007,002007,华兰生物,1825690986,1573543054
sz.002008,002008,大族激光,1029603408,956729903
sz.002009,002009,天奇股份,402233207,354156319
sz.002010,002010,传化智联,2764030908,2757765331
sz.002011,002011,盾安环境,1074677139,1059677983
sz.002012,002012,凯恩股份,467625470,467625470
sz.002014,002014,永新股份,612491866,603236684
sz.002015,002015,协鑫能科,1623324614,1623324614
sz.002016,002016,世荣兆业,809095632,809095632
sz.002017,002017,东信和平,580431909,580172389
sz.002019,002019,亿帆医药,1216390085,842518305
sz.002020,002020,京新药业,861029140,723968335
sz.002021,002021,中捷资源,1195477323,1195437891
sz.002022,002022,科华生物,514352649,514279524
sz.002023,002023,海特高新,740860235,740860235
sz.002024,002024,ST易购,9264767618,9251895117
sz.002025,002025,航天电器,454019772,453871299
sz.002026,002026,山东威达,440531939,440493914
sz.002027,002027,分众传媒,14442199726,14442199726
sz.002028,002028,思源电气,782573282,610775061
sz.002029,002029,七 匹 狼,705023537,665418791
sz.002030,002030,达安基因,1403446032,1403446032
sz.002031,002031,巨轮智能,2199395670,1985062284
sz.002032,002032,苏 泊 尔,799882879,799557283
sz.002033,002033,丽江股份,549490711,549480181
sz.002034,002034,旺能环境,516701203,514547415
sz.002035,002035,华帝股份,847653618,782037667
sz.002036,002036,联创电子,1057598056,1055467775
sz.002037,002037,保利联合,483883566,483883566
sz.002038,002038,双鹭药业,1027350000,852194786
sz.002039,002039,黔源电力,427558126,427558126
sz.002040,002040,南 京 港,487946985,485947326
sz.002041,002041,登海种业,880000000,880000000
sz.002042,002042,华孚时尚,1700681355,1700681355
sz.002043,002043,兔 宝 宝,829754480,806105572
sz.002044,002044,美年健康,3914253923,3874227627
sz.002045,002045,国光电器,562483132,561832882
sz.002046,002046,国机精工,536190854,530055862
sz.002047,002047,宝鹰股份,1516248693,1516171712
sz.002048,002048,宁波华翔,813833122,709802142
sz.002049,002049,紫光国微,849629491,849515679
sz.002050,002050,三花智控,3731477535,3684197492
sz.002051,002051,中工国际,1226483145,1226411925
sz.002052,002052,同洲电子,752439694,689387154
sz.002053,002053,云南能投,920729464,920720764
sz.002054,002054,德美化工,482115452,384375669
sz.002055,002055,ST得润,604490017,590490017
sz.002056,002056,横店东磁,1626712074,1625018929
sz.002057,002057,中钢天源,753883706,753256924
sz.002058,002058,威尔泰,143448332,143365832
sz.002059,002059,云南旅游,1012434813,990393246
sz.002060,002060,广东建工,3754393242,1562823660
sz.002061,002061,浙江交科,2674299530,2599137900
sz.002062,002062,宏润建设,1237270889,1124700960
sz.002063,002063,远光软件,1915472817,1911454038
sz.002064,002064,华峰化学,4962543897,4951990572
sz.002065,002065,东华软件,3205482375,2945739379
sz.002066,002066,瑞泰科技,234907000,231000000
sz.002067,002067,景兴纸业,1474853853,1337603853
sz.002068,002068,黑猫股份,735345196,735005821
sz.002069,002069,獐子岛,711112194,710216194
sz.002072,002072,凯瑞德,367680000,367531800
sz.002073,002073,软控股份,1024383353,1014010853
sz.002074,002074,国轩高科,1814392912,1736318760
sz.002075,002075,沙钢股份,2193825445,2193821920
sz.002076,002076,星光股份,1109124491,1042694232
sz.002077,002077,大港股份,580348513,580348513
sz.002078,002078,太阳纸业,2794535119,2776577688
sz.002079,002079,苏州固锝,908479923,811117778
sz.002080,002080,中材科技,1678123584,1678123584
sz.002081,002081,金 螳 螂,2655323689,2652550572
sz.002082,002082,ST万邦,611689055,567847922
sz.002083,002083,孚日股份,946639012,946308312
sz.002084,002084,海鸥住工,646056040,644634442
sz.002085,002085,万丰奥威,2123297520,2123297520
sz.002086,002086,东方海洋,1958946500,1580971270
sz.002088,002088,鲁阳节能,509631186,505964633
sz.002090,002090,金智科技,400577071,398188681
sz.002091,002091,江苏国泰,1627727734,1602372071
sz.002092,002092,中泰化学,2590019517,2575637892
sz.002093,002093,国脉科技,1007500000,1007500000
sz.002094,002094,青岛金王,690897549,690453549
sz.002095,002095,生 意 宝,252720000,251708415
sz.002096,002096,易普力,1240440770,1239719311
sz.002097,002097,山河智能,1074617264,1073000545
sz.002098,002098,浔兴股份,358000000,358000000
sz.002099,002099,海翔药业,1618715253,1616843253
sz.002100,002100,天康生物,1365251515,1365251515
sz.002101,002101,广东鸿图,662823011,662212199
sz.002102,002102,ST能特,2475626790,2172820234
sz.002103,002103,广博股份,534272953,388135588
sz.002104,002104,恒宝股份,708350154,607621646
sz.002105,002105,信隆健康,366241950,364471975
sz.002106,002106,莱宝高科,705816160,704995842
sz.002107,002107,沃华医药,577209600,571396391
sz.002108,002108,沧州明珠,1648598206,1647998206
sz.002109,002109,ST兴化,1276269851,1276269851
sz.002110,002110,三钢闽光,2429076227,2429076227
sz.002111,002111,威海广泰,532011052,488751597
sz.002112,002112,三变科技,294131282,262080000
sz.002114,002114,罗平锌电,323395267,323389342
sz.002115,002115,三维通信,810991332,752220207
sz.002116,002116,中国海诚,558952858,552152964
sz.002117,002117,东港股份,523720955,523554680
sz.002119,002119,康强电子,375284000,375284000
sz.002120,002120,韵达股份,2899201326,2815129913
sz.002121,002121,科陆电子,1672507108,1411220274
sz.002122,002122,ST汇洲,2001500575,1986821538
sz.002123,002123,梦网科技,805422590,720532059
sz.002124,002124,天邦食品,2221933832,1972375648
sz.002125,002125,湘潭电化,629522901,629522901
sz.002126,002126,银轮股份,846806243,795147506
sz.002127,002127,南极电商,2454870403,1994732997
sz.002128,002128,电投能源,2953400147,2241573493
sz.002129,002129,TCL中环,4043115773,4039659760
sz.002130,002130,沃尔核材,1259898562,1154501909
sz.002131,002131,利欧股份,6771778703,5854796954
sz.002132,002132,恒星科技,1401544698,1399186411
sz.002133,002133,广宇集团,774144175,769870201
sz.002134,002134,天津普林,247773229,246695438
sz.002135,002135,东南网架,1115522494,1043872076
sz.002136,002136,安 纳 达,215020000,214493260
sz.002137,002137,实益达,577504854,396458956
sz.002138,002138,顺络电子,806318354,766344788
sz.002139,002139,拓邦股份,1246834988,1071089847
sz.002140,002140,东华科技,708013872,706908875
sz.002141,002141,贤丰控股,1032935798,1032935798
sz.002142,002142,宁波银行,6603590792,6599425128
sz.002144,002144,宏达高科,176762528,137659201
sz.002145,002145,钛能化学,3806672183,3806474258
sz.002146,002146,荣盛发展,4348163851,3911521351
sz.002148,002148,北纬科技,558751330,451026611
sz.002149,002149,西部材料,488214274,488139124
sz.002150,002150,正泰电源,360868803,358504497
sz.002151,002151,北斗星通,542910913,442871741
sz.002152,002152,广电运通,2483382898,2482126213
sz.002153,002153,石基信息,2729193841,1599763804
sz.002154,002154,报 喜 鸟,1459333729,1180127141
sz.002155,002155,湖南黄金,1562651316,1562498917
sz.002156,002156,通富微电,1517596912,1517452222
sz.002157,002157,正邦科技,9250162589,7787671445
sz.002158,002158,汉钟精机,534724139,533587149
sz.002159,002159,三特索道,177301325,138486813
sz.002160,002160,常铝股份,1032781167,1030729489
sz.002161,002161,远 望 谷,739757400,739609350
sz.002162,002162,悦心健康,919700965,918321621
sz.002163,002163,海南发展,844957867,803548875
sz.002164,002164,宁波东力,532173689,479775143
sz.002165,002165,红 宝 丽,735269837,727765396
sz.002166,002166,莱茵生物,741609425,738553925
sz.002167,002167,东方锆业,774673300,762196723
sz.002168,002168,ST惠程,784163368,784163368
sz.002169,002169,智光电气,782704094,760923967
sz.002170,002170,芭田股份,970396207,787541357
sz.002171,002171,楚江新材,1622937872,1615241470
sz.002172,002172,澳洋健康,765732360,765271980
sz.002173,002173,创新医疗,441284352,420865031
sz.002174,002174,游族网络,979810967,979259042
sz.002175,002175,*ST东智,1276780727,1276780727
sz.002176,002176,江特电机,1706325581,1703835581
sz.002177,002177,御银股份,761191294,735110895
sz.002178,002178,延华智能,712153001,711830933
sz.002179,002179,中航光电,2100246297,2096430244
sz.002180,002180,奔图科技,1421878923,1376342694
sz.002181,002181,粤 传 媒,1161058174,1134537104
sz.002182,002182,宝武镁业,991791553,896610733
sz.002183,002183,怡 亚 通,2597009091,2596994091
sz.002184,002184,海得控制,351908370,248289322
sz.002185,002185,华天科技,3325570946,3324839570
sz.002186,002186,全 聚 德,306921588,306801588
sz.002187,002187,广百股份,700894633,700894633
sz.002188,002188,中天服务,327103864,257363007
sz.002189,002189,中光学,261199273,261194323
sz.002190,002190,成飞集成,358729343,358729343
sz.002191,002191,劲嘉股份,1413978834,1402715536
sz.002192,002192,融捷股份,259655203,259117641
sz.002193,002193,ST如意,261715550,261714050
sz.002194,002194,武汉凡谷,683285806,514647150
sz.002195,002195,岩山科技,5666542796,5615833437
sz.002196,002196,方正电机,495871930,490179220
sz.002197,002197,证通电子,614362928,534000012
sz.002198,002198,ST嘉应,507509848,507478498
sz.002199,002199,*ST东晶,243442363,230902093
sz.002200,002200,交投生态,451125581,195725970
sz.002201,002201,九鼎新材,651636241,602023420
sz.002202,002202,金风科技,3450216248,3363505081
sz.002203,002203,海亮股份,2291755274,2250397227
sz.002204,002204,大连重工,1931370032,1931370032
sz.002205,002205,国统股份,185843228,185843228
sz.002206,002206,海 利 得,1162207220,1056970986
sz.002207,002207,*ST准油,262055378,260811950
sz.002208,002208,合肥城建,803291894,803038706
sz.002209,002209,达 意 隆,204530050,156446788
sz.002210,002210,飞马国际,2661232774,2656756625
sz.002211,002211,ST宏达,432475779,432475779
sz.002212,002212,天融信,1179453879,1166849183
sz.002213,002213,大为股份,237566810,206717899
sz.002214,002214,*ST大立,598662687,478443653
sz.002215,002215,诺 普 信,1004633810,808061974
sz.002216,002216,三全食品,879184048,630502389
sz.002217,002217,ST合力泰,7479398928,7279341526
sz.002218,002218,拓日新能,1408300149,1387677849
sz.002219,002219,新里程,3451921753,3272019020
sz.002221,002221,东华能源,1576127767,1461003187
sz.002222,002222,福晶科技,470250000,468151714
sz.002223,002223,鱼跃医疗,1002476929,944428924
sz.002224,002224,三 力 士,902116324,806380369
sz.002225,002225,濮耐股份,1159239147,974929053
sz.002226,002226,江南化工,2648922855,2648918190
sz.002227,002227,*ST特迅,247806170,245915703
sz.002228,002228,合兴包装,1213385629,1209321709
sz.002229,002229,鸿博股份,496191488,493164301
sz.002230,002230,科大讯飞,2402079841,2189186790
sz.002232,002232,启明信息,408548455,408537416
sz.002233,002233,塔牌集团,1174150508,1173272808
sz.002234,002234,民和股份,348960212,301408639
sz.002235,002235,安妮股份,579572284,553578302
sz.002236,002236,大华股份,3269262074,2391139515
sz.002237,002237,恒邦股份,1429970408,1192356008
sz.002238,002238,天威视讯,802559160,802559160
sz.002239,002239,奥特佳,3515048914,3266152096
sz.002240,002240,盛新锂能,915293872,912801222
sz.002241,002241,歌尔股份,3551912512,3145351685
sz.002242,002242,九阳股份,763017000,761705700
sz.002243,002243,力合科创,1210604219,1202162148
sz.002244,002244,滨江集团,3111443890,2757549340
sz.002245,002245,蔚蓝锂芯,1707639594,1606599758
sz.002246,002246,北化股份,549034794,549034794
sz.002247,002247,聚力文化,850870049,643458147
sz.002248,002248,华东数控,307495600,307493050
sz.002249,002249,大洋电机,2466702580,1863492060
sz.002250,002250,联化科技,899873217,895369756
sz.002251,002251,步步高,2688699689,2152472119
sz.002252,002252,上海莱士,6592672885,6588259885
sz.002253,002253,*ST智胜,225626095,209949008
sz.002254,002254,泰和新材,857057183,850572908
sz.002255,002255,海陆重工,830881055,637944743
sz.002256,002256,兆新股份,2040726125,2014346926
sz.002258,002258,利尔化学,800437228,799080895
sz.002259,002259,升达林业,752328267,752328267
sz.002261,002261,拓维信息,1259968174,1146105481
sz.002262,002262,恩华药业,1015786583,883776305
sz.002263,002263,大东南,1878360100,1878345100
sz.002264,002264,新 华 都,719811300,668114735
sz.002265,002265,建设工业,1033040407,1033040407
sz.002266,002266,浙富控股,5219271402,4842585229
sz.002267,002267,陕天然气,1112075445,1112075445
sz.002268,002268,电科网安,845636083,845109308
sz.002269,002269,美邦服饰,2512500000,2343729075
sz.002270,002270,华明装备,896225431,896225431
sz.002271,002271,东方雨虹,2388699866,1950672787
sz.002272,002272,川润股份,484877300,418930773
sz.002273,002273,水晶光电,1390632221,1366081377
sz.002274,002274,华昌化工,952364646,937849130
sz.002275,002275,桂林三金,587568600,557102986
sz.002276,002276,万马股份,1011075446,1007318046
sz.002277,002277,友阿股份,1394172800,1394172050
sz.002278,002278,神开股份,388617914,332672846
sz.002279,002279,久其软件,862206871,796088373
sz.002281,002281,光迅科技,827565038,779960152
sz.002282,002282,博深股份,526838348,483311104
sz.002283,002283,天润工业,1139457178,1009103532
sz.002284,002284,亚太股份,739100348,732188348
sz.002285,002285,世联行,1992829038,1975283132
sz.002286,002286,保龄宝,380567380,369689568
sz.002287,002287,奇正藏药,572118203,570989795
sz.002289,002289,*ST宇顺,280253733,274431233
sz.002290,002290,禾盛新材,248112330,247326818
sz.002291,002291,遥望科技,935130353,869125270
sz.002292,002292,奥飞娱乐,1478699697,1017883481
sz.002293,002293,罗莱生活,837332581,830209538
sz.002294,002294,信立泰,1114816535,1114654011
sz.002295,002295,精艺股份,250616000,250426900
sz.002296,002296,辉煌科技,389580420,347415444
sz.002297,002297,博云新材,573104819,573104819
sz.002298,002298,中电鑫龙,740110901,665325912
sz.002299,002299,圣农发展,1243111721,1218941135
sz.002300,002300,太阳电缆,722333700,722291810
sz.002301,002301,齐心集团,724007933,717990223
sz.002302,002302,西部建设,1262354304,1262352729
sz.002303,002303,美盈森,1531323685,1067363525
sz.002304,002304,洋河股份,1506445074,1506409974
sz.002305,002305,*ST南置,1734215770,1734215770
sz.002306,002306,ST云网,869762500,812688543
sz.002307,002307,北新路桥,1648779056,1268291582
sz.002309,002309,中利集团,3007665385,2406132308
sz.002310,002310,东方新能,5999322117,4399009452
sz.002311,002311,海大集团,1645382034,1643787217
sz.002312,002312,川发龙蟒,1887709244,1884636265
sz.002313,002313,日海智能,374400000,374379300
sz.002314,002314,南山控股,2707782513,1338333414
sz.002315,002315,焦点科技,412406629,263283566
sz.002316,002316,亚联发展,393120000,340785000
sz.002317,002317,众生药业,849930477,760217331
sz.002318,002318,久立特材,977170720,954025099
sz.002319,002319,乐通股份,209472510,209472510
sz.002320,002320,海峡股份,2236834324,2235990537
sz.002321,002321,华英农业,2132890071,2125250009
sz.002322,002322,理工能科,365527970,351380929
sz.002323,002323,*ST雅博,2120855142,2120490942
sz.002324,002324,普利特,1112336248,776228462
sz.002326,002326,永太科技,925127636,808543058
sz.002327,002327,富安娜,833867839,490983369
sz.002328,002328,新朋股份,771770000,570791896
sz.002329,002329,皇氏集团,832403985,651496424
sz.002330,002330,得利斯,635315290,635063340
sz.002331,002331,皖通科技,428431749,402078596
sz.002332,002332,仙琚制药,989204866,985714191
sz.002333,002333,罗普斯金,674924800,666502713
sz.002334,002334,英威腾,822740600,735012094
sz.002335,002335,科华数据,747350359,660074053
sz.002337,002337,赛象科技,588615750,587817585
sz.002338,002338,奥普光电,240000000,239999925
sz.002339,002339,积成电子,504092274,478793604
sz.002340,002340,格林美,5102359661,5075981882
sz.002342,002342,巨力索具,960000000,954690000
sz.002343,002343,慈文传媒,473680286,473680286
sz.002344,002344,海宁皮城,1282616960,1281450092
sz.002345,002345,潮宏基,888512707,867218265
sz.002346,002346,柘中股份,441575416,441575416
sz.002347,002347,泰尔股份,504702276,493382901
sz.002348,002348,高乐股份,947200000,903532999
sz.002349,002349,精华制药,831128308,814180908
sz.002350,002350,北京科锐,542331351,530555671
sz.002351,002351,漫步者,889107000,527441600
sz.002352,002352,顺丰控股,4799430409,4770088479
sz.002353,002353,杰瑞股份,1023855833,691013865
sz.002354,002354,天娱数科,1654585820,1626993779
sz.002355,002355,兴民智通,668481000,618165300
sz.002356,002356,赫美集团,1311254521,1311247021
sz.002357,002357,富临运业,313489036,313477786
sz.002358,002358,森源电气,929756977,929755702
sz.002360,002360,ST同德,401774248,308500304
sz.002361,002361,神剑股份,951034969,844522984
sz.002362,002362,汉王科技,244454646,207672672
sz.002363,002363,隆基机械,416895301,415919042
sz.002364,002364,中恒电气,563564960,558156935
sz.002365,002365,永安药业,294682500,245642601
sz.002366,002366,融发核电,2080937640,1850417900
sz.002367,002367,康力电梯,797745456,794844231
sz.002368,002368,太极股份,623231286,621573946
sz.002369,002369,卓翼科技,566956280,566956280
sz.002370,002370,亚太药业,745667530,745622530
sz.002371,002371,北方华创,725689200,725085683
sz.002372,002372,伟星新材,1592037988,1470857834
sz.002373,002373,千方科技,1580188215,1377594126
sz.002374,002374,中锐股份,1085209283,1085209283
sz.002375,002375,亚厦股份,1339996498,1330996461
sz.002376,002376,新北洋,810562541,787464555
sz.002377,002377,国创高新,916325201,872447921
sz.002378,002378,章源钨业,1201417666,1195897946
sz.002379,002379,宏桥控股,13031118202,1136373753
sz.002380,002380,科远智慧,239991649,142203990
sz.002381,002381,双箭股份,411577920,320396725
sz.002382,002382,蓝帆医疗,1007590726,997792227
sz.002383,002383,合众思壮,740360305,740360305
sz.002384,002384,东山精密,1831607532,1386321723
sz.002385,002385,大北农,4300078565,3462660421
sz.002386,002386,天原股份,1301647073,1301385155
sz.002387,002387,维信诺,1396796043,1394996343
sz.002388,002388,新亚制程,510697600,506223495
sz.002389,002389,航天彩虹,984916021,984767026
sz.002390,002390,信邦制药,1943851868,1927818234
sz.002391,002391,长青股份,649592550,464098311
sz.002392,002392,北京利尔,1190490839,1157546421
sz.002393,002393,力生制药,308964215,300217443
sz.002394,002394,联发股份,323700000,323389205
sz.002395,002395,双象股份,268209000,268209000
sz.002396,002396,星网锐捷,760554372,757415106
sz.002397,002397,梦洁股份,747781443,648248179
sz.002398,002398,垒知集团,698038407,609499852
sz.002399,002399,海普瑞,1247201704,1247201704
sz.002400,002400,省广集团,1743337128,1726164618
sz.002401,002401,中远海科,371668440,371398485
sz.002402,002402,和而泰,923389485,818478591
sz.002403,002403,爱仕达,340638579,297161454
sz.002404,002404,嘉欣丝绸,560051541,455787096
sz.002405,002405,四维图新,2370135814,2355762401
sz.002406,002406,远东传动,730225082,562171311
sz.002407,002407,多氟多,1190432569,1078761845
sz.002408,002408,齐翔腾达,2842876528,2751089120
sz.002409,002409,雅克科技,475927678,318522747
sz.002410,002410,广联达,1651944342,1588098784
sz.002412,002412,汉森制药,503200000,497845000
sz.002413,002413,雷科防务,1319340725,1295430497
sz.002414,002414,高德红外,4270736108,3398612431
sz.002415,002415,海康威视,9164871550,9046093710
sz.002416,002416,爱施德,1239281806,1223281973
sz.002418,002418,康盛股份,1136400000,1136400000
sz.002419,002419,天虹股份,1168847750,1168830875
sz.002420,002420,毅昌科技,411290000,403871600
sz.002421,002421,达实智能,2120581639,2036199151
sz.002422,002422,科伦药业,1590781208,1298556616
sz.002423,002423,中粮资本,2304105575,2304105575
sz.002424,002424,ST百灵,1397598400,1151877941
sz.002425,002425,凯撒文化,956665066,920185923
sz.002426,002426,胜利精密,3402625916,3402599891
sz.002427,002427,尤夫股份,985432777,984517986
sz.002428,002428,云南锗业,653120000,653007500
sz.002429,002429,兆驰股份,4526940607,4524328893
sz.002430,002430,杭氧股份,978359521,977937571
sz.002431,002431,ST棕榈,1802404765,1802404765
sz.002432,002432,九安医疗,466040570,465419009
sz.002434,002434,万里扬,1312600000,1311341050
sz.002436,002436,兴森科技,1699673563,1517928556
sz.002437,002437,誉衡药业,2229868126,2102676320
sz.002438,002438,江苏神通,507537461,468880667
sz.002439,002439,启明星辰,1211400205,728536951
sz.002440,002440,闰土股份,1123999905,946355003
sz.002441,002441,众业达,544543609,398964279
sz.002442,002442,龙星科技,503373686,491510767
sz.002443,002443,金洲管道,520535520,519058017
sz.002444,002444,巨星科技,1194478182,1147158478
sz.002445,002445,中南文化,2376607531,2366254223
sz.002446,002446,盛路通信,915415724,847777296
sz.002448,002448,中原内配,588409646,580509507
sz.002449,002449,国星光电,618477169,618477169
sz.002451,002451,摩恩电气,440670000,439149000
sz.002452,002452,长高电气,620332085,517880199
sz.002453,002453,华软科技,812367126,643101478
sz.002454,002454,松芝股份,879073680,877353836
sz.002455,002455,百川股份,722462500,660811973
sz.002456,002456,欧菲光,3358271750,3317615011
sz.002457,002457,青龙管业,333486800,333317899
sz.002458,002458,益生股份,1431193039,966385576
sz.002459,002459,晶澳科技,3309717515,3306774649
sz.002460,002460,赣锋锂业,1613593699,1211369263
sz.002461,002461,珠江啤酒,2213328480,2213328480
sz.002462,002462,嘉事堂,291707120,291509232
sz.002463,002463,沪电股份,1924363537,1922851736
sz.002465,002465,海格通信,2481833948,2477887109
sz.002466,002466,天齐锂业,1477072783,1475681218
sz.002467,002467,二六三,1375371873,1368201384
sz.002468,002468,申通快递,1530802166,1464106199
sz.002469,002469,三维化学,648862630,628984911
sz.002470,002470,金正大,3286027742,3285749417
sz.002471,002471,中超控股,1368760000,1344052538
sz.002472,002472,双环传动,849997692,756967862
sz.002474,002474,榕基软件,622200000,529211938
sz.002475,002475,立讯精密,7318339786,7301609982
sz.002476,002476,新叶股份,612000000,612000000
sz.002478,002478,常宝股份,900804228,722887188
sz.002479,002479,富春环保,865000000,863072844
sz.002480,002480,新筑股份,769168670,767527221
sz.002481,002481,双塔食品,1233696500,1118152600
sz.002482,002482,广田集团,3750962363,3743709801
sz.002483,002483,润邦股份,886468413,885250799
sz.002484,002484,江海股份,850523941,820470015
sz.002485,002485,ST雪发,544000000,544000000
sz.002486,002486,嘉麟杰,824283100,820429956
sz.002487,002487,大金重工,637749349,630912766
sz.002488,002488,金固股份,995439065,920083999
sz.002489,002489,浙江永强,2169016313,1913042953
sz.002490,002490,山东墨龙,541722000,541722000
sz.002491,002491,通鼎互联,1229994500,1176468871
sz.002492,002492,恒基达鑫,405000000,397834725
sz.002493,002493,荣盛石化,9989442254,9362198504
sz.002494,002494,华斯股份,377310718,286770438
sz.002495,002495,佳隆股份,935625600,700773507
sz.002496,002496,辉丰股份,1507589677,1181299484
sz.002497,002497,雅化集团,1152562520,1059587615
sz.002498,002498,汉缆股份,3326796000,3326716800
sz.002500,002500,山西证券,3589771547,3589771547
sz.002501,002501,*ST利源,3550000000,3545292606
sz.002506,002506,协鑫集成,5850316427,5844441996
sz.002507,002507,涪陵榨菜,1153919028,1153718438
sz.002508,002508,老板电器,944983916,933596787
sz.002510,002510,天汽模,1015138708,1004832196
sz.002511,002511,中顺洁柔,1286377813,1264988608
sz.002512,002512,ST达华,1102416632,1094451782
sz.002513,002513,蓝丰生化,375593978,289041302
sz.002514,002514,*ST宝馨,720034264,554030027
sz.002515,002515,金字火腿,1210614164,1101851924
sz.002516,002516,旷达科技,1470838682,1456568682
sz.002517,002517,恺英网络,2136443234,1879241673
sz.002518,002518,科士达,582225094,565152297
sz.002519,002519,银河电子,1126430898,1123444309
sz.002520,002520,日发精机,750245171,717440171
sz.002521,002521,齐峰新材,560061050,419173590
sz.002522,002522,浙江众成,905779387,905209756
sz.002523,002523,天桥起重,1416640800,1411540051
sz.002524,002524,光正眼科,515331574,510684824
sz.002526,002526,山东矿机,1782793836,1771234438
sz.002527,002527,新时达,663061291,558683731
sz.002528,002528,*ST英飞,1198675082,1050219577
sz.002529,002529,海源复材,260000000,259994450
sz.002530,002530,金财互联,779198175,682482686
sz.002531,002531,天顺风能,1796878658,1786868599
sz.002532,002532,天山铝业,4628737415,4106857452
sz.002533,002533,金杯电工,733941062,646143983
sz.002534,002534,西子洁能,835935177,825365016
sz.002535,002535,林州重机,801683074,746337535
sz.002536,002536,飞龙股份,574785888,545322669
sz.002537,002537,海联金汇,1174016745,1170512095
sz.002538,002538,ST司特,853555763,853003388
sz.002539,002539,云图控股,1207723762,889793625
sz.002540,002540,亚太科技,1251144062,858201358
sz.002541,002541,鸿路钢构,690019034,496180013
sz.002542,002542,*ST中岩,1806116738,1759240033
sz.002543,002543,万和电气,743600000,661176201
sz.002544,002544,普天科技,680533890,680468529
sz.002545,002545,东方铁塔,1244062083,1130163708
sz.002546,002546,新联电子,834049096,801227371
sz.002547,002547,*ST春兴,1128057168,1104807166
sz.002548,002548,金新农,828173658,804471492
sz.002549,002549,凯美特气,695347901,692359526
sz.002550,002550,千红制药,1279800000,953566881
sz.002551,002551,尚荣医疗,845494578,611182332
sz.002552,002552,宝鼎科技,387985331,368503289
sz.002553,002553,南方精工,353409639,256209639
sz.002554,002554,惠博普,1333720072,1333469850
sz.002555,002555,三七互娱,2212237681,1633762624
sz.002556,002556,辉隆股份,946518080,945519780
sz.002557,002557,洽洽食品,505855256,504773531
sz.002558,002558,巨人网络,1900561971,1900554471
sz.002559,002559,亚威股份,549765024,511695335
sz.002560,002560,通达股份,735271675,633345980
sz.002561,002561,徐家汇,415763000,414439567
sz.002562,002562,兄弟科技,1142821917,813519296
sz.002563,002563,森马服饰,2694090160,2212146163
sz.002564,002564,天沃科技,858904477,858904477
sz.002565,002565,顺灏股份,1059988922,1059955172
sz.002566,002566,益盛药业,330951600,232102602
sz.002567,002567,唐人神,1433051393,1431666421
sz.002568,002568,百润股份,1041623701,762108531
sz.002569,002569,*ST步森,144010000,140010000
sz.002570,002570,贝因美,1080043333,1079999833
sz.002571,002571,德力股份,391950700,298306188
sz.002572,002572,索菲亚,963047164,729247004
sz.002573,002573,清新环境,1415267079,1412690868
sz.002574,002574,明牌珠宝,528000000,528000000
sz.002575,002575,群兴玩具,616500000,584325500
sz.002576,002576,通达动力,165100000,162027571
sz.002577,002577,雷柏科技,280688000,280673000
sz.002578,002578,闽发铝业,938630183,861162561
sz.002579,002579,中京电子,612618620,583438257
sz.002580,002580,圣阳股份,453868993,452338800
sz.002581,002581,*ST未名,659735586,400791161
sz.002582,002582,好想你,447707891,344174578
sz.002583,002583,海能达,1818619381,1283137692
sz.002584,002584,西陇科学,585216422,481139338
sz.002585,002585,双星新材,1141322612,886591788
sz.002586,002586,ST围海,1144223714,1087518003
sz.002587,002587,奥拓电子,654504156,532712717
sz.002588,002588,史丹利,1151891980,858636570
sz.002589,002589,瑞康医药,1504710471,1365591548
sz.002590,002590,万安科技,519052477,494350592
sz.002591,002591,恒大高新,300199484,223512462
sz.002592,002592,ST八菱,283886157,263271370
sz.002593,002593,日上集团,803858029,560504329
sz.002594,002594,比亚迪,5433797565,3487068722
sz.002595,002595,豪迈科技,1160000000,1152118323
sz.002596,002596,海南瑞泽,1147580518,1146570549
sz.002597,002597,金禾实业,568319878,565976294
sz.002598,002598,ST章鼓,312052978,286530024
sz.002599,002599,盛通股份,532679787,413371086
sz.002600,002600,领益智造,7308198680,7199704798
sz.002601,002601,龙佰集团,2384248056,1979987912
sz.002602,002602,世纪华通,7370682322,6796829127
sz.002603,002603,以岭药业,1670705376,1376272762
sz.002605,002605,姚记科技,417567257,338232454
sz.002606,002606,大连电瓷,439073220,425621431
sz.002607,002607,中公教育,6167399389,5720105606
sz.002608,002608,江苏国信,3778079704,3778079704
sz.002609,002609,捷顺科技,643438841,459618516
sz.002611,002611,东方精工,1217286340,1003962832
sz.002612,002612,朗姿股份,442445375,261328777
sz.002613,002613,北玻股份,1100568692,773671916
sz.002614,002614,奥佳华,623739204,441275311
sz.002615,002615,哈尔斯,559811722,302216957
sz.002616,002616,长青集团,859216368,587480268
sz.002617,002617,露笑科技,1909173953,1877621812
sz.002620,002620,*ST瑞和,377494000,316083320
sz.002622,002622,皓宸医疗,840000000,839975250
sz.002623,002623,亚玛顿,193062513,192636138
sz.002624,002624,完美世界,1939968404,1827733041
sz.002625,002625,光启技术,2154587862,2154572487
sz.002626,002626,金达威,609936032,609861032
sz.002627,002627,三峡旅游,724601378,717080044
sz.002628,002628,成都路桥,757100415,755336959
sz.002629,002629,仁智股份,426098000,362953990
sz.002630,002630,*ST华西,1180800000,1076913815
sz.002631,002631,德尔未来,797282881,793689852
sz.002632,002632,道明光学,624599090,574513511
sz.002633,002633,申科股份,150000000,149564063
sz.002634,002634,*ST棒杰,459352513,446512438
sz.002635,002635,安洁科技,659686776,395728069
sz.002636,002636,金安国纪,728000000,725234913
sz.002637,002637,赞宇科技,470401000,464817765
sz.002638,002638,勤上股份,1436594349,1352680009
sz.002639,002639,雪人集团,779288428,659968056
sz.002640,002640,跨境通,1558041330,1548261780
sz.002641,002641,公元股份,1229093871,1133967353
sz.002642,002642,荣联科技,661580313,661577463
sz.002643,002643,万润股份,915900025,902214970
sz.002644,002644,佛慈制药,510657000,510657000
sz.002645,002645,华宏科技,753120432,680213487
sz.002646,002646,天佑德酒,479107974,475842499
sz.002647,002647,仁东控股,1130291657,1015291657
sz.002648,002648,卫星化学,3368645690,3366481585
sz.002649,002649,博彦科技,591434532,585166782
sz.002650,002650,ST加加,1107083824,1107046324
sz.002651,002651,利君股份,1033460000,565463641
sz.002652,002652,扬子新材,512064000,512064000
sz.002653,002653,海思科,1119917970,536986608
sz.002654,002654,万润科技,845302544,845242544
sz.002655,002655,共达电声,364584000,363257100
sz.002656,002656,*ST摩登,712519844,686638368
sz.002657,002657,中科金财,340051995,336127440
sz.002658,002658,雪迪龙,635760924,358657749
sz.002659,002659,凯文教育,598280384,598278275
sz.002660,002660,茂硕电源,356626019,346352168
sz.002661,002661,克明食品,333137742,317708801
sz.002662,002662,峰璟股份,1500000000,1499981100
sz.002663,002663,普邦股份,1723348902,1707116180
sz.002664,002664,信质集团,408200000,402947338
sz.002666,002666,德联集团,787999301,500793826
sz.002667,002667,*ST威领,260591500,236611000
sz.002668,002668,TCL智家,1084111428,1084111428
sz.002669,002669,康达新材,303400000,302717800
sz.002670,002670,国盛证券,1935084653,1623350634
sz.002671,002671,龙泉股份,563226346,551396073
sz.002672,002672,东江环保,905118302,905118302
sz.002673,002673,西部证券,4469581705,4469581705
sz.002674,002674,兴业科技,295550944,292563652
sz.002675,002675,东诚药业,824595705,743383994
sz.002676,002676,顺威股份,720000000,719974585
sz.002677,002677,浙江美大,646051647,545882225
sz.002678,002678,珠江钢琴,1358320323,1357574448
sz.002679,002679,福建金森,235756000,235756000
sz.002681,002681,奋达科技,1794652232,1572049125
sz.002682,002682,龙洲股份,562368594,562368594
sz.002683,002683,广东宏大,759885063,666725371
sz.002685,002685,华东重机,1007690641,1007589316
sz.002686,002686,亿利达,566239133,522732608
sz.002687,002687,乔治白,504779491,413616563
sz.002688,002688,金河生物,769504398,747041117
sz.002689,002689,ST远智,1043310725,1042900274
sz.002690,002690,美亚光电,882228900,427032322
sz.002691,002691,*ST冀凯,340000000,335979430
sz.002692,002692,远程股份,718146000,717861675
sz.002693,002693,双成药业,414689750,410981596
sz.002694,002694,*ST顾地,763084800,718796025
sz.002695,002695,煌上煌,559585801,511453584
sz.002696,002696,百洋股份,345754232,334258918
sz.002697,002697,红旗连锁,1360000000,1148081075
sz.002698,002698,博实股份,1022561575,844138325
sz.002700,002700,万憬能源,413628185,409364099
sz.002701,002701,奥瑞金,2559760469,2557365711
sz.002702,002702,海欣食品,555760000,458743750
sz.002703,002703,浙江世宝,605847384,586048074
sz.002705,002705,新宝股份,811875780,808103400
sz.002706,002706,良信股份,1123125020,914989590
sz.002707,002707,众信旅游,982715033,865278032
sz.002708,002708,光洋股份,562097967,509630351
sz.002709,002709,天赐材料,2038561744,1509011019
sz.002712,002712,思美传媒,544276198,540898348
sz.002713,002713,*ST东易,951405184,524116059
sz.002714,002714,牧原股份,5462772975,3278619186
sz.002715,002715,登云股份,138000000,138000000
sz.002716,002716,湖南白银,2823088646,2324855674
sz.002717,002717,*ST岭南,1820233558,1788941866
sz.002718,002718,友邦吊顶,129447829,96215283
sz.002719,002719,ST麦趣,174139457,161845095
sz.002721,002721,金一文化,2659378615,2659378615
sz.002722,002722,物产金轮,222372010,222357010
sz.002723,002723,小崧股份,332349876,317759626
sz.002724,002724,海洋王,771497994,567808027
sz.002725,002725,跃岭股份,256000000,248963432
sz.002726,002726,ST龙大,1079195014,1078376014
sz.002727,002727,一心堂,585604125,397458083
sz.002728,002728,特一药业,513309812,501308912
sz.002729,002729,好利科技,182969920,175461341
sz.002730,002730,电光科技,362079880,346029880
sz.002731,002731,ST萃华,256156000,229655950
sz.002732,002732,燕塘乳业,157350000,157062585
sz.002733,002733,雄韬股份,384214913,368862759
sz.002734,002734,利民股份,475839624,435821544
sz.002735,002735,王子新材,375254353,285059341
sz.002736,002736,国信证券,10241743060,9612429377
sz.002737,002737,葵花药业,584000000,583990700
sz.002738,002738,中矿资源,721491877,710952589
sz.002739,002739,儒意电影,2111778708,2099912448
sz.002741,002741,光华科技,465022310,430089095
sz.002742,002742,冀衡医药,684102041,523960123
sz.002743,002743,富煌钢构,435268478,434570978
sz.002745,002745,木林森,1484166399,1059586004
sz.002746,002746,仙坛股份,860538727,709676227
sz.002747,002747,埃斯顿,871018453,782435153
sz.002748,002748,世龙实业,240000000,239862750
sz.002749,002749,国光股份,556471548,544316897
sz.002752,002752,昇兴股份,976918468,975526819
sz.002753,002753,永东股份,428679527,242813577
sz.002755,002755,奥赛康,928160351,928151576
sz.002756,002756,永兴材料,539101540,393734452
sz.002757,002757,南兴股份,295455913,284203646
sz.002758,002758,浙农股份,518802499,518247801
sz.002759,002759,天际股份,501382605,501047496
sz.002760,002760,凤形股份,107988706,107988706
sz.002761,002761,浙江建投,1324871801,1081789012
sz.002762,002762,金发拉比,354025000,354025000
sz.002763,002763,汇洁股份,409924000,303656388
sz.002765,002765,蓝黛科技,652128090,595908390
sz.002766,002766,索菱股份,859845824,856798090
sz.002767,002767,先锋电子,150000000,130283871
sz.002768,002768,国恩股份,398450000,258508267
sz.002769,002769,普路通,373318054,373010230
sz.002771,002771,真视通,209764100,180592355
sz.002772,002772,众兴菌业,374742533,371636627
sz.002773,002773,康弘药业,921326354,686839429
sz.002774,002774,快意电梯,336687900,281771935
sz.002775,002775,文科股份,645324123,580818123
sz.002777,002777,久远银海,408231038,404510216
sz.002778,002778,中晟高科,124753300,123742705
sz.002779,002779,中坚科技,184800000,165808335
sz.002780,002780,三夫户外,165361713,132595301
sz.002782,002782,可立克,495814013,486576200
sz.002783,002783,凯龙股份,499317447,461116586
sz.002785,002785,万里石,226619695,194287773
sz.002786,002786,银宝山新,495612000,491861250
sz.002787,002787,华源控股,332398723,248083238
sz.002788,002788,鹭燕医药,388516736,381851941
sz.002789,002789,*ST建艺,159623514,156478262
sz.002790,002790,瑞尔特,417872300,260697500
sz.002791,002791,坚朗五金,353885013,212331087
sz.002792,002792,通宇通讯,523836030,337841929
sz.002793,002793,罗欣药业,1087588486,1085933619
sz.002795,002795,永和智控,441687427,433978347
sz.002796,002796,世嘉科技,252366948,227703703
sz.002797,002797,第一创业,4202400000,4202400000
sz.002798,002798,帝欧水华,587512753,516747216
sz.002799,002799,环球印务,320040000,320035800
sz.002800,002800,天顺股份,152253067,146372800
sz.002801,002801,微光股份,229632000,115802700
sz.002802,002802,洪汇新材,181245890,149683207
sz.002803,002803,吉宏股份,380635288,297564176
sz.002805,002805,丰元股份,280062508,278816068
sz.002806,002806,华锋股份,212479189,166752005
sz.002807,002807,江阴银行,2707532067,2703506366
sz.002808,002808,恒久退,268800000,186861056
sz.002809,002809,红墙股份,240260213,169970302
sz.002810,002810,山东赫达,349655513,322890866
sz.002811,002811,郑中设计,307970005,283063289
sz.002812,002812,恩捷股份,982131897,822610868
sz.002813,002813,路畅科技,120000000,119892056
sz.002815,002815,崇达技术,1234151324,777138039
sz.002816,002816,*ST和科,100000000,100000000
sz.002817,002817,黄山胶囊,299098170,290361795
sz.002818,002818,富森美,748458940,298357191
sz.002819,002819,东方中科,299610100,237741486
sz.002820,002820,桂发祥,200868295,200868295
sz.002821,002821,凯莱英,332946460,317043858
sz.002822,002822,ST中装,1950000000,1068946493
sz.002823,002823,凯中精密,328368949,223910392
sz.002824,002824,和胜股份,311178838,226176130
sz.002825,002825,纳尔股份,341940627,256625914
sz.002826,002826,易明医药,190677750,184729311
sz.002827,002827,高争民爆,277046000,275998875
sz.002828,002828,贝肯能源,200987600,200987600
sz.002829,002829,星网宇达,207809394,150673758
sz.002830,002830,名雕股份,185896000,92834500
sz.002831,002831,裕同科技,1288331029,714221966
sz.002832,002832,比音勒芬,570707084,387126193
sz.002833,002833,弘亚数控,427035261,291032210
sz.002835,002835,同为股份,219493931,127453854
sz.002836,002836,新宏泽,230400000,230400000
sz.002837,002837,英维克,1276790912,1132899368
sz.002838,002838,道恩股份,478398402,420639371
sz.002839,002839,张家港行,2444344974,2442082870
sz.002840,002840,华统股份,802166393,796478765
sz.002841,002841,视源股份,696016545,521345446
sz.002842,002842,翔鹭钨业,327172422,268462059
sz.002843,002843,泰嘉股份,251737562,250432862
sz.002845,002845,同兴达,327551705,250234601
sz.002846,002846,英联股份,419993636,266391801
sz.002847,002847,盐津铺子,270187439,243838762
sz.002848,002848,高斯贝尔,167150000,165420861
sz.002849,002849,威星智能,220634016,218691342
sz.002850,002850,科达利,286309192,209637902
sz.002851,002851,麦格米特,582933592,459462851
sz.002852,002852,道道全,343968305,285818746
sz.002853,002853,皮阿诺,182915948,128704814
sz.002855,002855,捷荣技术,246419682,246227232
sz.002856,002856,*ST美芝,135312808,123904443
sz.002857,002857,三晖电气,130634000,128585150
sz.002858,002858,力盛体育,186678458,147391713
sz.002859,002859,洁美科技,453641963,428315200
sz.002860,002860,星帅尔,352145116,343944218
sz.002861,002861,瀛通通讯,186283962,142004203
sz.002862,002862,实丰文化,169490000,128576663
sz.002863,002863,今飞凯达,599483554,599483554
sz.002864,002864,盘龙药业,106280960,75674886
sz.002865,002865,钧达股份,229151752,228827744
sz.002866,002866,传艺科技,289522256,183768894
sz.002867,002867,周大生,1085473893,1079141804
sz.002868,002868,绿康生化,155415837,154041618
sz.002869,002869,金溢科技,176914991,158455279
sz.002870,002870,香山股份,132075636,129732594
sz.002871,002871,伟隆股份,251853845,149413523
sz.002872,002872,ST天圣,318000000,214918134
sz.002873,002873,新天药业,244103806,239690548
sz.002875,002875,安奈儿,213016872,190079783
sz.002876,002876,三利谱,173884932,148949410
sz.002877,002877,智能自控,355843695,240514652
sz.002878,002878,元隆雅图,261991727,235931322
sz.002879,002879,长缆科技,193107640,137139021
sz.002880,002880,卫光生物,226800000,226800000
sz.002881,002881,美格智能,261821200,181989860
sz.002882,002882,金龙羽,432900000,246990038
sz.002883,002883,*ST中设,156157166,153983978
sz.002884,002884,凌霄泵业,357682509,272657626
sz.002885,002885,京泉华,270916968,238003501
sz.002886,002886,沃特股份,263203565,209078164
sz.002887,002887,绿茵生态,305987814,217231314
sz.002888,002888,惠威科技,147643412,74923020
sz.002889,002889,东方嘉盛,377667472,251284554
sz.002890,002890,弘宇股份,169875160,161476185
sz.002891,002891,中宠股份,321897746,321897746
sz.002892,002892,科力尔,744643040,501123935
sz.002893,002893,京能热力,263640000,202778618
sz.002895,002895,川恒股份,605906383,599348683
sz.002896,002896,中大力德,196522670,196522670
sz.002897,002897,意华股份,193880696,184358188
sz.002898,002898,*ST赛隆,176000000,119944908
sz.002899,002899,英派斯,147796976,147796976
sz.002900,002900,哈三联,316354550,197943200
sz.002901,002901,大博医疗,414019506,288412223
sz.002902,002902,铭普光磁,235009062,186470846
sz.002903,002903,宇环数控,156698000,107565949
sz.002905,002905,金逸影视,376320000,376282500
sz.002906,002906,华阳集团,524919041,524706333
sz.002907,002907,华森制药,417596314,339045651
sz.002908,002908,德生科技,431432088,325248116
sz.002909,002909,集泰股份,390000000,380427383
sz.002910,002910,庄园牧场,195210000,171061950
sz.002911,002911,佛燃能源,1298175830,1267038001
sz.002912,002912,中新赛克,170752000,162222836
sz.002913,002913,奥士康,317360504,305438924
sz.002915,002915,中欣氟材,335273330,291189361
sz.002916,002916,深南电路,681166595,665021207
sz.002917,002917,金奥博,347614197,260546731
sz.002918,002918,蒙娜丽莎,408819913,214204964
sz.002919,002919,名臣健康,266136066,264208190
sz.002920,002920,德赛西威,596809294,596621794
sz.002921,002921,联诚精密,148970127,128462880
sz.002922,002922,伊戈尔,422582924,382124876
sz.002923,002923,润都股份,334893286,258064083
sz.002925,002925,盈趣科技,771669053,731068893
sz.002926,002926,华西证券,2625000000,2625000000
sz.002927,002927,泰永长征,223192180,220737832
sz.002928,002928,华夏航空,1278241550,1278235175
sz.002929,002929,润建股份,286362209,216554134
sz.002930,002930,宏川智慧,457927999,433340804
sz.002931,002931,锋龙股份,218505856,202575858
sz.002932,002932,*ST明德,232520957,156094995
sz.002933,002933,新兴装备,117350000,116894276
sz.002935,002935,天奥电子,424102508,415090883
sz.002936,002936,郑州银行,7071633358,7029435959
sz.002937,002937,兴瑞科技,316009729,315184709
sz.002938,002938,鹏鼎控股,2317536658,2309382665
sz.002939,002939,长城证券,4034426956,3602659631
sz.002940,002940,昂利康,201728186,184669355
sz.002941,002941,新疆交建,729751172,729751172
sz.002942,002942,新农股份,155480720,138758083
sz.002943,002943,宇晶股份,266835988,188852220
sz.002945,002945,华林证券,2700000000,2700000000
sz.002946,002946,新乳业,860682966,850711753
sz.002947,002947,恒铭达,256209336,198303748
sz.002948,002948,青岛银行,3528409250,3522194756
sz.002949,002949,华阳国际,196047755,151885580
sz.002950,002950,奥美医疗,633265407,429625255
sz.002951,002951,金时科技,405000000,401121894
sz.002952,002952,亚世光电,164340000,134074732
sz.002953,002953,日丰股份,491579648,281288768
sz.002955,002955,鸿合科技,236639912,205656516
sz.002956,002956,西麦食品,312545639,312510766
sz.002957,002957,科瑞技术,419982466,418862537
sz.002958,002958,青农商行,5555627241,5439560382
sz.002959,002959,小熊电器,155833544,150569237
sz.002960,002960,青鸟智控,1053734626,968448955
sz.002961,002961,瑞达期货,476933433,476931183
sz.002962,002962,五方光电,291665352,209215730
sz.002963,002963,豪尔赛,150359930,149340337
sz.002965,002965,祥鑫科技,265380359,237942746
sz.002966,002966,苏州银行,4470662011,4395762518
sz.002967,002967,广电计量,637279952,547211691
sz.002968,002968,新大正,226277783,213140277
sz.002969,002969,嘉美包装,1098495710,1092733744
sz.002970,002970,锐明技术,184234150,131281806
sz.002971,002971,和远气体,210625000,161004546
sz.002972,002972,科安达,246008800,138488640
sz.002973,002973,侨银股份,408665700,317653078
sz.002975,002975,博杰股份,208130736,137354039
sz.002976,002976,瑞玛精密,149700687,93638037
sz.002977,002977,*ST天箭,120120000,66706628
sz.002978,002978,安宁股份,471989958,369279558
sz.002979,002979,雷赛智能,315196751,222743259
sz.002980,002980,华盛昌,189401160,101286819
sz.002981,002981,朝阳科技,137486115,121584101
sz.002982,002982,湘佳股份,203194085,130091248
sz.002983,002983,芯瑞达,223115230,128157518
sz.002984,002984,森麒麟,1036286871,713925224
sz.002985,002985,北摩高科,331853600,331021941
sz.002986,002986,宇新股份,380121392,301837442
sz.002987,002987,京北方,1040952182,1013925333
sz.002988,002988,豪美新材,249804496,249804496
sz.002989,002989,中天精装,201616137,183337887
sz.002990,002990,盛视科技,261852138,138018563
sz.002991,002991,甘源食品,93215831,49933706
sz.002992,002992,宝明科技,180868635,158236407
sz.002993,002993,奥海科技,276040000,238446933
sz.002995,002995,天地在线,177454480,121693645
sz.002996,002996,顺博合金,669436836,458377491
sz.002997,002997,瑞鹄模具,209321325,209318550
sz.002998,002998,优彩资源,354816129,270492601
sz.002999,002999,天禾股份,347592000,344711157
sz.003000,003000,劲仔食品,450894159,308060295
sz.003001,003001,中岩大地,174550394,114351002
sz.003002,003002,壶化股份,200000000,182955875
sz.003003,003003,天元股份,176720000,118041388
sz.003004,003004,声迅股份,81863292,68742267
sz.003005,003005,竞业达,231388691,134194675
sz.003006,003006,百亚股份,429647790,428572965
sz.003007,003007,直真科技,119574442,72587657
sz.003008,003008,开普检测,104000000,79921674
sz.003009,003009,中天火箭,164717418,164687303
sz.003010,003010,若羽臣,311059476,226142181
sz.003011,003011,海象新材,102676000,78088556
sz.003012,003012,东鹏控股,1156981158,1134586253
sz.003013,003013,地铁设计,460757801,399947088
sz.003015,003015,日久光电,281066667,247401692
sz.003016,003016,欣贺股份,420521612,410882842
sz.003017,003017,大洋生物,84000000,69287988
sz.003018,003018,金富科技,260000000,237387500
sz.003019,003019,宸展光电,176952359,170964002
sz.003020,003020,立方制药,228218618,168548255
sz.003021,003021,兆威机电,240815950,207330938
sz.003022,003022,联泓新科,1335568000,1334431825
sz.003023,003023,彩虹集团,105341600,105120314
sz.003025,003025,思进智能,283953558,226415929
sz.003026,003026,中晶科技,187767550,144560880
sz.003027,003027,同兴科技,130723200,102811782
sz.003028,003028,振邦智能,144711000,70693645
sz.003029,003029,吉大正元,193620227,175583038
sz.003030,003030,祖名股份,124780000,81578391
sz.003031,003031,中瓷电子,451052859,340156696
sz.003032,003032,传智教育,402447500,284481608
sz.003033,003033,征和工业,81750000,80970938
sz.003035,003035,南网能源,3787878787,3787878787
sz.003036,003036,泰坦股份,216606370,216600820
sz.003037,003037,三和管桩,599074678,599074678
sz.003038,003038,鑫铂股份,243659765,162105298
sz.003039,003039,顺控发展,617518730,617518730
sz.003040,003040,楚天龙,461135972,456850258
sz.003041,003041,真爱美家,144000000,136816688
sz.003042,003042,中农联合,142480000,141505000
sz.003043,003043,华亚智能,136669261,86676353
sz.003816,003816,中国广核,39335174332,39335174332
sz.300001,300001,特锐德,1055537713,1026828548
sz.300002,300002,神州泰岳,1967173866,1851049053
sz.300003,300003,乐普医疗,1843424716,1578912054
sz.300004,300004,南风股份,479993598,479993598
sz.300005,300005,探路者,883702186,876549336
sz.300006,300006,莱美药业,1055911205,1055820898
sz.300007,300007,汉威科技,327445619,282759613
sz.300008,300008,天海防务,1728029133,1647290071
sz.300009,300009,安科生物,1670700708,1230879578
sz.300010,300010,ST豆神,2066612659,1636774393
sz.300011,300011,鼎汉技术,605555387,509665579
sz.300012,300012,华测检测,1682828214,1431243288
sz.300013,300013,新宁物流,558358894,446051603
sz.300014,300014,亿纬锂能,2173296935,2112982103
sz.300015,300015,爱尔眼科,9325396670,7957172343
sz.300016,300016,北陆药业,581689731,562194413
sz.300017,300017,网宿科技,2495684777,2366469603
sz.300018,300018,中元股份,488710536,452073001
sz.300019,300019,硅宝科技,393116700,368667975
sz.300020,300020,ST银江,794677974,766776334
sz.300021,300021,大禹节水,1022367469,873233219
sz.300022,300022,吉峰科技,494240380,494225980
sz.300024,300024,机器人,1565619950,1565174707
sz.300025,300025,华星创业,508792922,506881744
sz.300026,300026,红日药业,3004154837,3001325425
sz.300027,300027,ST华谊,2774505919,2566307029
sz.300029,300029,天龙退,200506500,200448725
sz.300030,300030,阳普医疗,309187315,272227587
sz.300031,300031,宝通科技,418746695,358557982
sz.300032,300032,金龙机电,803169608,803169608
sz.300033,300033,同花顺,752640000,438409939
sz.300034,300034,钢研高纳,796961563,767055977
sz.300035,300035,中科电气,685426671,586635518
sz.300036,300036,超图软件,492766617,445052653
sz.300037,300037,新宙邦,753886428,546376892
sz.300039,300039,上海凯宝,1046000000,916642576
sz.300040,300040,九洲集团,643410436,520358542
sz.300041,300041,回天新材,559435922,544424423
sz.300042,300042,朗科科技,200400000,200381550
sz.300043,300043,星辉娱乐,1244198401,1243539501
sz.300044,300044,*ST赛为,763869228,715416346
sz.300045,300045,华力创通,662675236,523537926
sz.300046,300046,台基股份,236531371,236531371
sz.300047,300047,天源迪科,637744672,580575819
sz.300048,300048,合康新能,1132347357,1129301607
sz.300049,300049,福瑞医科,263991100,233590217
sz.300050,300050,世纪鼎利,544846718,544514549
sz.300051,300051,琏升科技,372017690,367846790
sz.300052,300052,中青宝,261858710,261848360
sz.300053,300053,航宇微,696874323,662216303
sz.300054,300054,鼎龙股份,952857446,742767244
sz.300055,300055,万邦达,836749606,632849344
sz.300056,300056,中创环保,385490443,385202743
sz.300057,300057,万顺新材,1003571463,830975988
sz.300058,300058,蓝色光标,3590221227,3477930282
sz.300059,300059,东方财富,15822199875,13392365708
sz.300061,300061,旗天科技,658993677,609895047
sz.300062,300062,中能电气,629937370,458718250
sz.300063,300063,天龙集团,758527150,626666943
sz.300065,300065,海兰信,721539160,656664688
sz.300066,300066,三川智慧,1040033262,1005910349
sz.300067,300067,安诺其,1154374574,937483681
sz.300068,300068,ST南都,898367299,853000416
sz.300069,300069,金利华电,117000000,117000000
sz.300070,300070,碧水源,3624209363,3477748047
sz.300071,300071,福石控股,963884336,945410791
sz.300072,300072,海新能科,2349720302,2331363778
sz.300073,300073,当升科技,544293668,505969362
sz.300074,300074,华平股份,550319600,549956000
sz.300075,300075,数字政通,621130158,524678331
sz.300076,300076,*ST宁视,424000000,424000000
sz.300077,300077,国民技术,583126700,570471225
sz.300078,300078,思创智联,1117872230,1113367148
sz.300079,300079,数码视讯,1426028062,1292182156
sz.300080,300080,易成新能,1873380436,1873097461
sz.300081,300081,ST恒信,604795417,604650817
sz.300082,300082,奥克股份,680098200,678293088
sz.300083,300083,创世纪,1664862589,1492642589
sz.300084,300084,海默科技,548759899,356683315
sz.300085,300085,银之杰,706640535,614916360
sz.300086,300086,康芝药业,455124411,440682522
sz.300087,300087,荃银高科,947331751,889860919
sz.300088,300088,长信科技,2497733579,2485503647
sz.300091,300091,*ST金灵,2842045067,1622120493
sz.300092,300092,科新机电,273923271,209858756
sz.300093,300093,金刚光伏,540000000,278656800
sz.300094,300094,国联水产,1128167253,1105513399
sz.300095,300095,华伍股份,394425163,317670228
sz.300096,300096,ST易联众,430000000,430000000
sz.300097,300097,智云股份,288549669,263827166
sz.300098,300098,高新兴,1737782275,1541743627
sz.300099,300099,尤洛卡,737265255,537831403
sz.300100,300100,双林股份,571982940,551156033
sz.300101,300101,振芯科技,567905700,565534947
sz.300102,300102,乾照光电,920333863,915707732
sz.300103,300103,达刚控股,317601000,317340610
sz.300105,300105,龙源技术,515814420,515491620
sz.300106,300106,西部牧业,211332310,211332310
sz.300107,300107,建新股份,562782268,347747069
sz.300109,300109,新开源,576856526,520877968
sz.300110,300110,华仁药业,1182212982,1181425107
sz.300111,300111,向日葵,1287210714,1287210714
sz.300112,300112,万讯自控,287954106,237593447
sz.300113,300113,顺网科技,674163882,509020301
sz.300115,300115,长盈精密,1361350101,1357397229
sz.300118,300118,东方日升,1140013863,926519580
sz.300119,300119,瑞普生物,464754706,338529850
sz.300120,300120,经纬辉开,574393929,527123752
sz.300121,300121,阳谷华泰,445238237,429406888
sz.300122,300122,智飞生物,2393789747,1414306248
sz.300123,300123,ST亚光,1021834123,994028683
sz.300124,300124,汇川技术,2707653597,2410364373
sz.300125,300125,*ST聆达,665849987,360759959
sz.300126,300126,锐奇股份,303957600,210650829
sz.300127,300127,银河磁体,323146360,232625125
sz.300128,300128,锦富技术,1299115412,1297464512
sz.300129,300129,泰胜风能,1108853245,718710186
sz.300130,300130,新国都,567305434,434544169
sz.300131,300131,英唐智控,1135019485,1062883836
sz.300132,300132,青松股份,516580886,508081284
sz.300133,300133,华策影视,1888270981,1676400651
sz.300134,300134,大富科技,767498006,767498006
sz.300135,300135,宝利国际,921600000,921600000
sz.300136,300136,信维通信,967568638,825012463
sz.300137,300137,先河环保,536582210,527851404
sz.300138,300138,晨光生物,483100093,398313292
sz.300139,300139,晓程科技,274000000,233659225
sz.300140,300140,节能环境,3099067016,1020121250
sz.300141,300141,和顺电气,257844600,254665755
sz.300142,300142,沃森生物,1599348541,1576920555
sz.300143,300143,盈康生命,972931746,832252459
sz.300144,300144,宋城演艺,2624679810,2597403006
sz.300145,300145,南方泵业,1920242036,1910912286
sz.300146,300146,汤臣倍健,1691677031,1120818659
sz.300147,300147,*ST香雪,661279045,657624182
sz.300148,300148,天舟文化,843159343,814062502
sz.300149,300149,睿智医药,497963992,474563469
sz.300150,300150,世纪瑞尔,585106053,463663232
sz.300151,300151,昌红科技,532509499,368697787
sz.300152,300152,*ST动力,712800000,712790925
sz.300153,300153,科泰电源,320000000,318330118
sz.300154,300154,瑞凌股份,449555201,315372926
sz.300155,300155,安居宝,561227744,330739840
sz.300157,300157,新锦动力,753937707,707793382
sz.300158,300158,振东制药,992303056,991685242
sz.300159,300159,新研股份,3290421031,1841115203
sz.300160,300160,秀强股份,772946292,762964451
sz.300161,300161,华中数控,198696906,195467185
sz.300162,300162,雷曼光电,419510030,342135530
sz.300163,300163,先锋新材,474000000,458312706
sz.300164,300164,通源石油,588458629,583210778
sz.300165,300165,天瑞仪器,495511725,420508804
sz.300166,300166,东方国信,1138745748,931399197
sz.300167,300167,ST迪威迅,416328900,358608750
sz.300168,300168,万达信息,1440628576,1439440508
sz.300169,300169,天晟新材,339494340,301735782
sz.300170,300170,汉得信息,1040419711,994274410
sz.300171,300171,东富龙,765828040,560697223
sz.300172,300172,中电环保,676710000,523512387
sz.300173,300173,ST福能,734725698,734716323
sz.300174,300174,元力股份,364210360,362877913
sz.300175,300175,朗源股份,470800000,470800000
sz.300176,300176,鸿特科技,387280800,387280800
sz.300177,300177,中海达,744169066,606303251
sz.300179,300179,四方达,485723930,375646635
sz.300180,300180,华峰超纤,1761060155,1718087334
sz.300181,300181,佐力药业,701387335,602498419
sz.300182,300182,捷成股份,2663825632,2414604193
sz.300183,300183,东软载波,462609137,371087762
sz.300184,300184,力源信息,1149059029,1052030756
sz.300185,300185,通裕重工,4036201643,3846458721
sz.300187,300187,永清环保,645622165,642378042
sz.300188,300188,国投智能,859477310,855508590
sz.300189,300189,神农种业,1024000000,886250424
sz.300190,300190,维尔利,948089050,944241642
sz.300191,300191,潜能恒信,320000000,221195000
sz.300192,300192,科德教育,329143329,325314129
sz.300193,300193,佳士科技,476249805,418156172
sz.300194,300194,福安药业,1189712382,968378683
sz.300195,300195,长荣股份,423707756,313907981
sz.300196,300196,长海股份,408822122,247029826
sz.300197,300197,节能铁汉,2965298080,2965223080
sz.300198,300198,*ST纳川,1031548540,1024486844
sz.300199,300199,翰宇药业,883241336,744718959
sz.300200,300200,高盟新材,430973206,425379295
sz.300201,300201,海伦哲,1009043607,1003717365
sz.300203,300203,聚光科技,448737600,448368525
sz.300204,300204,舒泰神,477772555,453664501
sz.300205,300205,*ST天喻,430056000,430056000
sz.300206,300206,理邦仪器,579663346,338379565
sz.300207,300207,欣旺达,1847462446,1713925731
sz.300209,300209,行云科技,928636126,742908901
sz.300210,300210,森远股份,484219953,484219953
sz.300211,300211,*ST亿通,303929723,298481824
sz.300212,300212,*ST易录,719892422,703849729
sz.300213,300213,佳讯飞鸿,594364660,552590868
sz.300214,300214,日科化学,464902614,464902614
sz.300215,300215,电科院,749094187,749094187
sz.300217,300217,东方电热,1477976940,1241414188
sz.300218,300218,安利股份,216987000,216276394
sz.300219,300219,鸿利智汇,707943506,706648891
sz.300220,300220,金运激光,151200000,151019348
sz.300221,300221,银禧科技,473754685,456482814
sz.300222,300222,科大智能,778281234,649171009
sz.300223,300223,北京君正,483664367,422936693
sz.300224,300224,正海磁材,930700417,926975673
sz.300225,300225,金力泰,475429590,472045890
sz.300226,300226,上海钢联,382465706,367696869
sz.300227,300227,光韵达,595971391,433117729
sz.300228,300228,富瑞特装,597425549,560382333
sz.300229,300229,拓尔思,873620932,873030233
sz.300230,300230,永利股份,813213441,629822499
sz.300231,300231,银信科技,444315080,444292265
sz.300232,300232,洲明科技,1087447151,885642088
sz.300233,300233,金城医药,383874587,372160463
sz.300234,300234,开尔新材,503171090,343987044
sz.300235,300235,方直科技,251746635,204799104
sz.300236,300236,上海新阳,313382153,278699106
sz.300237,300237,ST美晨,1441914930,1441901055
sz.300238,300238,冠昊生物,265155701,265134082
sz.300239,300239,东宝生物,593623165,589777015
sz.300240,300240,飞力达,371562950,363338504
sz.300241,300241,瑞丰光电,716650247,600460492
sz.300242,300242,佳云科技,634555224,634554878
sz.300243,300243,瑞丰高材,279562074,223648857
sz.300244,300244,迪安诊断,624979436,501429261
sz.300245,300245,ST天玑,305049969,293653553
sz.300246,300246,宝莱特,264606534,211327329
sz.300247,300247,融捷健康,804040313,804040313
sz.300248,300248,新开普,476348393,407341317
sz.300249,300249,依米康,458425700,374109619
sz.300250,300250,初灵信息,213749479,157591782
sz.300251,300251,光线传媒,2933588432,2753141609
sz.300252,300252,金信诺,684213953,558751534
sz.300253,300253,卫宁健康,2201274880,1854621369
sz.300254,300254,仟源医药,256058563,225852877
sz.300255,300255,常山药业,919060878,917695878
sz.300256,300256,星星科技,2268393386,2243393386
sz.300257,300257,开山股份,993635018,954790313
sz.300258,300258,精锻科技,585047243,569892238
sz.300259,300259,新天科技,1155105035,1154791525
sz.300260,300260,新莱应材,407806752,287393540
sz.300261,300261,雅本化学,963309471,942830489
sz.300263,300263,隆华科技,1035006302,975529146
sz.300264,300264,佳创视讯,430857518,370442589
sz.300265,300265,通光线缆,467601335,467301710
sz.300266,300266,兴源环境,1553807314,1553051914
sz.300267,300267,尔康制药,2062604870,1422378091
sz.300268,300268,佳沃食品,174200000,133707500
sz.300269,300269,联建光电,549113825,525640328
sz.300270,300270,中威电子,302806028,256811504
sz.300271,300271,华宇软件,811860673,804241454
sz.300272,300272,开能健康,611469472,464472015
sz.300274,300274,阳光电源,2073211424,1587528174
sz.300275,300275,梅安森,308005068,271461453
sz.300276,300276,三丰智能,1401042990,1059847624
sz.300277,300277,汽轮科技,1516594157,765448286
sz.300278,300278,华昌达,1413886508,1409445180
sz.300279,300279,和晶科技,489099490,487337952
sz.300281,300281,金明精机,418923580,397325912
sz.300283,300283,温州宏丰,496978222,379868489
sz.300284,300284,苏交科,1262827774,1198281717
sz.300285,300285,国瓷材料,997048299,853072983
sz.300286,300286,安科瑞,250784655,207773329
sz.300287,300287,飞利信,1435273808,1322870606
sz.300288,300288,朗玛信息,337941402,257836666
sz.300289,300289,利德曼,544011487,543156487
sz.300290,300290,荣科科技,639732569,639589694
sz.300291,300291,百纳千成,941889651,930758644
sz.300292,300292,吴通控股,1341764974,1117990288
sz.300293,300293,蓝英装备,338438106,338437881
sz.300294,300294,博雅生物,504248738,503681276
sz.300295,300295,*ST三六五,189613714,167679396
sz.300296,300296,利亚德,2711977222,2316239479
sz.300298,300298,三诺生物,556845893,447491535
sz.300299,300299,富春股份,690300085,689454835
sz.300300,300300,海峡创新,666847062,666809600
sz.300301,300301,ST长方,829868769,789876719
sz.300302,300302,同有科技,479263798,371585931
sz.300303,300303,聚飞光电,1416805527,1328646736
sz.300304,300304,云意电气,878143718,852543934
sz.300305,300305,裕兴股份,375400372,321475897
sz.300306,300306,远方信息,268958778,157651136
sz.300307,300307,慈星股份,800553776,787653734
sz.300308,300308,中际旭创,1115234641,1109938428
sz.300310,300310,宜通世纪,881658531,806591852
sz.300311,300311,ST任子行,673630150,537409093
sz.300313,300313,天山生物,239778994,197352789
sz.300314,300314,戴维医疗,288000000,143741448
sz.300315,300315,掌趣科技,2707611003,2707580778
sz.300316,300316,晶盛机电,1309533797,1231555433
sz.300317,300317,珈伟新能,830188405,830038405
sz.300318,300318,博晖创新,816900495,798539484
sz.300319,300319,麦捷科技,887588324,851270220
sz.300320,300320,海达股份,601234191,486538621
sz.300321,300321,同大股份,88800000,88721907
sz.300322,300322,硕贝德,460038153,440430763
sz.300323,300323,华灿光电,1622998797,1244511397
sz.300324,300324,旋极信息,1727590595,1709983348
sz.300326,300326,ST凯利,717012682,716717627
sz.300327,300327,中颖电子,341370172,338810277
sz.300328,300328,宜安科技,690423600,687887569
sz.300329,300329,海伦钢琴,252888780,251967237
sz.300331,300331,苏大维格,259662286,222130218
sz.300332,300332,天壕能源,847688841,812466866
sz.300333,300333,兆日科技,336000000,334780067
sz.300334,300334,津膜科技,302065356,302029761
sz.300335,300335,迪森股份,477012388,384160564
sz.300337,300337,银邦股份,821948677,711412611
sz.300338,300338,*ST开元,402624692,349936742
sz.300339,300339,润和软件,796410841,777686517
sz.300340,300340,科恒股份,275514715,273446176
sz.300341,300341,麦克奥迪,517410336,515808861
sz.300342,300342,天银机电,425035113,420356988
sz.300343,300343,联创股份,1068374879,1065643208
sz.300345,300345,华民股份,580828345,480264595
sz.300346,300346,南大光电,691156903,661995930
sz.300347,300347,泰格医药,737901250,566221236
sz.300348,300348,长亮科技,813970930,730437213
sz.300349,300349,金卡智能,417213313,369737928
sz.300350,300350,华鹏飞,562012279,461829061
sz.300351,300351,永贵电器,388910190,263415735
sz.300352,300352,ST信源,1449824087,1278902395
sz.300353,300353,东土科技,614892881,540560447
sz.300354,300354,东华测试,138320201,83436551
sz.300355,300355,蒙草生态,1604242081,1572051300
sz.300357,300357,我武生物,523584000,484289205
sz.300358,300358,楚天科技,715092580,701300372
sz.300359,300359,全通教育,633333422,633301697
sz.300360,300360,炬华科技,514187126,500308887
sz.300363,300363,博腾股份,543442176,495554276
sz.300364,300364,中文在线,728500118,661085663
sz.300365,300365,恒华科技,599855469,511724617
sz.300366,300366,ST创意,607576150,530502490
sz.300368,300368,汇金股份,528943475,528943475
sz.300369,300369,绿盟科技,810621887,808055928
sz.300370,300370,安控科技,1565376225,1561476109
sz.300371,300371,汇中股份,201217296,139995662
sz.300373,300373,扬杰科技,543347787,542143360
sz.300374,300374,中铁装配,245912337,245883447
sz.300375,300375,鹏翎股份,759738818,528223329
sz.300376,300376,易事特,2328240476,2327402401
sz.300377,300377,赢时胜,751003080,701045832
sz.300378,300378,鼎捷数智,271554187,269512687
sz.300380,300380,安硕信息,138439050,127107535
sz.300381,300381,溢多利,480173861,478453174
sz.300382,300382,斯莱克,648399994,648338222
sz.300383,300383,光环新网,1797592847,1795110701
sz.300384,300384,三联虹普,319007265,220381842
sz.300385,300385,ST雪浪,333145932,301232533
sz.300386,300386,飞天诚信,418044000,257207653
sz.300387,300387,富邦科技,289057018,288956645
sz.300388,300388,节能国祯,681042231,681042231
sz.300389,300389,艾比森,369100317,274518071
sz.300390,300390,天华新能,830750788,709514906
sz.300393,300393,中来股份,1089627358,944024950
sz.300394,300394,天孚通信,1090825093,1088388049
sz.300395,300395,菲利华,525727082,512537400
sz.300396,300396,ST迪瑞,272700161,272304751
sz.300397,300397,天和防务,517636745,408162815
sz.300398,300398,飞凯材料,566946450,564316758
sz.300399,300399,天利科技,197600000,197580725
sz.300400,300400,劲拓股份,242625800,241814300
sz.300401,300401,花园生物,543757743,534971494
sz.300402,300402,宝色股份,246790497,243618497
sz.300403,300403,汉宇集团,603000000,438160813
sz.300404,300404,博济医药,385748938,285515612
sz.300405,300405,科隆股份,284372671,218823359
sz.300406,300406,九强生物,586308628,424322411
sz.300407,300407,凯发电气,346287212,255742476
sz.300408,300408,三环集团,1916497371,1869806217
sz.300409,300409,道氏技术,782248953,696206256
sz.300410,300410,正业科技,367114797,367114797
sz.300411,300411,金盾股份,406520007,309115500
sz.300412,300412,迦南科技,497756637,467861646
sz.300413,300413,芒果超媒,1870720815,1021699958
sz.300414,300414,中光防雷,326019466,315671284
sz.300415,300415,伊之密,468562084,464370274
sz.300416,300416,苏试试验,508547806,505125069
sz.300417,300417,南华仪器,134563200,87714938
sz.300418,300418,昆仑万维,1285034715,1174457697
sz.300419,300419,ST浩丰,367753770,367753770
sz.300420,300420,五洋自控,1116383561,1116278061
sz.300421,300421,力星股份,294030484,233402947
sz.300422,300422,博世科,533880389,516743384
sz.300423,300423,昇辉科技,497511290,333368152
sz.300424,300424,航新科技,248968215,248823333
sz.300425,300425,中建环能,682224853,680738381
sz.300426,300426,华智数媒,450382810,400000000
sz.300427,300427,红相股份,508520298,503004888
sz.300428,300428,立中集团,685581553,603229584
sz.300429,300429,强力新材,549596396,411940460
sz.300430,300430,*ST益通,273046796,259854209
sz.300432,300432,富临精工,1709760242,1692452673
sz.300433,300433,蓝思科技,4977145670,4967189100
sz.300434,300434,金石亚药,401743872,343363236
sz.300435,300435,中泰股份,385713000,368874635
sz.300436,300436,广生堂,159267000,136723469
sz.300437,300437,清水源,245203097,173750597
sz.300438,300438,鹏辉能源,503343360,404164238
sz.300439,300439,美康生物,384318815,292332051
sz.300440,300440,运达科技,439516600,437821565
sz.300441,300441,鲍斯股份,644415868,629169147
sz.300442,300442,润泽科技,1641246613,1636228373
sz.300443,300443,金雷股份,320134598,242106770
sz.300444,300444,双杰电气,804620090,627441699
sz.300445,300445,康斯特,212430013,139554471
sz.300446,300446,航天智造,845410111,373560171
sz.300447,300447,全信股份,312310375,201452815
sz.300448,300448,浩云科技,676517079,639017081
sz.300449,300449,汉邦高科,386035989,386035989
sz.300450,300450,先导智能,1566163034,1559413913
sz.300451,300451,创业慧康,1549124692,1531143411
sz.300452,300452,山河药辅,234456285,198629687
sz.300453,300453,三鑫医疗,522084275,362126706
sz.300454,300454,深信服,431559055,288001438
sz.300455,300455,航天智装,717767936,706714754
sz.300456,300456,赛微电子,732213134,597562760
sz.300457,300457,赢合科技,645179428,634794761
sz.300458,300458,全志科技,993637349,814151465
sz.300459,300459,汤姆猫,3515810939,3285741048
sz.300460,300460,ST惠伦,280804251,268296551
sz.300461,300461,田中精机,157056692,143703257
sz.300462,300462,ST华铭,181221938,138034042
sz.300463,300463,迈克生物,604666624,491598938
sz.300464,300464,星徽股份,467299663,355142675
sz.300465,300465,高伟达,443749357,443749357
sz.300466,300466,赛摩智能,535529908,460540826
sz.300467,300467,迅游科技,203204897,167120200
sz.300468,300468,四方精创,530649275,530001290
sz.300469,300469,信息发展,248238824,248115299
sz.300470,300470,中密控股,207961737,197334685
sz.300471,300471,厚普股份,470158731,374763985
sz.300472,300472,*ST新元,275258621,256748876
sz.300473,300473,德尔股份,172662383,150524988
sz.300474,300474,景嘉微,522619223,406479684
sz.300475,300475,香农芯创,469541767,448497141
sz.300476,300476,胜宏科技,872557313,865194945
sz.300477,300477,ST合纵,1072018687,995451548
sz.300478,300478,杭州高新,126673000,126673000
sz.300479,300479,神思电子,197040865,196928290
sz.300480,300480,光力科技,370222600,270091376
sz.300481,300481,濮阳惠成,291855438,290052280
sz.300482,300482,万孚生物,468088792,430066360
sz.300483,300483,首华燃气,385107740,384531740
sz.300484,300484,蓝海华腾,207163900,171775689
sz.300485,300485,赛升药业,481666400,273864432
sz.300486,300486,东杰智能,477148936,477005527
sz.300487,300487,蓝晓科技,509135722,308019421
sz.300488,300488,恒锋工具,191220797,162247662
sz.300489,300489,光智科技,139157835,137822431
sz.300490,300490,华自科技,398670674,392824460
sz.300491,300491,通合科技,177666749,157600167
sz.300492,300492,华图山鼎,196681058,196681058
sz.300493,300493,润欣科技,512521047,506611297
sz.300494,300494,盛天网络,490510076,398348068
sz.300496,300496,中科创达,461717054,369530900
sz.300497,300497,富祥股份,538648934,456262584
sz.300498,300498,温氏股份,6653929305,5945407220
sz.300499,300499,高澜股份,305248564,271732159
sz.300500,300500,启迪设计,173974869,167597955
sz.300501,300501,海顺新材,278182696,277222819
sz.300502,300502,新易盛,1394256684,1254243156
sz.300503,300503,昊志机电,308226785,241213530
sz.300504,300504,天邑股份,271024580,220221223
sz.300505,300505,川金诺,274867523,217299624
sz.300506,300506,名家汇,1425596569,760996513
sz.300507,300507,苏奥传感,800646907,774991580
sz.300508,300508,维宏股份,108846330,81922133
sz.300509,300509,新美星,296400000,247103523
sz.300510,300510,金冠股份,824690700,824690700
sz.300511,300511,雪榕生物,640847016,569697713
sz.300512,300512,中亚股份,409237375,326330671
sz.300513,300513,恒实科技,313691155,287155781
sz.300514,300514,友讯达,200000000,160258325
sz.300515,300515,三德科技,205754500,202077775
sz.300516,300516,久之洋,252000000,252000000
sz.300517,300517,海波重科,200417450,126232850
sz.300518,300518,新迅达,199411576,199376476
sz.300519,300519,新光药业,160000000,114100000
sz.300520,300520,科大国创,292031018,282219160
sz.300521,300521,爱司凯,149730000,147730000
sz.300522,300522,世名科技,322451507,263695043
sz.300523,300523,辰安科技,232637638,232630438
sz.300525,300525,博思软件,751635578,616639441
sz.300527,300527,ST应急,1016770372,1016770372
sz.300528,300528,幸福蓝海,372608054,372608054
sz.300529,300529,健帆生物,798605275,512402075
sz.300530,300530,领湃科技,171951354,171951354
sz.300531,300531,优博讯,321078965,311608338
sz.300532,300532,今天国际,635640300,604581510
sz.300533,300533,冰川网络,328246758,230971287
sz.300534,300534,陇神戎发,303345000,302059644
sz.300535,300535,达威股份,107019863,81161046
sz.300536,300536,农尚环境,293288133,293266871
sz.300537,300537,广信材料,207806521,151762283
sz.300538,300538,同益股份,181918573,122467173
sz.300539,300539,横河精密,268100662,217888237
sz.300540,300540,蜀道装备,227591830,206727206
sz.300541,300541,先进数通,430044492,388045412
sz.300542,300542,新晨科技,298559899,251951537
sz.300543,300543,朗科智能,306371334,250198808
sz.300545,300545,联得装备,185461376,123383759
sz.300546,300546,雄帝科技,187649691,137965823
sz.300547,300547,川环科技,216906174,178484242
sz.300548,300548,长芯博创,294803603,272207355
sz.300549,300549,优德精密,133340000,102054725
sz.300550,300550,和仁科技,262560141,262300586
sz.300551,300551,古鳌科技,340062839,327325188
sz.300552,300552,万集科技,213133112,137957726
sz.300553,300553,集智股份,111023552,85087717
sz.300554,300554,三超新材,114211577,87874104
sz.300555,300555,ST路通,200000000,198037363
sz.300556,300556,丝路视觉,121565350,108506536
sz.300557,300557,理工光科,157128241,156152391
sz.300558,300558,贝达药业,420733843,419428233
sz.300559,300559,佳发教育,399514567,311136833
sz.300560,300560,中富通,229743622,186964785
sz.300561,300561,汇金科技,328107975,241057574
sz.300562,300562,乐心医疗,218613688,166928283
sz.300563,300563,神宇股份,182138114,130558514
sz.300564,300564,筑博设计,161315200,118075900
sz.300565,300565,科信技术,249704612,228205145
sz.300566,300566,激智科技,262104623,226680431
sz.300567,300567,精测电子,279746032,227048926
sz.300568,300568,星源材质,1345710639,1208559694
sz.300569,300569,天能重工,1022726168,1019647941
sz.300570,300570,太辰光,227126867,192900677
sz.300571,300571,平治信息,139528294,115637175
sz.300572,300572,安车检测,228988812,181277907
sz.300573,300573,兴齐眼药,357322814,274402666
sz.300575,300575,中旗股份,478585450,342734466
sz.300576,300576,容大感光,403688373,261550576
sz.300577,300577,开润股份,239836247,142570241
sz.300578,300578,会畅科技,198269740,198216115
sz.300579,300579,数字认证,270000000,262800019
sz.300580,300580,贝斯特,502322762,472592472
sz.300581,300581,晨曦航空,550109546,550109546
sz.300582,300582,英飞特,298536488,226313141
sz.300583,300583,赛托生物,189702126,186148926
sz.300584,300584,海辰药业,120000000,82131521
sz.300585,300585,奥联电子,171111111,171111111
sz.300586,300586,美联新材,711216645,535331093
sz.300587,300587,天铁科技,1298268797,1052612511
sz.300588,300588,熙菱信息,191471030,176822030
sz.300589,300589,江龙船艇,377667996,222537759
sz.300590,300590,移为通信,462236538,357814593
sz.300591,300591,万里马,405673777,350499727
sz.300592,300592,华凯易佰,404361469,348897424
sz.300593,300593,新雷能,542498469,450262301
sz.300594,300594,ST朗进,91873450,90990625
sz.300595,300595,欧普康视,895289123,668494760
sz.300596,300596,利安隆,229619667,229619667
sz.300597,300597,吉大通信,272570030,271417238
sz.300598,300598,诚迈科技,216981741,216935825
sz.300599,300599,雄塑科技,358131567,317025080
sz.300600,300600,国瑞科技,294234480,294234480
sz.300601,300601,康泰生物,1116930261,900397186
sz.300602,300602,飞荣达,581863431,396770101
sz.300603,300603,立昂技术,464798231,373931454
sz.300604,300604,长川科技,634418614,489478185
sz.300605,300605,恒锋信息,165144125,126382950
sz.300606,300606,金太阳,138347826,118922441
sz.300607,300607,拓斯达,476972412,341728108
sz.300608,300608,思特奇,348029112,304366058
sz.300609,300609,汇纳科技,120114387,119894463
sz.300610,300610,晨化股份,212961480,165577628
sz.300611,300611,美力科技,211074680,148302980
sz.300612,300612,宣亚国际,182985996,182035996
sz.300613,300613,富瀚微,232814481,219609455
sz.300614,300614,百川畅银,160440728,160440728
sz.300615,300615,欣天科技,192989200,153087263
sz.300616,300616,尚品宅配,224515980,155201092
sz.300617,300617,安靠智电,165707664,138872724
sz.300618,300618,寒锐钴业,309697091,272496658
sz.300619,300619,金银河,173999658,146486496
sz.300620,300620,光库科技,249180545,247336042
sz.300621,300621,维业股份,208056700,202529013
sz.300622,300622,博士眼镜,318995824,220796753
sz.300623,300623,捷捷微电,832079919,767658190
sz.300624,300624,万兴科技,193336324,171233216
sz.300625,300625,三雄极光,279331000,161971756
sz.300626,300626,华瑞股份,180000000,179901525
sz.300627,300627,华测导航,792520262,655823956
sz.300628,300628,亿联网络,1266918568,725870889
sz.300629,300629,新劲刚,251423424,216924037
sz.300631,300631,久吾高科,125031424,121605081
sz.300632,300632,光莆股份,305181620,227585633
sz.300633,300633,开立医疗,424837505,260116315
sz.300634,300634,彩讯股份,451210900,434273500
sz.300635,300635,中达安,140014000,120376332
sz.300636,300636,同和药业,419951495,367310277
sz.300637,300637,扬帆新材,234750130,234534869
sz.300638,300638,广和通,764185644,530391685
sz.300639,300639,凯普生物,646500674,630700146
sz.300640,300640,德艺文创,310993427,227746405
sz.300641,300641,正丹股份,525544810,525541210
sz.300642,300642,透景生命,162544041,137705571
sz.300643,300643,万通智控,231253546,230770995
sz.300644,300644,南京聚隆,110679506,88213086
sz.300645,300645,正元智慧,142106515,139320444
sz.300647,300647,超频三,457321024,456642143
sz.300648,300648,星云股份,174281400,135790618
sz.300649,300649,杭州园林,132416609,107107088
sz.300650,300650,太龙股份,241402672,170345341
sz.300651,300651,金陵体育,141209688,103406515
sz.300652,300652,雷迪克,133390572,119476378
sz.300653,300653,正海生物,180000000,180000000
sz.300654,300654,世纪天鸿,366124852,352648284
sz.300655,300655,晶瑞电材,1126625968,1120235757
sz.300656,300656,民德电子,171125072,134950642
sz.300657,300657,弘信电子,482125646,477706438
sz.300658,300658,延江股份,332764105,225514014
sz.300659,300659,中孚信息,260392378,182362010
sz.300660,300660,江苏雷利,581277512,580927889
sz.300661,300661,圣邦股份,622243171,600597745
sz.300662,300662,科锐国际,196806359,196322260
sz.300663,300663,科蓝软件,478452306,460388007
sz.300664,300664,鹏鹞环保,756256332,725179886
sz.300665,300665,飞鹿股份,229540730,218010949
sz.300666,300666,江丰电子,275971083,222565715
sz.300667,300667,必创科技,204636039,177311129
sz.300668,300668,杰恩股份,120381273,99693862
sz.300669,300669,沪宁股份,192705526,182499937
sz.300670,300670,大烨智能,316920479,224694226
sz.300671,300671,富满微,221386460,220784955
sz.300672,300672,国科微,217102452,210337661
sz.300673,300673,佩蒂股份,247305855,160461274
sz.300674,300674,宇信科技,704057060,703221545
sz.300675,300675,建科院,146666700,146666700
sz.300676,300676,华大基因,418317075,416035950
sz.300677,300677,英科医疗,654753263,465612527
sz.300678,300678,中科信息,296386293,292736719
sz.300679,300679,电连技术,424820000,359471763
sz.300680,300680,隆盛科技,294113888,226365608
sz.300681,300681,英搏尔,306055340,230816925
sz.300682,300682,朗新科技,1078235821,1033933617
sz.300683,300683,海特生物,130894391,122199604
sz.300684,300684,中石科技,299509223,204575177
sz.300685,300685,艾德生物,390105169,389571598
sz.300686,300686,智动力,260624220,258907820
sz.300687,300687,赛意信息,408411610,335864039
sz.300688,300688,创业黑马,167379464,148378458
sz.300689,300689,澄天伟业,115600000,101743924
sz.300690,300690,双一科技,165348919,111580258
sz.300691,300691,联合光电,269048766,220738120
sz.300692,300692,中赋科技,562276116,525380560
sz.300693,300693,盛弘股份,312795823,269623603
sz.300694,300694,蠡湖股份,217070376,216807876
sz.300695,300695,兆丰股份,102256924,102256924
sz.300696,300696,爱乐达,294248983,273882402
sz.300697,300697,电工合金,432640000,331240000
sz.300698,300698,万马科技,134000000,120184965
sz.300699,300699,光威复材,831352000,823380299
sz.300700,300700,岱勒新材,397028823,280054073
sz.300701,300701,森霸传感,282735119,250841723
sz.300702,300702,天宇股份,347977159,211146066
sz.300703,300703,创源股份,180391840,169661583
sz.300705,300705,九典制药,500291194,369800707
sz.300706,300706,阿石创,153536299,113830324
sz.300707,300707,威唐工业,176541184,145804195
sz.300708,300708,聚灿光电,938915144,717019253
sz.300709,300709,精研科技,186076681,149283061
sz.300710,300710,万隆光电,99490300,85242090
sz.300711,300711,广哈通信,280433632,248426804
sz.300712,300712,永福股份,187546035,186740010
sz.300713,300713,英可瑞,158720810,89407331
sz.300715,300715,凯伦股份,378055430,319426526
sz.300716,300716,*ST泉为,160020000,160020000
sz.300717,300717,华信新材,102775000,101853400
sz.300718,300718,长盛轴承,298779030,197912471
sz.300719,300719,安达维尔,254227150,179695132
sz.300720,300720,海川智能,194877256,184145221
sz.300721,300721,怡达股份,164846739,138395844
sz.300722,300722,新余国科,276756480,276756480
sz.300723,300723,一品红,451692766,422774820
sz.300724,300724,捷佳伟创,348292006,290370199
sz.300725,300725,药石科技,233807341,202720352
sz.300726,300726,宏达电子,411839845,214438423
sz.300727,300727,润禾材料,180136352,162116327
sz.300729,300729,乐歌股份,341613405,328084465
sz.300730,300730,科创信息,241138947,206755370
sz.300731,300731,科创新源,177284525,168250864
sz.300732,300732,设研院,370560072,370248562
sz.300733,300733,西菱动力,396602338,292419945
sz.300735,300735,光弘科技,809115481,760538820
sz.300736,300736,百邦科技,127934324,124887850
sz.300737,300737,科顺股份,1110256317,887177230
sz.300738,300738,奥飞数据,985203980,984894020
sz.300739,300739,明阳电路,373455157,302975657
sz.300740,300740,水羊股份,392229569,361304137
sz.300741,300741,华宝股份,615880000,615877150
sz.300743,300743,天地数码,151204323,127410896
sz.300745,300745,欣锐科技,168566520,142229048
sz.300746,300746,汉嘉数智,225738328,223545450
sz.300747,300747,锐科激光,561600000,521977770
sz.300748,300748,金力永磁,1140825581,1132653988
sz.300749,300749,顶固集创,205169400,157395225
sz.300750,300750,宁德时代,4408345730,4260072130
sz.300751,300751,迈为股份,278901752,192849155
sz.300752,300752,隆利科技,322869478,223171968
sz.300753,300753,爱朋医疗,126048000,88566453
sz.300755,300755,华致酒行,416798400,416580900
sz.300756,300756,金马游乐,220637446,191995971
sz.300757,300757,罗博特科,167608111,162566797
sz.300758,300758,七彩化学,399115632,359741896
sz.300759,300759,康龙化成,1477305741,1420031954
sz.300760,300760,迈瑞医疗,1212441394,1211308608
sz.300761,300761,立华股份,846337321,646763910
sz.300762,300762,上海瀚讯,627965772,627965772
sz.300763,300763,锦浪科技,398061522,321594732
sz.300765,300765,石药创新,1404592944,1404592944
sz.300766,300766,每日互动,394749757,357908038
sz.300767,300767,震安科技,276291028,239891871
sz.300768,300768,迪普科技,643829039,420667034
sz.300769,300769,德方纳米,280188030,251777674
sz.300770,300770,新媒股份,227838591,227838591
sz.300771,300771,智莱科技,240000000,189077273
sz.300772,300772,运达股份,786847705,697965622
sz.300773,300773,拉卡拉,1087330918,1028610729
sz.300774,300774,倍杰特,408763660,204077476
sz.300775,300775,三角防务,547551471,531641507
sz.300776,300776,帝尔激光,285234456,179312265
sz.300777,300777,中简科技,439707537,430907241
sz.300778,300778,新城市,203659642,203602009
sz.300779,300779,惠城环保,297299226,227163421
sz.300780,300780,德恩精工,146670000,107762272
sz.300781,300781,因赛集团,164175340,121136784
sz.300782,300782,卓胜微,574986986,458565468
sz.300783,300783,三只松鼠,401686400,280282400
sz.300784,300784,利安科技,56237600,16934475
sz.300785,300785,值得买,198855243,130114325
sz.300786,300786,国林科技,184015879,146707519
sz.300787,300787,海能实业,313433020,196532667
sz.300788,300788,中信出版,190151515,190151515
sz.300789,300789,唐源电气,143849057,139579230
sz.300790,300790,宇瞳光学,522794973,459373851
sz.300791,300791,仙乐健康,308691663,257407184
sz.300792,300792,壹网壹创,236942730,213465623
sz.300793,300793,佳禾智能,380546826,372088326
sz.300795,300795,米奥会展,298893870,174192356
sz.300796,300796,贝斯美,361142872,360418057
sz.300797,300797,钢研纳克,382728210,378590374
sz.300798,300798,锦鸡股份,493152189,405703586
sz.300800,300800,力合科技,236759000,234359375
sz.300801,300801,泰和科技,218430000,137446376
sz.300802,300802,矩子科技,284078255,195016799
sz.300803,300803,指南针,615677251,611020606
sz.300804,300804,广康生化,74000000,27500000
sz.300805,300805,电声股份,424442152,300228727
sz.300806,300806,斯迪克,453300503,326826838
sz.300807,300807,天迈科技,68039587,51937671
sz.300808,300808,久量股份,160000000,118899578
sz.300809,300809,华辰装备,253539200,150569504
sz.300810,300810,中科海讯,118050000,114003650
sz.300811,300811,铂科新材,405843480,332785492
sz.300812,300812,易天股份,196107840,177939676
sz.300813,300813,泰林生物,121199219,85126073
sz.300814,300814,中富电路,191430132,191430132
sz.300815,300815,玉禾田,398592000,392159808
sz.300816,300816,艾可蓝,80000000,58365334
sz.300817,300817,双飞集团,218298240,126133578
sz.300818,300818,耐普矿机,219404385,142128922
sz.300819,300819,聚杰微纤,149205000,134762250
sz.300820,300820,英杰电气,222253008,111787638
sz.300821,300821,东岳硅材,1200000000,1199790750
sz.300822,300822,贝仕达克,311536200,288982037
sz.300823,300823,建科智能,130982727,86754167
sz.300824,300824,北鼎股份,326341682,318968151
sz.300825,300825,阿尔特,494880481,484487900
sz.300826,300826,测绘股份,228220029,221565887
sz.300827,300827,上能电气,556691579,361662727
sz.300828,300828,锐新科技,166422000,135106737
sz.300829,300829,金丹科技,227275107,168131831
sz.300830,300830,金现代,451640747,336934772
sz.300831,300831,ST派瑞,320000000,183947660
sz.300832,300832,新产业,785718785,683122288
sz.300833,300833,浩洋股份,126490500,81253477
sz.300834,300834,星辉环材,193712353,191998254
sz.300835,300835,龙磁科技,119247540,83144205
sz.300836,300836,佰奥智能,92685610,63450062
sz.300837,300837,浙矿股份,100006762,75594262
sz.300838,300838,浙江力诺,137978000,101807375
sz.300839,300839,博汇股份,294963575,290011032
sz.300840,300840,酷特智能,240000000,177515335
sz.300841,300841,康华生物,129946899,121575334
sz.300842,300842,帝科股份,145279743,129267440
sz.300843,300843,胜蓝股份,163707689,160499320
sz.300844,300844,山水比德,93210880,90039880
sz.300845,300845,捷安高科,205641100,145348799
sz.300846,300846,首都在线,504276166,415589254
sz.300847,300847,中船汉光,296010000,296010000
sz.300848,300848,美瑞新材,427887627,253122512
sz.300849,300849,锦盛新材,150000000,110269863
sz.300850,300850,新强联,414085835,307586878
sz.300851,300851,交大思诺,86933400,56663527
sz.300852,300852,四会富仕,160521165,154956311
sz.300853,300853,申昊科技,146949100,98314077
sz.300854,300854,中兰环保,140096250,113952335
sz.300855,300855,图南股份,395531500,292956138
sz.300856,300856,科思股份,475687223,459735623
sz.300857,300857,协创数据,489363040,484891668
sz.300858,300858,科拓生物,263495118,195740152
sz.300859,300859,西域旅游,155000000,155000000
sz.300860,300860,锋尚文化,188450723,109416909
sz.300861,300861,美畅股份,671840440,421864890
sz.300862,300862,蓝盾光电,184617902,151922507
sz.300863,300863,卡倍亿,261406192,251120309
sz.300864,300864,南大环境,157910683,157910683
sz.300865,300865,大宏立,95680000,62141275
sz.300866,300866,安克创新,536276362,307583132
sz.300867,300867,圣元环保,271741053,191627822
sz.300868,300868,杰美特,127952000,80758325
sz.300869,300869,康泰医学,401804051,263734916
sz.300870,300870,欧陆通,152643542,152626742
sz.300871,300871,回盛生物,201784357,201784357
sz.300872,300872,天阳科技,488121083,422026693
sz.300873,300873,海晨股份,230596779,167511685
sz.300875,300875,捷强装备,99834751,87791669
sz.300876,300876,蒙泰高新,152037554,113402804
sz.300877,300877,金春股份,120000000,119998500
sz.300878,300878,维康药业,144790322,143901838
sz.300879,300879,大叶股份,202398833,201028448
sz.300880,300880,迦南智能,195137280,195137280
sz.300881,300881,盛德鑫泰,110000000,57406250
sz.300882,300882,万胜智能,286201188,266327030
sz.300883,300883,龙利得,346000000,330674575
sz.300884,300884,狄耐克,253862820,191432358
sz.300885,300885,海昌新材,248151800,167017775
sz.300886,300886,华业香料,75118000,47168350
sz.300887,300887,谱尼测试,545737213,364267514
sz.300888,300888,稳健医疗,582329808,579719832
sz.300889,300889,爱克股份,220227080,148886979
sz.300890,300890,翔丰华,119579984,109298599
sz.300891,300891,惠云钛业,400008347,333474272
sz.300892,300892,品渥食品,100000000,65957492
sz.300893,300893,松原安全,473001266,250921539
sz.300894,300894,火星人,406282881,294079181
sz.300895,300895,铜牛信息,140800657,138611229
sz.300896,300896,爱美客,302592061,221012302
sz.300897,300897,山科智能,195846234,120482173
sz.300898,300898,熊猫乳品,124000000,114743548
sz.300899,300899,上海凯鑫,63783466,43327948
sz.300900,300900,广联航空,327720334,256732459
sz.300901,300901,中胤时尚,240000000,240000000
sz.300902,300902,国安达,181803369,126673838
sz.300903,300903,科翔股份,435386563,319661415
sz.300904,300904,威力传动,72383232,21983232
sz.300905,300905,宝丽迪,179015696,139328039
sz.300906,300906,日月明,80000000,72245525
sz.300907,300907,康平科技,96000000,96000000
sz.300908,300908,仲景食品,146000000,122992524
sz.300909,300909,汇创达,172972979,129139272
sz.300910,300910,瑞丰新材,383042277,268276110
sz.300911,300911,亿田智能,183342593,171343525
sz.300912,300912,凯龙高科,113884800,85949225
sz.300913,300913,兆龙互连,342781120,255783863
sz.300915,300915,海融科技,125839268,57537188
sz.300916,300916,朗特智能,144644007,102681906
sz.300917,300917,特发服务,169000000,169000000
sz.300918,300918,南山智尚,506134427,506134427
sz.300919,300919,中伟新材,938028458,912621619
sz.300920,300920,润阳科技,130000000,86343953
sz.300921,300921,南凌科技,256745441,161905071
sz.300922,300922,天秦装备,160852380,126226109
sz.300923,300923,研奥股份,78600000,77228250
sz.300925,300925,法本信息,428708945,349523469
sz.300926,300926,博俊科技,434326185,297992990
sz.300927,300927,江天化学,144360000,140888930
sz.300928,300928,华安鑫创,80000000,50186575
sz.300929,300929,华骐环保,132132956,125366951
sz.300930,300930,屹通新材,100000000,47125001
sz.300931,300931,通用电梯,243171000,195426403
sz.300932,300932,三友联众,448145597,319191317
sz.300933,300933,中辰股份,547090454,547090454
sz.300935,300935,盈建科,79430680,60273655
sz.300936,300936,中英科技,75200000,47637500
sz.300937,300937,药易购,95666682,64864182
sz.300938,300938,信测标准,340862033,295850104
sz.300939,300939,秋田微,120000000,120000000
sz.300940,300940,南极光,222644372,157481672
sz.300941,300941,创识科技,204750000,126768012
sz.300942,300942,易瑞生物,405077895,405077895
sz.300943,300943,春晖智控,203820000,134340287
sz.300945,300945,曼卡龙,262071629,238707397
sz.300946,300946,恒而达,156007800,75798975
sz.300947,300947,德必集团,151137696,151080544
sz.300948,300948,冠中生态,164357897,155133460
sz.300949,300949,奥雅股份,87000000,49736542
sz.300950,300950,德固特,153644000,97636775
sz.300951,300951,博硕科技,169400597,151390417
sz.300952,300952,恒辉安防,241621504,148578225
sz.300953,300953,震裕科技,243538648,175019289
sz.300955,300955,嘉亨家化,100800000,100800000
sz.300956,300956,英力股份,215427660,210452395
sz.300957,300957,贝泰妮,423600000,423600000
sz.300958,300958,建工修复,156736579,91049427
sz.300959,300959,线上线下,80367800,59338113
sz.300960,300960,通业科技,144444265,130878265
sz.300961,300961,深水海纳,177280000,153106301
sz.300962,300962,中金辐照,264001897,264001897
sz.300963,300963,中洲特材,458640000,340594581
sz.300964,300964,本川智能,106859597,78608217
sz.300965,300965,恒宇信通,60000000,54993750
sz.300966,300966,共同药业,115281113,76666669
sz.300967,300967,晓鸣股份,187574885,124796666
sz.300968,300968,格林精密,413380000,413380000
sz.300969,300969,恒帅股份,164119856,143114482
sz.300970,300970,华绿生物,158687850,122480613
sz.300971,300971,博亚精工,117600000,92252757
sz.300972,300972,万辰集团,197333568,180717761
sz.300973,300973,立高食品,169340646,118563764
sz.300975,300975,商络电子,687005604,494525864
sz.300976,300976,达瑞电子,187131945,120365883
sz.300977,300977,深圳瑞捷,152226727,94801933
sz.300978,300978,东箭科技,422702739,287089219
sz.300979,300979,华利集团,1167000000,1166992350
sz.300980,300980,祥源新材,138065198,100008698
sz.300981,300981,中红医疗,428864959,392997379
sz.300982,300982,苏文电能,206965146,193897146
sz.300983,300983,尤安设计,172800000,152810238
sz.300984,300984,金沃股份,137466196,88592498
sz.300985,300985,致远新能,186512480,186512480
sz.300986,300986,志特新材,411973975,411684069
sz.300987,300987,川网传媒,173368000,173368000
sz.300988,300988,津荣天宇,196958099,162101585
sz.300989,300989,蕾奥规划,210959534,162948517
sz.300990,300990,同飞股份,171216590,82850071
sz.300991,300991,创益通,144000000,105106500
sz.300992,300992,泰福泵业,95348518,77988018
sz.300993,300993,玉马科技,308131200,242507317
sz.300994,300994,久祺股份,233088000,118412160
sz.300995,300995,奇德新材,92110949,60729742
sz.300996,300996,普联软件,395790802,333142304
sz.300997,300997,欢乐家,434973475,394591347
sz.300998,300998,宁波方正,137169230,107680580
sz.300999,300999,金龙鱼,5421591536,542647097
sz.301000,301000,肇民科技,243220636,229612636
sz.301001,301001,凯淳股份,80000000,49041700
sz.301002,301002,崧盛股份,134936678,87795395
sz.301003,301003,江苏博云,97133323,75140129
sz.301004,301004,嘉益股份,145806262,136107375
sz.301005,301005,超捷股份,187965415,184136101
sz.301006,301006,迈拓股份,139280000,86236250
sz.301007,301007,德迈仕,153340000,151325125
sz.301008,301008,宏昌科技,130963234,115640734
sz.301009,301009,可靠股份,271860000,151035028
sz.301010,301010,晶雪节能,108000000,108000000
sz.301011,301011,华立科技,154457126,146696876
sz.301012,301012,扬电科技,196960162,196951237
sz.301013,301013,利和兴,233743056,189241638
sz.301015,301015,百洋医药,525624077,525556577
sz.301016,301016,雷尔伟,305760000,293174942
sz.301017,301017,漱玉平民,405607125,258695100
sz.301018,301018,申菱环境,374281339,282822899
sz.301019,301019,宁波色母,164963391,120955548
sz.301020,301020,密封科技,146400000,146400000
sz.301021,301021,英诺激光,152869941,152687298
sz.301022,301022,海泰科,99484126,66986286
sz.301023,301023,奕帆传动,93320640,66750211
sz.301024,301024,霍普股份,63585000,61560000
sz.301025,301025,读客文化,400309400,277150740
sz.301026,301026,浩通科技,221583581,160032800
sz.301027,301027,华蓝集团,147000000,126470678
sz.301028,301028,鼎熔岩,384049688,248324327
sz.301029,301029,怡合达,634202712,451278808
sz.301030,301030,*ST仕净,202383330,202105710
sz.301031,301031,中熔电气,146154353,114898741
sz.301032,301032,新柴股份,241133400,163636800
sz.301033,301033,迈普医学,67049620,56353660
sz.301035,301035,润丰股份,364505266,363809151
sz.301036,301036,双乐股份,100000000,69679408
sz.301037,301037,保立佳,139031686,67986573
sz.301038,301038,深水规院,223080000,223080000
sz.301039,301039,中集车辆,1453680000,1446957375
sz.301040,301040,中环海陆,100001102,94364196
sz.301041,301041,金百泽,106680000,79002839
sz.301042,301042,安联锐视,96777154,92251024
sz.301043,301043,绿岛风,68000000,56747750
sz.301045,301045,天禄科技,110318358,90702827
sz.301046,301046,能辉科技,168587530,130195030
sz.301047,301047,义翘神州,121636742,119580621
sz.301048,301048,金鹰重工,533333400,533333400
sz.301049,301049,超越科技,94253334,35969429
sz.301050,301050,雷电微力,247579192,210489977
sz.301051,301051,信濠光电,284260838,225837116
sz.301052,301052,果麦文化,98959339,80239794
sz.301053,301053,远信工业,131885317,123223644
sz.301055,301055,张小泉,156000000,152667676
sz.301056,301056,森赫股份,266786667,175995830
sz.301057,301057,汇隆新材,116969438,82561613
sz.301058,301058,中粮科工,512274245,512274245
sz.301059,301059,金三江,231154000,206544574
sz.301060,301060,兰卫医学,400517000,360166407
sz.301061,301061,匠心家居,284397621,188839656
sz.301062,301062,上海艾录,433292145,275251242
sz.301063,301063,海锅股份,104360724,96647303
sz.301065,301065,本立科技,106020000,86287500
sz.301066,301066,万事利,234923111,233116669
sz.301067,301067,显盈科技,97236000,66016650
sz.301068,301068,大地海洋,141315742,100321525
sz.301069,301069,凯盛新材,453174229,426774229
sz.301070,301070,开勒股份,126174336,84813870
sz.301071,301071,力量钻石,260272313,192871117
sz.301072,301072,中捷精工,105045985,67922173
sz.301073,301073,君亭酒店,194451046,178179500
sz.301075,301075,多瑞医药,80000000,56600000
sz.301076,301076,新瀚新材,228169435,152357918
sz.301077,301077,星华新材,170078941,95402628
sz.301078,301078,孩子王,1264644576,1263257621
sz.301079,301079,邵阳液压,108932234,76933412
sz.301080,301080,百普赛斯,167177695,126335993
sz.301081,301081,严牌股份,233713485,224484765
sz.301082,301082,久盛电气,294201926,272707852
sz.301083,301083,百胜智能,177866667,86943917
sz.301085,301085,亚康股份,86775675,59724125
sz.301086,301086,鸿富瀚,125864200,69760863
sz.301087,301087,可孚医疗,208897000,193991270
sz.301088,301088,戎美股份,227900000,188000000
sz.301089,301089,拓新药业,126544500,89649313
sz.301090,301090,华润材料,1472461426,1470925796
sz.301091,301091,深城交,527280000,527280000
sz.301092,301092,争光股份,134535284,60983684
sz.301093,301093,华兰股份,164201624,156780581
sz.301095,301095,广立微,200281088,174504035
sz.301096,301096,百诚医药,109228284,83114607
sz.301097,301097,天益医疗,81609393,39590371
sz.301098,301098,金埔园林,223451721,192986721
sz.301099,301099,雅创电子,146665777,89780377
sz.301100,301100,风光股份,201227000,88415225
sz.301101,301101,明月镜片,201512100,194882625
sz.301102,301102,兆讯传媒,406000000,406000000
sz.301103,301103,何氏眼科,158026471,121633616
sz.301105,301105,鸿铭股份,50000000,16437497
sz.301106,301106,骏成科技,142960769,98243757
sz.301107,301107,瑜欣电子,142188788,82210730
sz.301108,301108,洁雅股份,112556252,64832715
sz.301109,301109,军信股份,789100842,232025292
sz.301110,301110,青木科技,129549466,91118521
sz.301111,301111,粤万年青,160000000,159999025
sz.301112,301112,信邦智能,110266600,110266600
sz.301113,301113,雅艺科技,118300000,71664211
sz.301115,301115,联检科技,183524850,154766714
sz.301116,301116,益客食品,448979593,448977343
sz.301117,301117,佳缘科技,180836068,115854985
sz.301118,301118,恒光股份,110196400,105933357
sz.301119,301119,正强股份,145600000,117754000
sz.301120,301120,新特电气,373125855,225760410
sz.301121,301121,紫建电子,98826057,51729054
sz.301122,301122,采纳股份,122245658,75639533
sz.301123,301123,奕东电子,234640000,165041636
sz.301125,301125,腾亚精工,198315008,175779908
sz.301126,301126,达嘉维康,205403200,139521419
sz.301127,301127,武汉天源,674075137,654422243
sz.301128,301128,强瑞技术,144817778,127389383
sz.301129,301129,瑞纳智能,135897400,66282500
sz.301130,301130,西点药业,76494685,59017360
sz.301131,301131,聚赛龙,54662433,39154877
sz.301132,301132,满坤科技,148086249,94740742
sz.301133,301133,金钟股份,121466624,111135969
sz.301135,301135,瑞德智能,129788866,100776666
sz.301136,301136,招标股份,275204820,274974195
sz.301137,301137,哈焊华通,181813400,181813300
sz.301138,301138,华研精机,120000000,68560140
sz.301139,301139,*ST元道,121580800,76156148
sz.301141,301141,中科磁业,124032605,44512605
sz.301148,301148,嘉戎技术,116497080,58869630
sz.301149,301149,隆华新材,430000018,261623664
sz.301150,301150,中一科技,323903897,303839006
sz.301151,301151,冠龙节能,169004100,168780533
sz.301152,301152,天力锂能,118740007,71083757
sz.301153,301153,中科江南,355664520,331752348
sz.301155,301155,海力风电,217391478,124537946
sz.301156,301156,美农生物,183020077,117205665
sz.301157,301157,华塑科技,60000000,20657805
sz.301158,301158,德石股份,195015163,190154264
sz.301159,301159,三维天地,77350000,53014976
sz.301160,301160,翔楼新材,164655936,110777193
sz.301161,301161,唯万密封,120000000,77197575
sz.301162,301162,国能日新,186675366,121167213
sz.301163,301163,宏德股份,81600000,54725639
sz.301165,301165,锐捷网络,1113636363,1113636363
sz.301166,301166,优宁维,86168468,56420468
sz.301167,301167,建研设计,112000000,105807244
sz.301168,301168,通灵股份,120000000,94538256
sz.301169,301169,零点有数,72040536,72009036
sz.301170,301170,锡南科技,100000000,33575425
sz.301171,301171,易点天下,618520992,501884661
sz.301172,301172,君逸数码,172480000,99651215
sz.301173,301173,毓恬冠佳,87834772,30828659
sz.301175,301175,中科环保,1471880000,621880000
sz.301176,301176,逸豪新材,169066667,164053609
sz.301177,301177,迪阿股份,400274550,400010000
sz.301178,301178,天亿马,93104264,68687622
sz.301179,301179,泽宇智能,404407569,237475029
sz.301180,301180,万祥科技,400010000,164138002
sz.301181,301181,标榜股份,150203264,117235589
sz.301182,301182,凯旺科技,95821700,87384200
sz.301183,301183,东田微,80076350,58699578
sz.301185,301185,鸥玛软件,153417600,140470363
sz.301186,301186,超达装备,114743504,107883093
sz.301187,301187,欧圣电气,254933525,254932700
sz.301188,301188,力诺药包,267536615,267535578
sz.301189,301189,奥尼电子,163639931,157942327
sz.301190,301190,善水科技,214636500,181854000
sz.301191,301191,菲菱科思,96897080,73057734
sz.301192,301192,泰祥股份,101242000,50385603
sz.301193,301193,家联科技,240881531,184181409
sz.301195,301195,北路智控,132069840,87689828
sz.301196,301196,唯科科技,164213422,107795696
sz.301197,301197,工大科雅,120540000,108749250
sz.301198,301198,喜悦智行,169000000,162277180
sz.301199,301199,迈赫股份,186676000,179675875
sz.301200,301200,大族数控,430988241,425238073
sz.301201,301201,诚达药业,154713824,108544304
sz.301202,301202,朗威股份,136400000,38147500
sz.301203,301203,国泰环保,80000000,43767500
sz.301205,301205,联特科技,130084500,83688960
sz.301206,301206,三元生物,202325700,130283123
sz.301207,301207,华兰疫苗,601027500,600637988
sz.301208,301208,中亦科技,120000060,67420860
sz.301209,301209,联合化学,156800000,133956200
sz.301210,301210,金杨精密,160460067,60849485
sz.301211,301211,亨迪药业,417600000,417596400
sz.301212,301212,联盛化学,108000000,93750000
sz.301213,301213,观想科技,111999998,72395468
sz.301215,301215,中汽股份,1323900000,1322400000
sz.301216,301216,万凯新材,580198873,548332490
sz.301217,301217,铜冠铜箔,829015544,829015544
sz.301218,301218,华是科技,114040000,71703161
sz.301219,301219,腾远钴业,382831347,273240145
sz.301220,301220,亚香股份,112770840,77886007
sz.301221,301221,光庭信息,131400280,89340796
sz.301222,301222,浙江恒威,140338240,106600148
sz.301223,301223,中荣股份,193127560,193127560
sz.301225,301225,恒勃股份,103380000,31872000
sz.301226,301226,祥明智能,108800000,108800000
sz.301227,301227,森鹰窗业,131458937,73908437
sz.301228,301228,实朴检测,120000000,119601900
sz.301229,301229,纽泰格,181780501,129280641
sz.301230,301230,泓博医药,139586605,125609830
sz.301231,301231,荣信文化,84400000,65431000
sz.301232,301232,飞沃科技,105130325,62437211
sz.301233,301233,盛帮股份,71766800,39376138
sz.301234,301234,五洲医疗,68000000,40318026
sz.301235,301235,华康洁净,107777810,72746068
sz.301236,301236,软通动力,1035189280,785709254
sz.301237,301237,和顺科技,80000000,58250000
sz.301238,301238,瑞泰新材,733333300,733333300
sz.301239,301239,普瑞眼科,149619048,142044048
sz.301246,301246,宏源药业,400006800,173016150
sz.301248,301248,杰创智能,153705000,112328700
sz.301251,301251,威尔高,188564086,75589728
sz.301252,301252,同星科技,169225440,135708690
sz.301255,301255,通力科技,152320000,38080000
sz.301256,301256,华融化学,480000000,479984925
sz.301257,301257,普蕊斯,79004770,75306185
sz.301258,301258,富士莱,91670000,91136000
sz.301259,301259,艾布鲁,226200000,145059397
sz.301260,301260,格力博,483592184,205488855
sz.301261,301261,恒工精密,87890196,37524571
sz.301262,301262,海看股份,417000000,122075392
sz.301263,301263,泰恩康,510597000,364303266
sz.301265,301265,华新科技,302973182,244217012
sz.301266,301266,宇邦新材,142974465,135632383
sz.301267,301267,华厦眼科,840000000,648444383
sz.301268,301268,铭利达,400396984,362083714
sz.301269,301269,华大九天,545437608,545435308
sz.301270,301270,汉仪股份,100000000,94492844
sz.301272,301272,英华特,58502300,31415707
sz.301273,301273,瑞晨环保,100298508,76980633
sz.301275,301275,汉朔科技,422400000,300859233
sz.301276,301276,嘉曼服饰,129600000,72267609
sz.301277,301277,新天地,392078400,392078400
sz.301278,301278,快可电子,89708143,54086008
sz.301279,301279,金道科技,168524738,130499738
sz.301280,301280,珠城科技,191492196,57281196
sz.301281,301281,科源制药,108290000,70952000
sz.301282,301282,金禄电子,210933875,176577875
sz.301283,301283,聚胶股份,116222756,91364952
sz.301285,301285,鸿日达,206670000,131235568
sz.301286,301286,侨源股份,400100000,161295898
sz.301287,301287,康力源,66670000,17031350
sz.301288,301288,清研环境,108010000,78109621
sz.301289,301289,国缆检测,78000000,77500900
sz.301290,301290,东星医疗,100173334,79578534
sz.301291,301291,明阳电气,314540278,166309433
sz.301292,301292,海科新源,222795778,85189157
sz.301293,301293,三博脑科,205986987,172206016
sz.301295,301295,美硕科技,100800000,29400000
sz.301296,301296,新巨丰,427121514,427111764
sz.301297,301297,富乐德,746239828,364882491
sz.301298,301298,东利机械,146800000,108204492
sz.301299,301299,卓创资讯,60662620,45859658
sz.301300,301300,远翔新材,65429000,39074763
sz.301301,301301,川宁生物,2230085000,617774107
sz.301302,301302,华如科技,155865000,138990000
sz.301303,301303,真兰仪表,408800000,102111650
sz.301305,301305,朗坤科技,241960804,124351554
sz.301306,301306,西测测试,84400000,58262500
sz.301307,301307,美利信,210600000,109216865
sz.301308,301308,江波龙,423061007,281851892
sz.301309,301309,万得凯,100534400,60608900
sz.301310,301310,鑫宏业,190958816,97539924
sz.301311,301311,昆船智能,240000000,240000000
sz.301312,301312,智立方,168520408,84773870
sz.301313,301313,凡拓数创,103453400,78711515
sz.301314,301314,科瑞思,55250000,18257363
sz.301315,301315,威士顿,88000000,80800000
sz.301316,301316,慧博云通,404000000,391247377
sz.301317,301317,鑫磊股份,157190000,52196733
sz.301318,301318,维海德,135298885,93180195
sz.301319,301319,唯特偶,182372650,137435082
sz.301320,301320,豪江智能,182010000,114209175
sz.301321,301321,翰博高新,186435000,147615864
sz.301322,301322,绿通科技,142655878,96212680
sz.301323,301323,新莱福,105588690,67567213
sz.301325,301325,曼恩斯特,143892660,143892660
sz.301326,301326,捷邦科技,72709728,72074838
sz.301327,301327,华宝新能,174381356,142773075
sz.301328,301328,维峰电子,159345711,115164065
sz.301329,301329,信音电子,170200000,59944000
sz.301330,301330,熵基科技,235351550,194306671
sz.301331,301331,恩威医药,102891887,102590978
sz.301332,301332,德尔玛,461562500,264840240
sz.301333,301333,诺思格,96581256,96458474
sz.301335,301335,天元宠物,126902800,87495347
sz.301336,301336,趣睡科技,51904540,40165926
sz.301337,301337,亚华电子,104200000,101933800
sz.301338,301338,凯格精机,148960000,108535000
sz.301339,301339,通行宝,580333320,569800000
sz.301345,301345,涛涛车业,109049071,35029121
sz.301348,301348,蓝箭电子,240000000,155666020
sz.301349,301349,信德新材,142498480,86673587
sz.301353,301353,普莱得,127016873,40826873
sz.301355,301355,南王科技,195097928,141562928
sz.301356,301356,天振股份,216000000,126172440
sz.301357,301357,北方长龙,95200000,62177500
sz.301358,301358,湖南裕能,843340214,759938131
sz.301359,301359,东南电子,120176000,68401312
sz.301360,301360,荣旗科技,69785560,34054508
sz.301361,301361,众智科技,116336000,56336000
sz.301362,301362,民爆光电,145944676,40944676
sz.301363,301363,美好医疗,795966832,522030341
sz.301365,301365,矩阵股份,182428801,123122890
sz.301366,301366,一博科技,209536201,116996360
sz.301367,301367,瑞迈特,125284355,96094563
sz.301368,301368,丰立智能,120100000,118860295
sz.301369,301369,联动科技,102307779,54849241
sz.301370,301370,国科恒泰,470600000,323748561
sz.301371,301371,敷尔佳,520104000,77854400
sz.301372,301372,科净源,68571430,41170445
sz.301373,301373,凌玮科技,108472091,41008098
sz.301376,301376,致欧科技,402468975,193642874
sz.301377,301377,鼎泰高科,411412934,98860934
sz.301378,301378,通达海,96600000,46019531
sz.301379,301379,天山电子,276487961,217685945
sz.301380,301380,挖金客,101392433,82351243
sz.301381,301381,赛维时代,406484938,198305938
sz.301382,301382,蜂助手,285593903,236359197
sz.301383,301383,天键股份,163363200,70613810
sz.301386,301386,未来电器,140000000,45000000
sz.301387,301387,光大同创,106747204,42684324
sz.301388,301388,欣灵电气,102447600,72662562
sz.301389,301389,隆扬电子,283500000,283500000
sz.301390,301390,经纬股份,60000000,49056180
sz.301391,301391,卡莱特,95014811,92835771
sz.301392,301392,汇成真空,100000000,40795911
sz.301393,301393,昊帆生物,108000000,42104700
sz.301395,301395,仁信新材,242850438,129350688
sz.301396,301396,宏景科技,214924565,141506795
sz.301397,301397,溯联股份,155662898,71022219
sz.301398,301398,星源卓镁,112001149,109181899
sz.301399,301399,英特科技,185020000,54683586
sz.301408,301408,华人健康,400010000,228959030
sz.301413,301413,安培龙,127922580,76374862
sz.301418,301418,协昌科技,73333334,29436334
sz.301419,301419,阿莱德,150000000,112103250
sz.301421,301421,波长光电,115718000,46308485
sz.301428,301428,世纪恒通,98666667,70564055
sz.301429,301429,森泰股份,118220000,44020861
sz.301439,301439,泓淋电力,389101809,183245424
sz.301446,301446,福事特,104000000,31772000
sz.301448,301448,开创电气,104600000,48282500
sz.301449,301449,天溯计量,91304348,20543479
sz.301456,301456,盘古智能,152089325,62010338
sz.301458,301458,钧崴电子,266666700,117481987
sz.301459,301459,丰茂股份,104121820,26098991
sz.301468,301468,博盈特焊,169148040,97503388
sz.301469,301469,恒达新材,89480000,46058685
sz.301479,301479,弘景光电,124551466,71300912
sz.301486,301486,致尚科技,128680995,72492755
sz.301487,301487,盟固利,459616438,272794004
sz.301488,301488,豪恩汽电,101412698,23412891
sz.301489,301489,思泉新材,113055413,69580767
sz.301491,301491,汉桑科技,129000000,28583450
sz.301498,301498,乖宝宠物,400472840,179342634
sz.301499,301499,维科精密,138254866,34563717
sz.301500,301500,飞南资源,561952003,144050668
sz.301501,301501,恒鑫生活,147900000,43500000
sz.301502,301502,华阳智能,57083500,23670775
sz.301503,301503,智迪科技,80000000,32480000
sz.301505,301505,苏州规划,114399991,78667012
sz.301507,301507,民生健康,356554330,110186858
sz.301508,301508,中机认检,226085200,58836400
sz.301509,301509,金凯生科,120446669,56740928
sz.301510,301510,固高科技,400010000,279159260
sz.301511,301511,德福科技,630322000,374557626
sz.301512,301512,智信精密,53333400,25000900
sz.301513,301513,尚水智能,100000000,20148989
sz.301515,301515,港通医疗,100000000,65570550
sz.301516,301516,中远通,280701755,70175439
sz.301517,301517,陕西华达,151237380,97544580
sz.301518,301518,长华化学,145469515,53448228
sz.301519,301519,舜禹股份,161642879,75592879
sz.301520,301520,万邦医药,93171373,32698443
sz.301522,301522,上大股份,371866667,276781667
sz.301525,301525,儒竞科技,132036475,69161676
sz.301526,301526,国际复材,3770878048,1404392923
sz.301528,301528,多浦乐,61900000,31900919
sz.301529,301529,福赛科技,118423784,63566674
sz.301531,301531,春光集团,219733340,46883653
sz.301533,301533,威马农机,98306700,28549200
sz.301535,301535,浙江华远,425294118,169796118
sz.301536,301536,星宸科技,421715232,187193262
sz.301538,301538,骏鼎达,109760000,43707539
sz.301539,301539,宏鑫科技,148000000,77973524
sz.301548,301548,崇德科技,87000000,29191848
sz.301550,301550,斯菱智驱,335348750,205218368
sz.301551,301551,无线传媒,400010000,154553720
sz.301552,301552,科力装备,123760000,30940000
sz.301555,301555,惠柏新材,92266700,48347250
sz.301556,301556,托普云农,85280000,29480000
sz.301557,301557,常友科技,62031019,24870977
sz.301558,301558,三态股份,788851223,219481852
sz.301559,301559,中集环科,600000000,90000000
sz.301560,301560,众捷汽车,121600000,58432000
sz.301563,301563,云汉芯城,84650928,19135696
sz.301565,301565,中仑新材,400010000,128010000
sz.301566,301566,达利凯普,400010000,215909842
sz.301567,301567,贝隆精密,72000000,21240000
sz.301568,301568,思泰克,103258400,47778000
sz.301571,301571,国科天成,179425908,119163165
sz.301575,301575,艾芬达,121338000,24371950
sz.301577,301577,美信科技,45029500,18841155
sz.301578,301578,辰奕智能,105931008,30120870
sz.301580,301580,爱迪特,149190351,100823788
sz.301581,301581,黄山谷捷,80000000,42294500
sz.301584,301584,建发致新,421288509,53714285
sz.301585,301585,蓝宇股份,104000000,68111886
sz.301586,301586,佳力奇,82975503,52911070
sz.301587,301587,中瑞股份,147328040,73452665
sz.301588,301588,美新科技,118867754,73359183
sz.301589,301589,诺瓦星云,92448000,34464960
sz.301590,301590,优优绿能,42053128,17409000
sz.301591,301591,肯特股份,109356000,44694748
sz.301592,301592,六九一二,70000000,23358424
sz.301595,301595,太力科技,108280000,40832500
sz.301596,301596,瑞迪智驱,108031420,43843258
sz.301598,301598,博科测试,58897223,18029098
sz.301599,301599,理奇智能,431600000,54700536
sz.301600,301600,慧翰股份,104523500,32258500
sz.301601,301601,惠通科技,140480000,73680000
sz.301602,301602,超研股份,428329638,208499391
sz.301603,301603,乔锋智能,120760000,37732350
sz.301606,301606,绿联科技,414909806,164998797
sz.301607,301607,富特科技,234128729,151791278
sz.301608,301608,博实结,132595100,59506354
sz.301609,301609,山大电力,162880000,36648000
sz.301611,301611,珂玛科技,436000000,146580738
sz.301613,301613,新铝时代,143841247,83901247
sz.301616,301616,浙江华业,80000000,28401791
sz.301617,301617,博苑新材,173732000,68952000
sz.301618,301618,长联科技,126302204,48151411
sz.301622,301622,英思特,115931880,64659396
sz.301626,301626,苏州天脉,115680000,52618998
sz.301628,301628,强达电路,75375800,29062800
sz.301629,301629,矽电股份,41727274,19196154
sz.301630,301630,同宇新材,40000000,10000000
sz.301631,301631,壹连科技,127980412,43594438
sz.301632,301632,广东建科,418560000,73262000
sz.301633,301633,港迪技术,55680000,25680000
sz.301636,301636,泽润新能,64694123,37781423
sz.301638,301638,南网数字,3179650230,250234005
sz.301656,301656,联合动力,2404790910,203631517
sz.301658,301658,首航新能,412371135,97416681
sz.301662,301662,宏工科技,116000000,44592018
sz.301665,301665,泰禾股份,450000000,104170000
sz.301666,301666,大普微-UW,436216360,26516343
sz.301667,301667,纳百川,111669600,23729790
sz.301668,301668,昊创瑞通,110000000,24328573
sz.301669,301669,高特电子,480000000,81887545
sz.301678,301678,新恒汇,239555467,138970967
sz.301680,301680,固德电材,82800000,16802480
sz.301682,301682,宏明电子,121549358,25686821
sz.301683,301683,慧谷新材,63116400,14265650
sz.301687,301687,新广益,146864000,29535325
sz.301696,301696,三瑞智能,400010000,30083354
sz.302132,302132,中航成飞,2672091376,586069499
bj.920000,920000,安徽凤凰,91680000,57593925
bj.920001,920001,纬达光电,153656204,88691020
bj.920002,920002,万达轴承,63704155,44597153
bj.920003,920003,中诚咨询,64714286,13904586
bj.920005,920005,鼎佳精密,83000000,21500000
bj.920006,920006,晟楠科技,90287200,47797112
bj.920007,920007,酉立智能,44532450,10642850
bj.920008,920008,成电光信,63750000,34068693
bj.920009,920009,丹娜生物,77546000,10080000
bj.920010,920010,凯添燃气,234500000,173497853
bj.920011,920011,晨光电机,82666667,18600001
bj.920012,920012,创达新材,49317380,19297510
bj.920014,920014,特瑞斯,121856743,67047298
bj.920015,920015,锦华新材,135566667,40012440
bj.920016,920016,中草香料,76981929,34237218
bj.920017,920017,星昊医药,123892517,122569917
bj.920018,920018,宏远股份,165528433,57490940
bj.920019,920019,铜冠矿建,210266700,167535666
bj.920020,920020,泰凯英,224945000,55600901
bj.920021,920021,流金科技,308999983,247554673
bj.920022,920022,世昌股份,60321000,16615000
bj.920023,920023,*ST田野,327304000,268808530
bj.920026,920026,卓兆点胶,114908144,86622137
bj.920027,920027,交大铁发,102964550,54864550
bj.920028,920028,新恒泰,164360000,64959600
bj.920029,920029,开发科技,206941133,201364808
bj.920030,920030,德众汽车,178839681,112076478
bj.920033,920033,康普化学,119135250,82832255
bj.920035,920035,精创电气,69420000,15736800
bj.920036,920036,觅睿科技,54421827,13061277
bj.920037,920037,广信科技,128048071,41390031
bj.920039,920039,国义招标,153820000,153819900
bj.920045,920045,蘅东光,68071548,20127535
bj.920046,920046,亿能电力,101150000,55927037
bj.920047,920047,诺思兰德,274271974,180106427
bj.920050,920050,爱舍伦,67679334,18102651
bj.920055,920055,隆源股份,68000000,15300000
bj.920056,920056,能之光,81691700,30843881
bj.920057,920057,百甲科技,181263297,116532345
bj.920058,920058,华洋赛车,56056110,27594388
bj.920060,920060,万源通,152044663,94824272
bj.920061,920061,西磁科技,70790000,39364400
bj.920062,920062,科润智控,188706277,132863980
bj.920066,920066,科拜尔,62853326,19873326
bj.920068,920068,天工股份,655600015,173682539
bj.920069,920069,普昂医疗,52914000,14759941
bj.920075,920075,柏星龙,64815000,34878864
bj.920076,920076,国亮新材,117088287,36831935
bj.920077,920077,吉林碳谷,587681817,303353470
bj.920078,920078,族兴新材,120000000,20700000
bj.920080,920080,奥美森,83000000,22975701
bj.920082,920082,方正阀门,203497000,55393818
bj.920083,920083,金戈新材,89269474,20089392
bj.920086,920086,科马材料,83680000,26744500
bj.920087,920087,秋乐种业,165200000,164046125
bj.920088,920088,科力股份,88071500,32350434
bj.920089,920089,禾昌聚合,195868400,111561776
bj.920090,920090,*ST同辉,199333546,134912672
bj.920091,920091,大鹏工业,61465200,14500200
bj.920092,920092,汉鑫科技,62079700,32336387
bj.920096,920096,嘉晨智能,69000000,16200000
bj.920098,920098,科隆新材,81320369,55375664
bj.920099,920099,瑞华技术,94079997,58179256
bj.920100,920100,三协电机,103333020,27398193
bj.920101,920101,志高机械,124807443,38945954
bj.920106,920106,林泰新材,56593500,43661878
bj.920108,920108,宏海科技,172200000,72967650
bj.920110,920110,雷特科技,39000000,16239000
bj.920111,920111,聚星科技,155154500,75288125
bj.920112,920112,DR巴兰仕,118790000,34849755
bj.920116,920116,星图测控,223685000,223685000
bj.920118,920118,太湖远大,51711000,31339100
bj.920119,920119,美德乐,100972573,26567473
bj.920121,920121,江天科技,66068183,11892274
bj.920122,920122,中纺标,92242108,37375138
bj.920123,920123,芭薇股份,111540000,63632896
bj.920124,920124,南特科技,148733315,76581409
bj.920125,920125,鸿仕达,56160000,16481539
bj.920126,920126,永大股份,186080000,44668000
bj.920128,920128,胜业电气,81190000,24300000
bj.920130,920130,立方控股,92243236,57295119
bj.920132,920132,泰鹏智能,82824000,28123225
bj.920139,920139,华岭股份,269507392,260330789
bj.920145,920145,恒合股份,70550000,48832250
bj.920146,920146,华阳变速,134990443,108593142
bj.920149,920149,旭杰科技,76483180,63267003
bj.920152,920152,昆工科技,111341700,82101933
bj.920156,920156,海昌智能,104120000,21708000
bj.920158,920158,长江能科,199612000,53395160
bj.920159,920159,农大科技,76000000,14400000
bj.920160,920160,北矿检测,113280000,25488000
bj.920161,920161,龙辰科技,135993941,36898840
bj.920163,920163,方大新材,128640160,60681535
bj.920166,920166,海圣医疗,75294118,23764707
bj.920167,920167,同享科技,110026500,65363812
bj.920168,920168,通宝光电,75173400,28174514
bj.920169,920169,七丰精工,80800090,50841586
bj.920171,920171,志晟信息,100233235,67631980
bj.920174,920174,五新智能,216904891,55276486
bj.920175,920175,东方碳素,119000000,79270360
bj.920177,920177,恒道科技,52320000,18528506
bj.920178,920178,锐翔智能,65938073,14609551
bj.920179,920179,凯德石英,74970000,59718474
bj.920180,920180,爱得科技,118123046,35669474
bj.920181,920181,赛英电子,43200000,10020000
bj.920183,920183,海菲曼,48952000,11249827
bj.920184,920184,国源科技,131727418,89367852
bj.920185,920185,贝特瑞,1138190398,1119459717
bj.920186,920186,中科仪,223839100,117075743
bj.920187,920187,通领科技,90480000,33195265
bj.920188,920188,悦龙科技,82993198,19793879
bj.920190,920190,雷神科技,100000001,99443051
bj.920191,920191,瑞尔竞达,177395400,39915000
bj.920195,920195,三祥科技,98030000,70758985
bj.920198,920198,微创光电,161363872,70466003
bj.920199,920199,倍益康,68109300,37926755
bj.920200,920200,振宏股份,101560000,44369000
bj.920204,920204,沪江材料,94287797,49990743
bj.920206,920206,彩客科技,71546227,14255832
bj.920207,920207,众诚科技,92195000,56314468
bj.920208,920208,青矩技术,186242425,142630143
bj.920211,920211,新睿电子,34400000,5760000
bj.920212,920212,智新电子,106100000,51602263
bj.920218,920218,新天力,93671240,21076229
bj.920220,920220,朗信电气,66206262,11917127
bj.920221,920221,易实精密,118650000,61764908
bj.920223,920223,荣亿精密,157285000,81583750
bj.920225,920225,利通科技,126918894,82782154
bj.920227,920227,美登科技,38941500,17718217
bj.920230,920230,欧康医药,100474603,47247748
bj.920237,920237,力佳科技,95032080,93231998
bj.920239,920239,长虹能源,182074204,179879980
bj.920242,920242,建邦科技,94213700,52733065
bj.920245,920245,威博液压,69073200,53194347
bj.920247,920247,华密新材,189052999,137143415
bj.920249,920249,利尔达,421630000,124669576
bj.920252,920252,天宏锂电,102650665,68231239
bj.920260,920260,中寰股份,103550000,98960709
bj.920261,920261,一诺威,291132748,159889500
bj.920262,920262,太湖雪,82937022,37422488
bj.920263,920263,中航泰达,141242896,102504647
bj.920266,920266,生物谷,124000007,118490457
bj.920267,920267,鑫汇科,49982941,29677048
bj.920270,920270,天铭科技,104616000,81282067
bj.920271,920271,邦德股份,130823000,57890431
bj.920273,920273,一致魔芋,103170886,68670686
bj.920274,920274,宏裕包材,81333334,81333334
bj.920275,920275,驱动力,159377600,131914521
bj.920278,920278,鹿得医疗,174500000,74048000
bj.920284,920284,灵鸽科技,104785645,67060701
bj.920299,920299,灿能电力,90109276,45414765
bj.920300,920300,辰光医疗,85847126,66531656
bj.920304,920304,迪尔化工,169538000,135429848
bj.920305,920305,*ST云创,132376125,64009125
bj.920339,920339,恒太照明,220203800,151177135
bj.920344,920344,三元基因,121810000,113728159
bj.920346,920346,威贸电子,80653103,44603718
bj.920351,920351,华光源海,88035439,39840340
bj.920357,920357,雅葆轩,104104000,62955880
bj.920363,920363,莱赛激光,124022000,70512401
bj.920367,920367,新赣江,70861250,41992578
bj.920368,920368,连城数控,234780440,223306534
bj.920370,920370,新安洁,300283343,262386200
bj.920371,920371,欧福蛋业,205445536,194809604
bj.920374,920374,云里物里,81518000,33261798
bj.920375,920375,派诺科技,152115390,90882663
bj.920378,920378,泰德股份,155526000,109733804
bj.920392,920392,佳合科技,76674900,36039900
bj.920394,920394,民士达,146250000,145172812
bj.920395,920395,朗鸿科技,152585704,104743564
bj.920396,920396,常辅股份,72221136,49716911
bj.920402,920402,硅烷科技,422060067,272873277
bj.920403,920403,DR康农种,109297188,65002938
bj.920405,920405,海希通讯,140260000,110080256
bj.920407,920407,驰诚股份,85384000,34760895
bj.920414,920414,欧普泰,79748171,56077587
bj.920415,920415,恒拓开源,140511487,107175054
bj.920418,920418,苏轴股份,162489600,156918552
bj.920419,920419,路斯股份,103306400,96691274
bj.920422,920422,润普食品,88482710,66222710
bj.920425,920425,乐创技术,71936548,59213298
bj.920427,920427,华维设计,103095000,50852039
bj.920429,920429,康比特,124476000,113500391
bj.920433,920433,大唐药业,255919681,169316396
bj.920436,920436,大地电气,94476000,88868151
bj.920438,920438,戈碧迦,145475000,139394050
bj.920445,920445,龙竹科技,148166025,105512166
bj.920454,920454,同心传动,105100000,49230500
bj.920455,920455,汇隆活塞,177450000,97311442
bj.920469,920469,富恒新材,140946000,103448162
bj.920471,920471,美邦科技,83200000,53030607
bj.920475,920475,三友科技,101060000,56196610
bj.920476,920476,海能技术,85179800,80329933
bj.920478,920478,峆一药业,110192180,66136092
bj.920489,920489,佳先股份,136459200,86825529
bj.920491,920491,奥迪威,141143180,115822946
bj.920493,920493,并行科技,60581955,44636935
bj.920496,920496,许昌智能,165575000,144998432
bj.920504,920504,博迅生物,43333100,17091905
bj.920505,920505,九菱科技,64785465,36010926
bj.920508,920508,殷图网联,60000000,31905925
bj.920509,920509,同惠电子,160305696,83985512
bj.920510,920510,丰光精密,184005129,93899078
bj.920519,920519,万德股份,89258104,79367289
bj.920522,920522,纳科诺尔,219451008,182024220
bj.920523,920523,德瑞锂电,101301369,80487475
bj.920526,920526,凯华材料,82700000,52367486
bj.920527,920527,夜光明,60042700,46557297
bj.920533,920533,骏创科技,130757328,73137133
bj.920541,920541,铁大科技,136700000,90058684
bj.920547,920547,无锡晶海,77688000,37718400
bj.920553,920553,凯腾精工,143690460,91038848
bj.920556,920556,雅达股份,161315200,117054014
bj.920564,920564,天润科技,106924345,49188836
bj.920566,920566,梓橦宫,144461880,112346561
bj.920570,920570,坤博精工,50169821,25490716
bj.920571,920571,国航远洋,555407453,296084252
bj.920575,920575,*ST康乐,280940000,187838680
bj.920576,920576,天力复合,108950000,107870154
bj.920578,920578,巨能股份,76479097,35501019
bj.920579,920579,机科股份,129480000,44574420
bj.920580,920580,科创新材,86000000,54763074
bj.920592,920592,华信永道,80795000,50285711
bj.920593,920593,鼎智科技,190245872,161610277
bj.920599,920599,同力股份,462525000,350574346
bj.920608,920608,丰安股份,62240000,48218888
bj.920627,920627,力王股份,94450000,46817500
bj.920634,920634,新威凌,63908766,40527725
bj.920639,920639,晨光电缆,201600000,118753634
bj.920640,920640,富士达,187728000,180618306
bj.920641,920641,格利尔,75075000,45318313
bj.920642,920642,通易航天,103670278,99956878
bj.920651,920651,天罡股份,61000000,41467373
bj.920656,920656,海昇药业,100000000,32376281
bj.920662,920662,方盛股份,87550002,27006082
bj.920663,920663,明阳科技,133552510,64076520
bj.920665,920665,科强股份,129990000,64071668
bj.920670,920670,数字人,106182400,66633608
bj.920675,920675,秉扬科技,172164000,79017870
bj.920679,920679,前进科技,55850000,37175000
bj.920682,920682,球冠电缆,389376000,225806786
bj.920685,920685,新芝生物,91515941,58313974
bj.920689,920689,克莱特,73400000,37930617
bj.920690,920690,捷众科技,86190000,56028804
bj.920693,920693,阿为特,72700000,36610000
bj.920694,920694,中裕科技,132088476,62490441
bj.920699,920699,海达尔,45625300,20875300
bj.920701,920701,豪声电子,137200000,100207240
bj.920703,920703,广厦环能,150724000,76265147
bj.920706,920706,铁拓机械,92405245,47671870
bj.920717,920717,瑞星股份,114680000,44280000
bj.920718,920718,合肥高科,90666700,43110142
bj.920719,920719,宁新新材,93093400,73193662
bj.920720,920720,吉冈精密,264891340,74017173
bj.920725,920725,惠丰钻石,91275000,44180685
bj.920726,920726,朱老六,101310000,55913455
bj.920729,920729,永顺生物,273350000,77507041
bj.920735,920735,德源药业,129047589,114132954
bj.920748,920748,路桥信息,76740000,36836034
bj.920751,920751,惠同新材,86780000,83067125
bj.920753,920753,天纺标,81404368,32381525
bj.920765,920765,美之高,86920077,52807104
bj.920768,920768,拾比佰,155358000,106955500
bj.920770,920770,艾能聚,130132175,81893800
bj.920779,920779,武汉蓝电,80074720,20033202
bj.920781,920781,瑞奇智造,154567054,102119005
bj.920786,920786,骑士乳业,209053000,141446455
bj.920790,920790,联迪信息,78967020,54354958
bj.920792,920792,东和新材,165540000,101626338
bj.920799,920799,艾融软件,209145400,120069921
bj.920802,920802,保丽洁,82008290,36217642
bj.920806,920806,云星宇,300736667,300736667
bj.920807,920807,奔朗新材,181880000,123550922
bj.920808,920808,曙光数创,200000001,194572179
bj.920809,920809,安达科技,599050000,459107148
bj.920810,920810,春光智能,95900000,62407545
bj.920819,920819,颖泰生物,1225800000,1211625000
bj.920821,920821,则成电子,138361899,72853422
bj.920826,920826,盖世食品,140515814,62474473
bj.920832,920832,齐鲁华信,138763865,123865573
bj.920833,920833,美心翼申,82360000,62459250
bj.920834,920834,三维装备,120000005,62796439
bj.920837,920837,华原股份,151712787,136787787
bj.920839,920839,万通液压,118209971,65202596
bj.920855,920855,浙江大农,74733333,67036911
bj.920856,920856,浩淼科技,95126628,53060037
bj.920857,920857,泓禧科技,74007152,74007152
bj.920866,920866,绿亨科技,180205900,114112299
bj.920870,920870,恒进感应,134000000,66002900
bj.920871,920871,派特尔,84857241,47014089
bj.920873,920873,中设咨询,153387002,119806395
bj.920876,920876,慧为智能,64180659,39248249
bj.920879,920879,基康技术,200868814,149773821
bj.920885,920885,星辰科技,170819900,87570926
bj.920892,920892,广咨国际,170351353,150852545
bj.920895,920895,花溪科技,56524000,28736900
bj.920896,920896,旺成科技,101224240,44401810
bj.920906,920906,舜宇精工,64970000,33355723
bj.920914,920914,远航精密,99683000,99604250
bj.920924,920924,广脉科技,107296500,65372141
bj.920925,920925,锦好医疗,98660643,55295053
bj.920926,920926,鸿智科技,88361737,80182379
bj.920931,920931,无锡鼎邦,93930000,28775800
bj.920932,920932,科达自控,105350350,86681595
bj.920942,920942,恒立钻具,61164600,41415014
bj.920943,920943,优机股份,101521378,51807833
bj.920946,920946,森萱医药,426918340,426787090
bj.920950,920950,迅安科技,73320000,35720100
bj.920953,920953,国子软件,128115990,59885753
bj.920957,920957,汉维科技,107301334,42704734
bj.920961,920961,创远信科,142840508,103950350
bj.920964,920964,润农节水,261208000,147697237
bj.920970,920970,大禹生物,110800800,70071300
bj.920971,920971,天马新材,103968002,85702802
bj.920974,920974,凯大催化,163800000,125474219
bj.920976,920976,视声智能,70953400,44119600
bj.920978,920978,开特股份,180028468,100934948
bj.920981,920981,晶赛科技,76468000,38462697
bj.920982,920982,锦波生物,115065340,55465106
bj.920985,920985,海泰新能,309476200,219317859
bj.920992,920992,中科美菱,96730934,49017283
sh.600000,600000,浦发银行,33305838300,33305838300
sh.600004,600004,白云机场,2577244598,2366718283
sh.600006,600006,东风股份,2000000000,2000000000
sh.600007,600007,中国国贸,1007282534,1007282534
sh.600008,600008,首创环保,7340590677,7340590677
sh.600009,600009,上海机场,2488313040,2046279515
sh.600010,600010,包钢股份,45288619348,31380798287
sh.600011,600011,华能国际,15698093359,15698093359
sh.600012,600012,皖通高速,1708591889,1658610000
sh.600015,600015,华夏银行,15914928468,15387223983
sh.600016,600016,民生银行,43782418502,43782418502
sh.600017,600017,日照港,3075653888,3075653888
sh.600018,600018,上港集团,23279960504,23246718350
sh.600019,600019,宝钢股份,21782084749,21782084749
sh.600020,600020,中原高速,2247371832,2247371832
sh.600021,600021,上海电力,2821234945,2821234945
sh.600022,600022,山东钢铁,10698849554,10698849554
sh.600023,600023,浙能电力,13408732749,13408732749
sh.600025,600025,华能水电,18631094257,18000000000
sh.600026,600026,中远海能,5465220839,4770776395
sh.600027,600027,华电国际,11611774184,10227561133
sh.600028,600028,中国石化,120925514222,118535075975
sh.600029,600029,南方航空,18120922035,18120922035
sh.600030,600030,中信证券,14820546829,14796627829
sh.600031,600031,三一重工,9195004437,9195004437
sh.600032,600032,浙江新能,2404675324,2404675324
sh.600033,600033,福建高速,2744400000,2744400000
sh.600035,600035,楚天高速,1610115901,1610115901
sh.600036,600036,招商银行,25219845601,25219845601
sh.600037,600037,歌华有线,1391777884,1391777884
sh.600038,600038,中直股份,819893213,668935221
sh.600039,600039,四川路桥,8695590645,8693280645
sh.600048,600048,保利发展,11970443418,11970443418
sh.600050,600050,中国联通,31264425327,30766826127
sh.600051,600051,宁波联合,310880000,310880000
sh.600052,600052,东望时代,844194741,844194741
sh.600053,600053,*ST九鼎,433540800,433540800
sh.600054,600054,黄山旅游,729379440,729379440
sh.600055,600055,万东医疗,703061058,703061058
sh.600056,600056,中国医药,1495879748,1495351478
sh.600057,600057,厦门象屿,2840589339,2092510164
sh.600058,600058,五矿发展,1071910711,1071910711
sh.600059,600059,XD古越龙,911542413,911542413
sh.600060,600060,海信视像,1304972254,1300168721
sh.600061,600061,国投资本,6393983737,6393983737
sh.600062,600062,华润双鹤,1038757509,1032977891
sh.600063,600063,皖维高新,2069106449,2069106449
sh.600064,600064,南京高科,1730339644,1730339644
sh.600066,600066,宇通客车,2213939223,2213939223
sh.600067,600067,冠城新材,1391668739,1391668739
sh.600071,600071,凤凰光学,281573889,281573889
sh.600072,600072,中船科技,1502624316,1083337316
sh.600073,600073,光明肉业,937729472,937729472
sh.600075,600075,新疆天业,1707363785,1707363785
sh.600076,600076,康欣新材,1344543367,1344543367
sh.600078,600078,澄星股份,676812861,662572861
sh.600079,600079,ST人福,1632225965,1543178770
sh.600080,600080,ST金花,373270285,373270285
sh.600081,600081,东风科技,553026170,553026170
sh.600082,600082,ST海泰,646115826,634335412
sh.600084,600084,*ST尼雅,1123726830,1123726830
sh.600085,600085,同仁堂,1371470262,1371470262
sh.600088,600088,中视传媒,397706400,397706400
sh.600089,600089,特变电工,5052792571,5052792571
sh.600094,600094,大名城,2324950045,2324950045
sh.600095,600095,湘财股份,2859187743,2859187743
sh.600096,600096,云天化,1822990731,1822990731
sh.600097,600097,开创国际,240936559,240936559
sh.600098,600098,广州发展,3505864981,3505864981
sh.600099,600099,林海股份,219120000,219120000
sh.600100,600100,同方股份,3350297713,3350297713
sh.600101,600101,明星电力,547862471,547862471
sh.600103,600103,青山纸业,2240826747,2212329047
sh.600104,600104,上汽集团,11495277504,11495277504
sh.600105,600105,永鼎股份,1461994802,1461994802
sh.600106,600106,重庆路桥,1329025062,1329025062
sh.600107,600107,*ST尔雅,360000000,360000000
sh.600108,600108,亚盛集团,1946915121,1946915121
sh.600109,600109,国金证券,3705364910,3705364910
sh.600110,600110,诺德股份,1735180932,1735180932
sh.600111,600111,北方稀土,3615065842,3615065842
sh.600113,600113,浙江东日,421176660,411431160
sh.600114,600114,东睦股份,631383477,616383477
sh.600115,600115,中国东航,22087736670,22087736670
sh.600116,600116,三峡水利,1912142904,1912142904
sh.600117,600117,西宁特钢,3255114857,3255114857
sh.600118,600118,中国卫星,1182489135,1182489135
sh.600119,600119,*ST长投,365270370,365270370
sh.600120,600120,浙江东方,3415381492,3415381492
sh.600121,600121,郑州煤电,1218412038,1218412038
sh.600123,600123,兰花科创,1473240021,1473240021
sh.600125,600125,铁龙物流,1305521874,1305521874
sh.600126,600126,杭钢股份,3377189083,3377189083
sh.600127,600127,金健米业,641783218,641783218
sh.600128,600128,苏豪弘业,251698700,246767500
sh.600129,600129,太极集团,551418185,551418185
sh.600130,600130,波导股份,750000000,750000000
sh.600131,600131,国网信通,1198355044,1195905149
sh.600132,600132,重庆啤酒,483971198,483971198
sh.600133,600133,东湖高新,1066239875,1066239875
sh.600135,600135,乐凯胶片,553307099,553307099
sh.600136,600136,ST明诚,2040825931,1943089494
sh.600137,600137,浪莎股份,97217588,97217588
sh.600138,600138,中青旅,723840000,723840000
sh.600141,600141,兴发集团,1103257832,1103257832
sh.600143,600143,金发科技,2634826028,2634826028
sh.600148,600148,长春一东,141516450,141516450
sh.600149,600149,廊坊发展,380160000,380160000
sh.600150,600150,中国船舶,7525621288,6071452890
sh.600151,600151,航天机电,1434252287,1434252287
sh.600152,600152,维科技术,529079375,529079375
sh.600153,600153,XD建发股,2899538551,2899538551
sh.600155,600155,华创云信,2213542477,2213542477
sh.600156,600156,华升股份,402110702,402110702
sh.600157,600157,永泰能源,21817764145,21817764145
sh.600158,600158,中体产业,959513067,959513067
sh.600159,600159,大龙地产,830003232,830003232
sh.600160,600160,巨化股份,2699746081,2699746081
sh.600161,600161,天坛生物,1977371446,1977371446
sh.600162,600162,香江控股,3268438122,3268438122
sh.600163,600163,中闽能源,1902996143,1902996143
sh.600165,600165,ST宁科,1615883775,732913646
sh.600166,600166,福田汽车,7917400367,7917400367
sh.600167,600167,联美控股,2262840463,2262840463
sh.600168,600168,武汉控股,993397569,993397569
sh.600169,600169,ST太重,3347103170,3333141500
sh.600170,600170,上海建工,8885939744,8885939744
sh.600171,600171,上海贝岭,708923303,708923303
sh.600172,600172,黄河旋风,1442184476,1276255750
sh.600173,600173,卧龙新能,700506244,700416244
sh.600176,600176,中国巨石,4003136728,4003136728
sh.600177,600177,雅戈尔,4623441902,4623441902
sh.600178,600178,东安动力,466476161,466476161
sh.600179,600179,安通控股,4231526979,3862278495
sh.600180,600180,*ST瑞茂,1086627464,1086627464
sh.600182,600182,S佳通,340000000,170000000
sh.600183,600183,生益科技,2429119230,2394501544
sh.600184,600184,光电股份,582727468,508760826
sh.600185,600185,珠免集团,1885005795,1885005795
sh.600186,600186,莲花控股,1793107141,1789138291
sh.600187,600187,*ST国中,1613781103,1613781103
sh.600188,600188,兖矿能源,10037480544,9999411084
sh.600189,600189,泉阳泉,715197812,715197812
sh.600191,600191,华资实业,484932000,484932000
sh.600192,600192,长城电工,441748000,441748000
sh.600193,600193,退市创兴,425373000,425373000
sh.600195,600195,中牧股份,1021148260,1021148260
sh.600196,600196,复星医药,2670429325,2670429325
sh.600197,600197,伊力特,473174717,473174717
sh.600198,600198,大唐电信,1303603541,1301949804
sh.600199,600199,金种子酒,657796824,657796824
sh.600201,600201,生物股份,1111747826,1111747826
sh.600202,600202,哈空调,383340672,383340672
sh.600203,600203,福日电子,592988082,592988082
sh.600206,600206,有研新材,846553332,846553332
sh.600207,600207,安彩高科,1089312554,1089312554
sh.600208,600208,衢州发展,8508940800,8507976337
sh.600210,600210,紫江企业,1516736158,1516736158
sh.600211,600211,西藏药业,322319196,322319196
sh.600212,600212,绿能慧充,704267213,531180213
sh.600215,600215,派斯林,456882880,456882880
sh.600216,600216,浙江医药,961637750,951389475
sh.600217,600217,中再资环,1657653673,1657653673
sh.600218,600218,全柴动力,435599919,435599919
sh.600219,600219,南山铝业,11483701559,11483701559
sh.600221,600221,海航控股,43215632535,43214961335
sh.600222,600222,太龙药业,573886283,573886283
sh.600223,600223,福瑞达,1016568775,1016568775
sh.600226,600226,亨通股份,2974381224,2974381224
sh.600227,600227,赤天化,1688727685,1277599803
sh.600228,600228,返利科技,416672427,416037177
sh.600229,600229,城市传媒,660707784,660707784
sh.600230,600230,沧州大化,413961015,413961015
sh.600231,600231,凌钢股份,2849624158,2813944158
sh.600232,600232,金鹰股份,364718544,364718544
sh.600233,600233,圆通速递,3422574671,3422574671
sh.600234,600234,科新发展,262520973,262520973
sh.600235,600235,民丰特纸,351300000,351300000
sh.600236,600236,桂冠电力,7882377802,7882377802
sh.600237,600237,铜峰电子,630704155,621676155
sh.600238,600238,*ST椰岛,448200000,445271580
sh.600239,600239,ST云城,1605686909,1605686909
sh.600241,600241,时代万恒,294302115,294302115
sh.600243,600243,*ST海华,438850000,438850000
sh.600246,600246,万通发展,1890412476,1890412476
sh.600248,600248,陕建股份,3739735286,3705739286
sh.600249,600249,两面针,550000000,550000000
sh.600250,600250,南京商旅,310593879,310593879
sh.600251,600251,冠农股份,776993583,776993583
sh.600252,600252,中恒集团,3184163070,3184163070
sh.600255,600255,鑫科材料,1806146955,1806146955
sh.600256,600256,广汇能源,6392002964,6392002964
sh.600257,600257,大湖股份,481237188,481237188
sh.600258,600258,首旅酒店,1116603126,1116603126
sh.600259,600259,中稀有色,336435910,336435910
sh.600261,600261,阳光照明,1335052966,1335052966
sh.600262,600262,北方股份,170000000,170000000
sh.600265,600265,*ST景谷,129800000,129800000
sh.600266,600266,城建发展,2075743507,2075743507
sh.600267,600267,海正药业,1198848196,1198188946
sh.600268,600268,国电南自,1015870778,1010831373
sh.600269,600269,赣粤高速,2335407014,2335407014
sh.600271,600271,航天信息,1852884638,1852884638
sh.600272,600272,开开实业,262651945,240000000
sh.600273,600273,嘉化能源,1356879522,1356879522
sh.600276,600276,恒瑞医药,6637199874,6637199874
sh.600278,600278,东方创业,871915557,871915557
sh.600279,600279,重庆港,1186866283,1186866283
sh.600280,600280,中央商场,1128334788,1128334788
sh.600281,600281,华阳新材,514402025,514402025
sh.600282,600282,南钢股份,6165091011,6165091011
sh.600283,600283,钱江水利,560824898,544167189
sh.600284,600284,浦东建设,970256000,970256000
sh.600285,600285,羚锐制药,567115486,565865486
sh.600287,600287,苏豪时尚,438847974,436796074
sh.600288,600288,大恒科技,436800000,436800000
sh.600289,600289,ST信通,631052069,565922684
sh.600292,600292,电投水电,4380206201,439283583
sh.600293,600293,三峡新材,1160145046,1160145046
sh.600295,600295,鄂尔多斯,2798776254,2798776254
sh.600298,600298,安琪酵母,867978471,857150471
sh.600299,600299,安迪苏,3079779257,2681901273
sh.600300,600300,维维股份,1617142180,1617142180
sh.600301,600301,华锡有色,632567479,275335681
sh.600302,600302,ST标准,346009804,346009804
sh.600303,600303,曙光股份,683604211,675604211
sh.600305,600305,恒顺醋业,1106471528,1102988228
sh.600307,600307,酒钢宏兴,6263357424,6263357424
sh.600308,600308,华泰股份,1516870176,1516870176
sh.600309,600309,万华化学,3130471626,3130471626
sh.600310,600310,广西能源,1465710722,1465710722
sh.600312,600312,平高电气,1356921309,1356921309
sh.600313,600313,农发种业,1082198663,1082198663
sh.600315,600315,上海家化,672225980,672225980
sh.600316,600316,洪都航空,717114512,717114512
sh.600318,600318,新力金融,512727632,512727632
sh.600319,600319,亚星化学,387709384,387709384
sh.600320,600320,振华重工,5268353501,5268353501
sh.600322,600322,津投城开,1105700000,1105700000
sh.600323,600323,瀚蓝环境,815347146,815347146
sh.600325,600325,华发股份,2752152116,2752152116
sh.600326,600326,西藏天路,1362464423,1362464423
sh.600327,600327,大东方,884779518,884779518
sh.600328,600328,XD中盐化,1466309533,1466309533
sh.600329,600329,达仁堂,770094356,767089356
sh.600330,600330,天通股份,1233434416,1233434416
sh.600331,600331,宏达股份,2641600000,1545685195
sh.600332,600332,白云山,1625790949,1625790949
sh.600333,600333,长春燃气,609030684,609030684
sh.600335,600335,国机汽车,1495788692,1495788692
sh.600336,600336,澳柯玛,798014769,798014769
sh.600337,600337,ST美克,1436998137,1436998137
sh.600338,600338,西藏珠峰,914210168,914210168
sh.600339,600339,中油工程,5583147471,5583147471
sh.600340,600340,*ST华幸,3913720342,3893355062
sh.600343,600343,航天动力,638206348,638206348
sh.600345,600345,长江通信,329612132,211559297
sh.600346,600346,恒力石化,7039099786,7039099786
sh.600348,600348,华阳股份,3607500000,3607500000
sh.600350,600350,山东高速,4834570825,4834570825
sh.600351,600351,亚宝药业,692000046,692000046
sh.600352,600352,浙江龙盛,3253331860,3253331860
sh.600353,600353,旭光电子,829976239,828811159
sh.600354,600354,敦煌种业,527802080,527802080
sh.600356,600356,恒丰纸业,298731378,298731378
sh.600358,600358,国旅联合,504936660,504936660
sh.600359,600359,新农开发,381512820,381512820
sh.600360,600360,华微电子,960295304,960295304
sh.600361,600361,创新新材,3756072163,3756072163
sh.600362,600362,江西铜业,3462729405,3462729405
sh.600363,600363,联创光电,450888450,450888450
sh.600365,600365,ST通葡,454030000,427280000
sh.600366,600366,宁波韵升,1099041051,1099041051
sh.600367,600367,红星发展,341130902,321973182
sh.600368,600368,五洲交通,1609653858,1609653858
sh.600369,600369,西南证券,6645109124,6645109124
sh.600370,600370,*ST三房,3896676414,3896676414
sh.600371,600371,万向德农,292578000,292578000
sh.600372,600372,中航机载,4838896630,4838896630
sh.600373,600373,中文传媒,1367505119,1347358719
sh.600375,600375,汉马科技,1603071367,1322685760
sh.600376,600376,首开股份,2579565242,2579565242
sh.600377,600377,宁沪高速,5037747500,5024183001
sh.600378,600378,昊华科技,1289999620,1072565363
sh.600379,600379,宝光股份,330201564,330201564
sh.600380,600380,健康元,1829453386,1829453386
sh.600381,600381,*ST春天,587060741,587060741
sh.600382,600382,广东明珠,694408089,694408089
sh.600383,600383,金地集团,4514583572,4514583572
sh.600386,600386,北巴传媒,806400000,806400000
sh.600388,600388,龙净环保,1270046293,1270046293
sh.600389,600389,江山股份,430650000,430650000
sh.600390,600390,五矿资本,4498065459,4498065459
sh.600391,600391,航发科技,330129367,330129367
sh.600392,600392,盛和资源,1752826570,1752826570
sh.600395,600395,盘江股份,2146624894,2146624894
sh.600396,600396,华电辽能,1472706817,1472706817
sh.600397,600397,江钨装备,989959882,989959882
sh.600398,600398,海澜之家,4802770296,4802770296
sh.600399,600399,抚顺特钢,1972100000,1972100000
sh.600400,600400,红豆股份,2291371852,2291371852
sh.600403,600403,大有能源,2390812402,2390812402
sh.600405,600405,动力源,612829588,610119397
sh.600406,600406,国电南瑞,8031756156,7996324758
sh.600408,600408,安泰集团,1006800000,1006800000
sh.600409,600409,三友化工,2064349448,2064349448
sh.600410,600410,华胜天成,1096494683,1096494683
sh.600415,600415,小商品城,5483559226,5483559226
sh.600416,600416,湘电股份,1475782384,1325406445
sh.600418,600418,江淮汽车,2184009791,2184009791
sh.600419,600419,天润乳业,315511881,315511881
sh.600420,600420,国药现代,1341172692,1341172692
sh.600421,600421,退市华嵘,195600000,195600000
sh.600422,600422,昆药集团,756975757,756975757
sh.600423,600423,*ST柳化,798695026,798695026
sh.600425,600425,青松建化,1604703707,1378790086
sh.600426,600426,华鲁恒升,2123219998,2119456552
sh.600428,600428,中远海特,2743920395,2146650771
sh.600429,600429,三元股份,1502089065,1497557426
sh.600433,600433,冠豪高新,1750279233,1750279233
sh.600435,600435,北方导航,1512357749,1512357749
sh.600436,600436,片仔癀,603317210,603317210
sh.600438,600438,通威股份,4501990089,4501990089
sh.600439,600439,瑞贝卡,1131985440,1131985440
sh.600444,600444,国机通用,146421932,146421932
sh.600446,600446,金证股份,941267479,941267479
sh.600448,600448,华纺股份,629819662,629819662
sh.600449,600449,宁夏建材,478181042,478181042
sh.600452,600452,涪陵电力,1536541654,1536541654
sh.600455,600455,博通股份,62458000,62458000
sh.600456,600456,宝钛股份,477777539,477777539
sh.600458,600458,时代新材,931180500,809749272
sh.600459,600459,贵研铂业,759807126,759706258
sh.600460,600460,士兰微,1664071845,1664071845
sh.600461,600461,洪城环境,1284155382,1284155382
sh.600463,600463,空港股份,300000000,300000000
sh.600467,600467,好当家,1460994304,1460994304
sh.600468,600468,百利电气,1087735321,1087735321
sh.600469,600469,风神股份,729450871,729450871
sh.600470,600470,六国化工,521600000,521600000
sh.600475,600475,华光环能,955965729,942885729
sh.600476,600476,*ST湘邮,161070000,161070000
sh.600477,600477,杭萧钢构,2368966150,2368966150
sh.600478,600478,科力远,1665540916,1665540916
sh.600479,600479,千金药业,492210016,418507117
sh.600480,600480,凌云股份,1222284427,1204161985
sh.600481,600481,双良节能,1873774608,1873774608
sh.600482,600482,中国动力,2253600835,2253600835
sh.600483,600483,福能股份,2780137800,2780137800
sh.600486,600486,扬农化工,405398884,403988654
sh.600487,600487,亨通光电,2466734657,2445181125
sh.600488,600488,津药药业,1091886680,1091886680
sh.600489,600489,中金黄金,4847312564,4847312564
sh.600490,600490,鹏欣资源,2212887079,1992621386
sh.600491,600491,ST龙元,,
sh.600493,600493,凤竹纺织,272000000,272000000
sh.600495,600495,晋西车轴,1208190886,1208190886
sh.600496,600496,精工钢构,1990124965,1990124965
sh.600497,600497,驰宏锌锗,5040380483,5040380483
sh.600498,600498,烽火通信,1358167482,1271621456
sh.600499,600499,科达制造,1917856391,1917856391
sh.600500,600500,中化国际,3588523593,3588306303
sh.600501,600501,航天晨光,427824200,427824200
sh.600502,600502,安徽建工,1716533938,1716533938
sh.600503,600503,华丽家族,1602290000,1602290000
sh.600505,600505,西昌电力,364567500,364567500
sh.600506,600506,统一股份,192018934,192018934
sh.600507,600507,方大特钢,2313187890,2313187890
sh.600508,600508,上海能源,722718000,722718000
sh.600509,600509,天富能源,1374397407,1374397407
sh.600510,600510,黑牡丹,1032025457,1032025457
sh.600511,600511,国药股份,754502998,553346424
sh.600512,600512,腾达建设,1593810979,1587405163
sh.600513,600513,联环药业,285456270,285456270
sh.600515,600515,海南机场,11425309602,9176012508
sh.600516,600516,方大炭素,4025970368,4025970368
sh.600517,600517,国网英大,5718435744,5718435744
sh.600518,600518,康美药业,13828896690,13822352188
sh.600519,600519,贵州茅台,1252270215,1252270215
sh.600520,600520,三佳科技,158430000,158430000
sh.600521,600521,华海药业,1497252136,1497252136
sh.600522,600522,中天科技,3412949652,3412949652
sh.600523,600523,贵航股份,404311320,404044620
sh.600525,600525,ST长园,1318780152,1318780152
sh.600526,600526,菲达环保,888702840,873007140
sh.600527,600527,江南高纤,1731760902,1731760902
sh.600528,600528,中铁工业,2221551588,2221551588
sh.600529,600529,山东药玻,663614113,663614113
sh.600530,600530,交大昂立,774920000,774920000
sh.600531,600531,豫光金铅,1209262698,1209262698
sh.600533,600533,栖霞建设,1050000000,1050000000
sh.600535,600535,天士力,1493950005,1493950005
sh.600536,600536,中国软件,933786584,843655895
sh.600537,600537,*ST亿晶,1183715018,1183715018
sh.600538,600538,国发股份,524198348,524198348
sh.600539,600539,狮头股份,230000000,230000000
sh.600540,600540,新赛股份,581376960,581376960
sh.600543,600543,*ST莫高,321120000,321120000
sh.600545,600545,卓郎智能,1787912222,1787912222
sh.600546,600546,山煤国际,1982456140,1982456140
sh.600547,600547,山东黄金,4609929525,4609929525
sh.600548,600548,深高速,2537856127,2461925983
sh.600549,600549,厦门钨业,1587585826,1553931980
sh.600550,600550,保变电气,1841528480,1841528480
sh.600551,600551,时代出版,678055239,678055239
sh.600552,600552,凯盛科技,944606894,944606894
sh.600556,600556,天下秀,1807747642,1807747642
sh.600557,600557,康缘药业,566158806,566158806
sh.600558,600558,大西洋,897604831,897604831
sh.600559,600559,老白干酒,914747444,909509444
sh.600560,600560,金自天正,223645500,223645500
sh.600561,600561,江西长运,284476800,284476800
sh.600562,600562,国睿科技,1241857840,1241857840
sh.600563,600563,法拉电子,,
sh.600566,600566,济川药业,921344260,918234360
sh.600567,600567,山鹰国际,6307453306,6307453306
sh.600568,600568,ST中珠,1992869681,1669067279
sh.600569,600569,安阳钢铁,2872421386,2872421386
sh.600570,600570,恒生电子,1894130907,1894130907
sh.600571,600571,信雅达,466318309,457751703
sh.600572,600572,XD康恩贝,2534568941,2527827088
sh.600573,600573,惠泉啤酒,250000000,250000000
sh.600575,600575,淮河能源,7166792170,3886261065
sh.600576,600576,祥源文旅,1054548440,660390083
sh.600577,600577,精达股份,2149266059,2149266059
sh.600578,600578,京能电力,6694621015,6694621015
sh.600579,600579,中化装备,493600759,493600759
sh.600580,600580,卧龙电驱,1562117511,1557632511
sh.600581,600581,*ST八钢,1532897870,1532897870
sh.600582,600582,天地科技,4138588892,4138588892
sh.600583,600583,海油工程,4421354800,4421354800
sh.600584,600584,长电科技,1789414570,1789414570
sh.600585,600585,海螺水泥,5299302579,5299302579
sh.600586,600586,金晶科技,1417337700,1417337700
sh.600587,600587,新华医疗,606677919,604362036
sh.600588,600588,用友网络,3416997409,3416997409
sh.600589,600589,大位科技,1484669890,1478469890
sh.600590,600590,泰豪科技,852869750,843569523
sh.600592,600592,龙溪股份,399553571,399553571
sh.600593,600593,大连圣亚,130445000,128800000
sh.600594,600594,益佰制药,791927400,791927400
sh.600595,600595,中孚实业,4007905114,4007905114
sh.600596,600596,新安股份,1349597049,1349597049
sh.600597,600597,光明乳业,1378473763,1378455363
sh.600598,600598,北大荒,1777679909,1777679909
sh.600599,600599,退市熊猫,166000000,166000000
sh.600600,600600,青岛啤酒,1364195121,1364195121
sh.600601,600601,方正科技,4273742887,4170293287
sh.600602,600602,云赛智联,1367673455,1367673455
sh.600603,600603,广汇物流,1193329151,1193329151
sh.600604,600604,市北高新,1873304804,1873304804
sh.600605,600605,汇通能源,206282429,206282429
sh.600606,600606,绿地控股,14054218314,14054218314
sh.600608,600608,退市沪科,328861441,318371441
sh.600609,600609,金杯汽车,1304558558,1304558558
sh.600610,600610,中毅达,1071274605,1069086705
sh.600611,600611,大众交通,2364122864,2364122864
sh.600612,600612,老凤祥,523117764,523117764
sh.600613,600613,神奇制药,534071628,534071628
sh.600615,600615,鑫源智造,225624610,225266050
sh.600616,600616,金枫酒业,669004950,669004950
sh.600617,600617,国新能源,1929191776,1929191776
sh.600618,600618,氯碱化工,1156399976,1156399976
sh.600619,600619,海立股份,1073344406,1073344406
sh.600620,600620,天宸股份,686677113,686677113
sh.600621,600621,华鑫股份,1060899292,1060899292
sh.600622,600622,光大嘉宝,1499685402,1499685402
sh.600623,600623,华谊集团,2122831280,2114941976
sh.600624,600624,ST复华,679346942,679346942
sh.600626,600626,申达股份,1320744667,1107978710
sh.600628,600628,新世界,646875384,646875384
sh.600629,600629,DR华建集,970338659,953117050
sh.600630,600630,龙头股份,424861597,424861597
sh.600633,600633,浙数文化,1268074472,1268074472
sh.600635,600635,大众公用,2952434675,2952434675
sh.600636,600636,退市国化,438636802,438636802
sh.600637,600637,东方明珠,3361899817,3361899817
sh.600638,600638,新黄浦,673396786,673396786
sh.600639,600639,浦东金桥,1122412893,1122412893
sh.600640,600640,国脉文化,795695940,795695940
sh.600641,600641,先导基电,930629920,930629920
sh.600642,600642,申能股份,4894079376,4893813156
sh.600643,600643,爱建集团,1593170778,1590351716
sh.600644,600644,乐山电力,578320818,538400659
sh.600645,600645,中源协和,467948890,467770165
sh.600648,600648,外高桥,1359912218,1338328191
sh.600649,600649,城投控股,2504500768,2504500768
sh.600650,600650,锦江在线,551610107,551610107
sh.600651,600651,飞乐音响,2507028015,2507028015
sh.600653,600653,申华控股,1946380317,1946380317
sh.600654,600654,中安科,2877556831,2317394767
sh.600655,600655,豫园股份,3892458273,3889846273
sh.600657,600657,信达地产,2851878595,2851878595
sh.600658,600658,电子城,1118585045,1118585045
sh.600660,600660,福耀玻璃,2609743532,2609743532
sh.600661,600661,昂立教育,286548830,286548830
sh.600662,600662,外服控股,2283457375,2276471112
sh.600663,600663,陆家嘴,5035153679,4256419662
sh.600664,600664,哈药股份,2518509876,2518509876
sh.600665,600665,天地源,864122521,864122521
sh.600666,600666,奥瑞德,2751447394,2419752935
sh.600667,600667,太极实业,2091542178,2091542178
sh.600668,600668,尖峰集团,412900594,412900594
sh.600671,600671,天目药业,121778885,121720533
sh.600673,600673,东阳光,3009555059,3001557927
sh.600674,600674,川投能源,4874606828,4874606828
sh.600675,600675,中华企业,6046135331,6046135331
sh.600676,600676,交运股份,1028492944,1028492944
sh.600678,600678,ST金顶,348990000,348990000
sh.600679,600679,上海凤凰,515294257,515294257
sh.600681,600681,百川能源,1340854810,1339808772
sh.600682,600682,南京新百,1345132221,1164060275
sh.600683,600683,京投发展,740777597,740777597
sh.600684,600684,珠江股份,1106074283,853460723
sh.600685,600685,中船防务,1413506378,1413506378
sh.600686,600686,金龙汽车,717047417,717047417
sh.600688,600688,上海石化,10542617500,10542617500
sh.600689,600689,上海三毛,200991343,200991343
sh.600690,600690,海尔智家,9377629650,9377629650
sh.600691,600691,潞化科技,2375981952,2375585952
sh.600692,600692,亚通股份,351764064,255010517
sh.600693,600693,东百集团,869846246,868952782
sh.600694,600694,大商股份,344357828,344357828
sh.600696,600696,退市岩石,334469431,334469431
sh.600697,600697,欧亚集团,159088075,155376015
sh.600698,600698,湖南天雁,1068637732,1060345271
sh.600699,600699,均胜电子,1550770563,1510153644
sh.600702,600702,舍得酒业,332758879,332618879
sh.600703,600703,三安光电,4989018727,4989018727
sh.600704,600704,物产中大,5171179890,5171179890
sh.600706,600706,曲江文旅,255059785,254030185
sh.600707,600707,彩虹股份,3588389732,3587669732
sh.600708,600708,光明地产,2228636743,2225277771
sh.600710,600710,苏美达,1306749434,1306749434
sh.600711,600711,盛屯矿业,3090611551,3090611551
sh.600712,600712,南宁百货,544655360,538648371
sh.600713,600713,南京医药,1308931630,1285364942
sh.600714,600714,金瑞矿业,288176273,288176273
sh.600715,600715,文投控股,4059853500,2862372241
sh.600716,600716,凤凰股份,936060590,936060590
sh.600717,600717,天津港,2894001038,2894001038
sh.600718,600718,东软集团,1193423118,1193423118
sh.600719,600719,大连热电,404599600,404599600
sh.600720,600720,中交设计,2294595565,1009049771
sh.600721,600721,百花医药,384547635,384547635
sh.600722,600722,金牛化工,680319676,680319676
sh.600724,600724,宁波富达,1445241071,1444942664
sh.600725,600725,云维股份,1232470000,1232470000
sh.600726,600726,华电能源,7907336210,7907336210
sh.600727,600727,鲁北化工,528583135,528583135
sh.600728,600728,佳都科技,2132599261,2132599261
sh.600729,600729,重百集团,440453077,192482844
sh.600730,600730,*ST高科,586656002,586656002
sh.600731,600731,湖南海利,558742416,541682665
sh.600732,600732,爱旭股份,2117249923,1581382743
sh.600733,600733,北汽蓝谷,5573503169,4891711921
sh.600734,600734,*ST实达,2178303106,2177853106
sh.600735,600735,ST新华锦,428778219,425451827
sh.600736,600736,苏州高新,1151292907,1151292907
sh.600737,600737,中粮糖业,2138848228,2138848228
sh.600738,600738,丽尚国潮,761335236,760666196
sh.600739,600739,辽宁成大,1529709816,1529709816
sh.600740,600740,山西焦化,2562121154,2562121154
sh.600741,600741,华域汽车,3152723984,3152723984
sh.600742,600742,富维股份,743057880,743057880
sh.600743,600743,华远控股,2346100874,2346100874
sh.600744,600744,华银电力,2031124274,2031124274
sh.600745,600745,*ST闻泰,1244645883,1244645883
sh.600746,600746,江苏索普,1167842884,1166082347
sh.600748,600748,上实发展,1844562892,1844562892
sh.600749,600749,西藏旅游,226965517,226965517
sh.600750,600750,华润江中,634953289,628685365
sh.600751,600751,海航科技,2899337783,2899337783
sh.600753,600753,ST海钦,230307175,230307175
sh.600754,600754,锦江酒店,1066298444,1062044063
sh.600755,600755,厦门国贸,2137621097,2132158487
sh.600756,600756,浪潮软件,349628753,324098753
sh.600757,600757,长江传媒,1213650273,1213497103
sh.600758,600758,辽宁能源,1322017394,1320743394
sh.600759,600759,ST洲际,4149009280,4143685780
sh.600760,600760,中航沈飞,2835094714,2826185991
sh.600761,600761,安徽合力,890692761,890692761
sh.600763,600763,通策医疗,447289117,447289117
sh.600764,600764,中国海防,710629386,710629386
sh.600765,600765,中航重机,1563548153,1552494153
sh.600768,600768,宁波富邦,133747200,133747200
sh.600769,600769,祥龙电业,374977200,374977200
sh.600770,600770,综艺股份,1300000000,1300000000
sh.600771,600771,广誉远,489491141,489491141
sh.600773,600773,西藏城投,951586865,951586865
sh.600774,600774,汉商集团,295032402,294842131
sh.600775,600775,南京熊猫,913838529,913838529
sh.600776,600776,东方通信,1256000064,1256000064
sh.600777,600777,新潮能源,6800495825,6366152391
sh.600778,600778,友好集团,311491352,311214882
sh.600779,600779,水井坊,487503198,487503198
sh.600780,600780,通宝能源,1146502523,1146502523
sh.600782,600782,新钢股份,3184022149,3145652149
sh.600783,600783,鲁信创投,744359294,744359294
sh.600784,600784,鲁银投资,675652277,675652277
sh.600785,600785,新华百货,225631280,225631280
sh.600787,600787,XD中储股,2170079582,2170079582
sh.600789,600789,鲁抗医药,1045189778,898669632
sh.600790,600790,轻纺城,1465790928,1465790928
sh.600791,600791,京能置业,452880000,452313696
sh.600792,600792,云煤能源,1109923600,1109923600
sh.600793,600793,宜宾纸业,176904002,176904002
sh.600794,600794,保税科技,1200152157,1200152157
sh.600795,600795,国电电力,17835619082,17835619082
sh.600796,600796,钱江生化,866585766,311477889
sh.600797,600797,浙大网新,1027526370,1027526370
sh.600798,600798,宁波海运,1206534201,1206534201
sh.600800,600800,渤海化学,1110045216,1109730216
sh.600801,600801,华新建材,2078995649,2076417649
sh.600802,600802,福建水泥,458248400,458248400
sh.600803,600803,新奥股份,3097087607,3071726707
sh.600805,600805,悦达投资,850894494,850275368
sh.600807,600807,济高发展,884634731,787018464
sh.600808,600808,马钢股份,7700681186,7700681186
sh.600809,600809,山西汾酒,1219964222,1219964222
sh.600810,600810,神马股份,1111272839,1101446839
sh.600812,600812,华北制药,1715730370,1715730370
sh.600814,600814,杭州解百,735078598,735078598
sh.600815,600815,厦工股份,1774094480,1774094480
sh.600816,600816,建元信托,9844448254,5469137919
sh.600817,600817,宇通重工,533304346,529244346
sh.600818,600818,ST中路,321447910,321447910
sh.600819,600819,耀皮玻璃,934916069,934916069
sh.600820,600820,隧道股份,3144096094,3144096094
sh.600821,600821,金开新能,1997263453,1997263453
sh.600822,600822,上海物贸,495972914,495972914
sh.600824,600824,益民集团,1054027073,1054027073
sh.600825,600825,新华传媒,1044887850,1044887850
sh.600826,600826,兰生股份,735533549,735533549
sh.600827,600827,百联股份,1784168117,1784168117
sh.600828,600828,茂业商业,1731982546,1731360181
sh.600829,600829,人民同泰,579888597,579888597
sh.600830,600830,香溢融通,454322747,454322747
sh.600831,600831,广电网络,710946992,710946992
sh.600833,600833,第一医药,223086347,223086347
sh.600834,600834,申通地铁,477381905,477381905
sh.600835,600835,上海机电,1022739308,1022739308
sh.600838,600838,上海九百,400881981,400881981
sh.600839,600839,四川长虹,4616244222,4614958631
sh.600841,600841,动力新科,1387821784,1387821784
sh.600843,600843,上工申贝,713166480,713166480
sh.600844,600844,金煤科技,1016524240,1016524240
sh.600845,600845,宝信软件,2870778802,2857904137
sh.600846,600846,同济科技,624761516,624761516
sh.600847,600847,万里股份,153287400,153287400
sh.600848,600848,上海临港,2522487004,2522487004
sh.600850,600850,电科数字,680198741,680198741
sh.600851,600851,海欣股份,1207056692,1207056692
sh.600853,600853,龙建股份,1014031746,1013696046
sh.600854,600854,春兰股份,519458538,519458538
sh.600855,600855,航天长峰,468542728,467639728
sh.600857,600857,宁波中百,224319919,224319919
sh.600858,600858,银座股份,520066589,517548029
sh.600859,600859,王府井,1123931424,1123828064
sh.600860,600860,京城股份,547485988,544040788
sh.600861,600861,北京人力,566112718,366574848
sh.600862,600862,中航高科,1393049107,1393049107
sh.600863,600863,华能蒙电,6526887811,6526887811
sh.600864,600864,哈投股份,2080570520,2080570520
sh.600865,600865,百大集团,376240316,376240316
sh.600866,600866,星湖科技,1661472616,1255769324
sh.600867,600867,通化东宝,1958542829,1958542829
sh.600868,600868,梅雁吉祥,1898148679,1898148679
sh.600869,600869,远东股份,2219352746,2219352746
sh.600871,600871,石化油服,18957045833,18957045833
sh.600872,600872,中炬高新,778509228,770987950
sh.600873,600873,梅花生物,2804241650,2804241650
sh.600874,600874,创业环保,1570418085,1570418085
sh.600875,600875,东方电气,3458360326,2671366595
sh.600876,600876,凯盛新能,645674963,645674963
sh.600877,600877,电科芯片,1184059492,1184059492
sh.600879,600879,航天电子,3299299334,3299299334
sh.600880,600880,博瑞传播,1093332092,1093030175
sh.600881,600881,亚泰集团,3232150988,3232150988
sh.600882,600882,妙可蓝多,510053647,510053647
sh.600883,600883,博闻科技,236088000,236088000
sh.600884,600884,杉杉股份,2249412863,1835109746
sh.600885,600885,宏发股份,1547594313,1547594313
sh.600886,600886,国投电力,8004494262,7454179797
sh.600887,600887,伊利股份,6325360667,6293929721
sh.600888,600888,新疆众和,1403713211,1403713211
sh.600889,600889,*ST京化,366346010,366346010
sh.600892,600892,*ST大晟,559464188,559319536
sh.600893,600893,XD航发动,2665594238,2665124758
sh.600894,600894,广日股份,851678362,843144445
sh.600895,600895,张江高科,1548689550,1548689550
sh.600897,600897,厦门空港,416934000,416934000
sh.600900,600900,长江电力,24468217716,24007256503
sh.600901,600901,江苏金租,5791866431,5790452431
sh.600903,600903,贵州燃气,1150009408,1150009408
sh.600905,600905,三峡能源,28587650142,28587650142
sh.600906,600906,财达证券,3245000000,2124234950
sh.600908,600908,无锡银行,2194681695,1999312665
sh.600909,600909,华安证券,4678417025,4678417025
sh.600916,600916,中国黄金,1680000000,1680000000
sh.600917,600917,重庆燃气,1561039760,1561039760
sh.600918,600918,中泰证券,7918340996,3925847319
sh.600919,600919,江苏银行,18351324463,18351324463
sh.600925,600925,苏能股份,6888888889,1606048586
sh.600926,600926,杭州银行,7249002548,7249002548
sh.600927,600927,永安期货,1455555556,1455555556
sh.600928,600928,西安银行,4444444445,4423354066
sh.600929,600929,雪天盐业,1640113256,1639625498
sh.600930,600930,华电新能,41714285714,2505175252
sh.600933,600933,爱柯迪,1030132570,977375823
sh.600935,600935,华塑股份,3594738056,3507401812
sh.600936,600936,北投科技,1671026239,1671026239
sh.600938,600938,中国海油,47529953984,47529953984
sh.600939,600939,重庆建工,1902474944,1902474944
sh.600941,600941,中国移动,21644606612,21644606612
sh.600955,600955,维远股份,550000000,550000000
sh.600956,600956,新天绿能,4512693073,4187093073
sh.600958,600958,东方证券,8496645292,8496645292
sh.600959,600959,江苏有线,5000717686,5000717686
sh.600960,600960,渤海汽车,950515518,950515518
sh.600961,600961,株冶集团,1072872703,751812398
sh.600962,600962,国投中鲁,262210000,262210000
sh.600963,600963,岳阳林纸,1757567854,1757567854
sh.600965,600965,*ST福成,818700955,818700955
sh.600966,600966,博汇纸业,1336844288,1336844288
sh.600967,600967,内蒙一机,1701794667,1701794667
sh.600968,600968,海油发展,10165104199,10165104199
sh.600969,600969,郴电国际,370050484,370050484
sh.600970,600970,中材国际,2621819524,2251856839
sh.600971,600971,恒源煤电,1200004884,1200004884
sh.600973,600973,宝胜股份,1371366248,1371366248
sh.600975,600975,新五丰,1249661740,1016956114
sh.600976,600976,健民集团,153398600,153298600
sh.600977,600977,中国电影,1867000000,1867000000
sh.600979,600979,广安爱众,1261656994,1232259790
sh.600980,600980,北矿科技,189263526,187794816
sh.600981,600981,苏豪汇鸿,2242433192,2242433192
sh.600982,600982,宁波能源,1117627485,1117627485
sh.600983,600983,惠而浦,766439000,766439000
sh.600984,600984,建设机械,1257043925,1257043925
sh.600985,600985,淮北矿业,2693258709,2693258709
sh.600986,600986,浙文互联,1487374062,1487374062
sh.600987,600987,航民股份,1020818873,1020818873
sh.600988,600988,赤峰黄金,1900411178,1846120378
sh.600989,600989,宝丰能源,7333360000,7333360000
sh.600990,600990,四创电子,271075062,269012696
sh.600992,600992,贵绳股份,245090000,245090000
sh.600993,600993,马应龙,431053891,430307016
sh.600995,600995,南网储能,3196005805,3196005805
sh.600996,600996,贵广网络,1246799854,1246799854
sh.600997,600997,开滦股份,1587799851,1587799851
sh.600998,600998,九州通,5042470234,5042470234
sh.600999,600999,招商证券,8696526806,8696526806
sh.601000,601000,唐山港,5925928614,5925928614
sh.601001,601001,晋控煤业,1673700000,1673700000
sh.601002,601002,晋亿实业,954440720,954440720
sh.601003,601003,柳钢股份,2562793200,2562793200
sh.601005,601005,重庆钢铁,8851763767,8851763767
sh.601006,601006,大秦铁路,20147177716,20147177716
sh.601007,601007,金陵饭店,390000000,390000000
sh.601008,601008,连云港,1240638006,1240638006
sh.601009,601009,南京银行,12363567245,12363567245
sh.601010,601010,ST文峰,1848000000,1848000000
sh.601011,601011,宝泰隆,1915664539,1915664539
sh.601012,601012,隆基绿能,7578064239,7578056693
sh.601015,601015,陕西黑猫,2042497639,2042497639
sh.601016,601016,节能风电,6440380390,5933834071
sh.601018,601018,宁波港,19454388399,19454388399
sh.601019,601019,山东出版,2086900000,2086900000
sh.601020,601020,华钰矿业,819964698,819964698
sh.601021,601021,春秋航空,978333423,978333423
sh.601022,601022,宁波远洋,1308633334,1308633334
sh.601026,601026,道生天合,659400000,107183716
sh.601033,601033,永兴股份,900000000,240000000
sh.601038,601038,一拖股份,1123645275,1123645275
sh.601058,601058,赛轮轮胎,3288100259,3288100259
sh.601059,601059,信达证券,3243000000,691600000
sh.601061,601061,中信金属,4900000000,501153847
sh.601065,601065,江盐集团,642776079,416256079
sh.601066,601066,中信建投,7756694797,7756694797
sh.601068,601068,中铝国际,2987836267,2959066667
sh.601069,601069,西部黄金,910999123,887188443
sh.601077,601077,渝农商行,11357000000,11351578450
sh.601083,601083,锦江航运,1294120000,194120000
sh.601086,601086,国芳集团,666000000,666000000
sh.601088,601088,中国神华,19868519955,19868519955
sh.601089,601089,福元医药,480000000,480000000
sh.601096,601096,宏盛华源,2675155088,1642976541
sh.601098,601098,中南传媒,1796000000,1796000000
sh.601099,601099,太平洋,6816316370,6816316370
sh.601100,601100,恒立液压,1340820992,1340820992
sh.601101,601101,昊华能源,1439997926,1439997926
sh.601106,601106,中国一重,6857782927,6857782927
sh.601107,601107,四川成渝,3058060000,3058060000
sh.601108,601108,财通证券,4643763517,4643763517
sh.601111,601111,中国国航,17448421000,16200792838
sh.601112,601112,振石股份,1479311367,
sh.601113,601113,华鼎股份,1104152226,1104152226
sh.601116,601116,三江购物,547678400,547678400
sh.601117,601117,中国化学,6106877362,6056370262
sh.601118,601118,海南橡胶,4279427797,4279427797
sh.601121,601121,宝地矿业,800000000,380000000
sh.601126,601126,四方股份,833183500,825085400
sh.601127,601127,赛力斯,1741985086,1618401193
sh.601128,601128,常熟银行,3316519976,3316519976
sh.601133,601133,柏诚股份,528018424,149386744
sh.601136,601136,首创证券,2733333800,2733333800
sh.601137,601137,博威合金,871628761,870948761
sh.601138,601138,工业富联,19858195781,19858195781
sh.601139,601139,深圳燃气,2876742427,2876742427
sh.601155,601155,新城控股,2255622856,2255622856
sh.601156,601156,东航物流,1587555556,944595556
sh.601158,601158,重庆水务,4800023077,4800023077
sh.601162,601162,天风证券,10073985234,8597970474
sh.601163,601163,三角轮胎,800000000,800000000
sh.601166,601166,兴业银行,21162855196,21162855196
sh.601168,601168,西部矿业,2383000000,2383000000
sh.601169,601169,北京银行,21142984272,21142984272
sh.601177,601177,杭齿前进,407975000,400060000
sh.601179,601179,中国西电,5125882352,5125882352
sh.601186,601186,中国铁建,13579541500,13579541500
sh.601187,601187,厦门银行,2639127888,2633380092
sh.601188,601188,龙江交通,1305469915,1305469915
sh.601198,601198,东兴证券,3232445520,3232445520
sh.601199,601199,XD江南水,935210292,935210292
sh.601200,601200,上海环境,1346230251,1346230251
sh.601208,601208,东材科技,1018117834,1018117834
sh.601211,601211,国泰海通,17628925829,16999753143
sh.601212,601212,白银有色,7404774511,7404774511
sh.601216,601216,君正集团,8438017390,8438017390
sh.601218,601218,吉鑫科技,969033512,969033512
sh.601222,601222,林洋能源,2060169156,2060169156
sh.601225,601225,陕西煤业,9695000000,9695000000
sh.601226,601226,华电科工,1162223700,1162223700
sh.601228,601228,广州港,7544531351,7544531351
sh.601229,601229,上海银行,14209010070,14209010070
sh.601231,601231,环旭电子,2279344030,2279344030
sh.601233,601233,桐昆股份,2404779773,2395898093
sh.601236,601236,红塔证券,4716787742,4716787742
sh.601238,601238,广汽集团,10197065900,10197065900
sh.601279,601279,英利汽车,1585785985,1585785985
sh.601288,601288,农业银行,349983033873,349983033873
sh.601298,601298,青岛港,6491100000,6491100000
sh.601311,601311,骆驼股份,1173146118,1173146118
sh.601318,601318,中国平安,18107641995,18107641995
sh.601319,601319,中国人保,44223990583,44223990583
sh.601326,601326,秦港股份,5587412000,5587412000
sh.601328,601328,交通银行,88363784223,56530302200
sh.601330,601330,绿色动力,1430584350,1393454350
sh.601333,601333,广深铁路,7083537000,7083537000
sh.601336,601336,新华保险,3119546600,3119546600
sh.601339,601339,百隆东方,1499569000,1499569000
sh.601360,601360,三六零,6999557879,6999557879
sh.601366,601366,利群股份,933060765,933060765
sh.601368,601368,绿城水务,882973077,882973077
sh.601369,601369,陕鼓动力,1723474492,1706211292
sh.601375,601375,中原证券,4642884700,4642884700
sh.601377,601377,兴业证券,8635987294,8635987294
sh.601388,601388,怡球资源,2201222616,2201222616
sh.601390,601390,中国中铁,24686285629,24682247941
sh.601398,601398,工商银行,356406257089,356406257089
sh.601399,601399,国机重装,7213555890,7213555890
sh.601456,601456,国联民生,5680592806,4811029345
sh.601500,601500,通用股份,1589315735,1583000735
sh.601512,601512,中新集团,1498890000,1498890000
sh.601515,601515,衢州东峰,1924470671,1924470671
sh.601518,601518,吉林高速,1890553169,1890553169
sh.601519,601519,大智慧,1989160000,1989160000
sh.601528,601528,瑞丰银行,1962161395,1734456538
sh.601555,601555,东吴证券,4968702837,4968702837
sh.601566,601566,九牧王,574637150,574637150
sh.601567,601567,三星电气,1405209400,1405209400
sh.601568,601568,北元化工,3972222224,3972222224
sh.601577,601577,长沙银行,4021553754,4020683625
sh.601579,601579,会稽山,479463409,479463409
sh.601588,601588,北辰实业,3367020000,3367020000
sh.601595,601595,上海电影,448200000,448200000
sh.601598,601598,中国外运,7173751227,7173751227
sh.601599,601599,浙文影业,1160542453,1160542453
sh.601600,601600,中国铝业,17155632078,17117331139
sh.601601,601601,中国太保,9620341455,9620341455
sh.601606,601606,长城军工,724228400,724228400
sh.601607,601607,上海医药,3708361809,3708280209
sh.601608,601608,中信重工,4579553437,4550567930
sh.601609,601609,金田股份,1728638193,1728638193
sh.601611,601611,中国核建,3013834212,3013834212
sh.601615,601615,明阳智能,2261496706,2261496706
sh.601616,601616,广电电气,853675319,853675319
sh.601618,601618,中国中冶,20723619170,20723619170
sh.601619,601619,嘉泽新能,2912746746,2434659097
sh.601628,601628,中国人寿,28264705000,28264705000
sh.601633,601633,长城汽车,8557872087,8528019187
sh.601636,601636,旗滨集团,2958653728,2958653728
sh.601658,601658,邮储银行,120095053492,86978562200
sh.601665,601665,齐鲁银行,6153842525,6153842525
sh.601666,601666,平煤股份,2469360728,2469360728
sh.601668,601668,中国建筑,41320390444,41320390444
sh.601669,601669,中国电建,17226159334,13071525850
sh.601677,601677,明泰铝业,1243523627,1218006627
sh.601678,601678,滨化股份,2056836276,2043336276
sh.601686,601686,友发集团,1471109747,1471109747
sh.601688,601688,华泰证券,9026863786,9025803786
sh.601689,601689,拓普集团,1737835580,1737835580
sh.601696,601696,中银证券,2778000000,2778000000
sh.601698,601698,中国卫通,4224385412,4224385412
sh.601699,601699,潞安环能,2991409200,2991409200
sh.601700,601700,风范股份,1142246700,1142246700
sh.601702,601702,华峰铝业,998530600,998530600
sh.601717,601717,中创智领,1785399930,1785399930
sh.601718,601718,ST际华,4361069503,4361069503
sh.601727,601727,上海电气,15540121636,15540121636
sh.601728,601728,中国电信,91507138699,91507138699
sh.601766,601766,中国中车,28698864088,28698864088
sh.601777,601777,千里科技,4521100071,4521100071
sh.601778,601778,晶科科技,3571000639,3571000639
sh.601788,601788,光大证券,4610787639,4610787639
sh.601789,601789,宁波建工,1086798590,1086798590
sh.601798,601798,蓝科高新,354528198,354528198
sh.601799,601799,星宇股份,285679419,285679419
sh.601800,601800,中国交建,16274644225,16196913225
sh.601801,601801,皖新传媒,1957931237,1957931237
sh.601808,601808,中海油服,4771592000,4771592000
sh.601811,601811,新华文轩,1233841000,1233841000
sh.601816,601816,京沪高铁,48925679370,48925679370
sh.601818,601818,光大银行,59085551061,59085551061
sh.601825,601825,沪农商行,9644444445,9374441403
sh.601827,601827,三峰环境,1671933300,1671933300
sh.601828,601828,美凯龙,4354732673,4354732673
sh.601838,601838,成都银行,4238435356,4231058198
sh.601857,601857,中国石油,183020977818,183020977818
sh.601858,601858,中国科传,790500000,790500000
sh.601860,601860,紫金银行,3661004219,3551587903
sh.601865,601865,福莱特,2342880233,2342740233
sh.601866,601866,中远海发,13197655820,13197655820
sh.601868,601868,中国能建,41691163636,41691163636
sh.601869,601869,长飞光纤,827905108,827905108
sh.601872,601872,招商轮船,8074538502,8074538502
sh.601877,601877,正泰电器,2148968976,2148968976
sh.601878,601878,浙商证券,4573796639,4573796639
sh.601880,601880,辽港股份,23571767213,23571767213
sh.601881,601881,中国银河,10934402256,10934402256
sh.601882,601882,海天精工,522000000,522000000
sh.601886,601886,江河集团,1133002060,1133002060
sh.601888,601888,中国中免,2068859044,2068859044
sh.601890,601890,亚星锚链,959400000,959400000
sh.601898,601898,中煤能源,13258663400,13258663400
sh.601899,601899,紫金矿业,26589733140,26589733140
sh.601900,601900,南方传媒,881970094,881970094
sh.601901,601901,方正证券,8232101395,8232101395
sh.601908,601908,京运通,2414602861,2414602861
sh.601916,601916,浙商银行,27464635963,27464635963
sh.601918,601918,新集能源,2590541800,2590541800
sh.601919,601919,中远海控,15489882673,15489882673
sh.601921,601921,XD浙版传,2222222223,2222222223
sh.601928,601928,凤凰传媒,2544900000,2544900000
sh.601929,601929,吉视传媒,3489788168,3489788168
sh.601933,601933,永辉超市,9075036993,9075036993
sh.601939,601939,建设银行,261600381459,250010977486
sh.601949,601949,中国出版,1903968054,1903968054
sh.601952,601952,苏垦农发,1378000000,1378000000
sh.601956,601956,东贝集团,621616590,621616590
sh.601958,601958,金钼股份,3226604400,3226604400
sh.601963,601963,重庆银行,3474588278,3458425115
sh.601965,601965,中国汽研,1003054887,998169777
sh.601966,601966,XD玲珑轮,1463502683,1463502683
sh.601968,601968,宝钢包装,1275779460,1275779460
sh.601969,601969,海南矿业,1998248251,1982356251
sh.601975,601975,招商南油,4680344678,4680344678
sh.601985,601985,中国核电,20568002074,18883284867
sh.601988,601988,中国银行,322212411814,294387791241
sh.601990,601990,南京证券,4399627795,3686361034
sh.601991,601991,大唐发电,18506710504,18506710504
sh.601992,601992,金隅集团,10677771134,10672923134
sh.601995,601995,中金公司,4827256868,4827256868
sh.601996,601996,丰林集团,1120914416,1120914416
sh.601997,601997,贵阳银行,3656198076,3656198076
sh.601998,601998,中信银行,55645162264,55645162264
sh.601999,601999,出版传媒,550914700,550914700
sh.603000,603000,人民网,1105691056,1105691056
sh.603001,603001,奥康国际,400980000,400980000
sh.603002,603002,宏昌电子,1134078509,1134078509
sh.603004,603004,鼎龙科技,235520000,58880000
sh.603005,603005,晶方科技,652171706,652171706
sh.603006,603006,联明股份,254254250,254254250
sh.603007,603007,顺景科技,876896101,499830778
sh.603008,603008,ST喜临门,368292435,368292435
sh.603009,603009,北特科技,338526168,338408970
sh.603010,603010,万盛股份,589578593,589578593
sh.603011,603011,合锻智能,494414437,494414437
sh.603012,603012,创力集团,646500000,646500000
sh.603013,603013,亚普股份,512599264,512599264
sh.603014,603014,威高血净,417754066,39367332
sh.603015,603015,弘讯科技,404219000,404219000
sh.603016,603016,新宏泰,148160000,148160000
sh.603017,603017,中衡设计,276190293,276190293
sh.603018,603018,华设集团,683796403,683796403
sh.603019,603019,中科曙光,1463115784,1462706864
sh.603020,603020,爱普股份,383237774,383237774
sh.603021,603021,*ST华鹏,319948070,319948070
sh.603022,603022,新通联,200000000,200000000
sh.603023,603023,威帝股份,558117407,558117407
sh.603025,603025,大豪科技,1116654773,1109174773
sh.603026,603026,石大胜华,232701014,202680000
sh.603027,603027,千禾味业,1333125412,1249615367
sh.603028,603028,赛福天,287040000,284190000
sh.603029,603029,天鹅股份,121342000,121342000
sh.603030,603030,全筑股份,1316933520,1316933520
sh.603031,603031,安孚科技,257824793,211120000
sh.603032,603032,德新科技,233514680,231663040
sh.603033,603033,三维股份,1031163554,1012531018
sh.603035,603035,常熟汽饰,366347080,366347080
sh.603036,603036,如通股份,206006025,206006025
sh.603037,603037,凯众股份,267602208,266142008
sh.603038,603038,华立股份,268677106,268677106
sh.603039,603039,泛微网络,260603073,260603073
sh.603040,603040,新坐标,136486896,135775146
sh.603041,603041,美思德,183147692,183147692
sh.603042,603042,华脉科技,160589840,160589840
sh.603043,603043,广州酒家,568770805,568770805
sh.603045,603045,福达合金,135445155,135445155
sh.603048,603048,浙江黎明,146880000,146880000
sh.603049,603049,中策橡胶,874485598,87448560
sh.603050,603050,科林电气,403319193,403319193
sh.603051,603051,鹿山新材,161632896,161632896
sh.603052,603052,可川科技,187897282,187897282
sh.603053,603053,成都燃气,888890000,888890000
sh.603055,603055,台华新材,890293188,887050388
sh.603057,603057,紫燕食品,413513750,412000000
sh.603058,603058,永吉股份,414662767,413612127
sh.603059,603059,倍加洁,100448700,100448700
sh.603060,603060,国检集团,803960683,803960683
sh.603061,603061,金海通,60000000,41826334
sh.603062,603062,麦加芯彩,108000000,37073100
sh.603063,603063,禾望电气,457892080,457892080
sh.603065,603065,宿迁联盛,418967572,196673455
sh.603066,603066,音飞储存,294180074,294180074
sh.603067,603067,振华股份,710760277,710760277
sh.603068,603068,博通集成,150424966,150424966
sh.603069,603069,海汽集团,316000000,316000000
sh.603070,603070,万控智造,401000000,395416908
sh.603071,603071,物产环能,557954442,557954442
sh.603072,603072,天和磁材,264280000,66070000
sh.603073,603073,彩蝶实业,116000000,50892848
sh.603075,603075,热威股份,402483111,41245066
sh.603076,603076,乐惠国际,120701344,120701344
sh.603077,603077,和邦生物,8831529228,8831529228
sh.603078,603078,江化微,385637248,385637248
sh.603079,603079,圣达生物,189029624,189029624
sh.603080,603080,新疆火炬,141500000,141500000
sh.603081,603081,大丰实业,422499149,422499149
sh.603082,603082,北自科技,162227543,40556900
sh.603083,603083,剑桥科技,352650373,319887623
sh.603085,603085,天成自控,397100000,397100000
sh.603086,603086,先达股份,434813143,434813143
sh.603087,603087,甘李药业,597304969,557858580
sh.603088,603088,宁波精达,502387966,437871840
sh.603089,603089,正裕工业,240033268,240033268
sh.603090,603090,宏盛股份,100000000,100000000
sh.603091,603091,众鑫股份,102238793,30816753
sh.603092,603092,德力佳,400000100,33452460
sh.603093,603093,南华期货,717724893,717724893
sh.603095,603095,越剑智能,258269200,258269200
sh.603096,603096,新经典,154234624,154234624
sh.603097,603097,江苏华辰,165153181,160003181
sh.603098,603098,森特股份,539699978,538799978
sh.603099,603099,长白山,272355860,266670000
sh.603100,603100,川仪股份,513173176,510000559
sh.603101,603101,汇嘉时代,470400000,470400000
sh.603102,603102,百合股份,64000000,64000000
sh.603103,603103,横店影视,634200000,634200000
sh.603105,603105,芯能科技,500009102,500009102
sh.603106,603106,恒银科技,520520000,520520000
sh.603107,603107,上海汽配,337335000,218174000
sh.603108,603108,润达医疗,603678751,603678751
sh.603109,603109,神驰机电,208848360,208848360
sh.603110,603110,东方材料,201226732,201226732
sh.603111,603111,康尼机电,862030672,846509779
sh.603112,603112,华翔股份,540170563,505198717
sh.603113,603113,金能科技,848490616,848490616
sh.603115,603115,海星股份,241890400,241890400
sh.603116,603116,红蜻蜓,576200800,576200800
sh.603117,603117,万林物流,599197742,599197742
sh.603118,603118,共进股份,787276406,787276406
sh.603119,603119,浙江荣泰,363742150,203879483
sh.603120,603120,肯特催化,90400000,22143822
sh.603121,603121,华培动力,338533715,338533715
sh.603122,603122,合富中国,398052633,398052633
sh.603123,603123,翠微股份,798736665,652275949
sh.603124,603124,江南新材,145745199,29225675
sh.603125,603125,常青科技,404836375,101214350
sh.603126,603126,中材节能,,
sh.603127,603127,昭衍新药,749477334,749477334
sh.603128,603128,华贸物流,1309046494,1309046494
sh.603129,603129,春风动力,152577663,152577663
sh.603130,603130,云中马,137514200,137514200
sh.603131,603131,上海沪工,328495009,328495009
sh.603132,603132,金徽股份,978000000,978000000
sh.603135,603135,中重科技,629538080,252657156
sh.603136,603136,天目湖,270126710,270126710
sh.603137,603137,恒尚节能,182933334,73733334
sh.603138,603138,海量数据,293872710,288342850
sh.603139,603139,康惠股份,99880000,99880000
sh.603150,603150,万朗磁塑,85483000,85483000
sh.603151,603151,邦基科技,170989000,170989000
sh.603153,603153,上海建科,409861106,135000000
sh.603155,603155,新亚强,315786800,315786800
sh.603156,603156,养元饮品,1260277566,1260277566
sh.603158,603158,腾龙股份,490770148,490770148
sh.603159,603159,上海亚虹,140000000,140000000
sh.603160,603160,汇顶科技,465335993,465335993
sh.603161,603161,科华控股,194407705,190748750
sh.603162,603162,海通发展,928211808,279188996
sh.603163,603163,圣晖集成,100000000,100000000
sh.603165,603165,荣晟环保,263928065,263928065
sh.603166,603166,福达股份,645650651,640715651
sh.603167,603167,渤海轮渡,469144503,469144503
sh.603168,603168,莎普爱思,374126505,372514005
sh.603169,603169,兰石重装,1306291798,1306291798
sh.603170,603170,宝立食品,400010000,400010000
sh.603171,603171,税友股份,406345000,405890000
sh.603172,603172,万丰股份,133380000,50080000
sh.603173,603173,福斯达,160000000,49540000
sh.603175,603175,超颖电子,437029321,43999308
sh.603176,603176,汇通集团,475237054,461816054
sh.603177,603177,德创环保,204192000,204192000
sh.603178,603178,圣龙股份,236411881,236411881
sh.603179,603179,新泉股份,510141893,510141893
sh.603180,603180,金牌家居,154257140,154257140
sh.603181,603181,皇马科技,588700000,588700000
sh.603182,603182,嘉华股份,164550000,164550000
sh.603183,603183,建研院,497153251,497153251
sh.603185,603185,弘元绿能,683076802,679022202
sh.603186,603186,华正新材,142024838,142024838
sh.603187,603187,海容冷链,386416107,382361891
sh.603188,603188,亚邦股份,570170000,570170000
sh.603189,603189,XD*ST网,269548349,269548349
sh.603190,603190,亚通精工,124540000,40519480
sh.603191,603191,望变电气,332353407,330037407
sh.603192,603192,汇得科技,141754417,139406467
sh.603193,603193,润本股份,404593314,103336314
sh.603194,603194,中力股份,401000000,158026913
sh.603195,603195,公牛集团,1807973428,1800728214
sh.603196,603196,璞源材料,236988282,236988282
sh.603197,603197,保隆科技,213659794,213659794
sh.603198,603198,迎驾贡酒,800000000,800000000
sh.603199,603199,九华旅游,110680000,110680000
sh.603200,603200,上海洗霸,175480103,175480103
sh.603201,603201,常润股份,189979722,188354742
sh.603202,603202,天有为,160000000,33262038
sh.603203,603203,快克智能,253661118,249153318
sh.603205,603205,健尔康,156000000,41340000
sh.603206,603206,嘉环科技,305199988,305199988
sh.603207,603207,小方制药,160559967,54400000
sh.603208,603208,江山欧派,177172674,177172674
sh.603209,603209,兴通股份,325000000,321491597
sh.603210,603210,泰鸿万立,340400000,75390698
sh.603211,603211,晋拓股份,271808000,271808000
sh.603212,603212,赛伍技术,437490636,437490636
sh.603213,603213,镇洋发展,441972355,441972355
sh.603214,603214,爱婴室,138540036,138540036
sh.603215,603215,比依股份,187939551,187228380
sh.603216,603216,梦天家居,222690000,222690000
sh.603217,603217,元利科技,208087600,208087600
sh.603218,603218,日月股份,1030341250,1028036250
sh.603219,603219,富佳股份,561400000,561400000
sh.603220,603220,中贝通信,434260254,434260254
sh.603221,603221,爱丽家居,244540000,242270000
sh.603222,603222,济民健康,525090615,525090615
sh.603223,603223,恒通股份,714187046,714187046
sh.603225,603225,XD新凤鸣,1524555643,1515607543
sh.603226,603226,菲林格尔,355491770,355491770
sh.603227,603227,雪峰科技,1071692689,1071692689
sh.603228,603228,景旺电子,984812493,975750853
sh.603229,603229,奥翔药业,830297145,830297145
sh.603230,603230,内蒙新华,353523000,353523000
sh.603231,603231,索宝蛋白,191459105,106265982
sh.603232,603232,格尔软件,234082195,231299995
sh.603233,603233,大参林,1138848067,1138848067
sh.603235,603235,天新药业,437780000,147065200
sh.603236,603236,移远通信,287823419,261657654
sh.603237,603237,五芳斋,197072537,196011726
sh.603238,603238,诺邦股份,177509000,177509000
sh.603239,603239,浙江仙通,270720000,270720000
sh.603248,603248,锡华科技,460000000,69308918
sh.603255,603255,鼎际得,134591667,60675248
sh.603256,603256,宏和科技,879727500,879727500
sh.603257,603257,中国瑞林,120000000,24900000
sh.603258,603258,电魂网络,243896700,241341350
sh.603259,603259,药明康德,2983757155,2983757155
sh.603260,603260,合盛硅业,1182206941,1182206941
sh.603261,603261,立航科技,77505022,77505022
sh.603262,603262,技源集团,400010000,38802645
sh.603266,603266,天龙股份,198886750,198886750
sh.603267,603267,鸿远电子,231080892,231080892
sh.603268,603268,松发股份,970778303,124168800
sh.603269,603269,海鸥股份,308751768,308751768
sh.603270,603270,金帝股份,219106667,70716667
sh.603271,603271,永杰新材,196720000,39360000
sh.603272,603272,*ST联翔,103627000,103627000
sh.603273,603273,天元智能,214313400,56058400
sh.603275,603275,众辰科技,148771851,41535963
sh.603276,603276,恒兴新材,207649497,75642328
sh.603277,603277,银都股份,613699305,609746025
sh.603278,603278,大业股份,341759392,341759392
sh.603279,603279,景津装备,576373000,576373000
sh.603280,603280,南方路机,108406667,27941667
sh.603281,603281,江瀚新材,373333334,251693916
sh.603282,603282,亚光股份,133820000,62809759
sh.603283,603283,赛腾股份,271174033,271174033
sh.603284,603284,林平发展,56561100,
sh.603285,603285,键邦股份,160000000,62296780
sh.603286,603286,日盈电子,117395931,115414831
sh.603288,603288,海天味业,5851824944,5851824944
sh.603289,603289,泰瑞机器,293389042,293389042
sh.603290,603290,斯达半导,239473466,239473466
sh.603291,603291,联合水务,423220604,129943077
sh.603293,603293,埃泰克,,
sh.603296,603296,华勤技术,1015732344,571178460
sh.603297,603297,永新光学,110936700,110729100
sh.603298,603298,杭叉集团,1309812049,1309812049
sh.603299,603299,苏盐井神,781658202,777856820
sh.603300,603300,海南华铁,1996878490,1996878490
sh.603301,603301,振德医疗,265835535,265835535
sh.603303,603303,得邦照明,476944575,476944575
sh.603305,603305,旭升集团,1155708556,1155708556
sh.603306,603306,华懋科技,329494313,329494313
sh.603307,603307,扬州金泉,68077000,17000000
sh.603308,603308,应流股份,679036441,679036441
sh.603309,603309,维力医疗,291871418,291871418
sh.603310,603310,巍华新材,345340000,184560000
sh.603311,603311,金海高科,235883907,235883907
sh.603312,603312,西典新能,159999500,50919500
sh.603313,603313,梦百合,570586885,570586885
sh.603315,603315,福鞍股份,320366264,320366264
sh.603316,603316,诚邦股份,264264000,264264000
sh.603317,603317,天味食品,1064714794,1064714794
sh.603318,603318,水发燃气,459070924,459070924
sh.603319,603319,美湖股份,339149678,339149678
sh.603320,603320,迪贝电气,149146203,149146203
sh.603321,603321,梅轮电梯,348889469,302515000
sh.603322,603322,超讯科技,157586796,157586796
sh.603323,603323,苏农银行,2018541437,2018541437
sh.603324,603324,盛剑科技,147679580,147679580
sh.603325,603325,博隆技术,80004000,34183200
sh.603326,603326,我乐家居,319176930,319176930
sh.603327,603327,福蓉科技,1000510746,1000510746
sh.603328,603328,依顿电子,998442611,998442611
sh.603329,603329,上海雅仕,250051175,206383053
sh.603330,603330,天洋新材,432673649,406713230
sh.603331,603331,百达精工,202175636,202175636
sh.603332,603332,苏州龙杰,216347184,216347184
sh.603333,603333,福华尚纬,621527586,621527586
sh.603334,603334,丰倍生物,143500000,31053628
sh.603335,603335,迪生力,428144600,428144600
sh.603336,603336,宏辉果蔬,608718945,608718945
sh.603337,603337,杰克科技,476427291,473725491
sh.603338,603338,浙江鼎力,506347879,506347879
sh.603339,603339,四方科技,309441175,309441175
sh.603341,603341,龙旗科技,470331544,266212831
sh.603344,603344,星德胜,194530980,54030980
sh.603345,603345,安井食品,333288932,333288932
sh.603348,603348,文灿股份,314477192,314477192
sh.603350,603350,安乃达,116415000,44000000
sh.603351,603351,威尔药业,135439132,135439132
sh.603352,603352,至信股份,170000000,
sh.603353,603353,和顺石油,171906000,170418000
sh.603355,603355,莱克电气,573396130,573396130
sh.603356,603356,华菱精工,133340000,133340000
sh.603357,603357,设计总院,560577909,555602959
sh.603358,603358,华达科技,469743076,449246185
sh.603359,603359,*ST东珠,446096000,446096000
sh.603360,603360,百傲化学,706223654,706223654
sh.603363,603363,傲农生物,2602961826,2044961826
sh.603365,603365,水星家纺,262496300,259802300
sh.603366,603366,日出东方,813048101,813048101
sh.603367,603367,辰欣药业,452754129,452754129
sh.603368,603368,柳药集团,397175125,397175125
sh.603369,603369,今世缘,1246800037,1246800037
sh.603370,603370,华新精科,174950000,34283419
sh.603373,603373,安邦护卫,107526882,45430108
sh.603375,603375,盛景微,100666667,63780929
sh.603376,603376,大明电子,400001000,31037597
sh.603377,603377,ST东时,714916351,714916351
sh.603378,603378,*ST亚士,428596642,428596642
sh.603379,603379,三美股份,610479037,610479037
sh.603380,603380,易德龙,160441200,160441200
sh.603381,603381,永臻股份,237256326,142137686
sh.603382,603382,海阳科技,181251368,36250320
sh.603383,603383,顶点软件,205379059,205376359
sh.603385,603385,惠达卫浴,380664968,380664968
sh.603386,603386,骏亚科技,326322560,326322560
sh.603387,603387,基蛋生物,507153517,507153517
sh.603389,603389,*ST亚振,262752000,262752000
sh.603390,603390,通达电气,351651984,350513953
sh.603391,603391,力聚热能,91000000,22750000
sh.603392,603392,万泰生物,1264392804,1264392804
sh.603393,603393,新天然气,423921327,423221331
sh.603395,603395,红四方,260000000,65000000
sh.603396,603396,金辰股份,138527478,138527478
sh.603398,603398,*ST沐邦,433641524,433641524
sh.603399,603399,永杉锂业,512290649,512290649
sh.603400,603400,华之杰,100000000,20000000
sh.603402,603402,陕西旅游,58000000,
sh.603406,603406,天富龙,400010000,35539898
sh.603407,603407,长裕集团,,
sh.603408,603408,建霖家居,447573000,447573000
sh.603409,603409,汇通控股,126030000,31507704
sh.603416,603416,信捷电气,157138633,139245000
sh.603418,603418,友升股份,193068444,40422410
sh.603421,603421,鼎信通讯,652190511,652190511
sh.603429,603429,*ST集友,524485465,524485465
sh.603435,603435,嘉德利,,
sh.603439,603439,三力制药,408930216,403840216
sh.603444,603444,吉比特,72041101,72041101
sh.603456,603456,九洲药业,889446028,889446028
sh.603458,603458,勘设股份,306124514,306124514
sh.603459,603459,红板科技,,
sh.603466,603466,风语筑,594786019,594786019
sh.603477,603477,巨星农牧,510070372,510070372
sh.603486,603486,科沃斯,578921306,573351206
sh.603488,603488,展鹏科技,291990440,291990440
sh.603489,603489,八方股份,234617979,234617979
sh.603496,603496,恒为科技,320209243,320209243
sh.603499,603499,翔港科技,302594390,302594390
sh.603500,603500,祥和实业,332790246,331833469
sh.603501,603501,豪威集团,1209759889,1209759889
sh.603505,603505,金石资源,841668813,841668813
sh.603506,603506,南都物业,187777779,187777779
sh.603507,603507,振江股份,184301307,181772307
sh.603508,603508,思维列控,381274377,381274377
sh.603511,603511,爱慕股份,404050612,401887312
sh.603515,603515,欧普照明,743817633,736284029
sh.603516,603516,淳中科技,203268279,203268279
sh.603517,603517,ST绝味,606001936,606001936
sh.603518,603518,锦泓集团,345351984,343843284
sh.603519,603519,立霸股份,266327839,266327839
sh.603520,603520,司太立,438409881,438409881
sh.603527,603527,众源新材,316971200,316971200
sh.603528,603528,多伦科技,705930131,705930131
sh.603529,603529,爱玛科技,869127956,847560432
sh.603530,603530,神马电力,431684575,427464774
sh.603533,603533,掌阅科技,438896835,438896835
sh.603535,603535,嘉诚国际,510918331,510918331
sh.603536,603536,惠发食品,242380780,240532260
sh.603538,603538,美诺华,220630759,216195379
sh.603551,603551,奥普科技,390158650,384947650
sh.603556,603556,海兴电力,486264170,486264170
sh.603557,603557,*ST起步,623436888,623436888
sh.603558,603558,健盛集团,342638049,342638049
sh.603559,603559,ST通脉,401276979,401276979
sh.603565,603565,中谷物流,2100063103,2100063103
sh.603566,603566,普莱柯,346062273,346062273
sh.603567,603567,珍宝岛,940996515,939540524
sh.603568,603568,伟明环保,1710128059,1707044059
sh.603569,603569,长久物流,603507251,603507251
sh.603577,603577,汇金通,339139100,339139100
sh.603578,603578,三星新材,180357032,180357032
sh.603579,603579,荣泰健康,203355564,203355564
sh.603580,603580,*ST艾艾,130673200,130673200
sh.603583,603583,捷昌驱动,385770955,382246955
sh.603585,603585,苏利股份,186891727,182736727
sh.603586,603586,金麒麟,196052780,196052780
sh.603587,603587,地素时尚,474092787,474092787
sh.603588,603588,高能环境,1523234457,1523234457
sh.603589,603589,口子窖,598119472,598119472
sh.603590,603590,康辰药业,159010477,158223477
sh.603595,603595,ST东尼,232442326,232442326
sh.603596,603596,伯特利,606510820,606510820
sh.603598,603598,引力传媒,269562900,269262900
sh.603599,603599,广信股份,910269345,910269345
sh.603600,603600,永艺股份,330433170,300038034
sh.603601,603601,再升科技,1087999038,1087999038
sh.603602,603602,纵横通信,231057494,231057494
sh.603605,603605,珀莱雅,395975998,395975998
sh.603606,603606,东方电缆,687715368,687715368
sh.603607,603607,京华激光,178516800,178516800
sh.603608,603608,天创时尚,419717070,419717070
sh.603609,603609,禾丰股份,912491133,912491133
sh.603610,603610,麒盛科技,352991621,352991621
sh.603611,603611,诺力股份,257600791,257600791
sh.603612,603612,索通发展,498104459,498104459
sh.603613,603613,国联股份,720537813,720537813
sh.603615,603615,茶花股份,241820000,241820000
sh.603616,603616,韩建河山,391318000,384293000
sh.603617,603617,君禾股份,390471337,383641337
sh.603618,603618,杭电股份,691375616,691375616
sh.603619,603619,中曼石油,462338461,462338461
sh.603626,603626,科森科技,554879690,554879690
sh.603628,603628,清源股份,273103656,272170956
sh.603629,603629,利通电子,262380000,256412000
sh.603630,603630,拉芳家化,225204580,225204580
sh.603633,603633,徕木股份,426810818,426810818
sh.603636,603636,南威软件,580360523,580360523
sh.603637,603637,镇海股份,238685877,238685877
sh.603638,603638,艾迪精密,831088810,831088810
sh.603639,603639,海利尔,349648236,339878336
sh.603648,603648,畅联股份,362412800,362412800
sh.603650,603650,彤程新材,616107972,614473388
sh.603655,603655,朗博科技,106000000,106000000
sh.603656,603656,泰禾智能,183375358,183375358
sh.603657,603657,春光科技,135190050,135190050
sh.603658,603658,安图生物,571424768,571424768
sh.603659,603659,璞泰来,2136399076,2136399076
sh.603660,603660,苏州科达,575786046,571492696
sh.603661,603661,恒林股份,139067031,139067031
sh.603662,603662,柯力传感,280829868,280829868
sh.603663,603663,三祥新材,423299750,422819750
sh.603665,603665,康隆达,161111057,160167707
sh.603666,603666,亿嘉和,205530420,205530420
sh.603667,603667,五洲新春,366202770,366202770
sh.603668,603668,天马科技,505723272,505723272
sh.603669,603669,灵康药业,721246136,721246136
sh.603676,603676,卫信康,435161500,435161500
sh.603677,603677,奇精机械,192600865,192600865
sh.603678,603678,火炬电子,475566631,475566631
sh.603679,603679,华体科技,167347121,167347121
sh.603680,603680,今创集团,783718767,783718767
sh.603681,603681,永冠新材,191131274,191131274
sh.603682,603682,锦和商管,472500000,472500000
sh.603683,603683,晶华新材,290411661,285991061
sh.603685,603685,晨丰科技,250950568,201465747
sh.603686,603686,福龙马,415430404,415430404
sh.603687,603687,大胜达,550031864,550031864
sh.603688,603688,石英股份,541678289,541678289
sh.603689,603689,皖天然气,526028575,521135565
sh.603690,603690,至纯科技,382964250,382964250
sh.603693,603693,江苏新能,891475880,891475880
sh.603696,603696,安记食品,235200000,235200000
sh.603697,603697,有友食品,427692098,427692098
sh.603698,603698,航天工程,535990000,535990000
sh.603699,603699,纽威股份,775526127,758142728
sh.603700,603700,宁水集团,199961934,199961934
sh.603701,603701,德宏股份,261361901,261361901
sh.603703,603703,盛洋科技,414982120,414982120
sh.603706,603706,东方环宇,189382714,189382714
sh.603707,603707,健友股份,1615635256,1615635256
sh.603708,603708,家家悦,638338675,638338675
sh.603709,603709,中源家居,126077200,125109270
sh.603711,603711,XD香飘飘,412874100,412874100
sh.603712,603712,七一二,772000000,772000000
sh.603713,603713,密尔克卫,158127190,158127190
sh.603716,603716,塞力医疗,210192214,210192214
sh.603717,603717,天域生物,290146240,290146240
sh.603718,603718,*ST海利,655662200,648979700
sh.603719,603719,良品铺子,401000000,401000000
sh.603721,603721,中广天择,130000000,130000000
sh.603722,603722,阿科力,97720121,95700121
sh.603725,603725,天安新材,304857680,286657680
sh.603726,603726,朗迪集团,185651200,184706200
sh.603727,603727,博迈科,281719277,281719277
sh.603728,603728,鸣志电器,418882500,418882500
sh.603729,603729,ST龙韵,93338000,93338000
sh.603730,603730,岱美股份,2148585282,2148585282
sh.603733,603733,仙鹤股份,707724088,707724088
sh.603737,603737,三棵树,737817473,737817473
sh.603738,603738,泰晶科技,385887492,385887492
sh.603739,603739,蔚蓝生物,253028866,253028866
sh.603755,603755,日辰股份,98613681,98613681
sh.603757,603757,大元泵业,186547259,186547259
sh.603758,603758,秦安股份,438797049,438797049
sh.603759,603759,海天股份,461760000,461760000
sh.603766,603766,隆鑫通用,2053541850,2053541850
sh.603767,603767,中马传动,308631500,308631500
sh.603768,603768,常青股份,237955857,237955857
sh.603773,603773,沃格光电,224658633,224580633
sh.603776,603776,永安行,280760572,280760572
sh.603777,603777,来伊份,334424166,334424166
sh.603778,603778,国晟科技,656642120,642857142
sh.603779,603779,威龙股份,332082754,332082754
sh.603786,603786,科博达,403856700,403856700
sh.603787,603787,新日股份,230143790,230143790
sh.603788,603788,宁波高发,223065068,223065068
sh.603789,603789,ST星农,270451400,260000000
sh.603790,603790,雅运股份,191360000,191360000
sh.603797,603797,联泰环保,576605190,576605190
sh.603798,603798,康普顿,256449650,256449650
sh.603799,603799,华友钴业,1896727497,1884078917
sh.603800,603800,洪田股份,208000000,208000000
sh.603801,603801,志邦家居,434351397,434351397
sh.603803,603803,瑞斯康达,424883557,424883557
sh.603806,603806,福斯特,2608739191,2608739191
sh.603808,603808,歌力思,369092878,369092878
sh.603809,603809,豪能股份,920288807,920288807
sh.603810,603810,丰山集团,165337520,165337520
sh.603811,603811,诚意药业,327304320,327304320
sh.603813,603813,原尚股份,105015000,105015000
sh.603815,603815,交建股份,618924235,618924235
sh.603816,603816,顾家家居,821451519,812166231
sh.603817,603817,海峡环保,570084039,570084039
sh.603818,603818,曲美家居,686543855,686543855
sh.603819,603819,神力股份,217730187,217730187
sh.603822,603822,ST嘉澳,76825886,76825886
sh.603823,603823,百合花,416367704,411031504
sh.603825,603825,ST华扬,253336552,253336552
sh.603826,603826,坤彩科技,655200000,655200000
sh.603828,603828,*ST利达,595960158,595939625
sh.603829,603829,洛凯股份,186266159,186266159
sh.603833,603833,欧派家居,609152867,609152867
sh.603836,603836,海程邦达,205235237,205235237
sh.603838,603838,*ST四通,320016000,320016000
sh.603839,603839,安正时尚,389034500,389034500
sh.603843,603843,*ST正平,699623237,699623237
sh.603848,603848,好太太,402406511,402406511
sh.603855,603855,华荣股份,337511000,335532500
sh.603856,603856,东宏股份,282056060,282056060
sh.603858,603858,步长制药,1054568442,1054568442
sh.603859,603859,能科科技,244697701,244697701
sh.603860,603860,中公高科,66680000,66680000
sh.603861,603861,白云电器,540527955,528586478
sh.603863,603863,松炀资源,204650000,204650000
sh.603866,603866,桃李面包,1599719155,1599719155
sh.603867,603867,新化股份,217486743,215686743
sh.603868,603868,飞科电器,435600000,435600000
sh.603869,603869,ST智知,494116588,494116588
sh.603871,603871,嘉友国际,1368008658,1368008658
sh.603876,603876,鼎胜新材,929267213,929267213
sh.603877,603877,太平鸟,471075735,469323560
sh.603878,603878,武进不锈,561137503,561137503
sh.603879,603879,永悦科技,359344440,359344440
sh.603880,603880,南卫股份,289042000,289042000
sh.603881,603881,数据港,718376999,718376999
sh.603882,603882,金域医学,463258275,460134577
sh.603883,603883,老百姓,758890236,758890236
sh.603885,603885,吉祥航空,2184005268,2184005268
sh.603886,603886,元祖股份,240000000,240000000
sh.603887,603887,城地香江,602029421,595279421
sh.603888,603888,新华网,674738168,674738168
sh.603889,603889,新澳股份,730241443,724721043
sh.603890,603890,春秋电子,455944801,455944801
sh.603893,603893,瑞芯微,420949000,420831000
sh.603895,603895,天永智能,108080000,108080000
sh.603896,603896,寿仙谷,198243911,198243911
sh.603897,603897,长城科技,206435681,206435681
sh.603898,603898,好莱客,311345062,311345062
sh.603899,603899,晨光股份,920970377,920970377
sh.603900,603900,莱绅通灵,343023840,341748840
sh.603901,603901,永创智能,497519808,487125858
sh.603903,603903,中持股份,255319480,255319480
sh.603906,603906,龙蟠科技,685078903,685078903
sh.603908,603908,牧高笛,93126988,93126988
sh.603909,603909,建发合诚,260673140,260673140
sh.603912,603912,佳力图,541842916,541842916
sh.603915,603915,国茂股份,656632480,656632480
sh.603916,603916,苏博特,426295373,420325373
sh.603917,603917,合力科技,203840000,203840000
sh.603918,603918,金桥信息,365401826,365107526
sh.603919,603919,金徽酒,507259997,507259997
sh.603920,603920,世运电路,720592317,720592317
sh.603922,603922,ST金鸿顺,179200000,179200000
sh.603926,603926,铁流股份,234716611,230838611
sh.603927,603927,中科软,831040000,831040000
sh.603928,603928,兴业股份,262080000,262080000
sh.603929,603929,亚翔集成,213360000,213360000
sh.603931,603931,格林达,199558380,199558380
sh.603933,603933,睿能科技,207544575,207544575
sh.603936,603936,博敏电子,630398004,630398004
sh.603937,603937,丽岛新材,208888976,208888976
sh.603938,603938,三孚股份,382624497,382624497
sh.603939,603939,益丰药房,1212391959,1212391959
sh.603948,603948,建业股份,162489167,162489167
sh.603949,603949,雪龙集团,211136680,210205274
sh.603950,603950,长源东谷,324130800,323606800
sh.603955,603955,大千生态,135720000,135720000
sh.603956,603956,威派格,569906286,569906286
sh.603958,603958,哈森股份,219360000,219360000
sh.603959,603959,ST百利,490298992,490298992
sh.603960,603960,克来机电,262197900,262197900
sh.603966,603966,法兰泰克,398670986,397722136
sh.603967,603967,中创物流,346666710,346666710
sh.603968,603968,醋化股份,204480000,204480000
sh.603969,603969,银龙股份,857344000,843808400
sh.603970,603970,中农立华,268800134,268800134
sh.603976,603976,正川股份,151203750,151203750
sh.603977,603977,国泰集团,621241828,621241828
sh.603978,603978,深圳新星,211094299,211094299
sh.603979,603979,金诚信,623788486,623788486
sh.603980,603980,吉华集团,676833360,676833360
sh.603982,603982,泉峰汽车,365128995,339553548
sh.603983,603983,丸美生物,401000000,401000000
sh.603985,603985,恒润股份,440858003,440858003
sh.603986,603986,兆易创新,667849351,667844786
sh.603987,603987,康德莱,436790880,436790880
sh.603988,603988,中电电机,235200000,235200000
sh.603989,603989,艾华集团,398779860,398779860
sh.603990,603990,麦迪科技,306282731,306282731
sh.603991,603991,领先股份,152709710,74534998
sh.603992,603992,松霖科技,433139342,427773342
sh.603993,603993,洛阳钼业,21394310176,21394310176
sh.603995,603995,甬金股份,365617895,365617895
sh.603997,603997,继峰股份,1272264864,1272264864
sh.603998,603998,方盛制药,439081360,439081360
sh.603999,603999,读者传媒,576000000,576000000
sh.605001,605001,威奥股份,392886000,392886000
sh.605003,605003,众望布艺,110000000,110000000
sh.605005,605005,合兴股份,401000000,401000000
sh.605006,605006,山东玻纤,610967990,600017790
sh.605007,605007,五洲特纸,475730003,401553050
sh.605008,605008,长鸿高科,645962414,645962414
sh.605009,605009,豪悦护理,215065960,214619640
sh.605011,605011,杭州热电,400100000,400100000
sh.605016,605016,百龙创园,420012320,420012320
sh.605018,605018,长华集团,470065793,470065793
sh.605020,605020,永和股份,510818723,502923987
sh.605028,605028,世茂能源,160000000,160000000
sh.605033,605033,美邦股份,135200000,135200000
sh.605050,605050,福然德,492829181,492829181
sh.605055,605055,迎丰股份,440000000,440000000
sh.605056,605056,咸亨国际,410282240,403393200
sh.605058,605058,澳弘电子,142923950,142923950
sh.605060,605060,联德股份,240592000,238940400
sh.605066,605066,天正电气,504750125,502433125
sh.605068,605068,明新旭腾,162198495,162198495
sh.605069,605069,正和生态,211697778,84161278
sh.605077,605077,华康股份,303049933,299429433
sh.605080,605080,浙江自然,141540840,140351200
sh.605081,605081,退市太和,113247072,113247072
sh.605086,605086,龙高股份,179200000,179200000
sh.605088,605088,冠盛股份,202726053,199715253
sh.605089,605089,味知香,138000000,138000000
sh.605090,605090,九丰能源,704032658,702499955
sh.605098,605098,行动教育,119251100,119251100
sh.605099,605099,共创草坪,402531754,400980650
sh.605100,605100,华丰股份,170730000,169932000
sh.605108,605108,同庆楼,260000000,260000000
sh.605111,605111,新洁能,415332567,415332567
sh.605116,605116,奥锐特,406195234,406183234
sh.605117,605117,德业股份,908683898,908683898
sh.605118,605118,力鼎光电,410684000,407116000
sh.605122,605122,四方新材,172354000,172354000
sh.605123,605123,派克新材,121170892,121170892
sh.605128,605128,上海沿浦,211138706,211138706
sh.605133,605133,嵘泰股份,282806592,281402722
sh.605136,605136,丽人丽妆,400458500,400458500
sh.605138,605138,盛泰集团,555571397,555571397
sh.605151,605151,西上海,134554222,134554222
sh.605155,605155,西大门,191298100,189934500
sh.605158,605158,华达新材,511420000,511420000
sh.605162,605162,新中港,400583002,400583002
sh.605166,605166,XD聚合顺,314732646,314732646
sh.605167,605167,利柏特,449070000,449070000
sh.605168,605168,三人行,210816986,210816986
sh.605169,605169,XD洪通燃,282880000,282880000
sh.605177,605177,东亚药业,114726070,112583967
sh.605178,605178,时空科技,99080000,99080000
sh.605179,605179,一鸣食品,401000000,401000000
sh.605180,605180,华生科技,169000000,169000000
sh.605183,605183,确成股份,415883145,412429445
sh.605186,605186,健麾信息,136000000,136000000
sh.605188,605188,国光连锁,502358500,502358500
sh.605189,605189,富春染织,194077603,194077603
sh.605196,605196,华通线缆,511002781,504962781
sh.605198,605198,安德利,334188000,334188000
sh.605199,605199,ST葫芦娃,400108752,400108752
sh.605208,605208,永茂泰,329940000,329940000
sh.605218,605218,伟时电子,212833460,212833460
sh.605222,605222,起帆电缆,412901369,412901369
sh.605228,605228,神通科技,432304523,429451523
sh.605255,605255,天普股份,134080000,134080000
sh.605258,605258,协和电子,88000000,88000000
sh.605259,605259,绿田机械,172480000,172480000
sh.605266,605266,健之佳,154542928,154542928
sh.605268,605268,王力安防,446302500,437696250
sh.605277,605277,新亚电子,323987849,318134783
sh.605286,605286,同力天启,168000000,168000000
sh.605287,605287,德才股份,140000000,140000000
sh.605288,605288,凯迪股份,70673012,70198912
sh.605289,605289,罗曼股份,109007500,108337500
sh.605296,605296,神农集团,524764418,517984418
sh.605298,605298,必得科技,187850000,184652000
sh.605299,605299,舒华体育,409226523,409226523
sh.605300,605300,佳禾食品,454398597,454398597
sh.605303,605303,园林股份,161237408,161237408
sh.605305,605305,中际联合,212520000,212520000
sh.605318,605318,法狮龙,125729028,125729028
sh.605319,605319,无锡振华,350086304,301100304
sh.605333,605333,沪光股份,464040406,436776081
sh.605336,605336,*ST帅电,183412450,183412450
sh.605337,605337,李子园,390102273,390102273
sh.605338,605338,巴比食品,239566662,239566662
sh.605339,605339,南侨食品,424290616,424290616
sh.605358,605358,立昂微,671377396,671377396
sh.605365,605365,立达信,502012876,502012876
sh.605366,605366,宏柏新材,650158729,650158729
sh.605368,605368,蓝天燃气,714635915,714635915
sh.605369,605369,拱东医疗,220492949,220492949
sh.605376,605376,博迁新材,261600000,261600000
sh.605377,605377,华旺科技,556670268,556670268
sh.605378,605378,野马电池,261346400,261346400
sh.605388,605388,均瑶健康,600484000,600484000
sh.605389,605389,长龄液压,144087070,136266760
sh.605398,605398,新炬网络,162716379,162716379
sh.605399,605399,晨光新材,312235328,311557328
sh.605488,605488,福莱新材,280219389,276192589
sh.605499,605499,东鹏饮料,520013000,520013000
sh.605500,605500,森林包装,414400000,414400000
sh.605507,605507,国邦医药,558823500,301722186
sh.605555,605555,德昌股份,484069040,484069040
sh.605566,605566,福莱蒽特,133340000,133340000
sh.605567,605567,春雪食品,200000000,200000000
sh.605577,605577,龙版传媒,444444445,444444445
sh.605580,605580,恒盛能源,280000000,280000000
sh.605588,605588,冠石科技,73468201,73099561
sh.605589,605589,圣泉集团,846388498,843599998
sh.605598,605598,上海港湾,244584809,243016809
sh.605599,605599,菜百股份,777777800,777777800
sh.688001,688001,华兴源创,445377843,445377843
sh.688002,688002,睿创微纳,460238278,460238278
sh.688003,688003,天准科技,194320500,194320500
sh.688004,688004,博汇科技,80088000,80088000
sh.688005,688005,容百科技,714725470,714618752
sh.688006,688006,杭可科技,603672152,603672152
sh.688007,688007,光峰科技,459615635,459615635
sh.688008,688008,澜起科技,1146426521,1146426521
sh.688009,688009,中国通号,10589819000,10589819000
sh.688010,688010,福光股份,160561578,160561578
sh.688011,688011,新光光电,100000000,100000000
sh.688012,688012,中微公司,626145307,626145307
sh.688013,688013,天臣医疗,81155600,81155600
sh.688015,688015,交控科技,188680742,188680742
sh.688016,688016,心脉医疗,123262117,123262117
sh.688017,688017,绿的谐波,183330125,183330125
sh.688018,688018,乐鑫科技,167143010,156702722
sh.688019,688019,安集科技,168562450,168562450
sh.688020,688020,方邦股份,82373000,82373000
sh.688021,688021,奥福科技,76413717,76413717
sh.688022,688022,ST瀚川,175878324,175878324
sh.688023,688023,安恒信息,102065545,102065545
sh.688025,688025,杰普特,95049423,95049423
sh.688026,688026,洁特生物,140364345,140319523
sh.688027,688027,国盾量子,102861001,80374370
sh.688028,688028,沃尔德,150949000,150949000
sh.688029,688029,南微医学,187847422,187847422
sh.688030,688030,山石网科,180235808,180235808
sh.688031,688031,星环科技,121135916,93972544
sh.688032,688032,禾迈股份,124073545,124073545
sh.688033,688033,*ST天宜,562198596,562198596
sh.688035,688035,德邦科技,142240000,142240000
sh.688036,688036,传音控股,1151184545,1151184545
sh.688037,688037,芯源微,201627296,201627296
sh.688038,688038,中科通达,116373400,116373400
sh.688039,688039,当虹科技,110601424,110601424
sh.688041,688041,海光信息,2324338091,2324338091
sh.688045,688045,必易微,69837819,69837819
sh.688046,688046,药康生物,410000000,410000000
sh.688047,688047,龙芯中科,401000000,401000000
sh.688048,688048,长光华芯,176279943,176279943
sh.688049,688049,XD炬芯科,175167650,175167650
sh.688050,688050,爱博医疗,193403175,193403175
sh.688051,688051,佳华科技,77334000,77334000
sh.688052,688052,纳芯微,161596833,161596833
sh.688053,688053,ST思科瑞,100000000,100000000
sh.688055,688055,龙腾光电,3333333400,3333333400
sh.688056,688056,莱伯泰科,67452460,67452460
sh.688057,688057,金达莱,276000000,276000000
sh.688058,688058,宝兰德,77730937,77730937
sh.688059,688059,华锐精密,93568345,87160143
sh.688060,688060,云涌科技,60190728,60190728
sh.688061,688061,灿瑞科技,114889391,45021108
sh.688062,688062,迈威生物,399600000,204170000
sh.688063,688063,派能科技,245359249,245359249
sh.688065,688065,凯赛生物,721289794,583378039
sh.688066,688066,*ST航图,261277771,261277771
sh.688067,688067,爱威科技,68000000,68000000
sh.688068,688068,热景生物,92707940,92707940
sh.688069,688069,德林海,113000000,113000000
sh.688070,688070,纵横股份,87580000,87580000
sh.688071,688071,华依科技,84789724,84789724
sh.688072,688072,拓荆科技,281163930,281163930
sh.688073,688073,毕得医药,90882948,43234172
sh.688075,688075,安旭生物,127082805,127082805
sh.688076,688076,ST诺泰,316051897,316051897
sh.688077,688077,大地熊,114478504,114478504
sh.688078,688078,龙软科技,72893000,72893000
sh.688079,688079,美迪凯,410862124,403696204
sh.688080,688080,映翰通,73656132,73656132
sh.688081,688081,兴图新科,103040000,103040000
sh.688082,688082,盛美上海,480164789,436379810
sh.688083,688083,中望软件,169646246,169646246
sh.688084,688084,晶品特装,75659066,75659066
sh.688085,688085,三友医疗,333462498,313783705
sh.688087,688087,英科再生,194054775,186245490
sh.688088,688088,虹软科技,401170400,401170400
sh.688089,688089,嘉必优,168309120,168309120
sh.688090,688090,瑞松科技,122370064,122094204
sh.688091,688091,上海谊众,206703640,206703640
sh.688092,688092,爱科科技,82690657,82690657
sh.688093,688093,世华科技,280382791,262631312
sh.688095,688095,福昕软件,91359524,91359524
sh.688096,688096,京源环保,236044404,236044404
sh.688097,688097,博众精工,446647765,445008765
sh.688098,688098,申联生物,410644000,410644000
sh.688099,688099,晶晨股份,421165613,421165613
sh.688100,688100,威胜信息,491685175,491685175
sh.688101,688101,三达膜,332012066,332012066
sh.688102,688102,斯瑞新材,774901878,733177261
sh.688103,688103,国力电子,95315551,95315551
sh.688105,688105,诺唯赞,397734544,397734544
sh.688106,688106,金宏气体,481977757,481977757
sh.688107,688107,安路科技,400849367,400849367
sh.688108,688108,赛诺医疗,416048000,416048000
sh.688109,688109,品茗科技,78842300,78842300
sh.688110,688110,东芯股份,442249758,442249758
sh.688111,688111,金山办公,463179293,463179293
sh.688112,688112,鼎阳科技,159596883,159596883
sh.688113,688113,联测科技,64397559,64397559
sh.688114,688114,华大智造,416516155,414334730
sh.688115,688115,思林杰,66670000,66670000
sh.688116,688116,天奈科技,366532021,366532021
sh.688117,688117,圣诺生物,157385978,157385978
sh.688118,688118,普元信息,93316713,93316713
sh.688119,688119,中钢洛耐,1125000000,1125000000
sh.688120,688120,华海清科,353651991,353651991
sh.688121,688121,卓然股份,233614003,202666667
sh.688122,688122,西部超导,649664497,649664497
sh.688123,688123,聚辰股份,158271044,158271044
sh.688125,688125,安达智能,82126356,81689736
sh.688126,688126,沪硅产业,3305023393,2731658657
sh.688127,688127,蓝特光学,405897700,405897700
sh.688128,688128,中国电研,404500000,404500000
sh.688129,688129,东来技术,120478800,120478800
sh.688130,688130,晶华微,120891094,60285094
sh.688131,688131,皓元医药,212103653,212103653
sh.688132,688132,邦彦技术,152225204,108495718
sh.688133,688133,泰坦科技,164436977,164436977
sh.688135,688135,利扬芯片,203453233,203453233
sh.688136,688136,科兴制药,201257250,201257250
sh.688137,688137,近岸蛋白,70175439,32675439
sh.688138,688138,清溢光电,314800000,314800000
sh.688139,688139,海尔生物,317952508,317952508
sh.688141,688141,杰华特,450321609,450321609
sh.688143,688143,长盈通,128780802,122374426
sh.688146,688146,中船特气,529411765,144970842
sh.688147,688147,微导纳米,461157283,461157283
sh.688148,688148,芳源股份,510173053,510173053
sh.688150,688150,莱特光电,402437585,402437585
sh.688151,688151,华强科技,344500000,344500000
sh.688152,688152,麒麟信安,102830359,102830359
sh.688153,688153,唯捷创芯,430313008,408619418
sh.688155,688155,先惠技术,126436008,126436008
sh.688156,688156,路德科技,100714157,100714157
sh.688157,688157,松井股份,156431080,156431080
sh.688158,688158,优刻得,456305081,405473908
sh.688159,688159,有方科技,92908820,92728820
sh.688160,688160,步科股份,90832206,84000000
sh.688161,688161,威高骨科,400000000,400000000
sh.688162,688162,巨一科技,137100775,137100775
sh.688163,688163,赛伦生物,108220000,108220000
sh.688165,688165,埃夫特,521780000,521780000
sh.688166,688166,博瑞医药,423103851,423103851
sh.688167,688167,炬光科技,89859524,89859524
sh.688168,688168,安博通,76855124,76855124
sh.688169,688169,石头科技,259106368,259106368
sh.688170,688170,德龙激光,103360000,103360000
sh.688171,688171,纬德信息,83773400,83773400
sh.688172,688172,燕东微,1427618097,778530985
sh.688173,688173,希荻微,412360270,407846963
sh.688175,688175,高凌信息,129317000,129317000
sh.688176,688176,亚虹医药,571170486,435685949
sh.688177,688177,百奥泰,414080000,414080000
sh.688178,688178,万德斯,84997844,84997844
sh.688179,688179,阿拉丁,332606976,332606976
sh.688180,688180,君实生物,1026689871,1026689871
sh.688181,688181,八亿时空,134481546,134481546
sh.688182,688182,灿勤科技,400000000,400000000
sh.688183,688183,生益电子,831821175,831821175
sh.688184,688184,ST帕瓦,159047514,100487514
sh.688185,688185,康希诺,247043801,247043801
sh.688186,688186,广大特材,280489356,280489356
sh.688187,688187,时代电气,1357948412,1357948412
sh.688188,688188,柏楚电子,288729927,288729927
sh.688189,688189,ST南新,274400000,274400000
sh.688190,688190,云路股份,120000000,120000000
sh.688191,688191,智洋创新,231650370,231650370
sh.688192,688192,迪哲医药,461187894,456245071
sh.688193,688193,仁度生物,40069870,40069870
sh.688195,688195,腾景科技,129350000,129350000
sh.688196,688196,卓越新能,127190795,120000000
sh.688197,688197,首药控股,148719343,64004882
sh.688198,688198,佰仁医疗,137748133,137748133
sh.688199,688199,久日新材,161227251,161227251
sh.688200,688200,华峰测控,135533225,135533225
sh.688201,688201,ST信安,317153816,302530753
sh.688202,688202,美迪西,134352184,134352184
sh.688203,688203,海正生材,202678068,124118007
sh.688205,688205,德科立,158285329,158285329
sh.688206,688206,概伦电子,435177853,435177853
sh.688207,688207,格灵深瞳,258973147,258973147
sh.688208,688208,道通科技,670183441,670183441
sh.688209,688209,英集芯,433784049,433784049
sh.688210,688210,统联精密,161858827,161858827
sh.688211,688211,中科微至,131608698,131608698
sh.688212,688212,澳华内镜,134665250,134665250
sh.688213,688213,思特威,402225175,323427876
sh.688215,688215,瑞晟智能,62423269,62423269
sh.688216,688216,气派科技,106879805,106285805
sh.688217,688217,睿昂基因,55855896,55855896
sh.688218,688218,江苏北人,118601725,118601725
sh.688219,688219,会通股份,549600000,549600000
sh.688220,688220,翱捷科技,418300889,360408158
sh.688221,688221,前沿生物,374578653,374578653
sh.688222,688222,成都先导,400680000,400680000
sh.688223,688223,晶科能源,10005203695,10005203695
sh.688225,688225,亚信安全,400010000,400010000
sh.688226,688226,威腾电气,188775520,188775520
sh.688227,688227,品高股份,113055275,113055275
sh.688228,688228,开普云,67550760,67550760
sh.688229,688229,博睿数据,44400000,44400000
sh.688230,688230,芯导科技,117600000,117600000
sh.688231,688231,隆达股份,246857143,126448762
sh.688232,688232,新点软件,321981975,321981975
sh.688233,688233,神工股份,170305736,170305736
sh.688234,688234,天岳先进,484618544,484618544
sh.688235,688235,百济神州,1441075618,1441075618
sh.688236,688236,春立医疗,383568500,383568500
sh.688237,688237,超卓航科,89681952,89681952
sh.688238,688238,和元生物,649036700,641145700
sh.688239,688239,XD航宇科,190630041,190630041
sh.688244,688244,永信至诚,150961519,150961519
sh.688246,688246,嘉和美康,137585598,137585598
sh.688247,688247,宣泰医药,453340000,453340000
sh.688248,688248,南网科技,564700000,564700000
sh.688249,688249,晶合集成,2007591697,1188218236
sh.688251,688251,井松智能,100602465,99903290
sh.688252,688252,天德钰,409021341,182339485
sh.688253,688253,英诺特,136984316,69336800
sh.688255,688255,凯尔达,109858870,109858870
sh.688256,688256,寒武纪,421685170,418350224
sh.688257,688257,新锐股份,252408504,252408504
sh.688258,688258,卓易信息,121142237,121142237
sh.688259,688259,创耀科技,111700000,111700000
sh.688260,688260,昀冢科技,120000000,120000000
sh.688261,688261,东微半导,122574975,122096589
sh.688262,688262,国芯科技,335999913,335999913
sh.688265,688265,南模生物,77963513,77963513
sh.688266,688266,泽璟制药,264708186,264708186
sh.688267,688267,中触媒,176200000,176200000
sh.688268,688268,华特气体,120304933,120223933
sh.688269,688269,凯立新材,130704000,130704000
sh.688270,688270,ST臻镭,214051600,214051600
sh.688271,688271,联影医疗,824157988,824157988
sh.688272,688272,富吉瑞,76000000,76000000
sh.688273,688273,麦澜德,100000000,36826790
sh.688275,688275,万润新能,126118463,84596775
sh.688276,688276,百克生物,413657598,413657598
sh.688277,688277,天智航,455992034,455992034
sh.688278,688278,特宝生物,408189480,408189480
sh.688279,688279,峰岹科技,114832780,114832780
sh.688280,688280,精进电动,590221667,520544145
sh.688281,688281,华秦科技,272570675,272570675
sh.688282,688282,理工导航,88000000,88000000
sh.688283,688283,坤恒顺维,121800000,121800000
sh.688285,688285,高铁电气,376289913,376289913
sh.688286,688286,敏芯股份,56057494,56057494
sh.688288,688288,鸿泉技术,99813704,99813704
sh.688289,688289,圣湘生物,579388006,579388006
sh.688290,688290,景业智能,102189714,102189714
sh.688291,688291,金橙子,102666700,102666700
sh.688292,688292,浩瀚深度,158348768,100831048
sh.688293,688293,奥浦迈,113820154,113820154
sh.688295,688295,中复神鹰,900000000,900000000
sh.688296,688296,和达科技,107898660,107393160
sh.688297,688297,中无人机,675000000,675000000
sh.688298,688298,东方生物,201600000,201600000
sh.688299,688299,长阳科技,287392894,287392894
sh.688300,688300,联瑞新材,241469190,241469190
sh.688301,688301,奕瑞科技,211449139,200400159
sh.688302,688302,海创药业,99015598,99015598
sh.688303,688303,大全能源,2145205724,2145205724
sh.688305,688305,科德数控,132906678,132213778
sh.688306,688306,均普智能,1228282800,1228282800
sh.688307,688307,中润光学,88774000,58923322
sh.688308,688308,欧科亿,158781708,158781708
sh.688309,688309,恒誉环保,79401269,79401269
sh.688310,688310,迈得医疗,166219690,166219690
sh.688311,688311,盟升电子,167920466,167920466
sh.688312,688312,燕麦科技,145771216,145771216
sh.688313,688313,仕佳光子,451986328,451986328
sh.688314,688314,康拓医疗,81239172,81239172
sh.688315,688315,诺禾致源,416200000,416200000
sh.688316,688316,青云科技,47898129,47898129
sh.688317,688317,之江生物,192157999,192157999
sh.688318,688318,财富趋势,256119472,256119472
sh.688319,688319,欧林生物,405933600,405409300
sh.688320,688320,禾川科技,151013668,151013668
sh.688321,688321,微芯生物,407807559,407807559
sh.688322,688322,奥比中光,401144240,292240280
sh.688323,688323,瑞华泰,180000224,180000224
sh.688325,688325,赛微微电,86139015,80000000
sh.688326,688326,经纬恒润,119959040,111622236
sh.688327,688327,云从科技,1038548520,833441040
sh.688328,688328,深科达,94456295,94456295
sh.688329,688329,艾隆科技,77200000,77200000
sh.688330,688330,宏力达,140000000,140000000
sh.688331,688331,荣昌生物,563710243,370907111
sh.688332,688332,中科蓝讯,120598200,44314351
sh.688333,688333,XD铂力特,274322174,274322174
sh.688334,688334,西高院,316579466,156904698
sh.688335,688335,复洁科技,148034592,148034592
sh.688336,688336,三生国健,616785793,616785793
sh.688337,688337,普源精电,193874417,185916962
sh.688338,688338,赛科希德,106142400,106142400
sh.688339,688339,亿华通,240532081,240532081
sh.688343,688343,云天励飞,358826660,263830220
sh.688345,688345,博力威,101149500,100000000
sh.688347,688347,华虹宏力,1737614193,1737614193
sh.688348,688348,昱能科技,156277435,156277435
sh.688349,688349,三一重能,1226404215,1189484215
sh.688350,688350,富淼科技,119483057,119483057
sh.688351,688351,微电生理,470600000,124859881
sh.688352,688352,颀中科技,1189037288,365881123
sh.688353,688353,华盛锂电,159500000,119070954
sh.688355,688355,明志科技,123956072,123956072
sh.688356,688356,键凯科技,60650700,60650700
sh.688357,688357,建龙微纳,100059875,100059875
sh.688358,688358,祥生医疗,112125613,111975613
sh.688359,688359,三孚新科,98330147,98330147
sh.688360,688360,德马科技,263745667,252286035
sh.688361,688361,中科飞测,350163237,248291056
sh.688362,688362,甬矽电子,410483030,410483030
sh.688363,688363,华熙生物,481678242,481678242
sh.688365,688365,光云科技,425824684,425824684
sh.688366,688366,昊海生科,230561595,230561595
sh.688367,688367,工大高科,87624600,87624600
sh.688368,688368,晶丰明源,88490481,88490481
sh.688369,688369,致远互联,115218071,115218071
sh.688370,688370,丛麟科技,137107879,43749116
sh.688371,688371,菲沃泰,335472356,335472356
sh.688372,688372,XD伟测科,149053843,149053843
sh.688373,688373,盟科药业,655605491,605015006
sh.688375,688375,国博电子,596014900,596014900
sh.688376,688376,美埃科技,135226050,135226050
sh.688377,688377,迪威尔,194667000,175845236
sh.688378,688378,奥来德,249279257,240960571
sh.688379,688379,华光新材,90085520,90085520
sh.688380,688380,中微半导,400365000,169065000
sh.688381,688381,帝奥微,247500000,191546400
sh.688382,688382,益方生物,578348491,417633295
sh.688383,688383,新益昌,102133600,102133600
sh.688385,688385,复旦微电,821427300,821427300
sh.688386,688386,泛亚微透,91000000,91000000
sh.688387,688387,信科移动,3418750000,2016777200
sh.688388,688388,嘉元科技,426254136,426254136
sh.688389,688389,普门科技,428485730,428485730
sh.688390,688390,固德威,242996473,242996473
sh.688391,688391,钜泉科技,115181560,115181560
sh.688392,688392,骄成超声,115733360,115733360
sh.688393,688393,安必平,93567699,78704949
sh.688395,688395,正弦电气,86597720,86597720
sh.688396,688396,华润微,1327529398,1327529398
sh.688398,688398,赛特新材,167814101,167814101
sh.688399,688399,硕世生物,83871721,83871721
sh.688400,688400,凌云光,460976733,460976733
sh.688401,688401,路维光电,193348453,193348453
sh.688403,688403,汇成股份,868942978,868942978
sh.688408,688408,中信博,219065886,219065886
sh.688409,688409,富创精密,306210771,306210771
sh.688410,688410,山外山,319600622,319600622
sh.688411,688411,海博思创,180092492,37933554
sh.688416,688416,XR恒烁股,83005689,65312733
sh.688418,688418,震有科技,192554634,192554634
sh.688419,688419,耐科装备,114551669,59509543
sh.688420,688420,美腾科技,88430000,41739000
sh.688425,688425,铁建重工,5333497000,5333497000
sh.688426,688426,康为世纪,112493716,38427568
sh.688428,688428,诺诚健华,1764643952,1764643952
sh.688429,688429,时创能源,400000800,119827267
sh.688432,688432,XD有研硅,1250301858,1250301858
sh.688433,688433,华曙高科,414168800,202104320
sh.688435,688435,英方软件,83500000,47182576
sh.688439,688439,振华风光,200000000,200000000
sh.688443,688443,智翔金泰,366680000,116680000
sh.688448,688448,磁谷科技,71652300,47972300
sh.688449,688449,联芸科技,460000000,293204135
sh.688450,688450,光格科技,66000000,48930672
sh.688455,688455,科捷智能,168030666,117030666
sh.688456,688456,有研粉材,103660000,103660000
sh.688458,688458,美芯晟,111536629,85068541
sh.688459,688459,XD哈铁科,480000000,175584968
sh.688466,688466,金科环境,123119025,123119025
sh.688468,688468,科美诊断,401108000,401108000
sh.688469,688469,芯联集成,8382687172,4429800000
sh.688472,688472,阿特斯,3643140112,1347654391
sh.688475,688475,萤石网络,787500000,787500000
sh.688478,688478,晶升股份,138366096,103409466
sh.688479,688479,友车科技,144317400,62317400
sh.688480,688480,赛恩斯,95326179,95326179
sh.688484,688484,南芯科技,427663170,295175704
sh.688485,688485,九州一轨,150292062,88157978
sh.688486,688486,龙迅股份,133327968,74385233
sh.688488,688488,艾迪药业,420782808,420782808
sh.688489,688489,三未信安,115209676,113744476
sh.688496,688496,*ST清越,450000000,237945600
sh.688498,688498,源杰科技,85947726,84000000
sh.688499,688499,利元亨,168728510,168728510
sh.688500,688500,慧辰股份,75296710,73315910
sh.688501,688501,青达环保,124226000,124226000
sh.688502,688502,茂莱光学,52800000,16800000
sh.688503,688503,聚和材料,242033643,200919805
sh.688505,688505,复旦张江,1036572100,1036572100
sh.688506,688506,百利天恒,412873817,102891120
sh.688507,688507,索辰科技,89108784,49235730
sh.688508,688508,芯朋微,131310346,131310346
sh.688509,688509,正元地信,770000000,384792200
sh.688510,688510,航亚科技,259522608,259522608
sh.688511,688511,天微电子,102829142,102829142
sh.688512,688512,慧智微,466843548,324570296
sh.688513,688513,苑东生物,176532256,176532256
sh.688515,688515,裕太微,80000000,49819400
sh.688516,688516,奥特维,315221432,314651749
sh.688517,688517,金冠电气,136613184,136613184
sh.688518,688518,联赢激光,341325095,341325095
sh.688519,688519,南亚新材,234771002,234771002
sh.688520,688520,神州细胞,445335714,445335714
sh.688521,688521,芯原股份,525858273,525858273
sh.688522,688522,纳睿雷达,302995606,121009841
sh.688523,688523,航天环宇,406880000,96515937
sh.688525,688525,佰维存储,465309210,465309210
sh.688526,688526,科前生物,466128056,466128056
sh.688528,688528,秦川物联,168000000,168000000
sh.688529,688529,豪森智能,168175953,168175953
sh.688530,688530,欧莱新材,160044824,67778204
sh.688531,688531,日联科技,165593939,106963834
sh.688533,688533,上声电子,162857655,162847255
sh.688535,688535,华海诚科,96014323,52455548
sh.688536,688536,思瑞浦,137898339,132601444
sh.688538,688538,和辉光电,13809437625,5752235725
sh.688539,688539,高华科技,185920000,104720000
sh.688543,688543,国科军工,208842028,115962028
sh.688545,688545,兴福电子,360000000,72883564
sh.688548,688548,广钢气体,1319398521,691209002
sh.688549,688549,中巨芯,1477276000,589319000
sh.688550,688550,瑞联新材,173575305,173575305
sh.688551,688551,科威尔,84070709,84070709
sh.688552,688552,航天南湖,337248000,86827551
sh.688553,688553,汇宇制药,423600000,343539725
sh.688556,688556,高测股份,830773934,830773934
sh.688557,688557,兰剑智能,102679640,102679640
sh.688558,688558,国盛智科,132000000,132000000
sh.688559,688559,海目星,247759044,247759044
sh.688560,688560,明冠新材,201301918,201301918
sh.688561,688561,奇安信,682252725,682252725
sh.688562,688562,航天软件,400000000,173020000
sh.688563,688563,航材股份,450000000,116988993
sh.688565,688565,力源科技,149730000,149730000
sh.688566,688566,吉贝尔,199430865,199430865
sh.688567,688567,孚能科技,1222103885,1222103885
sh.688568,688568,中科星图,808078912,808078912
sh.688569,688569,铁科轨道,210666700,210666700
sh.688570,688570,天玛智控,433000000,188200000
sh.688571,688571,杭华股份,424170700,424170700
sh.688573,688573,信宇人,97754388,53216225
sh.688575,688575,亚辉龙,571388300,571388300
sh.688576,688576,西山科技,45500060,21792239
sh.688577,688577,浙海德曼,111279729,111279729
sh.688578,688578,艾力斯,450000000,450000000
sh.688579,688579,地纬智能,400010000,400010000
sh.688580,688580,伟思医疗,95771288,95771288
sh.688581,688581,安杰思,81122079,41559701
sh.688582,688582,芯动联科,401739056,250219056
sh.688583,688583,思看科技,88400000,17680001
sh.688584,688584,上海合晶,665458353,339788393
sh.688585,688585,上纬新材,403361728,403361728
sh.688586,688586,江航装备,791339156,791339156
sh.688588,688588,凌志软件,400010003,400010003
sh.688589,688589,力合微,145328351,145328351
sh.688590,688590,新致软件,262897552,262897552
sh.688591,688591,泰凌微,240743536,168437356
sh.688592,688592,司南导航,80460614,38521773
sh.688593,688593,新相微,,
sh.688595,688595,芯海科技,144093092,144093092
sh.688596,688596,正帆科技,294131113,294131113
sh.688597,688597,煜邦电力,336060004,336060004
sh.688598,688598,金博股份,207573116,203575616
sh.688599,688599,天合光能,2342567686,2342567686
sh.688600,688600,皖仪科技,134708490,134708490
sh.688601,688601,力芯微,133692700,133692700
sh.688602,688602,康鹏科技,519375000,259596161
sh.688603,688603,天承科技,124724524,47421607
sh.688605,688605,先锋精科,202379856,108351730
sh.688606,688606,奥泰生物,79280855,79280855
sh.688607,688607,康众医疗,88129027,79329027
sh.688608,688608,恒玄科技,168693735,168693735
sh.688609,688609,九联科技,500000000,500000000
sh.688610,688610,埃科光电,68000000,40932568
sh.688611,688611,杭州柯林,153389600,153389600
sh.688612,688612,威迈斯,419188098,252552631
sh.688613,688613,奥精医疗,137008584,137008584
sh.688615,688615,合合信息,140000000,96670244
sh.688616,688616,西力科技,179378265,179378265
sh.688617,688617,惠泰医疗,141030049,141030049
sh.688618,688618,三旺通信,110185630,110047848
sh.688619,688619,罗普特,185438042,185438042
sh.688620,688620,安凯微,392000000,232318520
sh.688621,688621,阳光诺和,112000000,112000000
sh.688622,688622,*ST禾信,70465521,70465521
sh.688623,688623,双元科技,59142700,19142700
sh.688625,688625,呈和科技,188320951,188320951
sh.688626,688626,翔宇医疗,160000000,160000000
sh.688627,688627,精智达,94011754,72351688
sh.688628,688628,优利德,111767588,111767588
sh.688629,688629,华丰科技,460992831,181783047
sh.688630,688630,芯碁微装,131740716,131740716
sh.688631,688631,莱斯信息,163470000,64870000
sh.688633,688633,星球石墨,143769849,143769849
sh.688635,688635,长进光子,,
sh.688636,688636,智明达,173906404,167627405
sh.688638,688638,誉辰智能,56000000,26461022
sh.688639,688639,华恒生物,250115693,250115693
sh.688646,688646,ST逸飞,95162608,58984988
sh.688648,688648,中邮科技,136000000,69528924
sh.688651,688651,盛邦安全,75399000,32454426
sh.688652,688652,京仪装备,168000000,120750000
sh.688653,688653,康希通信,424480000,316411597
sh.688655,688655,迅捷兴,133390000,133390000
sh.688656,688656,浩欧博,63479740,63479740
sh.688657,688657,浩辰软件,65514288,41044542
sh.688658,688658,悦康药业,450000000,450000000
sh.688659,688659,元琛科技,160000000,160000000
sh.688660,688660,电气风电,1333333400,1333333400
sh.688661,688661,和林微纳,151887826,151887826
sh.688662,688662,富信科技,88240000,88240000
sh.688663,688663,新风光,141382530,141382530
sh.688665,688665,四方光电,100553341,100553341
sh.688667,688667,菱电电控,52695457,52695457
sh.688668,688668,鼎通科技,139201726,139201726
sh.688669,688669,聚石化学,121333334,121333334
sh.688670,688670,金迪克,123200000,123200000
sh.688671,688671,碧兴物联,78518900,46847122
sh.688676,688676,金盘科技,459784364,459784364
sh.688677,688677,海泰新光,119877000,119877000
sh.688678,688678,福立旺,260199897,260199897
sh.688679,688679,通源环境,131689675,131689675
sh.688680,688680,海优新材,84023891,84023891
sh.688681,688681,科汇股份,104670000,104670000
sh.688682,688682,霍莱沃,101838895,101838895
sh.688683,688683,莱尔科技,155177929,155177929
sh.688685,688685,迈信林,146851667,146851667
sh.688686,688686,奥普特,122235455,122235455
sh.688687,688687,凯因科技,170944422,170944422
sh.688689,688689,银河微电,128903261,128903261
sh.688690,688690,纳微科技,403814765,403814765
sh.688691,688691,灿芯股份,120000000,71465010
sh.688692,688692,达梦数据,113240000,73136650
sh.688693,688693,锴威特,73684211,38904414
sh.688695,688695,中创股份,85051378,51269194
sh.688696,688696,极米科技,70000000,70000000
sh.688697,688697,纽威数控,457333380,457333380
sh.688698,688698,伟创电气,213794774,213794774
sh.688699,688699,明微电子,110064640,110064640
sh.688700,688700,东威科技,298401360,298401360
sh.688701,688701,卓锦股份,134277372,134277372
sh.688702,688702,盛科通信,410000000,202991783
sh.688707,688707,振华新材,508740205,508740205
sh.688708,688708,佳驰科技,400010000,142276350
sh.688709,688709,成都华微,636847026,217922251
sh.688710,688710,益诺思,140979615,90693964
sh.688711,688711,宏微科技,213092793,213092793
sh.688712,688712,北芯生命,360000000,
sh.688716,688716,中研股份,121680000,69927170
sh.688717,688717,艾罗能源,160000000,97847808
sh.688718,688718,唯赛勃,173754389,173754389
sh.688719,688719,爱科赛博,115385418,89722298
sh.688720,688720,艾森股份,88133334,56384322
sh.688721,688721,龙图光罩,133500000,53484540
sh.688722,688722,XD同益中,224666700,224105200
sh.688726,688726,拉普拉斯,405326189,219924474
sh.688727,688727,恒坤新材,449319600,50243165
sh.688728,688728,格科微,2600586667,2498887173
sh.688729,688729,屹唐股份,2955560000,199787692
sh.688733,688733,壹石通,199775190,199775190
sh.688737,688737,中自科技,119564509,119564509
sh.688739,688739,成大生物,416450000,416450000
sh.688750,688750,金天钛业,462500000,232918326
sh.688755,688755,汉邦科技,88000000,17600000
sh.688757,688757,胜科纳米,403311486,35044769
sh.688758,688758,赛分科技,416464084,42479336
sh.688759,688759,必贝特,450036657,46461981
sh.688765,688765,禾元生物,357500000,40978773
sh.688766,688766,普冉股份,148049102,148049102
sh.688767,688767,博拓生物,149333334,149333334
sh.688768,688768,容知日新,87988713,87263549
sh.688772,688772,珠海冠宇,1132068851,1132068851
sh.688775,688775,影石创新,401000000,32800000
sh.688776,688776,国光电气,108383419,108383419
sh.688777,688777,中控技术,791189527,783221764
sh.688778,688778,厦钨新能,504691083,504691083
sh.688779,688779,五矿新能,1929219344,1929219344
sh.688781,688781,视涯科技,,
sh.688783,688783,西安奕材,4037800000,164617586
sh.688785,688785,恒运昌,50771129,
sh.688786,688786,悦安新材,143800003,143800003
sh.688787,688787,海天瑞声,60325180,60325180
sh.688788,688788,科思科技,156874408,156874408
sh.688789,688789,宏华数科,180256107,180256107
sh.688790,688790,昂瑞微,99531688,12057671
sh.688793,688793,倍轻松,85945419,85945419
sh.688795,688795,摩尔线程,470028217,29382386
sh.688796,688796,百奥赛图,446898420,146669561
sh.688797,688797,N臻宝,,
sh.688798,688798,艾为电子,233128636,135743240
sh.688799,688799,华纳药厂,131320000,131320000
sh.688800,688800,瑞可达,205674335,205674335
sh.688802,688802,沐曦股份,400100000,18138973
sh.688805,688805,健信超导,167680000,31518859
sh.688807,688807,优迅股份,80000000,15035656
sh.688808,688808,联讯仪器,,
sh.688809,688809,强一股份,129559300,24353009
sh.688811,688811,有研复材,,
sh.688813,688813,泰金新能,,
sh.688816,688816,易思维,75000000,
sh.688818,688818,电科蓝天,1563223890,
sh.688819,688819,天能股份,972100000,972100000
sh.688820,688820,盛合晶微,,
sh.688981,688981,中芯国际,8000408035,8000408035
sh.689009,689009,九号公司,72033558,55309188
