code,name,date,closePrice,chipProfitRate,chipAvgCost,chipConcentration90,chipConcentration70
000001.code,sz000001.name,sz000001.date,sz000001.closePrice,sz000001.chipProfitRate,sz000001.chipAvgCost,sz000001.chipConcentration90,sz000001.chipConcentration70
000001,平安银行,2026-06-17,10.78,41.94,10.88,6.84,4.06
000002,万  科Ａ,2026-06-17,3.09,1.69,4,24.55,19.54
000004,*ST国华,2026-06-17,2.76,0,3.74,44.58,28.36
000006,深振业Ａ,2026-06-17,7.74,1.39,9.41,16.56,13.15
000007,全新好,2026-06-17,13.64,62.10,13.08,17.05,8.42
000008,神州高铁,2026-06-17,2.50,3.38,2.76,14.43,9.36
000009,中国宝安,2026-06-17,6.99,3.82,9.11,24.02,16.85
000010,*ST美丽,2026-06-17,2,5.71,2.40,37.57,29.91
000011,深物业A,2026-06-17,7.44,10.25,8.54,17.99,12.77
000012,南  玻Ａ,2026-06-17,4.63,78.41,4.43,10.58,6.68
000014,沙河股份,2026-06-17,9.89,0,12.91,19.61,15.97
000016,*ST康佳A,2026-06-17,2.82,1.37,3.26,15.98,7.74
000017,深中华A,2026-06-17,5.16,8.33,6.51,23.97,19.21
000019,深粮控股,2026-06-17,6.22,0.05,7.26,12.14,10.01
000020,深华发Ａ,2026-06-17,11.87,7.88,14.23,20.47,13.12
000021,深科技,2026-06-17,42.91,95.38,38.52,10.35,6.25
000025,特  力Ａ,2026-06-17,15.87,42.54,16.10,14.19,10.01
000026,飞亚达,2026-06-17,21.32,43.60,21.59,21.05,13.22
000027,深圳能源,2026-06-17,7.37,66.16,7.15,11.15,7.69
000028,国药一致,2026-06-17,22.66,2.88,25.55,6.92,3.65
000029,深深房Ａ,2026-06-17,28.57,88.99,23.42,26.65,16.89
000030,富奥股份,2026-06-17,4.29,0.24,5.31,14.32,9.35
000031,大悦城,2026-06-17,2.37,0.80,3.01,20.12,14.37
000032,深桑达Ａ,2026-06-17,23.22,97.63,18.93,17.50,12.83
000034,神州数码,2026-06-17,26.69,54.56,26.53,13.92,10.93
000035,中国天楹,2026-06-17,5.10,7.81,6.66,22.83,13.80
000036,华联控股,2026-06-17,5.14,32.20,5.31,12.47,9.08
000037,深南电A,2026-06-17,11.52,72.28,11.35,7.90,3.11
000039,中集集团,2026-06-17,9.09,2.92,11.04,18.46,15.34
000042,中洲控股,2026-06-17,9.09,56.18,8.97,13.77,10.28
000045,深纺织Ａ,2026-06-17,11.20,10.60,12.14,12.44,8.57
000048,京基智农,2026-06-17,19.13,72.11,17.59,20.45,16.15
000049,德赛电池,2026-06-17,24.38,15.52,26.76,11.86,8.32
000050,深天马Ａ,2026-06-17,9.14,69.42,8.34,14.27,11.40
000055,方大集团,2026-06-17,3.82,66.01,3.75,10.06,6.55
000056,*ST皇庭,2026-06-17,1.68,38.75,1.71,17.33,9.73
000058,深 赛 格,2026-06-17,6.77,0.78,9.02,19.27,11.39
000059,华锦股份,2026-06-17,4.13,0.36,5.27,18.99,13.88
000060,中金岭南,2026-06-17,7.97,77.67,7.74,9.92,6.29
000061,农 产 品,2026-06-17,5.84,0,8.50,25.29,20.14
000062,深圳华强,2026-06-17,31.75,41.21,32.21,11.99,7.88
000063,中兴通讯,2026-06-17,37.64,53.33,37.56,5.99,3.85
000065,北方国际,2026-06-17,12.76,50.55,12.76,13.40,8.63
000066,中国长城,2026-06-17,17.81,39.78,18.38,21.07,13.61
000068,华控赛格,2026-06-17,3.43,48.70,3.43,11.25,7.42
000069,华侨城Ａ,2026-06-17,1.80,0.34,2.47,19.55,14.60
000070,特发信息,2026-06-17,20.66,96.05,18.97,8.23,5.68
000078,ST海王,2026-06-17,1.55,5.41,1.74,42.93,40.56
000088,盐 田 港,2026-06-17,4.33,4.24,4.53,3.64,2.12
000089,深圳机场,2026-06-17,6.39,1.48,7.02,5.61,3.54
000090,天健集团,2026-06-17,3.45,9.49,3.68,10.80,6.28
000096,广聚能源,2026-06-17,7.55,0.06,9.99,23.21,16.76
000099,中信海直,2026-06-17,16.56,18.56,17.65,16.40,12.26
000100,TCL科技,2026-06-17,5.12,100,4.62,8.34,6.19
000151,中成股份,2026-06-17,13.94,68.21,13.51,12.43,9.35
000153,丰原药业,2026-06-17,5.36,0.19,6.45,11.45,8.60
000155,川能动力,2026-06-17,13.34,11.62,15.94,16.38,12.87
000156,华数传媒,2026-06-17,6.71,4.78,7.92,16.56,9.25
000157,中联重科,2026-06-17,7.63,29.89,8.04,14.89,9.49
000158,常山北明,2026-06-17,14.51,2.99,17.37,18.40,14.55
000159,国际实业,2026-06-17,5.76,3.45,6.68,10.49,7.04
000166,申万宏源,2026-06-17,4.57,11.75,5.08,10.54,7.53
000301,东方盛虹,2026-06-17,12.27,67.62,11.20,22.48,17.28
000333,美的集团,2026-06-17,79.22,71.35,76.55,9.40,5.84
000338,潍柴动力,2026-06-17,29.28,52.79,29.05,21.22,14.71
000400,许继电气,2026-06-17,23.04,13.50,26.40,19.33,11.37
000401,金隅冀东,2026-06-17,3.74,0,4.75,13.43,8.25
000402,金 融 街,2026-06-17,2.71,4.88,2.98,10.60,7.40
000403,派林生物,2026-06-17,11.38,6.27,13,23.55,14.78
000404,长虹华意,2026-06-17,7.95,21.52,8.39,15.31,8.97
000407,胜利股份,2026-06-17,3.90,0.56,4.68,14.98,10
000408,藏格矿业,2026-06-17,77.18,36.90,79.61,44.39,21.75
000409,云鼎科技,2026-06-17,8.91,1.02,10.52,14.77,10.01
000410,沈阳机床,2026-06-17,5.08,0.10,6.69,21.84,18.42
000411,英特集团,2026-06-17,9.86,5.92,11.76,17.33,9.73
000415,渤海租赁,2026-06-17,4.38,51.72,4.38,17.70,9.66
000417,合百集团,2026-06-17,7.77,64.34,7.66,17.12,11.11
000419,通程控股,2026-06-17,4.74,0.11,5.85,15.48,11.94
000420,吉林化纤,2026-06-17,4.31,14.19,4.71,13.62,10.11
000421,南京公用,2026-06-17,5.38,0.88,6.31,14.01,9.58
000422,湖北宜化,2026-06-17,13.33,12.89,15.24,15.34,10.47
000423,东阿阿胶,2026-06-17,47.32,13.40,50.33,8.43,6.21
000425,徐工机械,2026-06-17,9.25,15.33,10.08,15.61,9.48
000426,兴业银锡,2026-06-17,40.61,41.06,41.29,18.67,12.07
000428,华天酒店,2026-06-17,3.17,0.06,3.76,9.60,6.49
000429,粤高速Ａ,2026-06-17,13.38,88.42,12.53,10.56,6.41
000430,张家界,2026-06-17,7.43,19.17,7.82,8.10,5.72
000488,ST晨鸣,2026-06-17,2.08,2.37,2.53,17.34,13.60
000498,山东路桥,2026-06-17,5.08,2.53,5.95,9.58,5.98
000501,武商集团,2026-06-17,7.05,0,9,19.56,15.69
000503,国新健康,2026-06-17,7.02,5.97,7.90,23.69,17.11
000504,南华生物,2026-06-17,7.88,0.11,9.34,11.74,7.60
000505,京粮控股,2026-06-17,5.39,0.05,6.80,16.73,11.04
000506,招金黄金,2026-06-17,15.46,64.51,15.02,20.52,11.24
000507,珠海港,2026-06-17,4.86,2.51,5.32,8.11,4.62
000509,华塑控股,2026-06-17,4.18,25.87,4.58,14.16,9.53
000510,新金路,2026-06-17,22.02,76.86,18.78,22.43,15.36
000513,丽珠集团,2026-06-17,29.48,9.23,33.31,15.63,9.78
000514,渝 开 发,2026-06-17,3.99,0.04,4.93,12.40,7.92
000516,国际医学,2026-06-17,4.03,4.96,4.87,14.29,7.93
000517.code,sz000517.name,sz000517.date,sz000517.closePrice,sz000517.chipProfitRate,sz000517.chipAvgCost,sz000517.chipConcentration90,sz000517.chipConcentration70
000517,荣安地产,2026-06-17,1.89,19.37,1.98,10.86,6.73
000518,四环生物,2026-06-17,3.14,8.73,3.57,15.29,10.10
000519,中兵红箭,2026-06-17,19.98,81.63,19.21,8.51,6.03
000520,凤凰航运,2026-06-17,4.53,69.90,4.42,11.91,7.92
000521,长虹美菱,2026-06-17,5.76,31.87,6,14.49,9.80
000523,红棉股份,2026-06-17,2.83,0.14,3.39,16.95,10.95
000524,岭南控股,2026-06-17,9.04,4.62,10.92,18.97,16.03
000525,红太阳,2026-06-17,4.49,8.82,5.58,22.80,18.28
000526,学大教育,2026-06-17,27.40,15.36,32.80,21.67,16.30
000528,柳    工,2026-06-17,8.18,0.25,9.38,16.62,13.65
000529,广弘控股,2026-06-17,4.63,0.08,6,12.12,7.53
000530,冰山冷热,2026-06-17,5.56,6.35,6.17,9.55,7.36
000531,穗恒运Ａ,2026-06-17,6.86,21.48,7.27,9.54,7.26
000532,华金资本,2026-06-17,11.75,5.46,12.85,17.37,10.49
000533,顺钠股份,2026-06-17,10.75,7.19,12.10,17.29,12.04
000534,万泽股份,2026-06-17,29.42,5.22,34,20.01,14.64
000536,华映科技,2026-06-17,3.85,20.53,4.20,17.20,10.54
000537,绿发电力,2026-06-17,8.55,2.12,10.69,15.94,9.74
000538,云南白药,2026-06-17,48.91,0.93,54.14,6.46,3.84
000539,粤电力Ａ,2026-06-17,8.22,64.79,7.84,17.19,11.70
000541,佛山照明,2026-06-17,5.12,13.28,6.16,16.60,12.11
000543,皖能电力,2026-06-17,8.57,35.96,8.67,9.11,7.26
000544,中原环保,2026-06-17,7.82,3.33,8.48,7.35,4.91
000545,金浦钛业,2026-06-17,2.49,22.47,2.65,18.69,11.31
000546,金圆股份,2026-06-17,5.34,22.67,5.96,21.22,18.54
000547,航天发展,2026-06-17,20.05,30.68,20.45,19.32,14.96
000548,湖南投资,2026-06-17,4.38,0.07,5.25,12.68,8.52
000550,江铃汽车,2026-06-17,17.43,13.79,18.62,12.02,8.13
000551,创元科技,2026-06-17,15.21,33.48,15.55,10.63,7.70
000552,甘肃能化,2026-06-17,2.48,5.32,2.75,7.96,5.18
000553,安道麦A,2026-06-17,5.88,10.30,6.40,12.63,8.88
000554,泰山石油,2026-06-17,6.24,0.45,6.97,13.20,10.79
000555,神州信息,2026-06-17,11.26,5.74,14.12,24.03,15.61
000557,西部创业,2026-06-17,3.70,0.27,5.03,16.01,8.03
000558,天府文旅,2026-06-17,3.66,7.60,3.98,19.36,12.32
000559,万向钱潮,2026-06-17,13.57,2.76,16.94,17.20,10.06
000560,我爱我家,2026-06-17,2.25,0.29,2.89,18.81,15.15
000561,烽火电子,2026-06-17,7.82,2.23,9.82,23.85,19.19
000563,陕国投Ａ,2026-06-17,2.92,4.07,3.44,10.79,7.29
000564,供销大集,2026-06-17,1.52,7.49,1.79,27.45,21.90
000565,渝三峡Ａ,2026-06-17,6.20,0.22,7.72,14.56,12.13
000566,海南海药,2026-06-17,3.78,0.36,5.09,30.34,21.61
000567,海德股份,2026-06-17,5.80,21.78,6.30,17.34,9.76
000568,泸州老窖,2026-06-17,82.94,0.60,112.42,22.82,17.60
000570,苏常柴Ａ,2026-06-17,5.12,2.21,6.20,13.59,10.35
000571,新大洲A,2026-06-17,5.47,28.11,5.65,16.42,6.63
000572,海马汽车,2026-06-17,4.11,0.78,5.46,25.60,18.48
000573,粤宏远Ａ,2026-06-17,4.03,1.92,4.41,9.21,6.97
000576,甘化科工,2026-06-17,7.11,3.92,8.96,22.23,17.94
000581,威孚高科,2026-06-17,17.67,1.40,20.13,16.25,10.88
000582,北部湾港,2026-06-17,12,44.83,12.23,19.98,12.55
000586,汇源通信,2026-06-17,15.49,23.48,16.94,15.39,12.09
000589,贵州轮胎,2026-06-17,4.33,0.66,4.66,7.07,5.36
000590,古汉医药,2026-06-17,9.17,0.13,11.17,13.84,8.68
000591,太阳能,2026-06-17,5.04,2.01,5.81,10.98,8.76
000592,平潭发展,2026-06-17,7.46,2.81,8.35,22.82,18.81
000593,德龙汇能,2026-06-17,25.15,90.23,22.34,12.29,8.83
000595,*ST宝实,2026-06-17,6.54,50.47,6.53,21.64,13.24
000596,古井贡酒,2026-06-17,84.06,0.24,128.05,31.11,25.11
000597,东北制药,2026-06-17,4.39,1.60,5.30,13.48,8
000598,兴蓉环境,2026-06-17,6.91,45.04,6.95,5.05,3.79
000599,青岛双星,2026-06-17,4.74,0.15,5.69,19.15,14.17
000600,建投能源,2026-06-17,10.66,53.75,10.58,14.93,10.54
000601,韶能股份,2026-06-17,7.08,23.35,7.71,15.12,11.92
000603,盛达资源,2026-06-17,26.52,5.90,33.63,29.91,19.98
000605,渤海股份,2026-06-17,5.71,0,6.87,9.85,7.10
000607,华媒控股,2026-06-17,3.30,0.14,4.10,21.59,17.40
000608,阳光股份,2026-06-17,6.90,87.71,6.07,31.38,26.37
000609,*ST中迪,2026-06-17,11.52,16.53,12.91,28,14.40
000610,*ST西旅,2026-06-17,6.51,6.03,7.75,18.89,11.04
000612,焦作万方,2026-06-17,10.97,10.79,11.93,12.92,8.33
000615,*ST美谷,2026-06-17,3.39,41.72,3.43,12.64,6.53
000617,中油资本,2026-06-17,7.36,4.14,9.78,20.69,10.53
000619,海螺新材,2026-06-17,4.82,0.88,5.87,14.26,8.85
000620,盈新发展,2026-06-17,3.01,46.02,3.03,8.78,5.16
000623,吉林敖东,2026-06-17,17.65,18.60,18.77,9.81,7.61
000625,长安汽车,2026-06-17,7.39,0.52,10.90,25.74,20.31
000626,远大控股,2026-06-17,7.02,0.88,8.24,13.32,10.21
000628,高新发展,2026-06-17,53.59,20.96,56.40,11.42,7.71
000629,钒钛股份,2026-06-17,3.20,12.40,3.59,14.59,10.39
000630,铜陵有色,2026-06-17,7.56,89.57,6.76,12.98,10.20
000631,顺发恒能,2026-06-17,3.11,4.83,3.40,15.16,10.39
000632,ST三木,2026-06-17,3.50,0.47,4.02,15.50,9.32
000633,合金投资,2026-06-17,5.16,0.02,6.42,19.37,16.27
000635,英 力 特,2026-06-17,6.74,2.72,8.08,20.13,15.95
000636,风华高科,2026-06-17,74.06,100,62,27.04,11.72
000637,茂化实华,2026-06-17,3.77,0.04,4.47,13.47,7.96
000639,ST西王,2026-06-17,1.36,1.39,1.60,25.92,16.07
000650,仁和药业,2026-06-17,5.18,0.68,5.86,8.73,6.33
000651,格力电器,2026-06-17,37.15,4.69,39.37,7.85,3.72
000652,泰达股份,2026-06-17,3.52,1.61,4.20,12.71,7.84
000655,金岭矿业,2026-06-17,7,3.56,8.77,22.03,17.91
000656,*ST金科,2026-06-17,1.34,3.98,1.43,5.55,3.60
000657,中钨高新,2026-06-17,89.53,86.41,70.05,25.89,20.22
000659,珠海中富,2026-06-17,3.56,7.61,4.14,13.23,9.29
000661,长春高新,2026-06-17,63.79,0,87.06,23.87,18.99
000663,永安林业,2026-06-17,5.43,0.11,6.60,18,13.40
000665,湖北广电,2026-06-17,3.93,0,4.85,18.69,13.10
000668,荣丰控股,2026-06-17,21.24,93.63,18.36,30.48,20.48
000669,ST金鸿,2026-06-17,4.15,29.04,4.33,13.16,11.26
000670.code,sz000670.name,sz000670.date,sz000670.closePrice,sz000670.chipProfitRate,sz000670.chipAvgCost,sz000670.chipConcentration90,sz000670.chipConcentration70
000670,盈方微,2026-06-17,9.21,53.80,9.18,8.14,4.34
000672,上峰材料,2026-06-17,19.03,100,16.37,19.45,15.46
000676,智度股份,2026-06-17,5.50,1.02,7.33,27.11,24.30
000677,ST海龙,2026-06-17,1.80,4.77,2.07,46.60,41.76
000678,襄阳轴承,2026-06-17,9.64,0.52,12.34,16.87,10.12
000679,大连友谊,2026-06-17,7.35,83.63,6.90,15.24,7.36
000680,山推股份,2026-06-17,10.41,6.23,11.40,10.43,6.83
000681,视觉中国,2026-06-17,20.66,5.47,22.60,9.25,5.71
000682,东方电子,2026-06-17,12.90,27.07,13.47,10.45,7.38
000683,博源化工,2026-06-17,6.57,6.23,8.22,18.52,13.29
000685,中山公用,2026-06-17,11.19,23.46,11.81,9.78,6.48
000686,东北证券,2026-06-17,8.07,26.36,8.57,11.73,8.41
000688,国城矿业,2026-06-17,40.80,40.61,41.72,26.38,13.08
000690,宝新能源,2026-06-17,5.44,44.88,5.49,10.16,7.25
000691,亚太实业,2026-06-17,11.58,98.01,8.83,20.43,13.55
000692,惠天热电,2026-06-17,4.36,11.14,4.96,11.70,8.83
000695,滨海能源,2026-06-17,14.47,47.31,14.61,11.69,9.63
000697,炼石航空,2026-06-17,11.84,61.48,11.42,18.61,11.53
000698,ST沈化,2026-06-17,3.12,0.04,3.86,10.60,6.50
000700,模塑科技,2026-06-17,15.96,56.99,15.77,12.76,8.68
000701,厦门信达,2026-06-17,4.83,0.38,5.87,14.17,6.99
000702,正虹科技,2026-06-17,5.34,0.81,6.63,12.60,9.69
000703,恒逸石化,2026-06-17,12.65,39.41,12.97,44.63,23.15
000705,浙江震元,2026-06-17,6.38,0.04,8.18,17.89,14.63
000707,双环科技,2026-06-17,4.64,2.88,5.92,17.60,13.30
000708,中信特钢,2026-06-17,13.61,43.34,14.18,22.82,17.63
000709,河钢股份,2026-06-17,2.08,1.86,2.37,10.53,7.09
000710,贝瑞基因,2026-06-17,7.84,0.17,10.24,22.94,16.36
000711,ST京蓝,2026-06-17,5.42,30.22,5.63,27.96,21.30
000712,锦龙股份,2026-06-17,9.35,24.98,10.50,18.40,12.37
000713,国投丰乐,2026-06-17,5.70,0,6.58,10.68,8.51
000715,中兴商业,2026-06-17,4.72,0.19,5.73,13.83,11.01
000716,黑芝麻,2026-06-17,4.43,0,5.56,15.37,10.70
000717,中南股份,2026-06-17,2.09,0.77,2.58,13.60,9.15
000718,苏宁环球,2026-06-17,1.88,0.12,2.16,10.64,8.27
000719,中原传媒,2026-06-17,11.95,4.49,13.15,8.62,6.18
000720,新能泰山,2026-06-17,4.29,11.81,5.07,16.37,11.89
000721,西安饮食,2026-06-17,5.86,0,7.66,23.45,17.97
000722,湖南发展,2026-06-17,15.85,78.75,15.09,10.37,5.75
000723,美锦能源,2026-06-17,3.81,0.10,4.50,16.06,13.02
000725,京东方Ａ,2026-06-17,6.71,99.83,5.89,21.56,10.12
000726,鲁  泰Ａ,2026-06-17,5.78,0.23,6.93,13.23,11
000727,冠捷科技,2026-06-17,2.95,77.81,2.85,7.58,5.60
000728,国元证券,2026-06-17,7.25,18.40,8.06,13.08,10.21
000729,燕京啤酒,2026-06-17,10.46,0.04,12.52,11.09,6.16
000731,四川美丰,2026-06-17,5.62,0.06,7.11,16.06,12.28
000733,振华科技,2026-06-17,58.13,93.53,52.77,11.66,7.13
000735,罗 牛 山,2026-06-17,5.07,2.90,6.64,25.80,19.74
000736,中交发展,2026-06-17,4.39,11.35,5.29,17.83,12.63
000737,北方铜业,2026-06-17,14.68,56.40,14.55,15.61,8.78
000738,航发控制,2026-06-17,18.91,9.97,21.74,20.31,15.84
000739,普洛药业,2026-06-17,16.29,39.30,16.71,14.31,8.35
000750,国海证券,2026-06-17,3.72,10.40,4.17,12.66,9.05
000751,锌业股份,2026-06-17,5.11,17.66,5.34,17.16,11.78
000752,*ST西发,2026-06-17,8.61,1.46,9.60,14.06,9.94
000753,漳州发展,2026-06-17,4.89,0,6.66,20.22,15.49
000755,山西高速,2026-06-17,4.64,5.47,5.18,11.23,6.01
000756,新华制药,2026-06-17,12.01,0,15.13,15.48,7.86
000757,浩物股份,2026-06-17,3.71,1.20,4.63,16.34,13.11
000758,中色股份,2026-06-17,6.96,41.98,7.03,15.63,6.87
000759,中百集团,2026-06-17,6.05,59.62,6.01,8.15,5.33
000761,本钢板材,2026-06-17,2.26,0,3.55,24.17,13.69
000762,西藏矿业,2026-06-17,30.18,37.08,30.64,17.30,13.09
000766,通化金马,2026-06-17,24.51,61.73,23.80,16.79,9.44
000767,晋控电力,2026-06-17,5,53.12,4.98,15.45,11.47
000768,中航西飞,2026-06-17,21.29,6.44,24.96,18.55,15.34
000776,广发证券,2026-06-17,21.42,68.96,20.74,12.20,8.82
000777,中核科技,2026-06-17,21.86,63.94,21.24,22.51,17.21
000778,新兴铸管,2026-06-17,4.04,5.45,4.48,11.86,7.89
000779,甘咨询,2026-06-17,7.75,24.97,8.76,16.76,12.31
000782,恒申新材,2026-06-17,7.53,42.47,7.58,16.87,5.96
000783,长江证券,2026-06-17,8.05,58.21,7.96,10.65,7.81
000785,居然智家,2026-06-17,2.19,0.05,2.65,19.17,13.60
000786,北新建材,2026-06-17,20.58,2.85,25.01,15,8.88
000788,北大医药,2026-06-17,5.38,22.96,5.97,13.84,10.52
000789,万年青,2026-06-17,4.16,0.12,5.39,17.21,9.96
000790,华神科技,2026-06-17,3.70,10.91,4.06,11.06,8.91
000791,甘肃能源,2026-06-17,9.22,51.19,9.19,13.57,9.54
000792,盐湖股份,2026-06-17,30.87,21,34.13,17.20,12.30
000793,*ST华闻,2026-06-17,2.63,16.36,2.77,9.78,6.29
000795,英洛华,2026-06-17,9.34,52.67,9.31,9.84,6.74
000796,凯撒旅业,2026-06-17,4.25,0.09,4.77,18.51,10.13
000797,中国武夷,2026-06-17,2.33,0.06,2.85,22.95,11.76
000798,中水渔业,2026-06-17,7.58,0.03,9.42,20.93,14.97
000799,酒鬼酒,2026-06-17,38.23,9.72,43.49,18.97,8.84
000800,一汽解放,2026-06-17,6.26,10.81,6.99,13.40,5.73
000801,四川九洲,2026-06-17,11.58,0.15,13.80,18.05,14.51
000802,北京文化,2026-06-17,4.03,2.68,4.78,12.60,8.89
000803,山高环能,2026-06-17,7.10,1.12,8.16,14.72,7.63
000807,云铝股份,2026-06-17,25,3.37,30.21,15.98,11.27
000809,和展能源,2026-06-17,3.73,10.96,4,10.01,5.41
000810,创维数字,2026-06-17,12.15,57.92,11.94,12.62,7.95
000811,冰轮环境,2026-06-17,36.52,95.39,32,34.38,22.32
000812,陕西金叶,2026-06-17,3.32,0.12,4.01,16.46,10.95
000813,德展健康,2026-06-17,3,0.88,3.59,17.08,12.67
000815,美利云,2026-06-17,17.28,70.02,16.47,17.79,13.57
000816,智慧农业,2026-06-17,2.42,0.07,3.12,23.52,18.21
000818,航锦科技,2026-06-17,12.71,9.17,15.18,21.42,16.36
000819,岳阳兴长,2026-06-17,13.16,0.30,16.04,11.52,7.61
000820,*ST节能,2026-06-17,3.05,2.05,3.54,11.83,8.43
000821.code,sz000821.name,sz000821.date,sz000821.closePrice,sz000821.chipProfitRate,sz000821.chipAvgCost,sz000821.chipConcentration90,sz000821.chipConcentration70
000821,ST京机,2026-06-17,8.99,8.67,10.61,25.88,19.56
000822,山东海化,2026-06-17,4.43,0.14,5.77,19.50,13.32
000823,超声电子,2026-06-17,22.11,100,18.74,13.38,9.18
000825,太钢不锈,2026-06-17,3.76,3.85,4.84,17.78,14.02
000826,*ST启环,2026-06-17,2.17,39.56,2.22,13.44,8.44
000828,东莞控股,2026-06-17,9.72,12.57,10.45,9.94,6.31
000829,天音控股,2026-06-17,8.50,1.70,10.14,16.07,12.93
000830,鲁西化工,2026-06-17,12.97,13.69,15.69,22.80,15.03
000831,中国稀土,2026-06-17,59.09,85.58,54.56,11.06,7.38
000833,粤桂股份,2026-06-17,22.13,2.18,24.15,11.19,8.77
000837,秦川机床,2026-06-17,12.03,28.06,12.33,10.39,5.34
000838,*ST发展,2026-06-17,1.60,0,1.88,21.78,10.58
000839,国安股份,2026-06-17,2.59,0.17,3.32,17.88,9.50
000848,承德露露,2026-06-17,7.66,6.48,8.11,5.81,4.34
000850,华茂股份,2026-06-17,3.74,1.79,4.93,24.68,17.41
000852,石化机械,2026-06-17,5.60,3.08,7.13,22.58,16.20
000856,冀东装备,2026-06-17,7.85,0.75,9.94,18.51,12.83
000858,五 粮 液,2026-06-17,77.49,0,107.20,22.70,18.41
000859,国风新材,2026-06-17,11.84,97.24,11,9.87,6.26
000860,顺鑫农业,2026-06-17,10.15,0.14,14.07,21.24,16.05
000862,银星能源,2026-06-17,5.53,0.08,6.87,13.04,10.94
000863,三湘印象,2026-06-17,4.42,0.43,5.32,15.20,10.72
000868,安凯客车,2026-06-17,3.63,0.38,4.48,18.48,13.51
000869,张  裕Ａ,2026-06-17,16.96,0.11,21.09,11.09,7.11
000875,电投绿能,2026-06-17,5.86,1.38,6.80,13.98,7.06
000876,新 希 望,2026-06-17,6.32,0.06,8.86,21.81,9.29
000877,天山股份,2026-06-17,4.04,0.13,5.66,19.02,13.51
000878,云南铜业,2026-06-17,17.93,33.57,18.46,20.37,10.94
000880,潍柴重机,2026-06-17,25.60,29,27.81,17.23,14.04
000881,中广核技,2026-06-17,6.95,3.69,7.89,13.53,8.41
000882,华联股份,2026-06-17,1.38,0.44,1.59,19.50,15.24
000883,湖北能源,2026-06-17,4.94,68.16,4.83,7.34,5.10
000885,城发环境,2026-06-17,12.67,7.66,13.53,8.55,4.84
000886,海南高速,2026-06-17,4.26,0.66,5.64,23.83,17.23
000887,中鼎股份,2026-06-17,22.10,85.41,21.01,11.83,8.55
000888,峨眉山Ａ,2026-06-17,9.53,0.03,12.36,17.57,14.16
000889,中嘉博创,2026-06-17,3.65,18.73,3.93,21.14,14.17
000890,法尔胜,2026-06-17,9.12,0,10.47,19.03,10.07
000892,欢瑞世纪,2026-06-17,3.60,2.25,4.15,27.59,13.77
000893,亚钾国际,2026-06-17,41.77,5.58,52.23,20.88,13.73
000895,双汇发展,2026-06-17,23.05,4.53,24.83,9.21,6.59
000897,津滨发展,2026-06-17,1.77,0.06,2.11,10.99,8.31
000898,鞍钢股份,2026-06-17,1.99,2.13,2.53,15.37,9.18
000899,赣能股份,2026-06-17,11.79,1.57,12.95,8.52,6.09
000900,现代投资,2026-06-17,3.61,0.71,4.01,6.93,4.41
000901,航天科技,2026-06-17,18.26,7.42,22.19,19.99,13.68
000902,新洋丰,2026-06-17,12.42,6.50,15.24,19.49,14.06
000903,ST云动,2026-06-17,1.97,33.28,2.17,24.71,18.34
000905,厦门港务,2026-06-17,8.61,3.71,11.23,22.75,16.24
000906,浙商中拓,2026-06-17,5.43,1.95,6.12,8.96,6.58
000908,景峰医药,2026-06-17,5.99,19.58,7.11,26.94,17.93
000909,*ST数源,2026-06-17,4.03,0.78,4.98,22.92,15.13
000910,大亚圣象,2026-06-17,5.72,0.04,7.07,12.19,8.12
000911,*ST广糖,2026-06-17,4.50,0,5.94,21.65,10.38
000912,泸天化,2026-06-17,3.47,0.08,4.85,23.30,17.16
000913,钱江摩托,2026-06-17,12.14,20.55,14.62,18.10,13.29
000915,华特达因,2026-06-17,27.24,5.36,31.45,11.31,8.98
000917,电广传媒,2026-06-17,6.90,4.55,8.85,26.59,18.02
000919,金陵药业,2026-06-17,6.07,2.10,7.28,16.75,12.09
000920,沃顿科技,2026-06-17,15.04,99.17,12.99,12.87,9.79
000921,海信家电,2026-06-17,27.88,87.75,24.82,14.24,9.47
000922,佳电股份,2026-06-17,13.96,85.14,13.07,11.29,7.64
000923,河钢资源,2026-06-17,13.91,10.52,16.67,27.66,21.33
000925,众合科技,2026-06-17,8.28,34.28,8.36,16.50,5.63
000926,福星股份,2026-06-17,2.01,3.98,2.25,11.78,7.81
000927,中国铁物,2026-06-17,2.51,4.20,2.89,12.83,9
000928,中钢国际,2026-06-17,5.85,15.85,6.49,9.69,7.78
000929,兰州黄河,2026-06-17,9.93,32.55,10.23,12.51,7.90
000930,中粮科技,2026-06-17,4.73,0.04,6.58,22.50,16.14
000931,中 关 村,2026-06-17,4.01,1.76,5.06,13.59,9.30
000932,华菱钢铁,2026-06-17,3.68,0.36,5.11,25.79,21.74
000933,神火股份,2026-06-17,24.55,1.44,30.14,15.41,10.34
000935,四川双马,2026-06-17,26.25,44.79,26.66,23.48,15.89
000936,华西股份,2026-06-17,5.79,4.64,7.44,19.17,13.91
000937,冀中能源,2026-06-17,4.63,0.07,5.70,7.46,5.04
000938,紫光股份,2026-06-17,27.21,32.37,28.26,12.36,10.06
000948,南天信息,2026-06-17,12.54,2.93,15.41,19.63,14.99
000949,新乡化纤,2026-06-17,6.85,29.43,7.20,11.85,9.50
000950,重药控股,2026-06-17,5.19,1.72,6.11,13.56,8.64
000951,中国重汽,2026-06-17,22,45.84,22.28,18.64,13.83
000952,广济药业,2026-06-17,5.96,0.13,7.27,13.92,8.77
000953,中哲精化,2026-06-17,5.63,0.40,6.89,12.88,9.99
000955,欣龙控股,2026-06-17,4.63,43,4.78,18.47,13.40
000957,中通客车,2026-06-17,10.12,8.60,11.37,10.36,8.06
000958,电投产融,2026-06-17,5.93,4.84,6.54,9.03,6.41
000959,首钢股份,2026-06-17,3.28,6.82,4.32,26.67,19.29
000960,锡业股份,2026-06-17,41.43,76.16,39.35,12.71,9.09
000962,东方钽业,2026-06-17,62.36,76.84,56.96,19.24,13.43
000963,华东医药,2026-06-17,27.70,2.29,35.63,21.53,17.56
000965,天保基建,2026-06-17,3.21,0.10,3.67,11.18,8.88
000966,长源电力,2026-06-17,4.83,29.17,5.07,11.08,7.17
000967,盈峰环境,2026-06-17,10.25,16.17,11.99,22.23,16.91
000968,蓝焰控股,2026-06-17,6.74,0.29,8.31,19.96,13.96
000969,安泰科技,2026-06-17,24.65,73.53,23.53,10.29,7.73
000970,中科三环,2026-06-17,14.27,82.10,13.71,12.06,8.82
000972,*ST中基,2026-06-17,3.49,2.86,3.80,7.79,5.24
000973,佛塑科技,2026-06-17,15.83,60.32,15.28,18.34,11.78
000975,山金国际,2026-06-17,21.88,14.99,25.83,23.08,16.52
000977,浪潮信息,2026-06-17,64.50,42.28,65.51,12.36,9.52
000978,桂林旅游,2026-06-17,5.66,0.10,6.62,15.90,11.20
000980.code,sz000980.name,sz000980.date,sz000980.closePrice,sz000980.chipProfitRate,sz000980.chipAvgCost,sz000980.chipConcentration90,sz000980.chipConcentration70
000980,众泰汽车,2026-06-17,2.26,10.61,2.59,16.81,9.94
000981,山子高科,2026-06-17,3.35,12.35,3.99,17.70,12.83
000983,山西焦煤,2026-06-17,6.72,19.87,7.09,8.87,5.59
000985,大庆华科,2026-06-17,15.51,0,19.56,16.05,10.98
000987,越秀资本,2026-06-17,7.71,11.94,8.91,20.21,15.11
000988,华工科技,2026-06-17,170.51,97.91,154.68,15.96,5.87
000989,九芝堂,2026-06-17,7.86,2.45,9.06,9.90,7.98
000990,诚志股份,2026-06-17,8.94,8.08,10.56,17.61,14.88
000993,闽东电力,2026-06-17,11.40,0.20,13.57,12.74,10.57
000995,皇台酒业,2026-06-17,10.29,3.60,12.35,16.80,13.02
000997,新 大 陆,2026-06-17,17.62,2.80,21.94,22.28,15.18
000998,隆平高科,2026-06-17,8.11,2.55,9.71,12.99,10.01
000999,华润三九,2026-06-17,23.79,1.47,28.08,13.49,9.35
001201,东瑞股份,2026-06-17,10.87,0.03,13.11,15.34,11.17
001202,炬申股份,2026-06-17,14.23,0.83,17.04,15.62,7.71
001203,大中矿业,2026-06-17,34.36,10.59,39.89,24.53,12.02
001205,盛航股份,2026-06-17,14.17,27.73,14.52,10.23,6.41
001206,依依股份,2026-06-17,17.29,26.38,17.98,22.05,12.92
001207,联科科技,2026-06-17,17.35,2.46,19.69,10.23,7.63
001208,华菱线缆,2026-06-17,15.63,6.97,16.41,16.50,12.37
001209,洪兴股份,2026-06-17,17.85,0.10,21.03,12.31,6.65
001210,金房能源,2026-06-17,24.20,55.42,24,12.74,8.99
001211,双枪科技,2026-06-17,32.49,20.75,35.28,15.61,8.24
001212,中旗新材,2026-06-17,46.30,1.61,52.41,9.55,7.34
001213,中铁特货,2026-06-17,3.56,0.35,4.14,8.32,3.70
001215,千味央厨,2026-06-17,40.28,22.02,41.98,10.36,5.64
001216,华瓷股份,2026-06-17,16.21,11.07,18.21,13.94,9.29
001217,华尔泰,2026-06-17,9.18,0.06,11.91,22.09,16.22
001218,丽臣实业,2026-06-17,27.24,80.91,25.41,9.39,6.37
001219,青岛食品,2026-06-17,12.39,0.38,14.35,8.99,6.12
001220,世盟股份,2026-06-17,30.44,15.08,33.46,18.81,12.72
001221,悍高集团,2026-06-17,44.42,21.14,51.70,19.95,16.71
001222,源飞宠物,2026-06-17,14.27,0.12,19.08,27.34,22.21
001223,欧克科技,2026-06-17,49.83,97.67,45.21,12.63,7.87
001225,和泰机电,2026-06-17,41.69,0,46.81,17.54,11.45
001226,拓山重工,2026-06-17,49.72,33.35,50.44,9.19,4.13
001227,兰州银行,2026-06-17,2.13,12.91,2.26,6.53,4.77
001228,永泰运,2026-06-17,26.80,14.20,30.48,12.73,10.18
001229,魅视科技,2026-06-17,27.43,68.43,26.92,6.25,4.24
001230,劲旅环境,2026-06-17,18.83,0.53,25.74,18.60,5.08
001231,农心科技,2026-06-17,19.66,0.06,23.88,11.69,10
001233,海安集团,2026-06-17,49.85,17.59,53.72,17.73,10.61
001234,泰慕士,2026-06-17,23.48,16.52,28.11,16.86,14.47
001236,弘业期货,2026-06-17,7.63,5.92,9.62,18.28,13.17
001237,惠康科技,2026-06-17,64.12,53.39,64.01,15.14,7.71
001238,浙江正特,2026-06-17,28.86,12.15,35.26,17.15,12.16
001239,永达股份,2026-06-17,15.43,79.60,14.94,12.35,7.01
001255,博菲电气,2026-06-17,28.24,0.16,35.59,17.72,14.74
001256,炜冈科技,2026-06-17,25.61,81.42,24.43,8.07,5.73
001257,盛龙股份,2026-06-17,32.72,39.34,33.52,20.66,15.09
001258,立新能源,2026-06-17,7.68,0.91,9.96,17.12,13.35
001259,利仁科技,2026-06-17,68.95,49.53,69.09,38.34,8.34
001260,坤泰股份,2026-06-17,17.25,0,21.53,14.85,7.67
001266,宏英智能,2026-06-17,50.82,68.34,48.23,9.79,6.80
001267,汇绿生态,2026-06-17,54.96,52.90,54.34,14.77,9.86
001268,联合精密,2026-06-17,41.74,72.33,40.84,14.28,7.30
001269,欧晶科技,2026-06-17,26.35,46.53,26.53,14.50,9.09
001270,铖昌科技,2026-06-17,127.78,23.64,136.33,15.55,9.46
001277,速达股份,2026-06-17,29.66,0,35.53,15.85,12.84
001278,一彬科技,2026-06-17,16.60,0.55,19.39,18,14.74
001279,强邦新材,2026-06-17,27.60,21.59,31.49,14.03,11.43
001280,中国铀业,2026-06-17,73.10,44.55,73.41,11.25,7.96
001282,三联锻造,2026-06-17,21.18,64.73,20.92,12.86,8.29
001283,豪鹏科技,2026-06-17,52.84,32.12,55.13,13.09,9.06
001285,瑞立科密,2026-06-17,44.33,9.47,50.10,10.29,8.26
001286,陕西能源,2026-06-17,11.89,64.02,11.65,14.31,7.60
001287,中电港,2026-06-17,27.40,68.62,26.83,8.93,5.39
001288,运机集团,2026-06-17,26.39,33.88,27.25,20.35,9.45
001289,龙源电力,2026-06-17,17.37,83.11,16.36,12.36,8.96
001296,长江材料,2026-06-17,18.69,3.79,22.85,20.61,16.41
001298,好上好,2026-06-17,20.60,17.54,22.72,9.64,7.37
001299,美能能源,2026-06-17,10.82,17.49,11.79,13.63,10.04
001300,三柏硕,2026-06-17,13.07,0.03,16.73,12.53,7.65
001301,尚太科技,2026-06-17,92.80,89.58,85.24,12.36,9.36
001306,夏厦精密,2026-06-17,60.41,12.41,64.10,10.84,9.02
001308,康冠科技,2026-06-17,20.60,29.64,21.34,10.38,6.24
001309,德明利,2026-06-17,709.62,95.31,642.68,15.11,5.76
001311,多利科技,2026-06-17,18.11,1.53,22.36,27.21,14.52
001312,福恩股份,2026-06-17,20.36,41.62,21.24,13.13,10.29
001313,粤海饲料,2026-06-17,7.16,3.99,8.31,13.60,10.86
001314,亿道信息,2026-06-17,57.52,70.28,55.48,14.24,9.10
001316,润贝航科,2026-06-17,37.13,47.29,37.45,13.36,10.59
001317,三羊马,2026-06-17,45.48,0.95,53.26,12.40,10.13
001318,阳光乳业,2026-06-17,10.60,0.03,14.62,19.83,13.69
001319,铭科精技,2026-06-17,23.02,1.91,24.25,12.27,4.94
001322,箭牌家居,2026-06-17,5.88,0.09,8.28,18.41,11.31
001323,慕思股份,2026-06-17,17.96,0.04,25.90,17.39,7.62
001324,长青科技,2026-06-17,18.33,20.36,20.01,8.44,6.88
001325,元创股份,2026-06-17,40.70,46.23,40.81,17.86,12.77
001326,联域股份,2026-06-17,74.03,100,67.27,12.74,6.19
001328,登康口腔,2026-06-17,28.29,1.94,32.66,17.85,13.70
001330,博纳影业,2026-06-17,6.91,24.34,7.48,18.80,15.42
001331,胜通能源,2026-06-17,69.78,93,56.15,20.87,10.26
001332,锡装股份,2026-06-17,46.29,47.59,46.30,12.11,4.68
001333,光华股份,2026-06-17,20.05,0.02,23.83,12.70,10.30
001335,信凯科技,2026-06-17,48.38,67.62,47.83,6.80,3.01
001336,楚环科技,2026-06-17,23.91,2.37,26.76,11.44,9.88
001337,四川黄金,2026-06-17,43.44,18.10,49.65,18.56,13.67
001338,永顺泰,2026-06-17,9.32,0.10,12.53,15.88,10.81
001339.code,sz001339.name,sz001339.date,sz001339.closePrice,sz001339.chipProfitRate,sz001339.chipAvgCost,sz001339.chipConcentration90,sz001339.chipConcentration70
001339,智微智能,2026-06-17,115.39,98.92,102.98,11.44,5.64
001356,富岭股份,2026-06-17,9.23,2.85,11.28,18.02,14.97
001358,兴欣新材,2026-06-17,25.41,23.78,27.62,11.49,9.09
001359,平安电工,2026-06-17,129.15,99.79,101.79,22.64,13.76
001360,南矿集团,2026-06-17,21.19,56.56,20.95,19.12,8.21
001365,天海电子,2026-06-17,40.20,25.49,42.25,22.08,9.37
001366,播恩集团,2026-06-17,12.14,0.39,14.68,16.10,11.22
001367,海森药业,2026-06-17,20.05,9.52,24.99,14.73,11.74
001368,通达创智,2026-06-17,22.13,0.08,26.01,13.25,9.58
001369,双欣材料,2026-06-17,15.74,76.53,15.25,7.65,5.05
001373,翔腾新材,2026-06-17,36.13,41.67,36.87,10.79,8.71
001376,百通能源,2026-06-17,11.93,5.93,13.46,13.96,10.68
001378,德冠新材,2026-06-17,19.90,35.13,20.19,9.24,4.55
001379,腾达科技,2026-06-17,16.88,1.94,20.90,17.36,12.12
001380,华纬科技,2026-06-17,16.44,1.34,19.89,17.54,10.68
001382,新亚电缆,2026-06-17,20.03,2.42,20.66,5.34,3.65
001386,马可波罗,2026-06-17,16.01,26.17,16.57,13.36,10.22
001387,雪祺电气,2026-06-17,13.07,51.62,13.04,9.95,7.69
001388,信通电子,2026-06-17,29.08,4.85,36.99,20.16,13.95
001389,广合科技,2026-06-17,205.80,99.95,183.09,19.77,5.32
001390,古麒绒材,2026-06-17,18.81,33.62,20.51,17.22,11.68
001391,国货航,2026-06-17,4.53,0,5.44,16.45,9.14
001393,维通利,2026-06-17,58.24,21.94,60.95,16.81,9.48
001395,亚联机械,2026-06-17,25.50,0.16,29.82,12.21,9.55
001396,誉帆科技,2026-06-17,40.29,31.14,43.01,13.88,9.82
001400,江顺科技,2026-06-17,114.06,41.38,115.51,17.31,13.50
001696,宗申动力,2026-06-17,24.22,98.80,21.90,22.22,14.96
001872,招商港口,2026-06-17,19.96,43.36,20.07,10.29,5.91
001896,豫能控股,2026-06-17,21.76,60.53,21.48,18.50,10.68
001914,招商积余,2026-06-17,9.03,0.11,10.97,13.15,10.06
001965,招商公路,2026-06-17,9.80,25.83,10.16,15.75,12.57
001979,招商蛇口,2026-06-17,7.53,0.33,9.15,12.97,7.68
002001,新 和 成,2026-06-17,28.50,24.79,31.21,24.16,17.67
002003,伟星股份,2026-06-17,8.63,0.35,9.79,10.93,6.36
002004,华邦健康,2026-06-17,4.20,2,4.89,12.10,9.34
002005,ST德豪,2026-06-17,2.72,30.59,2.85,14.90,9.42
002006,精工科技,2026-06-17,14.84,0.90,18.21,20.90,12.43
002007,华兰生物,2026-06-17,12.83,2.96,14.94,11.13,6.56
002008,大族激光,2026-06-17,135.84,74.66,130.22,35.66,15.02
002009,天奇股份,2026-06-17,20.61,18.50,22.54,16.04,12.72
002010,传化智联,2026-06-17,4.92,3.55,6.06,15.56,10.01
002011,盾安环境,2026-06-17,10.79,3.33,12.57,12.40,6.72
002012,凯恩股份,2026-06-17,7.12,19.10,7.49,13.69,10.93
002014,永新股份,2026-06-17,10.59,18.04,11.15,12.69,5.84
002015,协鑫能科,2026-06-17,18.95,25.82,21.15,16.31,13.05
002016,世荣兆业,2026-06-17,4.38,0.12,5.63,16.78,13.32
002017,东信和平,2026-06-17,16.13,11.92,18.99,22.10,16.71
002019,亿帆医药,2026-06-17,9.81,0.19,12.24,16.46,12.16
002020,京新药业,2026-06-17,12.05,2.79,15.09,23.57,16.91
002021,中捷资源,2026-06-17,2.49,6.22,2.97,16.84,11.78
002022,科华生物,2026-06-17,4.91,0.12,5.92,14.99,7.67
002023,海特高新,2026-06-17,12.40,62.95,12.11,10.79,8.04
002024,ST易购,2026-06-17,1.22,3.89,1.71,29.14,20.54
002025,航天电器,2026-06-17,63.40,19.31,67.54,12.14,9.35
002026,山东威达,2026-06-17,11.99,0.98,13.08,13.95,11.16
002027,分众传媒,2026-06-17,5.12,0.11,6.63,19.75,15.23
002028,思源电气,2026-06-17,186.93,27.44,199.36,20.01,9.52
002029,七 匹 狼,2026-06-17,8.34,13.98,9.96,21.06,15.54
002030,达安基因,2026-06-17,5.44,8.54,6.60,14.65,8.82
002031,巨轮智能,2026-06-17,5.71,3.28,6.47,16.72,11.87
002032,苏 泊 尔,2026-06-17,41.68,11.55,46.05,10.94,8.36
002033,丽江股份,2026-06-17,8.43,4.44,8.75,10.47,7.92
002034,旺能环境,2026-06-17,17.45,15.31,19.54,14.54,11.82
002035,华帝股份,2026-06-17,4.86,0.31,6.17,15.64,12.34
002036,联创电子,2026-06-17,8.70,31.47,9.04,14.29,10.95
002037,保利联合,2026-06-17,6.59,0.04,8.55,19.69,13.37
002038,双鹭药业,2026-06-17,5.03,0.18,6.44,20.91,15.78
002039,黔源电力,2026-06-17,20.41,39.31,20.64,9.80,4.98
002040,南 京 港,2026-06-17,8.58,4.72,10.23,14.61,10.32
002041,登海种业,2026-06-17,8.47,5.36,10.24,17.12,13.68
002042,华孚时尚,2026-06-17,3.70,4.30,4.76,17.22,13.54
002043,兔 宝 宝,2026-06-17,12.24,16.22,13.63,17.89,12.06
002044,美年健康,2026-06-17,5.23,18.93,5.74,15.70,9.60
002045,国光电器,2026-06-17,8.64,8.66,11.08,26.20,19.53
002046,国机精工,2026-06-17,62.01,88.61,55.35,16.12,11
002047,宝鹰股份,2026-06-17,4.73,32.81,4.92,18.42,13.30
002048,宁波华翔,2026-06-17,27.80,42.39,28.09,11.83,6.92
002049,紫光国微,2026-06-17,80,67.06,78.05,9.66,7.18
002050,三花智控,2026-06-17,44.60,7.09,47.65,10.27,7.85
002051,中工国际,2026-06-17,12.50,86.36,11.59,12.16,6.99
002052,同洲电子,2026-06-17,8.93,1.72,10.77,17.10,12.81
002053,云南能投,2026-06-17,10.12,0.08,12.01,12.73,7.22
002054,德美化工,2026-06-17,7.38,4.21,8.26,14.40,7.50
002055,ST得润,2026-06-17,6.50,45.87,6.57,14.90,11.92
002056,横店东磁,2026-06-17,26.32,72.71,25.16,20.18,15.82
002057,中钢天源,2026-06-17,11.88,79.23,10.90,13.41,11.34
002058,威尔泰,2026-06-17,23.54,45.40,23.81,11.89,8.96
002059,云南旅游,2026-06-17,4.38,0.39,5.09,12.63,9.43
002060,广东建工,2026-06-17,3.26,2.73,3.66,8.65,4.04
002061,浙江交科,2026-06-17,3.53,2.82,3.94,7.84,5.71
002062,宏润建设,2026-06-17,7.98,18.93,8.79,15.65,10.63
002063,远光软件,2026-06-17,5.29,4.02,6.41,15.72,8.87
002064,华峰化学,2026-06-17,10.54,51.61,10.48,26.85,15.23
002065,东华软件,2026-06-17,7.37,12.96,8.53,18.72,14.52
002066,瑞泰科技,2026-06-17,23.08,33.81,23.86,15.71,9.65
002067,景兴纸业,2026-06-17,4.10,0.94,4.99,14.82,9.45
002068,黑猫股份,2026-06-17,9.50,20.77,10.07,11.12,6.82
002069,獐子岛,2026-06-17,3.11,0.17,3.75,11.48,7.12
002072,凯瑞德,2026-06-17,9.18,97.46,8.28,11.86,8.13
002073.code,sz002073.name,sz002073.date,sz002073.closePrice,sz002073.chipProfitRate,sz002073.chipAvgCost,sz002073.chipConcentration90,sz002073.chipConcentration70
002073,软控股份,2026-06-17,5.38,1.10,6.81,20.83,17.29
002074,国轩高科,2026-06-17,30.12,11.93,37.04,16.31,12.86
002075,沙钢股份,2026-06-17,3.76,10.68,4.71,25.28,19.80
002076,*ST星光,2026-06-17,2.65,78.16,2.49,13.53,10.65
002077,大港股份,2026-06-17,17.74,73.90,17.09,8.41,6.21
002078,太阳纸业,2026-06-17,12.92,0.35,14.65,12.59,9.25
002079,苏州固锝,2026-06-17,13.52,94.30,12.50,11.71,5.83
002080,中材科技,2026-06-17,82.41,100,62.84,31.84,22.90
002081,金 螳 螂,2026-06-17,4.77,1.10,5.71,18.55,13.50
002082,ST万邦,2026-06-17,13.68,16.12,17.99,45.46,37.15
002083,孚日股份,2026-06-17,10.81,56.23,10.54,17.02,10.16
002084,海鸥住工,2026-06-17,3.37,27.11,3.69,13.23,9.16
002085,万丰奥威,2026-06-17,13.07,27.19,13.86,17.01,13.30
002086,东方海洋,2026-06-17,1.82,7.71,1.94,15.14,9.49
002088,鲁阳节能,2026-06-17,8.79,4.69,11.17,20.18,15.48
002090,金智科技,2026-06-17,9.29,2.35,11.04,15.35,10.41
002091,江苏国泰,2026-06-17,7.82,6.51,8.82,10.42,4.13
002092,中泰化学,2026-06-17,4.21,0.14,5.77,30,22.87
002093,国脉科技,2026-06-17,6.95,3.08,9.60,28.53,22.91
002094,青岛金王,2026-06-17,4.80,0.18,5.99,25.65,19.38
002095,生 意 宝,2026-06-17,13.41,1.62,16.70,18.69,13.68
002096,易普力,2026-06-17,9.60,7.63,13.23,20.76,13.53
002097,山河智能,2026-06-17,8.13,1.18,10.05,20.67,17.15
002098,浔兴股份,2026-06-17,6.83,0.05,9.49,21.58,16.71
002099,海翔药业,2026-06-17,5.14,0.04,6.72,22.28,15.52
002100,天康生物,2026-06-17,6.16,0.57,7.29,12.08,9.89
002101,广东鸿图,2026-06-17,8.37,0,11.71,23.55,16.74
002102,ST能特,2026-06-17,2.19,0.35,2.90,24.38,19.81
002103,广博股份,2026-06-17,6.24,0.28,8.20,22.29,18.85
002104,恒宝股份,2026-06-17,11.34,10.06,13.29,22.44,15.06
002105,信隆健康,2026-06-17,5.24,0.03,6.44,16.52,12.13
002106,莱宝高科,2026-06-17,14.78,100,12.61,12.86,9.44
002107,沃华医药,2026-06-17,5.91,1.97,7.30,14.70,10.51
002108,沧州明珠,2026-06-17,4.73,11.86,5.43,14.94,12.34
002109,ST兴化,2026-06-17,2.61,0,4.03,28.45,23.65
002110,三钢闽光,2026-06-17,2.96,1.69,4.25,21.98,17.41
002111,威海广泰,2026-06-17,9.60,13.26,10.57,9.54,8.06
002112,三变科技,2026-06-17,17.18,16.01,18.50,14.46,10.52
002114,罗平锌电,2026-06-17,7.69,16.50,8.62,16.74,10.60
002115,三维通信,2026-06-17,11.79,19.28,12.40,13.52,11.13
002116,中国海诚,2026-06-17,9.23,11.59,10.44,11.32,7.18
002117,东港股份,2026-06-17,8.61,0.05,9.98,17.50,11.69
002119,康强电子,2026-06-17,33.17,83.37,32.32,18.14,14.11
002120,韵达股份,2026-06-17,6.41,1.54,7.08,11.29,8.44
002121,科陆电子,2026-06-17,5.97,0.34,7.55,22.87,13.57
002122,ST汇洲,2026-06-17,2.57,0.77,3,16.14,7
002123,梦网科技,2026-06-17,7.69,7.22,9.75,25.64,17.77
002124,天邦食品,2026-06-17,2.25,0,2.62,13.28,10.28
002125,湘潭电化,2026-06-17,19.11,80.98,18.35,17.81,13.06
002126,银轮股份,2026-06-17,53.44,83.50,49.17,17.25,8.77
002127,南极电商,2026-06-17,2.68,2.52,3.05,11.52,7.85
002128,电投能源,2026-06-17,24.36,20.66,28.36,30.92,20.76
002129,TCL中环,2026-06-17,10.71,95.55,9.97,9.70,6.16
002130,沃尔核材,2026-06-17,20.63,23.16,21.91,16.29,10.64
002131,利欧股份,2026-06-17,5.36,9.66,6.03,19.56,13.64
002132,恒星科技,2026-06-17,5.18,19.53,5.46,13.36,6.25
002133,广宇集团,2026-06-17,2.58,0.32,3.22,16.67,11.86
002134,天津普林,2026-06-17,29.78,78.23,28.43,15.73,7.11
002135,东南网架,2026-06-17,7.81,57.70,7.59,18.07,13.59
002136,安 纳 达,2026-06-17,13.48,38.66,13.74,12.93,10.37
002137,实益达,2026-06-17,10.16,71.59,9.95,10.52,4.68
002138,顺络电子,2026-06-17,66.52,99.67,56.74,28.33,19.24
002139,拓邦股份,2026-06-17,9.74,6.32,11.20,18.29,14.03
002140,东华科技,2026-06-17,10.04,4.89,12.39,18.02,12.45
002141,贤丰控股,2026-06-17,4.28,97.54,3.71,11.94,9.07
002142,宁波银行,2026-06-17,31.44,82.64,28.52,16.91,11.26
002144,宏达高科,2026-06-17,10.74,0.10,13.65,19.26,14.67
002145,钛能化学,2026-06-17,4.46,21.53,4.69,12.96,10.41
002146,荣盛发展,2026-06-17,1.23,3.96,1.32,15.19,11.78
002148,北纬科技,2026-06-17,6.16,0.79,7.61,17.84,13.93
002149,西部材料,2026-06-17,60.05,35.96,60.73,10.72,5.03
002150,正泰电源,2026-06-17,25.55,11.59,30.34,15.97,13.94
002151,北斗星通,2026-06-17,33.45,10.51,38.13,14.44,12.69
002152,广电运通,2026-06-17,10.10,6.91,12.27,16.22,9.66
002153,石基信息,2026-06-17,7.74,1.84,10,27.70,21.92
002154,报 喜 鸟,2026-06-17,3.86,28.52,4.02,11.75,6.15
002155,湖南黄金,2026-06-17,26.50,48.72,26.52,21.85,11.31
002156,通富微电,2026-06-17,67.22,70.66,63.38,11.83,7.60
002157,正邦科技,2026-06-17,3.03,3.57,3.31,7.56,5.74
002158,汉钟精机,2026-06-17,31.23,67.18,29.11,19.74,14.21
002159,三特索道,2026-06-17,13.06,0.22,15.73,17.69,13.68
002160,常铝股份,2026-06-17,4.78,29.69,4.92,14.14,9.33
002161,远 望 谷,2026-06-17,6.26,26.17,6.88,21.52,13.55
002162,悦心健康,2026-06-17,3.57,0,4.66,23.28,17.46
002163,海南发展,2026-06-17,9.24,2.57,12.08,26.73,16.30
002164,宁波东力,2026-06-17,12.83,14.27,13.65,9.14,6.58
002165,红 宝 丽,2026-06-17,7.39,18.74,7.75,17.58,6.23
002166,莱茵生物,2026-06-17,7.30,0.46,8.86,11.48,5.64
002167,东方锆业,2026-06-17,14.66,76.26,14.05,9.42,6.20
002168,ST惠程,2026-06-17,3.79,15.93,4.06,10.91,6.53
002169,智光电气,2026-06-17,14.97,22.77,15.56,16.52,10.68
002170,芭田股份,2026-06-17,11.06,5.15,12.56,11.07,7.36
002171,楚江新材,2026-06-17,15,97.27,13.06,13.55,10.11
002172,澳洋健康,2026-06-17,3.01,0.13,3.78,17.77,14.53
002173,创新医疗,2026-06-17,17.27,15.15,20.20,20.43,17.91
002174,游族网络,2026-06-17,11.62,67.39,11.20,12.23,7.61
002175,*ST东智,2026-06-17,2.07,0,2.66,23.18,9.76
002176,江特电机,2026-06-17,11.49,45.31,11.61,18.16,11.87
002177,御银股份,2026-06-17,6.52,32.69,7.01,14.08,12.34
002178,延华智能,2026-06-17,5.11,0,6.01,12.49,8.53
002179.code,sz002179.name,sz002179.date,sz002179.closePrice,sz002179.chipProfitRate,sz002179.chipAvgCost,sz002179.chipConcentration90,sz002179.chipConcentration70
002179,中航光电,2026-06-17,38.82,72.01,36.86,10.16,7.06
002180,奔图科技,2026-06-17,14.37,7.40,18.49,24.93,16.68
002181,粤 传 媒,2026-06-17,11.40,1.36,14.98,21.67,14.91
002182,宝武镁业,2026-06-17,13.72,16.19,15.59,21.29,12.03
002183,怡 亚 通,2026-06-17,5.67,20.91,6.35,15.87,12.41
002184,海得控制,2026-06-17,10.54,1.93,11.86,11.04,7.92
002185,华天科技,2026-06-17,19.05,78.61,18.01,11.79,7.33
002186,全 聚 德,2026-06-17,8.81,0,10.66,15.01,11.22
002187,广百股份,2026-06-17,5.04,0.20,6.17,25.96,18.59
002188,中天服务,2026-06-17,5.34,0.21,6.25,13.68,10.61
002189,中光学,2026-06-17,20.80,31.60,22.18,11.30,8.52
002190,成飞集成,2026-06-17,27.31,17.68,31.68,20.97,16.33
002191,劲嘉股份,2026-06-17,4,67.15,3.90,11.70,9.13
002192,融捷股份,2026-06-17,89.17,68.67,87.57,12.75,6.47
002193,ST如意,2026-06-17,4.94,25.64,5.30,19.20,14.63
002194,武汉凡谷,2026-06-17,12.48,69.50,12.11,6.52,5.05
002195,岩山科技,2026-06-17,7.18,12.01,8.76,20.23,13.01
002196,方正电机,2026-06-17,12.32,0.44,13.61,14.50,12.67
002197,证通电子,2026-06-17,6.21,7.16,7.52,18.20,14.07
002198,ST嘉应,2026-06-17,3.44,0,4.17,37.38,33.46
002199,*ST东晶,2026-06-17,13.37,60.33,13.13,31.54,24.92
002200,交投生态,2026-06-17,6.50,6.48,7.23,9.21,5.98
002201,九鼎新材,2026-06-17,12.76,78.18,11.58,15.51,12.63
002202,金风科技,2026-06-17,21.98,20.55,24.59,14.39,11.72
002203,海亮股份,2026-06-17,23.20,82.99,19.82,31.43,24.09
002204,大连重工,2026-06-17,5.59,3.50,6.73,15.24,10.48
002205,国统股份,2026-06-17,11.11,0.17,13.53,11.56,7.17
002206,海 利 得,2026-06-17,5.48,21.65,5.93,14.92,11.78
002207,*ST准油,2026-06-17,7.18,6.52,8.40,16.38,12.43
002208,合肥城建,2026-06-17,17.58,71.72,16.87,22.13,10.72
002209,达 意 隆,2026-06-17,11.06,0.56,13.48,19.30,14.57
002210,飞马国际,2026-06-17,2.42,0.79,2.84,14.79,12.23
002211,ST宏达,2026-06-17,3.70,50.16,3.70,8.03,4.45
002212,天融信,2026-06-17,6.23,4.23,7.44,19.22,15.22
002213,大为股份,2026-06-17,40.69,94.56,38.41,7.46,3.97
002214,*ST大立,2026-06-17,15.70,43.81,16.66,31.18,16.57
002215,诺 普 信,2026-06-17,9.44,27.68,9.96,13.39,9.57
002216,三全食品,2026-06-17,11.73,31.67,12.19,12.39,9.20
002217,合力泰,2026-06-17,2.66,50.56,2.66,20.18,15.01
002218,拓日新能,2026-06-17,4.26,4.50,5.11,19.32,15.50
002219,新里程,2026-06-17,1.91,0.67,2.33,12.54,7.38
002221,东华能源,2026-06-17,5.92,0.77,8.08,22.18,16.47
002222,福晶科技,2026-06-17,104.47,79.66,98.11,11.76,8.26
002223,鱼跃医疗,2026-06-17,25.24,1.60,34.02,23.94,18.01
002224,三 力 士,2026-06-17,3.52,1.05,4.35,15.29,12.14
002225,濮耐股份,2026-06-17,4.42,72.10,4.26,19.84,7.20
002226,江南化工,2026-06-17,5.05,6.92,6,14.58,8.94
002227,*ST特迅,2026-06-17,7.06,6.09,8.61,19.80,11.55
002228,合兴包装,2026-06-17,3.18,2.80,3.87,19.29,14.54
002229,鸿博股份,2026-06-17,12.11,0.10,14.01,18.89,10.46
002230,科大讯飞,2026-06-17,41.59,10.36,48.73,18.82,11.45
002232,启明信息,2026-06-17,14.87,0.60,18.10,15.24,10.72
002233,塔牌集团,2026-06-17,7.49,2.22,8.71,10.56,6.50
002234,民和股份,2026-06-17,6.79,0.14,8.08,14.32,10.81
002235,安妮股份,2026-06-17,8.69,1.55,10.13,14.49,7.29
002236,大华股份,2026-06-17,16.31,7.52,17.85,11.08,6.38
002237,恒邦股份,2026-06-17,14.51,39.45,15.27,19.27,12.80
002238,天威视讯,2026-06-17,5.76,0.28,8.05,21.08,14.26
002239,奥特佳,2026-06-17,2.44,0.80,2.90,14.06,10.12
002240,盛新锂能,2026-06-17,48.30,33.33,49.40,15.47,8.49
002241,歌尔股份,2026-06-17,23.68,23.90,25.22,10.77,8.19
002242,九阳股份,2026-06-17,8.43,3.62,10.43,15.19,10.14
002243,力合科创,2026-06-17,7.23,7.06,9.03,22.31,12.69
002244,滨江集团,2026-06-17,8.56,0.52,10.30,13.17,8.25
002245,蔚蓝锂芯,2026-06-17,20.67,60.68,20.42,21.14,6.30
002246,北化股份,2026-06-17,20.32,5.80,23.12,12.92,9.65
002247,聚力文化,2026-06-17,2.26,0.19,2.69,12.10,9.58
002248,华东数控,2026-06-17,9.52,3.61,12,17.79,16.21
002249,大洋电机,2026-06-17,8.14,7.52,9.35,14.83,11.08
002250,联化科技,2026-06-17,13.84,6.56,16.14,13.60,9.97
002251,步步高,2026-06-17,3.90,3.66,4.43,11.45,9.29
002252,上海莱士,2026-06-17,4.69,0,6.43,17.66,13.22
002253,*ST智胜,2026-06-17,11.10,22.99,11.49,6.93,4.21
002254,泰和新材,2026-06-17,18.58,99.42,17.26,20.62,11.88
002255,海陆重工,2026-06-17,9.50,14.86,10.61,18.26,9.30
002256,兆新股份,2026-06-17,4.16,16.29,4.52,14.88,9.47
002258,利尔化学,2026-06-17,13.58,56.73,13.12,15.99,13.03
002259,升达林业,2026-06-17,4.39,1.24,5.26,14.48,10.73
002261,拓维信息,2026-06-17,29.50,17.74,30.50,15.06,9.93
002262,恩华药业,2026-06-17,18.71,0,22.21,14.88,9.22
002263,大东南,2026-06-17,4.37,91.79,4.09,8.41,6.07
002264,新 华 都,2026-06-17,6.08,0.18,8.01,29.04,18.05
002265,建设工业,2026-06-17,19.35,0.51,23.74,17.14,11.01
002266,浙富控股,2026-06-17,4.90,43.09,4.96,14.78,10.18
002267,陕天然气,2026-06-17,6.91,0,7.96,8.52,4.94
002268,电科网安,2026-06-17,13.22,3.53,17.27,24.33,17.12
002269,美邦服饰,2026-06-17,1.41,0.09,1.62,13.67,8.84
002270,华明装备,2026-06-17,21.92,25.65,24.60,27.76,18.69
002271,东方雨虹,2026-06-17,12.57,10.69,14.94,18.39,12.87
002272,川润股份,2026-06-17,21.09,68.01,20.75,9.78,4.41
002273,水晶光电,2026-06-17,35.73,41.73,36.44,18.69,8.68
002274,华昌化工,2026-06-17,5.06,0.08,6.20,14.24,8.30
002275,桂林三金,2026-06-17,12.26,0.06,14.26,8.88,5.48
002276,万马股份,2026-06-17,10.92,3.89,13.69,22.80,19.19
002277,友阿股份,2026-06-17,6.18,16.25,6.65,15.55,8.49
002278,神开股份,2026-06-17,8.28,0,10.30,20.69,14.92
002279,久其软件,2026-06-17,6.48,0.12,7.20,16.25,9.09
002281,光迅科技,2026-06-17,242,99.25,211.52,26.70,6.44
002282,博深股份,2026-06-17,5.91,0.17,6.90,11.69,8.95
002283,天润工业,2026-06-17,10.06,32.47,10.83,16.67,12.06
002284.code,sz002284.name,sz002284.date,sz002284.closePrice,sz002284.chipProfitRate,sz002284.chipAvgCost,sz002284.chipConcentration90,sz002284.chipConcentration70
002284,亚太股份,2026-06-17,10.77,5.50,13.09,22,15.66
002285,世联行,2026-06-17,2.33,1.17,2.98,16.61,11.94
002286,保龄宝,2026-06-17,9.12,24.38,9.67,9.33,7.30
002287,奇正藏药,2026-06-17,19.80,0.11,24.93,16.70,10.68
002289,*ST宇顺,2026-06-17,41.36,83.16,32.01,41.61,22.64
002290,禾盛新材,2026-06-17,83.38,35.04,89.07,24.59,12.02
002291,遥望科技,2026-06-17,5.23,2.20,6.30,18.22,10.64
002292,奥飞娱乐,2026-06-17,6.47,0.27,7.79,17.83,9.21
002293,罗莱生活,2026-06-17,10.08,68.06,9.77,15.61,7.92
002294,信立泰,2026-06-17,30.16,2.56,43.57,33.68,27.30
002295,精艺股份,2026-06-17,9.78,5.96,11.13,14.23,9.66
002296,辉煌科技,2026-06-17,9.48,2.99,11.28,18.91,10.10
002297,博云新材,2026-06-17,25.78,97.80,22.71,11.96,8.88
002298,中电鑫龙,2026-06-17,8.32,15.46,9.90,18.31,16.07
002299,圣农发展,2026-06-17,16.22,18.26,17.11,9.98,7.02
002300,太阳电缆,2026-06-17,7.45,3.02,9.52,20.29,15.30
002301,齐心集团,2026-06-17,7.90,58.19,7.79,10.34,7.40
002302,西部建设,2026-06-17,4.74,0.06,6.19,16.82,9.10
002303,美盈森,2026-06-17,3.83,81.06,3.53,12.62,7.74
002304,洋河股份,2026-06-17,42.08,0.16,62.06,26.73,20.22
002305,*ST南置,2026-06-17,2.17,19.67,2.27,7.47,5.54
002306,ST云网,2026-06-17,2.09,7.41,2.27,9.20,6.79
002307,北新路桥,2026-06-17,3.77,6.31,4.61,16.64,11.63
002309,中利集团,2026-06-17,3.19,6.82,3.55,20.59,15.73
002310,东方新能,2026-06-17,2.42,0.39,2.96,18.18,11.93
002311,海大集团,2026-06-17,41.58,0.31,52.46,15.79,11.16
002312,川发龙蟒,2026-06-17,8.58,6.23,11.21,22.26,18.97
002313,日海智能,2026-06-17,8.22,4.72,9.62,11.22,8.44
002314,南山控股,2026-06-17,2.14,0.04,2.50,10.78,6.88
002315,焦点科技,2026-06-17,24.45,2.82,30.28,19.74,11.66
002316,亚联发展,2026-06-17,4.28,0.10,5.14,12.88,9.98
002317,众生药业,2026-06-17,20.82,12.89,22.35,13.67,5.48
002318,久立特材,2026-06-17,24.02,28.93,27.14,21.02,15.39
002319,乐通股份,2026-06-17,11.29,16.29,11.67,8.09,3.16
002320,海峡股份,2026-06-17,6.86,1.09,10.18,31.50,23.11
002321,华英农业,2026-06-17,1.76,0.12,2.19,17.65,11.37
002322,理工能科,2026-06-17,10.31,0.03,12.75,14.14,9.41
002323,*ST雅博,2026-06-17,1.37,28.09,1.47,29.97,9.99
002324,普利特,2026-06-17,13.18,32.25,14.54,20.80,16.70
002326,永太科技,2026-06-17,22.39,42.83,22.59,8.88,6.06
002327,富安娜,2026-06-17,6.45,0.02,7.06,5.98,3.98
002328,新朋股份,2026-06-17,8.05,26.67,9.15,15.97,12.78
002329,皇氏集团,2026-06-17,2.96,0.14,3.84,21.84,17.74
002330,得利斯,2026-06-17,3.71,0.28,4.63,15.67,12.99
002331,皖通科技,2026-06-17,7.98,1,9.09,10.88,8.33
002332,仙琚制药,2026-06-17,8.31,3.18,8.90,9.96,4.48
002333,罗普斯金,2026-06-17,4.88,1.49,5.66,11.16,7.25
002334,英威腾,2026-06-17,8.49,21.75,8.89,6.39,4.53
002335,科华数据,2026-06-17,38.93,28.32,40.90,13.13,10.72
002337,赛象科技,2026-06-17,4.82,0.08,6.12,15.80,12
002338,奥普光电,2026-06-17,54.64,34.99,58.68,12.51,9.82
002339,积成电子,2026-06-17,7.63,2.75,9.77,21.81,14.44
002340,格林美,2026-06-17,7.42,14.78,8.22,14.40,10.27
002342,巨力索具,2026-06-17,10.26,19.72,11.08,18.62,9.59
002343,慈文传媒,2026-06-17,4.72,0.11,5.95,24.53,17.76
002344,海宁皮城,2026-06-17,3.71,0.06,4.66,14.37,10.05
002345,潮宏基,2026-06-17,9.83,35.10,10.04,20.51,12.07
002346,柘中股份,2026-06-17,18.33,22.24,20.17,13.05,9.28
002347,泰尔股份,2026-06-17,6.40,0.59,7.85,19.49,11.72
002348,高乐股份,2026-06-17,12.58,46.23,12.70,34.92,22.73
002349,精华制药,2026-06-17,6.35,0.20,7.40,9.67,5.35
002350,北京科锐,2026-06-17,15.23,46.69,15.36,11.51,8.80
002351,漫步者,2026-06-17,10.04,2.17,11.18,11.21,7.47
002352,顺丰控股,2026-06-17,32.20,0.07,38.25,14.73,7.09
002353,杰瑞股份,2026-06-17,157.65,98.67,140.23,25.87,17.48
002354,天娱数科,2026-06-17,7.03,13.18,7.28,11.24,5.56
002355,兴民智通,2026-06-17,4.81,1.96,6.12,20.41,14.06
002356,赫美集团,2026-06-17,3.13,17.40,3.35,19.66,12.55
002357,富临运业,2026-06-17,9.68,11.28,11.25,23.11,12.63
002358,森源电气,2026-06-17,6.02,8.62,7.37,20.64,12.02
002360,ST同德,2026-06-17,5.31,1.02,6.14,9.84,4.99
002361,神剑股份,2026-06-17,15.62,9.72,16.21,8.94,6.69
002362,汉王科技,2026-06-17,18.51,32.78,18.84,14.43,6.29
002363,隆基机械,2026-06-17,6.57,0.93,8.30,19.84,12.51
002364,中恒电气,2026-06-17,51.99,42.01,52.39,12.51,6.05
002365,永安药业,2026-06-17,10.74,0.96,12.77,16.27,12.16
002366,融发核电,2026-06-17,6.11,6.86,7.31,16.66,11.87
002367,康力电梯,2026-06-17,5.25,1.22,6.40,19.83,14.71
002368,太极股份,2026-06-17,16.96,37.89,17.51,26.28,21.36
002369,卓翼科技,2026-06-17,6.02,8.84,7.05,19.04,14.33
002370,亚太药业,2026-06-17,5.12,1.17,6.61,19.40,14.62
002371,北方华创,2026-06-17,704.22,99.55,518.99,26.04,19.07
002372,伟星新材,2026-06-17,8.70,0.40,10.39,12.31,7.35
002373,千方科技,2026-06-17,7.62,10.92,9.41,26.87,22.38
002374,中锐股份,2026-06-17,3.13,3.07,3.49,10.03,8.24
002375,亚厦股份,2026-06-17,3.66,0.56,4.22,11.94,8.02
002376,新北洋,2026-06-17,6.07,1.95,7.02,12.24,7.84
002377,国创高新,2026-06-17,2.64,0.04,3.21,14.72,12.34
002378,章源钨业,2026-06-17,34.88,60.32,33.50,14.62,10.42
002379,宏桥控股,2026-06-17,17.01,6.12,21.55,28.30,24.09
002380,科远智慧,2026-06-17,37.55,26.08,38.73,15.55,10.30
002381,双箭股份,2026-06-17,5.38,0.02,6.35,11.62,9.12
002382,蓝帆医疗,2026-06-17,5.46,0.43,7.13,18.69,13.43
002383,合众思壮,2026-06-17,7.18,0.42,9.60,27.01,22.20
002384,东山精密,2026-06-17,256.92,94.86,219.07,27.83,9.21
002385,大北农,2026-06-17,2.95,0.80,3.88,17.96,14.01
002386,天原股份,2026-06-17,5.64,6.60,6.27,11.43,8.44
002387,维信诺,2026-06-17,8.81,68.29,8.60,8.76,5.16
002388,新亚制程,2026-06-17,5.45,56.25,5.42,11.89,6.39
002389,航天彩虹,2026-06-17,19.03,13.79,21.80,19.79,13.27
002390.code,sz002390.name,sz002390.date,sz002390.closePrice,sz002390.chipProfitRate,sz002390.chipAvgCost,sz002390.chipConcentration90,sz002390.chipConcentration70
002390,信邦制药,2026-06-17,2.80,0.81,3.23,13.33,4.95
002391,长青股份,2026-06-17,5.15,2.22,6.03,11.08,8.65
002392,北京利尔,2026-06-17,8.01,32.85,8.52,19.30,13.54
002393,力生制药,2026-06-17,14.18,2.62,17.87,15.04,10.48
002394,联发股份,2026-06-17,9.18,0.55,12.50,26.10,19.73
002395,双象股份,2026-06-17,13,0.26,16.07,20.58,17.11
002396,星网锐捷,2026-06-17,19.83,26.03,22.03,15.52,12.33
002397,梦洁股份,2026-06-17,4.28,16.96,4.67,17.04,11.66
002398,垒知集团,2026-06-17,4.05,0.73,4.95,18.08,14.72
002399,海普瑞,2026-06-17,9.06,0.21,11.73,16.38,10.64
002400,省广集团,2026-06-17,7.01,6.95,8.28,16.19,12.87
002401,中远海科,2026-06-17,13.12,13.93,15.37,16.05,12.58
002402,和而泰,2026-06-17,25.02,17.80,30.17,19.78,13.92
002403,爱仕达,2026-06-17,9.95,6.06,11.15,16.40,11.05
002404,嘉欣丝绸,2026-06-17,6.84,59.30,6.70,9.49,7.92
002405,四维图新,2026-06-17,7.21,0.15,9.23,19.01,13.83
002406,远东传动,2026-06-17,7.31,5.92,7.99,9.94,8.32
002407,多氟多,2026-06-17,38.47,57.48,38.25,10.69,8.01
002408,齐翔腾达,2026-06-17,5.10,16.91,5.99,16.68,12.89
002409,雅克科技,2026-06-17,147.92,99.74,129.82,18.58,12.29
002410,广联达,2026-06-17,8.85,2.13,10.85,23.17,16.98
002412,汉森制药,2026-06-17,5.90,3.68,6.59,11.06,6.50
002413,雷科防务,2026-06-17,10.28,11.64,10.79,16.18,13.68
002414,高德红外,2026-06-17,13.65,37.45,14.10,16.16,10.03
002415,海康威视,2026-06-17,32.36,77.06,30.75,11.96,6.34
002416,爱施德,2026-06-17,10.80,15.82,12.38,13.65,10.38
002418,康盛股份,2026-06-17,4.23,6.42,4.75,20.30,18.36
002419,天虹股份,2026-06-17,4.46,0.11,5.54,11.85,7.78
002420,毅昌科技,2026-06-17,5.51,0.47,6.93,19.59,16.11
002421,达实智能,2026-06-17,3.83,0.61,4.06,19.79,15.85
002422,科伦药业,2026-06-17,35.62,79.04,33.89,10.64,6.48
002423,中粮资本,2026-06-17,9.04,4.40,11.53,21,14.03
002424,ST百灵,2026-06-17,4.34,17.31,4.92,16.37,10.20
002425,凯撒文化,2026-06-17,2.72,0.11,3.40,17.94,11.92
002426,胜利精密,2026-06-17,4.09,92.09,3.75,8.29,6.38
002427,尤夫股份,2026-06-17,4.36,0.12,6.25,26.77,23.52
002428,云南锗业,2026-06-17,99.26,77.80,91.66,13.13,10.46
002429,兆驰股份,2026-06-17,11.86,55.78,11.65,16.15,9.92
002430,杭氧股份,2026-06-17,26.46,19.93,28.44,13.72,9.35
002431,ST棕榈,2026-06-17,1.49,0.20,2.53,30.14,26.37
002432,九安医疗,2026-06-17,66.83,13.96,73.84,16.53,9.15
002434,万里扬,2026-06-17,6.90,0.51,7.77,17.94,14.78
002436,兴森科技,2026-06-17,47.80,98.77,38.84,17.83,10.98
002437,誉衡药业,2026-06-17,2.57,0.21,3.31,18.56,15.87
002438,江苏神通,2026-06-17,15.81,13.76,16.85,11.10,6.22
002439,启明星辰,2026-06-17,12.98,13.55,14.90,12.91,10.79
002440,闰土股份,2026-06-17,10.44,63.81,9.93,22.81,12.50
002441,众业达,2026-06-17,8.68,12.41,10,14.04,9.69
002442,龙星科技,2026-06-17,4.98,0,5.76,22.10,18.30
002443,金洲管道,2026-06-17,11.67,59.32,11.51,15.03,5.96
002444,巨星科技,2026-06-17,30.16,9.90,32.75,11.41,7.81
002445,中南文化,2026-06-17,3.19,3.36,3.59,12.07,9.77
002446,盛路通信,2026-06-17,11.70,98.41,10.68,8.56,5.96
002448,中原内配,2026-06-17,13.16,20.91,14.41,15.03,10.62
002449,国星光电,2026-06-17,8.08,30.29,8.25,8.69,5.60
002451,摩恩电气,2026-06-17,7.70,2.57,9.63,18.63,12.78
002452,长高电气,2026-06-17,11.22,44.89,11.26,7.29,5.26
002453,华软科技,2026-06-17,5.07,5.99,5.99,12.88,9.24
002454,松芝股份,2026-06-17,5.43,4.17,6.69,15.13,11.51
002455,百川股份,2026-06-17,8.04,8.87,8.54,17.93,12.66
002456,欧菲光,2026-06-17,9.62,74.98,9.37,7.70,5.25
002457,青龙管业,2026-06-17,13.48,98.21,12.79,6.93,4.77
002458,益生股份,2026-06-17,8.15,50.39,8.15,12.81,9
002459,晶澳科技,2026-06-17,8.47,3.78,10.92,19.96,16.31
002460,赣锋锂业,2026-06-17,71.32,41.17,72.11,14.69,10.46
002461,珠江啤酒,2026-06-17,8.62,0.13,9.49,10.46,5.96
002462,嘉事堂,2026-06-17,13.41,15.07,13.83,13.94,9.59
002463,沪电股份,2026-06-17,146.55,99.35,128.01,29.13,18.50
002465,海格通信,2026-06-17,13.85,7.58,15.70,12.53,9.93
002466,天齐锂业,2026-06-17,64.04,51.42,63.94,16.50,10.78
002467,二六三,2026-06-17,5.18,3.05,6.60,19.47,15.90
002468,申通快递,2026-06-17,13.59,16.10,15.06,14.64,11.63
002469,三维化学,2026-06-17,6.85,29.82,7.16,20.66,15.08
002470,金正大,2026-06-17,2.13,0.46,2.52,17.05,14.80
002471,中超控股,2026-06-17,6.87,1.61,7.72,13.60,9.70
002472,双环传动,2026-06-17,41.76,39.33,42.21,8.35,5.17
002474,榕基软件,2026-06-17,6.70,0.52,7.19,10.44,8.62
002475,立讯精密,2026-06-17,67.32,46.82,67.76,21.82,15.48
002476,新叶股份,2026-06-17,5.41,18.29,5.85,16.34,11.28
002478,常宝股份,2026-06-17,7.04,13.95,7.98,25.23,21.12
002479,富春环保,2026-06-17,4.74,1.79,5.46,9.49,5.27
002480,新筑股份,2026-06-17,5.52,0.43,6.27,10.63,5.02
002481,双塔食品,2026-06-17,3.87,0.03,4.87,19.24,14.87
002482,广田集团,2026-06-17,1.37,0.19,1.69,14.83,10.36
002483,润邦股份,2026-06-17,5.30,0.49,6.73,17.97,12.66
002484,江海股份,2026-06-17,104.93,100,83.82,50.21,33.67
002485,ST雪发,2026-06-17,4.68,41.86,4.76,17.81,10.14
002486,嘉麟杰,2026-06-17,2.24,0.04,2.73,15.32,10.65
002487,大金重工,2026-06-17,60.57,20.88,72.69,19.94,16.70
002488,金固股份,2026-06-17,9.63,4.24,11.53,14.67,11.35
002489,浙江永强,2026-06-17,3.20,2.25,3.73,10.97,8.04
002490,山东墨龙,2026-06-17,7.42,0.21,8.27,13.94,6.80
002491,通鼎互联,2026-06-17,28.71,100,24.98,9.24,6.50
002492,恒基达鑫,2026-06-17,5.63,2.01,7.57,22.46,17.82
002493,荣盛石化,2026-06-17,11.90,54.70,11.75,27.61,18.80
002494,华斯股份,2026-06-17,4.72,0.02,5.38,12.57,9.62
002495,佳隆股份,2026-06-17,2.19,0.06,2.51,9.80,6.93
002496,*ST辉丰,2026-06-17,2.36,68.26,2.21,17.90,13.31
002497,雅化集团,2026-06-17,22.93,34.04,23.68,18.30,12.33
002498,汉缆股份,2026-06-17,7.57,10.01,8.82,18.60,11.47
002500.code,sz002500.name,sz002500.date,sz002500.closePrice,sz002500.chipProfitRate,sz002500.chipAvgCost,sz002500.chipConcentration90,sz002500.chipConcentration70
002500,山西证券,2026-06-17,5.23,11.65,5.95,12.41,9.72
002501,*ST利源,2026-06-17,1.44,12.52,1.78,29.27,18.05
002506,协鑫集成,2026-06-17,3.21,5.44,3.58,19.78,16.31
002507,涪陵榨菜,2026-06-17,11.55,5.41,12.60,6.73,4.96
002508,老板电器,2026-06-17,15.62,0.02,19.03,12.38,8.04
002510,天汽模,2026-06-17,6.11,0.02,7,12.82,8.41
002511,中顺洁柔,2026-06-17,6.87,4.40,8.29,12.53,8.48
002512,ST达华,2026-06-17,4.10,15.79,4.42,12.74,9.36
002513,蓝丰生化,2026-06-17,5.20,0.36,5.87,15.49,8.62
002514,*ST宝馨,2026-06-17,3.05,4.68,3.97,21.60,19.29
002515,金字火腿,2026-06-17,9.47,93.58,7.52,20.74,16.26
002516,旷达科技,2026-06-17,6.10,44.25,6.14,11.03,6.30
002517,恺英网络,2026-06-17,14.58,8.65,17.32,23.55,12.62
002518,科士达,2026-06-17,52.18,57.29,51.27,15.57,11.71
002519,银河电子,2026-06-17,6.34,7.59,7.65,16.41,14.23
002520,日发精机,2026-06-17,6.89,89.48,6.60,9.65,6.01
002521,齐峰新材,2026-06-17,7.01,3.74,8.14,12.63,6.46
002522,浙江众成,2026-06-17,7.22,62.78,7.10,9.68,5.79
002523,天桥起重,2026-06-17,3.20,0.04,4.05,16.77,13.05
002524,光正眼科,2026-06-17,3.40,0.38,4.14,15.32,10.63
002526,山东矿机,2026-06-17,2.84,0.17,3.41,14.46,10.40
002527,新时达,2026-06-17,13.83,19.40,14.55,11.15,7.99
002528,*ST英飞,2026-06-17,4.67,44.02,4.73,31.20,20.17
002529,海源复材,2026-06-17,8.24,77.60,7.70,12.60,9.55
002530,金财互联,2026-06-17,7.35,0.33,8.73,17.21,11.58
002531,天顺风能,2026-06-17,9.20,5.16,11.40,15.41,12.27
002532,天山铝业,2026-06-17,12.55,2.71,15.74,19.47,15.58
002533,金杯电工,2026-06-17,11.38,6.51,13.22,15.09,6.78
002534,西子洁能,2026-06-17,21.40,95.44,18.76,12.98,8.41
002535,林州重机,2026-06-17,2.37,0.44,2.75,23.99,19.72
002536,飞龙股份,2026-06-17,44.73,75.91,41.47,11.71,7.59
002537,海联金汇,2026-06-17,5.95,6.67,7.52,21.64,17.93
002538,ST司特,2026-06-17,5.84,0.18,6.89,13.84,10.91
002539,云图控股,2026-06-17,11.90,7.83,14.10,14.38,10.92
002540,亚太科技,2026-06-17,5.04,0.79,6.55,19.80,14.90
002541,鸿路钢构,2026-06-17,16.60,3.60,19.08,16.40,9.82
002542,*ST中岩,2026-06-17,1.47,0.55,1.81,39.05,18.17
002543,万和电气,2026-06-17,6.61,0,9.02,26.43,15.91
002544,普天科技,2026-06-17,19.93,11.59,25.98,29.11,22.60
002545,东方铁塔,2026-06-17,18.55,6.35,22.63,21.82,12.93
002546,新联电子,2026-06-17,6.81,5.59,8.56,24.15,15.92
002547,*ST春兴,2026-06-17,3.08,12.16,3.35,13.61,7.37
002548,金新农,2026-06-17,3.91,0.61,4.65,25.15,14.97
002549,凯美特气,2026-06-17,17.12,29.23,17.64,13.31,9.96
002550,千红制药,2026-06-17,5.78,0.81,7.45,17.01,11.60
002551,尚荣医疗,2026-06-17,2.81,0.17,3.45,14.29,11.09
002552,宝鼎科技,2026-06-17,72.16,97.23,57.11,53.25,28.45
002553,南方精工,2026-06-17,17.29,0,20.21,20.74,16.32
002554,惠博普,2026-06-17,3.24,28.34,3.46,19.20,11.77
002555,三七互娱,2026-06-17,17.35,0.22,20.97,19.18,10.36
002556,辉隆股份,2026-06-17,4.95,0.22,6.03,14.87,11.38
002557,洽洽食品,2026-06-17,19.33,0.40,21.34,7.58,5.21
002558,巨人网络,2026-06-17,24.09,7.33,31.36,28.13,16.59
002559,亚威股份,2026-06-17,10.55,76.96,10.08,8.61,5.72
002560,通达股份,2026-06-17,8.31,12.07,8.87,16.55,9.78
002561,徐家汇,2026-06-17,6.75,0,8.37,15.15,11.75
002562,兄弟科技,2026-06-17,4.74,2.49,5.72,19.45,11.24
002563,森马服饰,2026-06-17,5.22,11.21,5.44,7.57,5.52
002564,天沃科技,2026-06-17,4.85,8.61,6.18,25.12,20.10
002565,顺灏股份,2026-06-17,13.59,3.17,15.08,19.64,14.15
002566,益盛药业,2026-06-17,6.50,0.09,7.70,10.82,9.11
002567,唐人神,2026-06-17,3.33,0.13,4.17,16.22,9.28
002568,百润股份,2026-06-17,18.38,27.24,19,19.99,8.78
002569,*ST步森,2026-06-17,16.01,65.15,15.31,19.46,10.07
002570,贝因美,2026-06-17,4.67,0.02,5.25,12.53,8.54
002571,德力股份,2026-06-17,11.25,5.63,12.08,7,4.70
002572,索菲亚,2026-06-17,8.15,0,11.78,24.41,19.15
002573,清新环境,2026-06-17,3.20,0.08,3.84,10.28,7.20
002574,明牌珠宝,2026-06-17,4.61,0.89,5.68,18.31,12.64
002575,群兴玩具,2026-06-17,6.09,62.49,6.02,12.98,5.75
002576,通达动力,2026-06-17,15.69,0.81,18.37,10.77,9.19
002577,雷柏科技,2026-06-17,18.10,36.53,18.41,16.38,8.61
002578,闽发铝业,2026-06-17,3.62,11.67,4.01,10.53,6.82
002579,中京电子,2026-06-17,18.47,86.66,16.56,12.62,7.08
002580,圣阳股份,2026-06-17,21.30,31.68,21.89,13.67,9.13
002581,*ST未名,2026-06-17,3.93,15.97,5.54,40.37,33.98
002582,好想你,2026-06-17,9.10,0.29,10.37,13.68,11.48
002583,海能达,2026-06-17,8.84,15.42,9.75,15.74,11
002584,西陇科学,2026-06-17,8.44,86.42,8.12,7.36,4.82
002585,双星新材,2026-06-17,14.86,97.25,12.77,15.54,10.86
002586,ST围海,2026-06-17,3.66,10.27,4.50,23.88,11.64
002587,奥拓电子,2026-06-17,6.91,56.22,6.87,5.12,3.19
002588,史丹利,2026-06-17,8.52,4.66,10.19,14.99,11.41
002589,瑞康医药,2026-06-17,2.61,0.12,3.18,16.62,10.60
002590,万安科技,2026-06-17,11.01,3.25,12.47,16.23,11.91
002591,恒大高新,2026-06-17,7.04,2.63,7.85,12.61,11.04
002592,ST八菱,2026-06-17,6.35,0,8.10,21.92,17.50
002593,日上集团,2026-06-17,4.39,2.69,5.19,14.95,11.42
002594,比亚迪,2026-06-17,87.47,0.61,99.31,9.11,6.07
002595,豪迈科技,2026-06-17,49.50,39.34,53.63,30.15,21.44
002596,海南瑞泽,2026-06-17,3.40,1.56,3.78,14.18,7.09
002597,金禾实业,2026-06-17,21.01,20.65,22.63,14.99,8.85
002598,ST章鼓,2026-06-17,7.05,5.41,8.07,17.72,12.23
002599,盛通股份,2026-06-17,5.60,0.11,6.86,18.66,10.92
002600,领益智造,2026-06-17,15.85,69.53,15.20,11.13,6.88
002601,龙佰集团,2026-06-17,14.85,16.09,17.48,22.03,16.05
002602,世纪华通,2026-06-17,13.08,1.17,15.71,17.95,11.44
002603,以岭药业,2026-06-17,14.95,4.71,16.64,12.16,7.52
002605,姚记科技,2026-06-17,18.39,9.70,20,19.27,16.29
002606,大连电瓷,2026-06-17,13.92,35.20,14.35,12.09,10.04
002607.code,sz002607.name,sz002607.date,sz002607.closePrice,sz002607.chipProfitRate,sz002607.chipAvgCost,sz002607.chipConcentration90,sz002607.chipConcentration70
002607,中公教育,2026-06-17,1.97,0.69,2.56,18.12,15.32
002608,江苏国信,2026-06-17,8.75,62.18,8.38,17.09,13.23
002609,捷顺科技,2026-06-17,7.51,6.18,8.37,17.57,13.51
002611,东方精工,2026-06-17,18.18,45.59,18.23,7.13,4.74
002612,朗姿股份,2026-06-17,11.65,0,15.24,22.59,15.31
002613,北玻股份,2026-06-17,5.10,84.94,4.84,9.36,5.20
002614,奥佳华,2026-06-17,4.72,1.18,5.65,21.45,15.88
002615,哈尔斯,2026-06-17,7.39,0.30,8.08,8.62,6
002616,长青集团,2026-06-17,4.82,0.27,5.71,13.48,7.35
002617,露笑科技,2026-06-17,9.13,73.95,8.86,11.16,6.61
002620,*ST瑞和,2026-06-17,5.88,8.59,6.83,27.59,23.36
002622,皓宸医疗,2026-06-17,2.25,3.20,2.61,15.03,9.29
002623,亚玛顿,2026-06-17,17.93,16.58,20.93,18.38,14.72
002624,完美世界,2026-06-17,12.71,0.23,14.31,21.41,15.35
002625,光启技术,2026-06-17,37.91,7.80,41.43,17.83,13.03
002626,金达威,2026-06-17,13.95,0.25,18.17,16.57,11.83
002627,三峡旅游,2026-06-17,6.33,2.30,7.24,17.02,10.71
002628,成都路桥,2026-06-17,4.83,3.10,5.38,11.32,7.87
002629,仁智股份,2026-06-17,4.65,0.44,5.50,20.62,14.70
002630,*ST华西,2026-06-17,2.02,65.12,1.96,20.25,10.53
002631,德尔未来,2026-06-17,8.20,83.16,7.73,15.95,8.06
002632,道明光学,2026-06-17,9.97,7.59,11.19,15.48,10.89
002633,申科股份,2026-06-17,16.19,0.65,18.55,10.56,8.52
002634,*ST棒杰,2026-06-17,5.21,66.16,4.99,31.06,10.58
002635,安洁科技,2026-06-17,18.37,85.89,17.25,7.13,5.18
002636,金安国纪,2026-06-17,95.71,85.61,56.42,43.75,35.55
002637,赞宇科技,2026-06-17,11.88,27.29,12.40,10.42,6.10
002638,勤上股份,2026-06-17,3.98,6.97,4.40,10.15,7.17
002639,雪人集团,2026-06-17,14.51,10.10,15.43,14.44,9.02
002640,跨境通,2026-06-17,3.43,4,3.73,12.88,9.50
002641,公元股份,2026-06-17,4.30,54.44,4.27,5.26,3.58
002642,荣联科技,2026-06-17,7.01,8.40,8.58,13.59,10.55
002643,万润股份,2026-06-17,17.64,90.80,16.48,11.66,8.68
002644,佛慈制药,2026-06-17,7.51,4.95,8.81,13.84,9.07
002645,华宏科技,2026-06-17,34.22,96.27,30.87,22.47,15.58
002646,天佑德酒,2026-06-17,6.64,0.13,8.14,17.83,10.85
002647,仁东控股,2026-06-17,11.46,17.53,12.12,17.57,6.56
002648,卫星化学,2026-06-17,22.40,16.34,25.02,23.53,10.96
002649,博彦科技,2026-06-17,8.80,2.22,10.70,23.65,19.50
002650,ST加加,2026-06-17,7.06,51.54,7.03,24.66,10.90
002651,利君股份,2026-06-17,7.98,4.05,9.67,20.37,16.17
002652,扬子新材,2026-06-17,4.67,7.95,5.42,16.68,14.36
002653,海思科,2026-06-17,47.80,17.75,52.57,16.40,9.89
002654,万润科技,2026-06-17,17.06,74.13,16.62,12.35,7.49
002655,共达电声,2026-06-17,38.74,82.39,36.79,10.88,6.35
002656,*ST摩登,2026-06-17,3.26,65.33,3.15,13.40,10.76
002657,中科金财,2026-06-17,20.82,47.36,20.84,20.21,7.72
002658,雪迪龙,2026-06-17,8,17.27,8.59,13.66,10.96
002659,凯文教育,2026-06-17,4.02,0.44,5.15,23.77,18.17
002660,茂硕电源,2026-06-17,7.08,0.19,8.67,15.18,11.84
002661,克明食品,2026-06-17,7.25,0.06,8.87,13.10,9.24
002662,峰璟股份,2026-06-17,3.65,23.21,3.88,12.65,7.74
002663,普邦股份,2026-06-17,1.61,0.07,2.11,18.05,14.26
002664,信质集团,2026-06-17,19.38,22.35,21.52,18.52,11.43
002666,德联集团,2026-06-17,4.26,1.03,5.10,16.48,12.25
002667,*ST威领,2026-06-17,15.40,0.02,22.14,27.89,22.79
002668,TCL智家,2026-06-17,10.06,79.18,9.63,9.28,5.69
002669,康达新材,2026-06-17,17.38,79.84,16.66,9.35,5.46
002670,国盛证券,2026-06-17,11.91,21.75,14.58,30.14,20.19
002671,龙泉股份,2026-06-17,3.96,0.18,4.72,18.06,12.73
002672,东江环保,2026-06-17,3.65,9.63,4.57,18.46,14.47
002673,西部证券,2026-06-17,6.57,7.26,7.85,15.91,10.88
002674,兴业科技,2026-06-17,16.27,91.44,14.93,11.46,8.13
002675,东诚药业,2026-06-17,12.68,20.65,13.66,9.52,7.20
002676,顺威股份,2026-06-17,5.40,3.92,6.57,21.08,17.37
002677,浙江美大,2026-06-17,6.28,0.04,8.03,18.84,12.75
002678,珠江钢琴,2026-06-17,4.88,1.87,5.81,10.78,7.43
002679,福建金森,2026-06-17,8.43,0.12,10.71,17.11,11.95
002681,奋达科技,2026-06-17,4.87,7.17,5.33,15.88,8.65
002682,龙洲股份,2026-06-17,4.73,0.71,5.80,17.11,11.56
002683,广东宏大,2026-06-17,30.13,2.17,38.63,24.17,19.88
002685,华东重机,2026-06-17,6.65,9.22,8.27,18.01,15.34
002686,亿利达,2026-06-17,5.75,0.12,7.43,15.65,11.83
002687,乔治白,2026-06-17,4.18,5,4.68,10.05,7.53
002688,金河生物,2026-06-17,4.99,3.60,5.84,12.38,6.66
002689,ST远智,2026-06-17,2.79,0.57,3.66,16.27,10.37
002690,美亚光电,2026-06-17,14.97,11.56,17.38,17.47,12.93
002691,*ST冀凯,2026-06-17,4.67,3.52,5.63,32.65,24.30
002692,远程股份,2026-06-17,4.14,1.71,5.62,24.89,20.09
002693,双成药业,2026-06-17,8.82,21.17,9.35,19.34,12.44
002694,*ST顾地,2026-06-17,2.32,3.53,2.95,26.50,15.10
002695,煌上煌,2026-06-17,11.32,21.85,11.87,11.43,7.14
002696,百洋股份,2026-06-17,5.51,10.39,6.02,16.33,10.84
002697,红旗连锁,2026-06-17,4.42,0,5.12,16.23,11.42
002698,博实股份,2026-06-17,11.16,0.13,14.37,21.33,14.73
002700,万憬能源,2026-06-17,9.53,99.72,8.34,14.35,8.06
002701,奥瑞金,2026-06-17,4.36,0.70,5.32,13.92,8.92
002702,海欣食品,2026-06-17,4.83,0.27,5.57,12.09,8.58
002703,浙江世宝,2026-06-17,16.01,18.22,18.43,16.76,14.17
002705,新宝股份,2026-06-17,11.94,0.73,14.76,20.29,16.76
002706,良信股份,2026-06-17,11.99,27.66,12.44,14.96,9.47
002707,众信旅游,2026-06-17,5.28,0.40,6.32,20.68,17.31
002708,光洋股份,2026-06-17,14.13,42.53,14.27,8.78,6.87
002709,天赐材料,2026-06-17,52.85,66.12,51.68,11.67,8.51
002712,思美传媒,2026-06-17,4.52,0.24,5.32,16.89,7.45
002713,*ST东易,2026-06-17,10.35,9.85,12.55,18.14,14.19
002714,牧原股份,2026-06-17,34.66,5.25,44.13,19.77,13.67
002715,登云股份,2026-06-17,13.84,0.09,16.17,10.82,8.73
002716,湖南白银,2026-06-17,9.24,21.20,9.83,19.18,14.84
002717,*ST岭南,2026-06-17,1.07,19.31,1.16,30.34,21.98
002718.code,sz002718.name,sz002718.date,sz002718.closePrice,sz002718.chipProfitRate,sz002718.chipAvgCost,sz002718.chipConcentration90,sz002718.chipConcentration70
002718,友邦吊顶,2026-06-17,111.40,98.36,76.63,30.43,18.18
002719,ST麦趣,2026-06-17,7.15,7.31,7.67,9.48,5.87
002721,金一文化,2026-06-17,2.36,0.69,3.01,21.22,12.50
002722,物产金轮,2026-06-17,12.59,0.36,15.25,12.07,8.06
002723,小崧股份,2026-06-17,8.12,2.81,9.05,12.38,9.39
002724,海洋王,2026-06-17,5.14,0.65,6.81,20.11,16.49
002725,跃岭股份,2026-06-17,13.70,21.69,14.77,14.44,11.04
002726,ST龙大,2026-06-17,1.48,9.04,1.74,46.39,37.87
002727,一心堂,2026-06-17,10.76,0.16,12.52,11.91,9.03
002728,特一药业,2026-06-17,8.12,0.31,10.02,16.87,12.55
002729,好利科技,2026-06-17,19.99,61.54,19.63,11.69,8.52
002730,电光科技,2026-06-17,29.57,33.47,30.36,11.97,8.18
002731,ST萃华,2026-06-17,4.35,0,7.12,21.85,19.18
002732,燕塘乳业,2026-06-17,13.28,0.08,16.87,13.72,9.29
002733,雄韬股份,2026-06-17,35.88,71.24,33.70,15.05,10.61
002734,利民股份,2026-06-17,16.47,31.83,16.86,12.87,5.47
002735,王子新材,2026-06-17,20.58,87.04,19.13,13.62,6.77
002736,国信证券,2026-06-17,10.46,14.95,12.47,17.40,14.20
002737,葵花药业,2026-06-17,12.15,3.06,14.11,15.26,11.54
002738,中矿资源,2026-06-17,62.22,38.31,63.55,22.63,17.23
002739,儒意电影,2026-06-17,8.04,0.14,9.78,20.86,12.94
002741,光华科技,2026-06-17,39.44,100,28.28,21.87,6.55
002742,冀衡医药,2026-06-17,3.61,0,4.46,13.69,8.69
002743,富煌钢构,2026-06-17,4.14,0.14,5.31,16.14,10.84
002745,木林森,2026-06-17,11.43,99.83,10.18,11.42,6.86
002746,仙坛股份,2026-06-17,5.30,0.01,5.96,7.26,5.53
002747,埃斯顿,2026-06-17,33.18,48.36,33.25,18.58,11.62
002748,世龙实业,2026-06-17,10.78,7.58,12.08,10.49,8.56
002749,国光股份,2026-06-17,8.25,0.01,11.39,14.84,8.10
002752,昇兴股份,2026-06-17,6.19,10.97,7.08,10.56,8.15
002753,永东股份,2026-06-17,6.20,0.32,7.08,10.55,7.17
002755,奥赛康,2026-06-17,12.72,1.42,16.29,20.20,9.82
002756,永兴材料,2026-06-17,61.92,21.98,64.78,17.45,11.56
002757,南兴股份,2026-06-17,21.07,35.38,22.45,21.75,17.41
002758,浙农股份,2026-06-17,8.04,6.19,9.69,15.07,12.04
002759,天际股份,2026-06-17,27.53,43.22,27.80,19.07,15.87
002760,凤形股份,2026-06-17,17.41,0.67,20.12,17.79,15.37
002761,浙江建投,2026-06-17,7.18,0.66,8.50,13.21,8
002762,*ST金比,2026-06-17,8.82,72.85,8.11,17.16,13.12
002763,汇洁股份,2026-06-17,7.41,17.29,8.05,12.81,8.83
002765,蓝黛科技,2026-06-17,8.11,16.05,9.73,24.20,18.71
002766,索菱股份,2026-06-17,3.90,0,4.89,19.34,11.46
002767,先锋电子,2026-06-17,17.23,0.40,20.38,15.88,12.36
002768,国恩股份,2026-06-17,78.36,95.11,63.69,22.43,16.36
002769,普路通,2026-06-17,7.56,8.43,8.52,24.43,19.07
002771,真视通,2026-06-17,14.55,7.20,16.04,9.30,7.62
002772,众兴菌业,2026-06-17,12.69,8.84,15.78,18.47,15.81
002773,康弘药业,2026-06-17,19.81,0.75,26.83,31.57,22.40
002774,快意电梯,2026-06-17,12.34,69.18,11.84,10.44,7.23
002775,文科股份,2026-06-17,4.02,56.98,3.98,9.01,5.74
002777,久远银海,2026-06-17,13.12,0.08,16.51,23.57,16.60
002778,中晟高科,2026-06-17,16.36,0.03,19.89,13.37,8.68
002779,中坚科技,2026-06-17,84.44,59.80,81.28,24.60,14.89
002780,三夫户外,2026-06-17,13.13,1.56,14.52,12.17,10.26
002782,可立克,2026-06-17,24.69,33.17,25.58,17.03,12.68
002783,凯龙股份,2026-06-17,7.29,1.07,8.83,15.81,11.49
002785,万里石,2026-06-17,39.12,11.52,44.64,17.58,15.10
002786,银宝山新,2026-06-17,8.44,48.82,8.46,10.13,5.43
002787,华源控股,2026-06-17,29.50,98.43,26.62,13.52,6.03
002788,鹭燕医药,2026-06-17,10.95,0,12.58,16.58,13.47
002789,*ST建艺,2026-06-17,14.16,92.27,13,17.06,12.72
002790,瑞尔特,2026-06-17,5.83,0.13,7.60,18.82,15.78
002791,坚朗五金,2026-06-17,14.10,0.76,18.32,27.35,21.56
002792,通宇通讯,2026-06-17,37.10,11.81,39.96,16.70,12.93
002793,罗欣药业,2026-06-17,3.98,0.17,5.02,14.93,12.51
002795,永和智控,2026-06-17,7.50,26.12,7.89,16.39,13.66
002796,世嘉科技,2026-06-17,42.63,30.54,47.53,18.01,13.91
002797,第一创业,2026-06-17,6.51,10.18,7.46,11.43,8.76
002798,帝欧水华,2026-06-17,5.79,0.45,6.54,16.97,13.95
002799,环球印务,2026-06-17,6.63,0.35,8.44,17.09,13.30
002800,天顺股份,2026-06-17,14.42,0.44,17.63,21.78,9.95
002801,微光股份,2026-06-17,30.81,18.82,32.58,8.70,6.36
002802,洪汇新材,2026-06-17,11.79,0.49,13.98,12.06,8.84
002803,吉宏股份,2026-06-17,22.67,94,21.53,13.90,7.82
002805,丰元股份,2026-06-17,24.44,87,22.77,12.20,8.39
002806,华锋股份,2026-06-17,20.78,79.08,19.56,9.95,7.31
002807,江阴银行,2026-06-17,3.95,13.51,4.04,4.31,2.45
002808,*ST恒久,2026-06-17,2.83,0,4.50,30.50,18.73
002809,红墙股份,2026-06-17,8.20,0.39,8.78,14.88,10.62
002810,山东赫达,2026-06-17,24.62,50.21,24.60,17.71,10.65
002811,郑中设计,2026-06-17,11.77,11.17,13.23,17.14,11.18
002812,恩捷股份,2026-06-17,70.38,53.92,69.90,15.28,11.15
002813,路畅科技,2026-06-17,20.42,0.07,26.16,19.60,12.58
002815,崇达技术,2026-06-17,20.14,96.21,17.83,12.77,7.60
002816,*ST和科,2026-06-17,27.10,99.60,25.13,8.65,4.39
002817,黄山胶囊,2026-06-17,6.20,0.37,7.75,13.45,9.92
002818,富森美,2026-06-17,11.15,36.06,11.28,6.59,3.62
002819,东方中科,2026-06-17,21.36,2.16,27.44,16.30,9.93
002820,桂发祥,2026-06-17,8.93,0.05,10.47,14.88,10.59
002821,凯莱英,2026-06-17,115,36.26,118.21,14.42,9.24
002822,ST中装,2026-06-17,2.52,0,3.39,19.58,11.69
002823,凯中精密,2026-06-17,17.15,17.71,17.97,11.45,6.45
002824,和胜股份,2026-06-17,35.94,98.33,28.74,17.84,14.39
002825,纳尔股份,2026-06-17,9.33,0.43,10.69,9.31,5.78
002826,易明医药,2026-06-17,16.51,16.35,18.91,16.11,11.30
002827,高争民爆,2026-06-17,25.31,1.05,33.12,20.61,14
002828,贝肯能源,2026-06-17,9.77,58.93,9.53,16.89,12.67
002829,星网宇达,2026-06-17,19.11,0.35,22.96,16.50,14.27
002830,名雕股份,2026-06-17,14.71,2.53,15.81,6.34,4.51
002831,裕同科技,2026-06-17,30.90,94.36,27.64,19.51,11.98
002832.code,sz002832.name,sz002832.date,sz002832.closePrice,sz002832.chipProfitRate,sz002832.chipAvgCost,sz002832.chipConcentration90,sz002832.chipConcentration70
002832,比音勒芬,2026-06-17,21.15,90.43,19.56,16.43,11.43
002833,弘亚数控,2026-06-17,17.59,23.69,18.19,12.98,7.85
002835,同为股份,2026-06-17,12.40,0.18,15.20,15.86,12.82
002836,新宏泽,2026-06-17,10.20,0.04,13.30,22.27,15.67
002837,英维克,2026-06-17,74.62,61.35,73.10,10.90,8.16
002838,道恩股份,2026-06-17,34.80,74.93,29.93,21.27,16.07
002839,张家港行,2026-06-17,4.22,7.52,4.39,4.50,3.13
002840,华统股份,2026-06-17,7.95,7.25,10.44,26.17,22.29
002841,视源股份,2026-06-17,35,27.16,37.57,12.09,7.94
002842,翔鹭钨业,2026-06-17,43.38,58.48,42.76,15.70,9.13
002843,泰嘉股份,2026-06-17,22.14,37.15,22.59,13.52,11.19
002845,同兴达,2026-06-17,16.15,88.66,15.41,7.25,4.26
002846,英联股份,2026-06-17,12.58,23.22,14.32,18.73,13.71
002847,盐津铺子,2026-06-17,49.27,0.07,59.04,16.15,12.68
002848,高斯贝尔,2026-06-17,13.94,42.74,14.21,16.36,12.67
002849,威星智能,2026-06-17,17.74,56.04,17.58,8.61,5.65
002850,科达利,2026-06-17,203.88,91.99,186.95,14.07,7.82
002851,麦格米特,2026-06-17,178.90,99.68,146.86,23.87,12.69
002852,道道全,2026-06-17,7.49,0,9.19,19.99,15.70
002853,皮阿诺,2026-06-17,22.98,6.05,27.18,14.31,10.16
002855,捷荣技术,2026-06-17,10.88,7.66,12.22,27.27,17.77
002856,*ST美芝,2026-06-17,20.84,33.25,22.93,34.75,20.37
002857,三晖电气,2026-06-17,17.27,5.52,20.70,18.98,12.89
002858,力盛体育,2026-06-17,12.40,21.91,14,17.85,15.74
002859,洁美科技,2026-06-17,90.66,91.88,80.32,38.15,27.64
002860,星帅尔,2026-06-17,13.99,82.45,13.47,7.37,4.63
002861,瀛通通讯,2026-06-17,18.20,54.92,18.13,10.99,7.56
002862,实丰文化,2026-06-17,14.12,0.28,17.13,13.52,9.94
002863,今飞凯达,2026-06-17,4.67,0.76,5.51,12.15,8.44
002864,盘龙药业,2026-06-17,26.81,0.14,30.65,14.36,9.04
002865,钧达股份,2026-06-17,66.83,15.71,73.80,23.33,19.17
002866,传艺科技,2026-06-17,18.18,21.44,20.61,23.15,15.50
002867,周大生,2026-06-17,11.97,7.55,12.74,7.69,5.49
002868,绿康生化,2026-06-17,25.50,3.06,35.18,24.64,20.45
002869,金溢科技,2026-06-17,18.69,22.71,20.77,16.24,14.08
002870,香山股份,2026-06-17,40.85,65.48,40.36,8.25,5.15
002871,伟隆股份,2026-06-17,19.79,22.83,20.55,14.43,6.73
002872,ST天圣,2026-06-17,5.03,18.08,5.25,6.10,4.30
002873,新天药业,2026-06-17,7.77,0.09,9.63,17.01,11.16
002875,安奈儿,2026-06-17,16.57,8.91,20.65,21.47,18.50
002876,三利谱,2026-06-17,32.55,95.97,30.74,8.17,4.62
002877,智能自控,2026-06-17,7.69,0.39,8.44,12.13,7.30
002878,元隆雅图,2026-06-17,12.80,0.68,15.40,20.31,12.48
002879,长缆科技,2026-06-17,14.47,4.18,17.48,20.15,16.28
002880,卫光生物,2026-06-17,22.14,0.93,27.94,11.04,7.63
002881,美格智能,2026-06-17,41.60,20.81,44.28,9.57,6.77
002882,金龙羽,2026-06-17,21.68,12.19,27.05,25.16,17.80
002883,*ST中设,2026-06-17,8.60,2.15,9.69,10.41,4.71
002884,凌霄泵业,2026-06-17,15.80,1.15,17.06,5.65,4.16
002885,京泉华,2026-06-17,42.32,42.94,42.80,14.84,10.46
002886,沃特股份,2026-06-17,31.09,89.32,29.01,8.71,4.84
002887,绿茵生态,2026-06-17,11.51,21.93,12.66,17.52,12.19
002888,惠威科技,2026-06-17,20.35,79.12,19.61,13.62,6.66
002889,东方嘉盛,2026-06-17,10.98,0.07,14.29,18.02,12.33
002890,弘宇股份,2026-06-17,14.94,15.50,16.08,8.49,6.56
002891,中宠股份,2026-06-17,28.20,7.90,33.14,29.40,18.33
002892,科力尔,2026-06-17,10.21,8.42,10.99,13.16,7.42
002893,京能热力,2026-06-17,10.05,4.13,11.66,10.61,9.23
002895,川恒股份,2026-06-17,30.22,2.18,35.06,14.02,9.19
002896,中大力德,2026-06-17,79.69,27.25,81.48,9.62,6.81
002897,意华股份,2026-06-17,88,80.28,84.72,16.62,7.18
002898,*ST赛隆,2026-06-17,8.30,0,12.80,13.12,9.72
002899,英派斯,2026-06-17,23.33,0.02,28.63,16.78,13.94
002900,哈三联,2026-06-17,10.05,12.99,11.30,12.06,8.81
002901,大博医疗,2026-06-17,41.64,18.26,48.28,20.27,14.32
002902,铭普光磁,2026-06-17,35.15,72.88,34.49,6.60,4.53
002903,宇环数控,2026-06-17,53.32,94.38,46.90,13.54,8.76
002905,金逸影视,2026-06-17,7.22,0,9.56,27.37,15.23
002906,华阳集团,2026-06-17,28.90,26.16,30.50,11.71,7.99
002907,华森制药,2026-06-17,12.09,6.70,14.49,19.95,13.43
002908,德生科技,2026-06-17,6.94,0.30,8.70,20.30,16.40
002909,集泰股份,2026-06-17,5.34,0.06,6.49,15.07,11.28
002910,庄园牧场,2026-06-17,11.16,75.23,10.69,12.44,8.01
002911,佛燃能源,2026-06-17,10.36,3.27,12.44,18.95,12.63
002912,中新赛克,2026-06-17,19.39,2.39,24.94,24.92,18.52
002913,奥士康,2026-06-17,67.68,98.33,52.90,19.74,8.64
002915,中欣氟材,2026-06-17,20.70,29.03,21.21,11.71,7.61
002916,深南电路,2026-06-17,444.27,100,315.59,33.48,26.96
002917,金奥博,2026-06-17,11.36,0.29,13.59,11.47,9.49
002918,蒙娜丽莎,2026-06-17,12.53,54.63,12.36,16.04,10.85
002919,名臣健康,2026-06-17,19.91,6.02,23.19,14.43,11.79
002920,德赛西威,2026-06-17,88.20,3.80,107.10,20.02,10.78
002921,联诚精密,2026-06-17,23.81,14.81,26.38,15.34,11.98
002922,伊戈尔,2026-06-17,36.90,32.21,38.99,14.74,10.73
002923,润都股份,2026-06-17,9.80,1.38,12.60,23.80,17.38
002925,盈趣科技,2026-06-17,21.85,80.52,20.72,9.30,6.39
002926,华西证券,2026-06-17,8.18,7.43,9.20,12.55,9.33
002927,泰永长征,2026-06-17,21.82,50.26,21.81,13.80,9.54
002928,华夏航空,2026-06-17,7.40,32.81,7.75,23.58,9.84
002929,润建股份,2026-06-17,61.60,30.54,64.84,21.59,15.60
002930,宏川智慧,2026-06-17,9.43,3.79,13.01,26.12,22.23
002931,锋龙股份,2026-06-17,76.02,98.45,66.01,15.97,10.57
002932,*ST明德,2026-06-17,14.87,2.48,16.80,10.93,4.69
002933,新兴装备,2026-06-17,28.70,10.09,31.77,13.13,10.45
002935,天奥电子,2026-06-17,22.15,79.90,21.25,11.07,7.78
002936,郑州银行,2026-06-17,1.75,0.45,1.90,7.91,6.11
002937,兴瑞科技,2026-06-17,40.71,98.09,34.34,24.75,16.18
002938,鹏鼎控股,2026-06-17,119.01,99.53,75.30,39.59,35.60
002939,长城证券,2026-06-17,8.41,7.69,9.91,18.92,12.81
002940,昂利康,2026-06-17,27.91,12.64,33.44,20.92,15.98
002941.code,sz002941.name,sz002941.date,sz002941.closePrice,sz002941.chipProfitRate,sz002941.chipAvgCost,sz002941.chipConcentration90,sz002941.chipConcentration70
002941,新疆交建,2026-06-17,10.85,2.24,15.38,21.57,15.98
002942,新农股份,2026-06-17,15.52,0,19.26,15.33,11.07
002943,宇晶股份,2026-06-17,51.58,23.23,57.03,17.53,12.30
002945,华林证券,2026-06-17,14.19,5.66,16.62,17.37,11.21
002946,新乳业,2026-06-17,15.39,1.57,17.68,8.81,6.27
002947,恒铭达,2026-06-17,90.95,80.65,87.58,18.15,6.75
002948,青岛银行,2026-06-17,5.77,82.85,5.44,13.76,7.46
002949,华阳国际,2026-06-17,10.67,0.05,13.81,17.03,11.13
002950,奥美医疗,2026-06-17,8.93,0.30,12.07,23.05,20.51
002951,金时科技,2026-06-17,16.17,23.91,16.79,21.65,12.19
002952,亚世光电,2026-06-17,24.55,36.79,26.20,14.81,11.86
002953,日丰股份,2026-06-17,9.72,4.98,11.64,14.74,11.34
002955,鸿合科技,2026-06-17,33.84,99.16,27.88,14.89,12.21
002956,西麦食品,2026-06-17,20.96,56.84,20.17,21.51,11.75
002957,科瑞技术,2026-06-17,57.36,65.71,55.07,21.82,16.59
002958,青农商行,2026-06-17,2.86,1.26,3.10,10.41,5.32
002959,小熊电器,2026-06-17,33.18,0,42.77,17.09,7.95
002960,青鸟智控,2026-06-17,8.92,25.88,9.30,10.28,7.39
002961,瑞达期货,2026-06-17,20.82,12.09,24.24,17,11.13
002962,五方光电,2026-06-17,18.50,46.15,18.70,11.28,8.74
002963,豪尔赛,2026-06-17,18.23,58,18,16.39,10.40
002965,祥鑫科技,2026-06-17,42.50,92.23,37.21,16.48,9.76
002966,苏州银行,2026-06-17,8,12.98,8.21,6.77,2.68
002967,广电计量,2026-06-17,18.48,11.72,21.72,15.03,8.15
002968,新大正,2026-06-17,8.96,0.07,11.66,18.01,14.16
002969,嘉美包装,2026-06-17,15.50,15.81,19.24,24.47,19.25
002970,锐明技术,2026-06-17,68.32,62.77,67.12,10.98,7.38
002971,和远气体,2026-06-17,61.25,94.36,57.20,27.83,19.24
002972,科安达,2026-06-17,16.56,98.45,13.38,15.45,12.71
002973,侨银股份,2026-06-17,12.27,2.81,13.55,10.98,7.51
002975,博杰股份,2026-06-17,142.57,80.53,129.35,14.55,8.55
002976,瑞玛精密,2026-06-17,28.67,23.93,31.13,13.98,11.42
002977,*ST天箭,2026-06-17,25.53,12.29,27.69,14.42,8.12
002978,安宁股份,2026-06-17,26.89,4.93,33.18,21.13,16.04
002979,雷赛智能,2026-06-17,55.96,70.72,54.15,12.27,8.31
002980,华盛昌,2026-06-17,125.55,91,117.03,10.38,5.87
002981,朝阳科技,2026-06-17,21.86,0.17,26.90,12.41,7.95
002982,湘佳股份,2026-06-17,12.36,1.48,13.13,7.46,4.93
002983,芯瑞达,2026-06-17,26.04,84.50,24.79,8.38,5.21
002984,森麒麟,2026-06-17,14.83,10.31,17.20,19.85,16.05
002985,北摩高科,2026-06-17,30.38,11.58,36.21,20.15,13.10
002986,宇新股份,2026-06-17,11.54,19.13,13.83,20.25,14.73
002987,京北方,2026-06-17,11.48,3.89,13.57,21.40,17.83
002988,豪美新材,2026-06-17,24.70,1.33,33.62,23.53,16.23
002989,中天精装,2026-06-17,33.97,91.63,31.03,12.87,9.07
002990,盛视科技,2026-06-17,53.84,54.03,53.29,19.36,14.79
002991,甘源食品,2026-06-17,40.99,0.09,49.61,17.39,13.47
002992,宝明科技,2026-06-17,46.75,17.99,50.65,15.32,9.77
002993,奥海科技,2026-06-17,72.60,99.45,62.12,21.58,17.13
002995,天地在线,2026-06-17,20.49,0.98,22.23,10.31,7.71
002996,顺博合金,2026-06-17,6.35,9.24,7.11,12.73,7.93
002997,瑞鹄模具,2026-06-17,31.11,44.14,31.57,14.41,8.69
002998,优彩资源,2026-06-17,7.20,0.21,8.69,14.90,11.27
002999,天禾股份,2026-06-17,5.69,0.19,6.91,12.28,9.21
003000,劲仔食品,2026-06-17,10.13,5.80,10.82,7.96,4.77
003001,中岩大地,2026-06-17,14.31,0.14,17.48,21.43,17.07
003002,壶化股份,2026-06-17,20.93,2.36,26.75,19.99,14.02
003003,天元股份,2026-06-17,10.82,0.13,12.43,12.24,9.76
003004,声迅股份,2026-06-17,66.27,88.42,63.40,40.64,23.05
003005,竞业达,2026-06-17,14.22,0.36,17.91,17.72,14.42
003006,百亚股份,2026-06-17,15.09,1.12,17.91,26.09,15.77
003007,直真科技,2026-06-17,40.29,24.98,44.79,15.73,13.95
003008,开普检测,2026-06-17,18.25,1.04,21.47,12.36,9.99
003009,中天火箭,2026-06-17,62.10,68.61,60.76,16.12,8.83
003010,若羽臣,2026-06-17,23.86,6.67,28.42,16.27,12.72
003011,海象新材,2026-06-17,19.01,1.38,22.79,14.55,11.08
003012,东鹏控股,2026-06-17,4.73,1.76,6.05,20.38,15.21
003013,地铁设计,2026-06-17,16.06,94.80,14.84,9.37,6.30
003015,日久光电,2026-06-17,12.98,34.74,14.17,16.34,12.37
003016,欣贺股份,2026-06-17,6.65,0,8.51,21.50,12.77
003017,大洋生物,2026-06-17,26.31,1.53,30.92,11.94,9.18
003018,金富科技,2026-06-17,61.90,70.83,57.75,31.55,12.69
003019,宸展光电,2026-06-17,35.02,50.80,35,17.84,13.74
003020,立方制药,2026-06-17,15.12,0.06,20.03,21.46,16.17
003021,兆威机电,2026-06-17,96.75,8.72,103.65,12.68,8.33
003022,联泓新科,2026-06-17,28.30,98.86,24.46,16.63,11.93
003023,彩虹集团,2026-06-17,21.80,3.40,26,18.51,14.98
003025,思进智能,2026-06-17,16.60,72.56,15.63,13.39,9.62
003026,中晶科技,2026-06-17,36.52,94.29,34.56,9.35,6.46
003027,同兴科技,2026-06-17,19.69,1.99,23.08,14.20,9.95
003028,振邦智能,2026-06-17,24.85,4.43,28.18,11.48,7.93
003029,吉大正元,2026-06-17,17.40,0.19,21.50,20.65,15.34
003030,祖名股份,2026-06-17,22.92,46.67,23.08,12.37,8.09
003031,中瓷电子,2026-06-17,160.26,91.17,144.97,35.18,21.47
003032,传智教育,2026-06-17,6.23,4.32,6.57,8.21,6.24
003033,征和工业,2026-06-17,51.50,8.19,59.14,16.95,9.18
003035,南网能源,2026-06-17,6.22,5.19,7.80,21.16,11.71
003036,泰坦股份,2026-06-17,104.79,100,70.88,55.09,34.35
003037,三和管桩,2026-06-17,6.05,0.03,7.49,13.04,8.68
003038,鑫铂股份,2026-06-17,12.12,2.92,13.95,16.49,12.04
003039,顺控发展,2026-06-17,12.30,3.95,15.18,17.74,11.47
003040,楚天龙,2026-06-17,12.08,5.80,16.09,25.42,19.87
003041,真爱美家,2026-06-17,45.45,3.83,55.55,19.09,14.84
003042,中农联合,2026-06-17,13.10,0.27,15.77,16.45,11.92
003043,华亚智能,2026-06-17,80.99,72.93,73,20.34,15.51
003816,中国广核,2026-06-17,4.19,67.76,3.92,13.82,11.35
300001,特锐德,2026-06-17,38.82,68,37.30,20.61,14.64
300002,神州泰岳,2026-06-17,7.33,6.71,9.50,26.51,22.20
300003,乐普医疗,2026-06-17,11.70,4.34,15.82,25.75,18.79
300004,南风股份,2026-06-17,12.10,8.51,14.27,17.46,14.69
300005.code,sz300005.name,sz300005.date,sz300005.closePrice,sz300005.chipProfitRate,sz300005.chipAvgCost,sz300005.chipConcentration90,sz300005.chipConcentration70
300005,探路者,2026-06-17,17.39,89.53,15.56,11.66,7.69
300006,莱美药业,2026-06-17,4.97,3.68,5.93,13.38,11.64
300007,汉威科技,2026-06-17,39.05,0.72,43.42,12.79,10.77
300008,天海防务,2026-06-17,6.89,40.72,7.37,16.46,11.15
300009,安科生物,2026-06-17,7.66,0.18,9.38,14.58,10.44
300010,ST豆神,2026-06-17,2.50,6.49,2.99,50.36,42.23
300011,鼎汉技术,2026-06-17,6.29,14.52,7.47,21.68,17.85
300012,华测检测,2026-06-17,13.90,9.17,15.15,10.57,8.18
300013,新宁物流,2026-06-17,3.91,4.59,4.56,11.64,8.53
300014,亿纬锂能,2026-06-17,67.54,67.73,65.76,13.15,8.64
300015,爱尔眼科,2026-06-17,8.30,2.35,10.71,21.69,14.98
300016,北陆药业,2026-06-17,7.55,3.61,9.43,16.59,12.59
300017,网宿科技,2026-06-17,14.38,14.50,15.29,14.68,11.96
300018,中元股份,2026-06-17,12.30,23.79,13.80,14.54,11.18
300019,硅宝科技,2026-06-17,18.86,56.49,18.64,14.04,10.31
300020,ST银江,2026-06-17,3.36,10.52,3.60,17.25,12.87
300021,大禹节水,2026-06-17,3.71,0.50,4.42,13.13,9.94
300022,吉峰科技,2026-06-17,7.53,4.25,8.79,14.05,11.92
300024,机器人,2026-06-17,17.17,72.85,16.19,10.64,7.33
300025,华星创业,2026-06-17,4.54,0.89,5.35,14.17,10.69
300026,红日药业,2026-06-17,3.01,0.25,3.60,10.63,6.39
300027,ST华谊,2026-06-17,1.78,14.95,1.88,10.78,5.81
300029,*ST天龙,2026-06-17,2.77,0,5,24.71,16.54
300030,阳普医疗,2026-06-17,6.23,0.59,7.78,14.47,12.16
300031,宝通科技,2026-06-17,28.16,100,25.67,10.20,6.58
300032,金龙机电,2026-06-17,4.17,11.67,5.04,19.56,16.30
300033,同花顺,2026-06-17,217.35,30.05,227.85,11.33,8.05
300034,钢研高纳,2026-06-17,18.09,22.53,19.59,14.11,9.26
300035,中科电气,2026-06-17,17.68,41.06,18.23,19.34,14.40
300036,超图软件,2026-06-17,12.50,21.98,14.59,23.74,17.45
300037,新宙邦,2026-06-17,86.02,99.89,73.95,14.42,8.53
300039,上海凯宝,2026-06-17,4.38,2.11,5.88,18.79,11.18
300040,九洲集团,2026-06-17,6.89,26.28,7.21,10.87,9.22
300041,回天新材,2026-06-17,14.57,79.31,13.74,13.42,6.59
300042,朗科科技,2026-06-17,67.47,86.18,64.36,7.96,4.50
300043,星辉娱乐,2026-06-17,4.21,0.13,5.51,21.03,14.25
300044,*ST赛为,2026-06-17,5.48,3.14,6.40,17.99,12.91
300045,华力创通,2026-06-17,18.41,18.54,21.68,17.22,14.59
300046,台基股份,2026-06-17,31,32.38,32.96,12.57,9.37
300047,天源迪科,2026-06-17,9.91,8.88,12.27,17.29,11.65
300048,合康新能,2026-06-17,5.13,0.06,6.68,20.74,14.10
300049,福瑞医科,2026-06-17,41.07,6.56,52.28,25,15.57
300050,世纪鼎利,2026-06-17,6.90,30.89,7.15,11.34,8.27
300051,琏升科技,2026-06-17,9.81,12.15,11.38,27.39,23.91
300052,中青宝,2026-06-17,12.37,61.58,12.18,15.31,11.62
300053,航宇微,2026-06-17,16.65,36.53,17.03,12.36,9.18
300054,鼎龙股份,2026-06-17,91.13,99.12,73.07,26.19,12.70
300055,万邦达,2026-06-17,7.57,0.89,9.50,21.77,18.29
300056,中创环保,2026-06-17,8.10,0,9.81,17.43,14.03
300057,万顺新材,2026-06-17,9.22,83.05,8.73,7.61,5.32
300058,蓝色光标,2026-06-17,14.95,21.36,16.03,11.84,8.74
300059,东方财富,2026-06-17,19.04,26.74,19.88,14.07,8.92
300061,旗天科技,2026-06-17,7.65,6.39,9.57,19.70,16.81
300062,中能电气,2026-06-17,6.20,8.13,7.60,18.53,15.18
300063,天龙集团,2026-06-17,9.42,9.72,10.54,16.08,12.69
300065,海兰信,2026-06-17,19.06,18.25,21.90,17.20,14.35
300066,三川智慧,2026-06-17,6.38,53.68,6.33,16.20,8.55
300067,安诺其,2026-06-17,5.56,36.39,6.05,18.51,14.85
300068,ST南都,2026-06-17,4.39,34.70,4.55,49.86,12.87
300069,金利华电,2026-06-17,35.94,35.01,38.83,20.98,18.68
300070,碧水源,2026-06-17,3.42,1.98,4.04,13.98,10.26
300071,福石控股,2026-06-17,3.79,3.01,4.52,19.25,12.65
300072,海新能科,2026-06-17,3.48,0.04,4.68,22.98,17.76
300073,当升科技,2026-06-17,52.45,21.95,57.13,13.31,9.90
300074,华平股份,2026-06-17,3.71,0.47,4.19,12.10,8.19
300075,数字政通,2026-06-17,11.38,0.57,13.46,16.52,9.83
300076,*ST宁视,2026-06-17,4.82,42.18,4.88,29.73,14.35
300077,国民技术,2026-06-17,23.15,48.94,23.19,11.11,8.03
300078,思创智联,2026-06-17,3.15,2.87,3.93,23.14,17.24
300079,数码视讯,2026-06-17,4.57,0.72,5.52,16.14,8.86
300080,易成新能,2026-06-17,3.88,0.14,4.74,22.09,18.85
300081,ST恒信,2026-06-17,4,34.72,4.13,21.97,9.95
300082,奥克股份,2026-06-17,9.76,19.62,10.88,17.29,12.24
300083,创世纪,2026-06-17,11.24,83.72,10.61,9.04,6
300084,海默科技,2026-06-17,11.78,32.76,12.10,9.62,6.67
300085,银之杰,2026-06-17,27.88,40.69,28.81,24.99,20.07
300086,康芝药业,2026-06-17,6.08,1.55,7.21,19.97,12.60
300087,荃银高科,2026-06-17,6.86,1.01,8.31,20.42,12.27
300088,长信科技,2026-06-17,10.57,100,8.15,17.68,13.28
300091,*ST金灵,2026-06-17,2.65,13.34,2.94,12.63,8.60
300092,科新机电,2026-06-17,12.77,1.53,16.03,15.55,11.55
300093,金刚光伏,2026-06-17,24.15,98.55,21.79,19.41,12.16
300094,国联水产,2026-06-17,2.73,0.12,3.09,15.63,11.41
300095,华伍股份,2026-06-17,8.81,6.78,9.63,13.24,10.65
300096,ST易联众,2026-06-17,9.80,96.17,8.65,13.56,10.46
300097,智云股份,2026-06-17,9.79,44.08,9.89,11.34,7.19
300098,高新兴,2026-06-17,4.98,3.21,5.65,11.89,8.12
300099,尤洛卡,2026-06-17,8.18,36.27,8.54,13.66,9.08
300100,双林股份,2026-06-17,28.33,1.29,32.02,15.13,8.80
300101,振芯科技,2026-06-17,16.28,5.33,20.47,27.53,17.03
300102,乾照光电,2026-06-17,24.81,36.04,26.27,20.54,16.25
300103,达刚控股,2026-06-17,8.24,31.13,8.42,14.84,8.08
300105,龙源技术,2026-06-17,7.17,74.73,6.79,10.58,6.72
300106,西部牧业,2026-06-17,11.44,15.20,13.03,14.43,10.50
300107,建新股份,2026-06-17,6.16,19.07,7.10,17.28,10.61
300109,新开源,2026-06-17,17.43,21.61,18.64,8.99,6.55
300110,华仁药业,2026-06-17,2.57,0.32,3.12,12.96,9.22
300111,向日葵,2026-06-17,3.08,1.63,3.91,20.40,13.69
300112,万讯自控,2026-06-17,6.63,0.16,7.72,14.28,10.94
300113,顺网科技,2026-06-17,19.90,13.77,22.98,20.18,17.33
300115.code,sz300115.name,sz300115.date,sz300115.closePrice,sz300115.chipProfitRate,sz300115.chipAvgCost,sz300115.chipConcentration90,sz300115.chipConcentration70
300115,长盈精密,2026-06-17,30.70,11.08,34.11,13.47,10.17
300118,东方日升,2026-06-17,13.75,24.54,14.22,19.19,15.44
300119,瑞普生物,2026-06-17,15.30,1.06,18.19,14.37,8.86
300120,经纬辉开,2026-06-17,9.35,90.40,8.92,11.82,6.24
300121,阳谷华泰,2026-06-17,12.55,50.25,12.54,9.45,6.78
300122,智飞生物,2026-06-17,12.61,12.97,15.66,26.16,20.45
300123,ST亚光,2026-06-17,4.17,12.85,4.44,28.17,9.19
300124,汇川技术,2026-06-17,69.75,25.14,74.52,10.72,7.10
300125,*ST聆达,2026-06-17,9.60,60.63,9.40,26.97,13.01
300126,锐奇股份,2026-06-17,6.24,0.33,7.65,17.54,13.11
300127,银河磁体,2026-06-17,29.23,34.22,30,14.46,8.57
300128,锦富技术,2026-06-17,6.13,15.64,7.34,16.18,13.68
300129,泰胜风能,2026-06-17,9.34,6.39,11.26,17.59,13.83
300130,新国都,2026-06-17,21.70,16.23,23.56,12.60,7.31
300131,英唐智控,2026-06-17,18.79,61.07,18.35,15.23,8.44
300132,青松股份,2026-06-17,6.06,0.30,8.17,20.38,17.19
300133,华策影视,2026-06-17,7.23,10.05,8.54,17.77,14.16
300134,大富科技,2026-06-17,10.07,11.90,11.04,12.68,8.34
300135,宝利国际,2026-06-17,3.25,0.15,3.84,17.05,11.78
300136,信维通信,2026-06-17,105.56,67.28,102.37,9.73,6.84
300137,先河环保,2026-06-17,16.92,22.52,18.42,13.85,8
300138,晨光生物,2026-06-17,9.78,3.68,11.69,18.84,13.74
300139,晓程科技,2026-06-17,43.86,39.55,44.27,17.24,7.75
300140,节能环境,2026-06-17,5.40,2.23,6.57,17.88,11.08
300141,和顺电气,2026-06-17,10.41,5.65,13.05,21.77,16.63
300142,沃森生物,2026-06-17,12.01,26.46,12.93,15.37,11.52
300143,盈康生命,2026-06-17,6.94,2.66,9.08,17.23,10
300144,宋城演艺,2026-06-17,6.14,0.30,7.72,17.19,13.44
300145,南方泵业,2026-06-17,5.55,84.36,5.09,14.40,8.76
300146,汤臣倍健,2026-06-17,9.69,8.34,10.68,11.58,9.79
300147,*ST香雪,2026-06-17,9.08,2.59,9.90,8.25,5.77
300148,天舟文化,2026-06-17,3.25,0.30,4.05,21.11,11.90
300149,睿智医药,2026-06-17,7.55,0,9.99,21.45,16.37
300150,世纪瑞尔,2026-06-17,4.12,4.97,5.07,18.14,15.05
300151,昌红科技,2026-06-17,23.58,74.20,22.55,17.47,9.53
300152,*ST动力,2026-06-17,1.77,18.97,1.86,18.97,7.17
300153,科泰电源,2026-06-17,25.29,18.68,28.89,16.92,12.94
300154,瑞凌股份,2026-06-17,9.23,33.12,9.51,17.07,10.55
300155,安居宝,2026-06-17,4.19,0.47,4.84,13.31,8.06
300157,新锦动力,2026-06-17,4.06,0,4.58,23.33,17.24
300158,振东制药,2026-06-17,4.79,0.06,5.93,12.34,9.21
300159,*ST新研,2026-06-17,4.12,74.87,3.80,19.17,14.48
300160,秀强股份,2026-06-17,4.68,3.51,5.53,11.77,9.02
300161,华中数控,2026-06-17,30.86,15.14,32.98,15.49,11.10
300162,雷曼光电,2026-06-17,11.56,93.79,10.74,11,5.23
300163,先锋新材,2026-06-17,6.35,59.12,6.31,17.71,6
300164,通源石油,2026-06-17,8.94,26.19,9.13,13.79,6.57
300165,天瑞仪器,2026-06-17,6.30,49.54,6.32,19.69,14.31
300166,东方国信,2026-06-17,15.58,32.36,16.17,15.86,11.12
300167,ST迪威迅,2026-06-17,4.67,5.50,5.70,16.94,12.51
300168,万达信息,2026-06-17,4.84,4.83,5.85,22.17,13.38
300169,天晟新材,2026-06-17,5.20,2.18,5.93,13.77,10.01
300170,汉得信息,2026-06-17,17.44,13.78,19.57,15.18,11.72
300171,东富龙,2026-06-17,11.45,10.82,14.62,23.23,18.84
300172,中电环保,2026-06-17,4.59,13.09,5.20,14.72,9.70
300173,ST福能,2026-06-17,3.70,7.59,4.28,13.02,10.39
300174,元力股份,2026-06-17,27.97,95.23,25.98,11.38,6.27
300175,朗源股份,2026-06-17,5.09,2.41,6.28,13.22,11.35
300176,鸿特科技,2026-06-17,5.19,0.18,6.58,18.57,13.52
300177,中海达,2026-06-17,7.04,11.72,8.51,22.22,16.05
300179,四方达,2026-06-17,45.38,73.24,43.96,11.74,6.22
300180,华峰超纤,2026-06-17,4.78,14.63,5.38,22.09,17.53
300181,佐力药业,2026-06-17,13.04,0.96,15.28,13.38,10.20
300182,捷成股份,2026-06-17,5.52,6.08,5.92,8.66,6.52
300183,东软载波,2026-06-17,11.08,8.02,13.39,19.21,15.66
300184,力源信息,2026-06-17,16.91,77.61,16.14,10.22,7.09
300185,通裕重工,2026-06-17,2.79,22.59,3.16,19.15,10.17
300187,永清环保,2026-06-17,5.03,4.66,5.73,8.83,7.13
300188,国投智能,2026-06-17,10.26,0.39,12.80,20.92,14.70
300189,神农种业,2026-06-17,4.76,0.98,5.15,16.64,11.28
300190,维尔利,2026-06-17,4.33,60.37,4.23,8.38,6.05
300191,潜能恒信,2026-06-17,29.50,15.18,32.82,18.49,14.88
300192,科德教育,2026-06-17,17.02,21.38,19.16,15.91,9.62
300193,佳士科技,2026-06-17,8.41,28.93,8.63,12.30,9.74
300194,福安药业,2026-06-17,3.53,0.64,4.17,12.10,8.05
300195,长荣股份,2026-06-17,5.42,0.50,6.76,24.34,15.37
300196,长海股份,2026-06-17,31.90,96.44,26.78,15.22,10.52
300197,节能铁汉,2026-06-17,2.31,18.89,2.61,27.96,16.36
300198,*ST纳川,2026-06-17,2.35,8.63,2.54,11.19,7.48
300199,翰宇药业,2026-06-17,22.13,37.05,22.51,10.49,6.90
300200,高盟新材,2026-06-17,9.81,42.75,10.03,12.74,8.08
300201,海伦哲,2026-06-17,18.60,55.55,18.42,29.56,20.51
300203,聚光科技,2026-06-17,13.37,34.53,13.73,12.89,9.63
300204,舒泰神,2026-06-17,20.11,1.28,24.92,20.17,15.73
300205,*ST天喻,2026-06-17,5.59,49.40,5.60,18.35,12.67
300206,理邦仪器,2026-06-17,13.56,37.49,13.87,8.01,6.30
300207,欣旺达,2026-06-17,21.03,21.71,24.78,19.55,15.43
300209,行云科技,2026-06-17,28.38,93.14,26.43,10.12,6.07
300210,森远股份,2026-06-17,9.65,13.55,11.02,13.01,10.36
300211,*ST亿通,2026-06-17,7.85,11.97,8.72,13.76,7.40
300212,*ST易录,2026-06-17,10.02,52.19,9.87,31.72,18.54
300213,佳讯飞鸿,2026-06-17,6.87,5.17,8.11,18.35,12.98
300214,日科化学,2026-06-17,8.55,68.51,8.17,13.08,9.76
300215,电科院,2026-06-17,7.05,8.97,8.59,16.73,13.04
300217,东方电热,2026-06-17,4.71,8.71,5.24,9.64,5.97
300218,安利股份,2026-06-17,13.04,11.10,14.62,14.43,11.12
300219,鸿利智汇,2026-06-17,9.24,95.75,8.59,9.03,5.39
300220,金运激光,2026-06-17,11.15,0.04,14.10,16.62,12.15
300221,银禧科技,2026-06-17,17.51,91.24,16.52,14.76,9.52
300222,科大智能,2026-06-17,14.12,50.58,14.12,16.45,13.30
300223.code,sz300223.name,sz300223.date,sz300223.closePrice,sz300223.chipProfitRate,sz300223.chipAvgCost,sz300223.chipConcentration90,sz300223.chipConcentration70
300223,北京君正,2026-06-17,171.70,99.48,151.55,11.26,7.84
300224,正海磁材,2026-06-17,13.08,41.73,13.23,18.10,13.07
300225,金力泰,2026-06-17,9.21,81.07,8.46,25.88,16.52
300226,上海钢联,2026-06-17,16.81,1.12,20.59,17.82,14.15
300227,光韵达,2026-06-17,11.35,69.13,11.03,10.73,6.71
300228,富瑞特装,2026-06-17,7.88,16.41,8.84,14.26,11.58
300229,拓尔思,2026-06-17,15.30,1.45,18.39,21.61,12.75
300230,永利股份,2026-06-17,4.64,7.68,4.94,7.12,4.66
300231,银信科技,2026-06-17,8.60,8.84,10.74,15.83,12.53
300232,洲明科技,2026-06-17,6.16,39.89,6.27,16.49,9.29
300233,金城医药,2026-06-17,12.65,15.99,15.04,13.46,11.34
300234,开尔新材,2026-06-17,11.33,95.54,9.23,26.66,17.10
300235,方直科技,2026-06-17,13.82,39.58,13.91,5.69,3.42
300236,上海新阳,2026-06-17,106.56,97.56,97.43,13.47,6.50
300237,ST美晨,2026-06-17,2.05,0.80,2.38,12.88,6.06
300238,冠昊生物,2026-06-17,10.86,4.65,14.73,22.15,16.63
300239,东宝生物,2026-06-17,5.35,47.03,5.37,13.23,8.53
300240,飞力达,2026-06-17,5.39,0.41,6.72,18.76,15.27
300241,瑞丰光电,2026-06-17,7.03,46.02,7.21,12.57,9.96
300242,佳云科技,2026-06-17,4.70,27.53,4.97,9.65,6.86
300243,瑞丰高材,2026-06-17,20.85,88.24,19.14,9.49,6.14
300244,迪安诊断,2026-06-17,18.17,32.57,18.64,12.27,6.09
300245,ST天玑,2026-06-17,5.90,7.05,6.82,41.50,32.70
300246,宝莱特,2026-06-17,18.52,78.34,17.38,12.49,7.58
300247,融捷健康,2026-06-17,4.04,0.07,4.61,12.56,8.56
300248,新开普,2026-06-17,8.42,5.99,9.94,23.92,18.84
300249,依米康,2026-06-17,17.41,73.03,16.48,12.92,9.97
300250,初灵信息,2026-06-17,15.46,4.59,19.29,21.59,15.72
300251,光线传媒,2026-06-17,11.34,4.10,14.91,34.05,17.98
300252,金信诺,2026-06-17,18.05,93.74,16.91,9.59,5.63
300253,卫宁健康,2026-06-17,6.99,0.41,8.56,21.89,13.47
300254,仟源医药,2026-06-17,9,0.45,10.38,22.33,19.05
300255,常山药业,2026-06-17,24.92,0.22,40.90,36.29,18.05
300256,星星科技,2026-06-17,2.97,9.04,3.55,20.67,15.04
300257,开山股份,2026-06-17,29.14,45.82,29.38,42.66,31.45
300258,精锻科技,2026-06-17,12.56,24.92,13.09,12.59,8.41
300259,新天科技,2026-06-17,5.71,35.27,5.95,21.17,12.72
300260,新莱应材,2026-06-17,78.30,95.60,71.06,17.76,12.75
300261,雅本化学,2026-06-17,4.69,0.06,6.37,22.06,17.67
300263,隆华科技,2026-06-17,16.63,93.94,15.69,19.17,16.04
300264,佳创视讯,2026-06-17,8.81,32.73,9,14.64,8.69
300265,通光线缆,2026-06-17,23.72,85.36,22.90,7.31,4.87
300266,兴源环境,2026-06-17,2,1.45,2.42,16.79,13.74
300267,尔康制药,2026-06-17,3.42,10.10,4.09,17.97,14.03
300268,佳沃食品,2026-06-17,11.20,4.34,13.38,13.63,10.33
300269,联建光电,2026-06-17,5.12,17.25,5.52,22.14,14.24
300270,中威电子,2026-06-17,12.05,25.07,12.71,14.57,8.92
300271,华宇软件,2026-06-17,5.26,1.61,6.68,22.28,17.38
300272,开能健康,2026-06-17,5.67,4.10,7.53,20.80,16.67
300274,阳光电源,2026-06-17,149.15,36.59,152.30,17.08,11.44
300275,梅安森,2026-06-17,8.76,0.19,10.17,19.02,11.09
300276,三丰智能,2026-06-17,7.75,21.30,8.11,12.09,7.79
300277,汽轮科技,2026-06-17,14.72,24.11,16.28,21.59,14.97
300278,华昌达,2026-06-17,4.39,7.08,4.89,17.81,11.46
300279,和晶科技,2026-06-17,7.34,25.45,7.68,19.74,9.78
300281,金明精机,2026-06-17,6.86,7.65,7.53,10.45,6.43
300283,温州宏丰,2026-06-17,22.15,100,18.25,10.49,7.76
300284,苏交科,2026-06-17,5.55,0.39,7.12,24.82,17.68
300285,国瓷材料,2026-06-17,78.50,99.02,62.79,21.41,10.61
300286,安科瑞,2026-06-17,28.83,35.43,30.58,16.80,11.42
300287,飞利信,2026-06-17,3.53,3.40,4.39,20.46,14.32
300288,朗玛信息,2026-06-17,9.46,0.44,12.50,22.46,18.71
300289,利德曼,2026-06-17,5.86,5.61,6.69,15.13,10.18
300290,荣科科技,2026-06-17,9.61,6.60,11.97,28.88,24.07
300291,百纳千成,2026-06-17,5.09,0.21,6.27,25.61,13.10
300292,吴通控股,2026-06-17,6.47,95.30,6.02,8.44,5.22
300293,蓝英装备,2026-06-17,17.70,18.29,18.89,13.03,7.91
300294,博雅生物,2026-06-17,15.89,6.43,18.75,26.14,21.68
300295,*ST三六五,2026-06-17,10.85,18.85,11.80,13.96,8.44
300296,利亚德,2026-06-17,6.91,61.75,6.82,8.13,4.11
300298,三诺生物,2026-06-17,14.48,2.67,16.99,15.02,9.29
300299,富春股份,2026-06-17,5.08,0.18,5.97,19.94,13.47
300300,海峡创新,2026-06-17,8.58,2.45,9.54,21.99,18.89
300301,ST长方,2026-06-17,3.26,28.62,3.43,21.69,8.86
300302,同有科技,2026-06-17,51.03,80.14,48.49,11.20,7.30
300303,聚飞光电,2026-06-17,9.87,83.59,9.33,10.62,5.74
300304,云意电气,2026-06-17,17.86,99.71,14.56,16.55,12.36
300305,裕兴股份,2026-06-17,8.16,98.98,7.45,10.16,5.31
300306,远方信息,2026-06-17,10.28,1.80,12.16,16.40,13.02
300307,慈星股份,2026-06-17,7.94,70.81,7.46,13.52,8.91
300308,中际旭创,2026-06-17,1276.11,98.67,1008.74,39.04,33.29
300310,宜通世纪,2026-06-17,4.71,14.57,5.78,17.45,14.20
300311,ST任子行,2026-06-17,5.26,39.43,5.37,7.77,5.04
300313,*ST天山,2026-06-17,8.69,51.04,8.66,13.69,8.50
300314,戴维医疗,2026-06-17,9.71,5.38,11.55,18.86,16.25
300315,掌趣科技,2026-06-17,4.03,1.60,4.89,19.45,10.92
300316,晶盛机电,2026-06-17,51.87,66.08,49.67,14.59,10.57
300317,珈伟新能,2026-06-17,4.80,4.61,5.27,10.07,8.27
300318,博晖创新,2026-06-17,4.50,0.76,6.22,23.38,14.69
300319,麦捷科技,2026-06-17,23.13,83.04,22.25,19.61,6.33
300320,海达股份,2026-06-17,8.80,14.72,9.46,15.32,9.79
300321,同大股份,2026-06-17,45,88.30,41.89,14.06,6.31
300322,硕贝德,2026-06-17,30.14,47.24,30.25,10.05,7.34
300323,华灿光电,2026-06-17,16.80,60.96,16.49,10.05,6.77
300324,旋极信息,2026-06-17,3.95,5.26,4.84,22.62,14.87
300326,ST凯利,2026-06-17,6.30,54.15,6.23,11.04,8.45
300327,中颖电子,2026-06-17,28.24,63.21,27.59,9.28,6.07
300328,宜安科技,2026-06-17,19.28,40.91,19.51,9.53,5.52
300329,海伦钢琴,2026-06-17,12.30,5.93,14.16,12.45,8.71
300331,苏大维格,2026-06-17,71.13,97.53,63.33,15.57,12.42
300332.code,sz300332.name,sz300332.date,sz300332.closePrice,sz300332.chipProfitRate,sz300332.chipAvgCost,sz300332.chipConcentration90,sz300332.chipConcentration70
300332,天壕能源,2026-06-17,4.37,0,5.50,19.71,12.39
300333,兆日科技,2026-06-17,9.41,8.37,10.32,12.13,8.26
300334,津膜科技,2026-06-17,12.26,68.54,11.91,27.98,21.77
300335,迪森股份,2026-06-17,5.23,0.65,6.13,14.43,11.59
300337,银邦股份,2026-06-17,12.43,32.37,13.13,12.08,9.25
300338,*ST开元,2026-06-17,3.25,25.92,3.58,12.58,9.34
300339,润和软件,2026-06-17,39.93,6.41,43.14,10.30,7.01
300340,科恒股份,2026-06-17,9.31,3.47,10.75,15.47,11.17
300341,麦克奥迪,2026-06-17,15.23,34.69,15.77,13.81,10.44
300342,天银机电,2026-06-17,44.59,5.43,50.42,19.99,10.55
300343,联创股份,2026-06-17,6.30,24.13,6.55,9.46,5.57
300345,华民股份,2026-06-17,6.01,20.21,6.29,12.88,8.36
300346,南大光电,2026-06-17,65.33,90.97,61.78,12.54,7.29
300347,泰格医药,2026-06-17,40.19,41.37,44.17,23.54,18.76
300348,长亮科技,2026-06-17,9.75,12.74,12.11,21.44,17.44
300349,金卡智能,2026-06-17,12.70,25.98,13.90,19.50,13.44
300350,华鹏飞,2026-06-17,4.24,5.17,5.17,21.48,15
300351,永贵电器,2026-06-17,20.53,72.91,18.47,23.44,19.05
300352,ST信源,2026-06-17,2.86,12.90,3.39,48.28,41.51
300353,东土科技,2026-06-17,22.32,79.73,21.54,10.39,6.83
300354,东华测试,2026-06-17,35.08,45.30,35.61,16.15,9.11
300355,蒙草生态,2026-06-17,2.92,2.12,3.73,18.79,14.16
300357,我武生物,2026-06-17,20.93,1.77,25.45,18.97,11.62
300358,楚天科技,2026-06-17,8.10,14.28,9.67,18.97,14.31
300359,全通教育,2026-06-17,3.73,0.14,4.93,21.08,17.01
300360,炬华科技,2026-06-17,12.31,0.19,15.98,18.46,12.01
300363,博腾股份,2026-06-17,14.16,19.33,15.90,27.85,22.16
300364,中文在线,2026-06-17,23.40,24.56,25.48,16.36,10.52
300365,恒华科技,2026-06-17,4.84,7.90,5.90,18.30,12.40
300366,ST创意,2026-06-17,5.23,9.51,5.77,17.13,12.26
300368,汇金股份,2026-06-17,8.92,8.93,10.50,18.32,15.92
300369,绿盟科技,2026-06-17,5.84,4.53,7.42,25.34,16.84
300370,安控科技,2026-06-17,2.17,0.15,2.58,12.62,8.79
300371,汇中股份,2026-06-17,10.48,0.93,12.48,13.45,10.40
300373,扬杰科技,2026-06-17,114.10,98.65,100.33,19.73,16.39
300374,中铁装配,2026-06-17,12.66,28.42,14.13,17.83,14.40
300375,鹏翎股份,2026-06-17,4.79,40.96,4.83,14.09,9.58
300376,易事特,2026-06-17,6.30,58.18,6.22,20.20,13.10
300377,赢时胜,2026-06-17,16.34,49.33,16.39,20.30,13.10
300378,鼎捷数智,2026-06-17,37.35,32.59,38.23,10.34,7.63
300380,安硕信息,2026-06-17,30.88,14.17,35.40,18.88,11.27
300381,溢多利,2026-06-17,5.78,2.56,6.72,12.41,8.97
300382,斯莱克,2026-06-17,15.36,31.59,15.72,15.23,6.11
300383,光环新网,2026-06-17,12.55,16.90,15.36,18.26,15.93
300384,三联虹普,2026-06-17,12.12,5.36,15.09,21.93,18.34
300385,ST雪浪,2026-06-17,13.36,1.05,14.76,10.04,6.27
300386,飞天诚信,2026-06-17,12.37,47.66,12.64,26.44,21.08
300387,富邦科技,2026-06-17,7.20,0.34,8.63,15.68,9.59
300388,节能国祯,2026-06-17,6.92,0.21,8.34,13.79,8.01
300389,艾比森,2026-06-17,13.56,17.18,15.80,20.79,17.51
300390,天华新能,2026-06-17,91.75,47.24,92.27,11.63,7.26
300393,中来股份,2026-06-17,8.20,7.46,9.95,20.64,16.51
300394,天孚通信,2026-06-17,329.33,85.41,295.79,20.89,14.07
300395,菲利华,2026-06-17,134.88,76.34,125.61,12.61,7.67
300396,ST迪瑞,2026-06-17,6.82,1.36,11.04,35.06,27.70
300397,天和防务,2026-06-17,16.09,87.74,14.02,13.13,10.06
300398,飞凯材料,2026-06-17,46.93,97.04,42.81,11.16,6.95
300399,天利科技,2026-06-17,19.57,15.02,21.23,20.95,13.73
300400,劲拓股份,2026-06-17,43.61,88.50,36.92,23.58,19.48
300401,花园生物,2026-06-17,17.25,95.32,14.25,19.11,11.71
300402,宝色股份,2026-06-17,16.78,28.08,18.94,20.38,16.85
300403,汉宇集团,2026-06-17,10.14,1,11.56,16.02,9.01
300404,博济医药,2026-06-17,8.61,18.48,10.22,13.22,11.76
300405,科隆股份,2026-06-17,5.76,2.66,6.24,11.24,9.81
300406,九强生物,2026-06-17,11.30,7.30,12.32,11.10,8.06
300407,凯发电气,2026-06-17,11.61,6.08,12.98,8.88,6.45
300408,三环集团,2026-06-17,155.46,98.89,123.36,52.31,42.86
300409,道氏技术,2026-06-17,22.16,29.55,24.73,16.45,12.27
300410,正业科技,2026-06-17,13.26,94.52,11.92,9.90,7.24
300411,金盾股份,2026-06-17,11.02,83.54,10.22,18.42,12.29
300412,迦南科技,2026-06-17,4.17,0.64,5.09,15.48,11.88
300413,芒果超媒,2026-06-17,15.61,0.33,20.80,27.79,21.89
300414,中光防雷,2026-06-17,11.95,3.19,13.92,15.77,11.68
300415,伊之密,2026-06-17,21.21,5.90,24.29,12.01,9.88
300416,苏试试验,2026-06-17,19.43,91.69,18.06,9.54,6.72
300417,南华仪器,2026-06-17,10.98,0.85,12.58,15.31,13.02
300418,昆仑万维,2026-06-17,38.75,12.11,46.44,18.63,15.35
300419,ST浩丰,2026-06-17,7.08,49.15,7.09,7.68,4.59
300420,五洋自控,2026-06-17,6.47,86.16,6.20,20.52,13.10
300421,力星股份,2026-06-17,20.17,2.03,23.67,15.34,13.32
300422,博世科,2026-06-17,4.82,6.98,5.47,11.56,8.39
300423,昇辉科技,2026-06-17,5.87,1.90,7.61,27.81,16.35
300424,航新科技,2026-06-17,18.75,26.65,19.29,9.56,6.98
300425,中建环能,2026-06-17,4.05,0.94,4.96,13.50,9.63
300426,华智数媒,2026-06-17,5.51,0.66,7.35,25.25,18.01
300427,红相股份,2026-06-17,7.14,24.30,7.37,29.97,22.57
300428,立中集团,2026-06-17,20.05,14.13,21.94,14.32,9.63
300429,强力新材,2026-06-17,16.05,95.34,15.11,8.93,6.54
300430,*ST益通,2026-06-17,5,19.46,5.44,57.95,13.13
300432,富临精工,2026-06-17,23.30,34.92,23.97,19.86,8.95
300433,蓝思科技,2026-06-17,51.21,99.88,39.97,28.97,19.51
300434,金石亚药,2026-06-17,8.93,2.24,10.75,13.48,10.97
300435,中泰股份,2026-06-17,21.20,54.52,21,24.86,16.45
300436,广生堂,2026-06-17,87.90,18.54,109.25,20.16,17.22
300437,清水源,2026-06-17,11.68,1.07,12.22,16.73,14.16
300438,鹏辉能源,2026-06-17,78.79,58.57,77.91,11.59,8.12
300439,美康生物,2026-06-17,8.39,0.13,10.02,10.91,6.15
300440,运达科技,2026-06-17,18.94,82.09,18.11,15.39,8.09
300441,鲍斯股份,2026-06-17,6.07,3.04,7.67,18.01,10.74
300442,润泽科技,2026-06-17,81.17,25.87,90.60,15.59,11.33
300443.code,sz300443.name,sz300443.date,sz300443.closePrice,sz300443.chipProfitRate,sz300443.chipAvgCost,sz300443.chipConcentration90,sz300443.chipConcentration70
300443,金雷股份,2026-06-17,22.87,15.83,27.69,17,14.69
300444,双杰电气,2026-06-17,13.21,26.56,14.57,16.57,11.69
300445,康斯特,2026-06-17,23.84,61.78,23.47,11.57,6.96
300446,航天智造,2026-06-17,15.85,8.37,19.25,21.51,14.02
300447,全信股份,2026-06-17,16.53,34.89,18.38,15.37,12.31
300448,浩云科技,2026-06-17,6.91,17.96,7.65,11.66,8.54
300449,汉邦高科,2026-06-17,8.42,68.50,8.12,20.24,10.41
300450,先导智能,2026-06-17,48.13,36.06,50.31,15.58,11
300451,创业慧康,2026-06-17,3.47,0.19,4.49,26.35,19.40
300452,山河药辅,2026-06-17,11.81,0.44,13.74,13.41,10.71
300453,三鑫医疗,2026-06-17,9.75,62.81,9.61,7.20,4.86
300454,深信服,2026-06-17,101.31,15.90,113.57,13.64,10.32
300455,航天智装,2026-06-17,22.80,11.79,25.79,17.28,11.03
300456,赛微电子,2026-06-17,42.68,36.08,45.33,13.67,10.99
300457,赢合科技,2026-06-17,25.03,21.11,27.78,10.61,8.03
300458,全志科技,2026-06-17,35.16,55.54,34.56,11.13,8.78
300459,汤姆猫,2026-06-17,3.48,0.66,4.13,18.16,10.96
300460,ST惠伦,2026-06-17,9.39,44.20,9.51,11.91,8.52
300461,田中精机,2026-06-17,42.29,4.29,50.29,17.98,13.04
300462,ST华铭,2026-06-17,11.18,4.35,12.98,10.93,7.16
300463,迈克生物,2026-06-17,8.38,0.44,10.91,21.09,12.83
300464,星徽股份,2026-06-17,8.54,47.44,8.60,15.55,11.91
300465,高伟达,2026-06-17,15.92,57.87,15.63,15.14,7.38
300466,赛摩智能,2026-06-17,7.51,0.10,9.10,15.25,11.22
300467,迅游科技,2026-06-17,33.75,37.32,34.77,15.96,10.18
300468,四方精创,2026-06-17,23.92,23.06,26,21.63,14.79
300469,信息发展,2026-06-17,51.73,17.46,54.79,16.41,9.71
300470,中密控股,2026-06-17,30.60,7.55,35.07,12.21,9.89
300471,厚普股份,2026-06-17,9.10,2.06,12.14,26.69,21.41
300472,*ST新元,2026-06-17,7.98,18.47,8.31,9.51,6.58
300473,德尔股份,2026-06-17,31.04,12.17,34.44,10.65,7.74
300474,景嘉微,2026-06-17,53.98,14.16,63.32,18.54,11.71
300475,香农芯创,2026-06-17,245.29,100,188.89,15.58,8.20
300476,胜宏科技,2026-06-17,361.70,73.49,347.83,15.22,7.62
300477,ST合纵,2026-06-17,2.39,8.40,2.71,15.93,12.32
300478,杭州高新,2026-06-17,38.90,37.86,39.78,27.21,17.87
300479,神思电子,2026-06-17,14.34,7.84,17.08,21.56,17.56
300480,光力科技,2026-06-17,37.58,80.45,36.36,9.73,6.39
300481,濮阳惠成,2026-06-17,19.36,92.70,17.05,16.97,13.15
300482,万孚生物,2026-06-17,20.22,75.92,19.29,14.07,6.94
300483,首华燃气,2026-06-17,19.38,46.25,19.44,10.96,7.69
300484,蓝海华腾,2026-06-17,14.69,12.31,16.95,15.36,10.75
300485,赛升药业,2026-06-17,8.15,0.29,10.86,17.84,14.76
300486,东杰智能,2026-06-17,23.11,16.91,24.69,13.61,9.61
300487,蓝晓科技,2026-06-17,55.65,24.74,62.61,18.17,13.96
300488,恒锋工具,2026-06-17,47.99,98.78,37.87,21.47,11.76
300489,光智科技,2026-06-17,214,92.12,142.16,37.37,25.38
300490,华自科技,2026-06-17,14.79,21.42,16.78,18.94,16.71
300491,通合科技,2026-06-17,35.30,99.98,31.73,13.39,8.40
300492,华图山鼎,2026-06-17,37.20,2.51,54.08,39.16,31.37
300493,润欣科技,2026-06-17,14.34,20.03,16.52,19.74,12.14
300494,盛天网络,2026-06-17,8.90,0.47,11.10,21.60,15.45
300496,中科创达,2026-06-17,61.81,23.20,64.67,9.78,7.26
300497,富祥股份,2026-06-17,18.22,84.09,16.63,11.66,8.21
300498,温氏股份,2026-06-17,12.69,0.65,16.54,17.58,11.54
300499,高澜股份,2026-06-17,38.58,66.30,37.60,14.20,11.17
300500,启迪设计,2026-06-17,9.69,0.37,11.31,11.75,8.37
300501,海顺新材,2026-06-17,12.95,22.49,13.72,10.36,7.26
300502,新易盛,2026-06-17,557.88,94.39,482.27,30.97,18.91
300503,昊志机电,2026-06-17,80.99,52.24,80.70,9.16,5.58
300504,天邑股份,2026-06-17,18.58,51.59,18.55,11.82,5.64
300505,川金诺,2026-06-17,22.10,23.52,22.60,12.49,5.26
300506,名家汇,2026-06-17,4.86,45.18,4.89,23.80,9.74
300507,苏奥传感,2026-06-17,7.65,18.66,8.76,16.52,11.77
300508,维宏股份,2026-06-17,56.57,98.73,47.66,22.09,12.05
300509,新美星,2026-06-17,9.03,0.93,11.40,24.61,14.07
300510,金冠股份,2026-06-17,3.38,1.01,4.17,18.78,12.91
300511,雪榕生物,2026-06-17,5.43,0.08,6.55,18.27,15.22
300512,中亚股份,2026-06-17,7.35,0.21,9.30,17.29,12.28
300513,恒实科技,2026-06-17,7.31,0.05,8.83,15.69,10.93
300514,友讯达,2026-06-17,9.94,0.12,12.44,18.22,14.73
300515,三德科技,2026-06-17,14.55,0.68,17.22,17.02,12.68
300516,久之洋,2026-06-17,36.53,13.68,40.07,18.14,11.01
300517,海波重科,2026-06-17,9.68,0.91,11.74,13.40,10.11
300518,新迅达,2026-06-17,30.44,76.39,28.78,17.22,8.53
300519,新光药业,2026-06-17,12.58,0.11,15.19,11.49,9.06
300520,科大国创,2026-06-17,28.84,5.51,35.57,15.83,13.68
300521,爱司凯,2026-06-17,30.55,85.98,27.74,17.02,9.51
300522,世名科技,2026-06-17,16.01,100,12.86,12.62,8.55
300523,辰安科技,2026-06-17,20.18,6.05,22.93,12.44,8.13
300525,博思软件,2026-06-17,8.98,18.29,9.71,23.78,14.86
300527,ST应急,2026-06-17,7.33,1.35,8.24,8.02,4.55
300528,幸福蓝海,2026-06-17,14.33,9.38,16.72,17.32,9.62
300529,健帆生物,2026-06-17,15.80,0.13,19.01,17.31,11.60
300530,领湃科技,2026-06-17,18.70,7.57,24.89,26.40,21.22
300531,优博讯,2026-06-17,15.72,22.72,17.38,15.73,13.30
300532,今天国际,2026-06-17,6.73,2.69,7.97,13.52,10.44
300533,冰川网络,2026-06-17,14.34,0.29,18.32,18.66,13.19
300534,陇神戎发,2026-06-17,7.39,0.20,9.32,16.85,11.56
300535,达威股份,2026-06-17,14.64,0.55,18.16,18.25,12.79
300536,农尚环境,2026-06-17,9.58,13.96,10.17,22.01,16.25
300537,广信材料,2026-06-17,29.57,89.45,27.85,7.23,4.77
300538,同益股份,2026-06-17,18.40,96.69,17.51,5.50,3.29
300539,横河精密,2026-06-17,22.52,6.21,28.58,21.35,18.21
300540,蜀道装备,2026-06-17,25.49,21.98,26.86,14.04,9.94
300541,先进数通,2026-06-17,10.34,5.22,12.74,21.94,17.87
300542,新晨科技,2026-06-17,12.27,5.27,15.83,24.86,19.30
300543,朗科智能,2026-06-17,7.95,0.31,9.45,16.56,11.27
300545,联得装备,2026-06-17,38.19,98.19,35.65,6.11,4.13
300546,雄帝科技,2026-06-17,16.60,13.76,20.20,20.60,15.84
300547.code,sz300547.name,sz300547.date,sz300547.closePrice,sz300547.chipProfitRate,sz300547.chipAvgCost,sz300547.chipConcentration90,sz300547.chipConcentration70
300547,川环科技,2026-06-17,35.49,37.59,36.29,13.91,10.89
300548,长芯博创,2026-06-17,269.88,78.09,240.21,14.74,9.71
300549,优德精密,2026-06-17,14.28,0.37,17.20,14.38,10.63
300550,和仁科技,2026-06-17,14.75,89.03,13.75,13.15,8.88
300551,古鳌科技,2026-06-17,11.25,17.59,13.85,27.85,16.74
300552,万集科技,2026-06-17,26.83,24.68,28.04,9.61,6.97
300553,集智股份,2026-06-17,70.11,95.74,64.63,25.77,11.53
300554,三超新材,2026-06-17,30.48,80.40,29.47,7.62,4.57
300555,ST路通,2026-06-17,13.87,56.63,13.66,12.62,7.88
300556,丝路视觉,2026-06-17,19.48,13.99,20.41,8.92,4.76
300557,理工光科,2026-06-17,31.05,79.62,29.94,9.39,6.46
300558,贝达药业,2026-06-17,50.75,60.30,50.18,9.38,5.19
300559,佳发教育,2026-06-17,10.96,11.10,12.79,15.36,10.34
300560,中富通,2026-06-17,16.97,15.06,17.93,8.08,5
300561,汇金科技,2026-06-17,13.26,17.02,14.11,25.33,20.49
300562,乐心医疗,2026-06-17,12.50,39.05,12.80,10.77,8.77
300563,神宇股份,2026-06-17,29.14,22.96,30.62,15.50,7.89
300564,筑博设计,2026-06-17,12.61,16.11,14.90,17.96,14.51
300565,科信技术,2026-06-17,12.40,34.97,12.78,13.66,10.31
300566,激智科技,2026-06-17,35.10,95.03,31.64,21.96,16.57
300567,精测电子,2026-06-17,215.76,93.47,191.41,25.78,19.12
300568,星源材质,2026-06-17,20.30,99.88,17.58,12.48,8.64
300569,天能重工,2026-06-17,4.93,7.33,6.27,23,16.87
300570,太辰光,2026-06-17,265.99,94.68,184.13,26.26,22.13
300571,平治信息,2026-06-17,43.73,55.06,43.38,22.71,11.60
300572,安车检测,2026-06-17,26.99,14.65,29.27,14.52,11.25
300573,兴齐眼药,2026-06-17,36.81,10.61,45.33,16.04,12.81
300575,中旗股份,2026-06-17,5.36,0.02,6.24,10.97,9.38
300576,容大感光,2026-06-17,51.22,97.85,46.10,15.56,12.03
300577,开润股份,2026-06-17,15.45,2.31,19.88,20.49,13.73
300578,会畅科技,2026-06-17,19.53,46.28,19.92,14.09,8.15
300579,数字认证,2026-06-17,22.01,8.72,27.59,21.89,16.50
300580,贝斯特,2026-06-17,22.94,11.20,25.40,14.82,10.77
300581,晨曦航空,2026-06-17,12.34,27.88,12.83,22.08,16.20
300582,英飞特,2026-06-17,14.95,41.62,15.18,12.79,8.76
300583,赛托生物,2026-06-17,11.51,0.04,14.38,12.82,9.89
300584,海辰药业,2026-06-17,38.22,55.22,36.87,18.82,14.75
300585,奥联电子,2026-06-17,17.90,14.89,19.01,15.30,9.87
300586,美联新材,2026-06-17,14.72,94.09,12.48,13.72,10.24
300587,天铁科技,2026-06-17,4.66,8.54,5.70,17.70,14.78
300588,熙菱信息,2026-06-17,22.22,44.44,22.66,19.14,14.32
300589,江龙船艇,2026-06-17,13.21,27.31,13.99,14.06,12.14
300590,移为通信,2026-06-17,15.77,96.05,14.85,5.47,3.72
300591,万里马,2026-06-17,7.21,14.22,7.86,9.91,7.29
300592,华凯易佰,2026-06-17,12.60,32.92,12.96,12.10,7.26
300593,新雷能,2026-06-17,37.66,74.20,35.77,14.60,9.18
300594,ST朗进,2026-06-17,15.64,10.33,18.47,32.74,27.58
300595,欧普康视,2026-06-17,11.19,5.77,14.25,19.86,14.19
300596,利安隆,2026-06-17,46.01,73.22,44.20,13.28,7.40
300597,吉大通信,2026-06-17,7.90,0.89,9.41,12.35,9.93
300598,诚迈科技,2026-06-17,30.81,2.10,37.33,20.82,12.37
300599,雄塑科技,2026-06-17,12.58,40.19,12.80,13.10,6.94
300600,国瑞科技,2026-06-17,10.47,2.34,12.80,17.27,13.54
300601,康泰生物,2026-06-17,11.54,5.50,14.25,19.73,14.09
300602,飞荣达,2026-06-17,49.15,96.58,43.32,14.25,9.35
300603,立昂技术,2026-06-17,8.37,0.06,9.85,16.92,14.28
300604,长川科技,2026-06-17,264.01,99.98,219.10,29.38,10.81
300605,恒锋信息,2026-06-17,10.14,0.67,11.36,19.22,13.12
300606,金太阳,2026-06-17,46.79,99.84,39.51,14.60,11.58
300607,拓斯达,2026-06-17,37.56,98.04,34.10,9.33,6.21
300608,思特奇,2026-06-17,11.92,40.25,12.05,17.64,12.72
300609,汇纳科技,2026-06-17,31.64,0.41,37.40,13.97,10.92
300610,晨化股份,2026-06-17,10.58,9.30,11.78,10.03,7.97
300611,美力科技,2026-06-17,25.88,15.71,26.99,7.48,4.29
300612,宣亚国际,2026-06-17,11.85,0.38,13.59,16.15,10.81
300613,富瀚微,2026-06-17,68.42,99.96,61.64,7.76,4.97
300614,百川畅银,2026-06-17,11,1.53,13.16,17.10,13.36
300615,欣天科技,2026-06-17,10.79,0.34,12.95,15.93,13.52
300616,尚品宅配,2026-06-17,12.76,4.94,14.44,16.10,12.75
300617,安靠智电,2026-06-17,58.70,25.07,62.25,12.22,8.52
300618,寒锐钴业,2026-06-17,38.19,23.39,41.99,16.92,12.10
300619,金银河,2026-06-17,39.66,22.17,42.53,12.14,9.69
300620,光库科技,2026-06-17,395.20,98.10,298.62,23.67,16.83
300621,维业股份,2026-06-17,6.85,0.71,8.24,13.39,10.73
300622,博士眼镜,2026-06-17,15.74,15.69,17.56,16.14,10.71
300623,捷捷微电,2026-06-17,36.87,96.45,33.28,12.48,7.53
300624,万兴科技,2026-06-17,53.29,10.27,62.54,16.44,12.69
300625,三雄极光,2026-06-17,9.71,0.15,11.64,12.09,9.46
300626,华瑞股份,2026-06-17,39.81,84.92,36.73,21.72,8.39
300627,华测导航,2026-06-17,29.70,16.21,32.20,17.06,12.12
300628,亿联网络,2026-06-17,33.78,19.49,35.52,9.65,5.57
300629,新劲刚,2026-06-17,21.40,19.12,24.63,12.91,11.19
300631,久吾高科,2026-06-17,25.89,28.45,26.86,13.58,11.01
300632,光莆股份,2026-06-17,29.43,84.21,28.23,10.92,5.20
300633,开立医疗,2026-06-17,19.25,4.80,24.10,26.94,18.40
300634,彩讯股份,2026-06-17,21.70,10.86,25.46,15.09,10
300635,中达安,2026-06-17,13.77,36.61,13.93,8.26,5.79
300636,同和药业,2026-06-17,6.51,0.56,7.78,12.08,8.94
300637,扬帆新材,2026-06-17,10.45,38.06,10.98,13.62,9.28
300638,广和通,2026-06-17,20.08,5.38,23.28,19.50,10.15
300639,凯普生物,2026-06-17,5.23,2.41,6.40,15.42,11.15
300640,德艺文创,2026-06-17,5.79,0.26,6.79,15.48,13.14
300641,正丹股份,2026-06-17,19.39,66.65,18.52,19.29,13.16
300642,透景生命,2026-06-17,12.52,0.34,16.36,22.84,16.31
300643,万通智控,2026-06-17,18.19,59.72,17.92,15.15,9.20
300644,南京聚隆,2026-06-17,25.71,31.76,27.67,16.97,9.44
300645,正元智慧,2026-06-17,12.86,0.29,15.97,20.50,14.42
300647,超频三,2026-06-17,6.10,14.44,6.60,8.75,6.66
300648,星云股份,2026-06-17,48.95,22.31,51.96,15.75,10.35
300649,杭州园林,2026-06-17,27.46,90.76,25.78,20.80,13.13
300650.code,sz300650.name,sz300650.date,sz300650.closePrice,sz300650.chipProfitRate,sz300650.chipAvgCost,sz300650.chipConcentration90,sz300650.chipConcentration70
300650,太龙股份,2026-06-17,13,25.81,14.94,16.36,13.34
300651,金陵体育,2026-06-17,20.39,3.05,23.20,15.19,11.70
300652,雷迪克,2026-06-17,39.40,5.44,46.62,18.73,10.82
300653,正海生物,2026-06-17,14.09,0.03,19.59,19.60,13.42
300654,世纪天鸿,2026-06-17,9.32,9.96,10.31,13.95,9.97
300655,晶瑞电材,2026-06-17,16.62,94.56,15.62,9.15,6.92
300656,民德电子,2026-06-17,39.12,86.57,34.74,25.41,12.99
300657,弘信电子,2026-06-17,47.82,83.04,46.11,9.09,5.45
300658,延江股份,2026-06-17,12.58,47.72,12.58,31.71,23.58
300659,中孚信息,2026-06-17,10.19,0.48,12.71,20.62,16.33
300660,江苏雷利,2026-06-17,30.04,2.70,35.13,17.25,11.52
300661,圣邦股份,2026-06-17,131.55,99.87,107.92,26.11,15.20
300662,科锐国际,2026-06-17,18.60,0.27,23.97,22.80,16.76
300663,科蓝软件,2026-06-17,7.24,5.66,8.06,39.77,24.82
300664,鹏鹞环保,2026-06-17,4.68,0.12,5.60,12.57,9.73
300665,飞鹿股份,2026-06-17,9.80,27.69,10.06,19.12,9.09
300666,江丰电子,2026-06-17,301.57,87.51,277.63,27.29,21.18
300667,必创科技,2026-06-17,19.37,63.77,19.11,8,3.85
300668,杰恩股份,2026-06-17,63.30,92.47,57.90,17.79,5.53
300669,沪宁股份,2026-06-17,29.54,25.82,32.06,16.29,10.34
300670,大烨智能,2026-06-17,5.98,0.32,6.68,9.30,7.03
300671,富满微,2026-06-17,54.45,99.74,49.87,11.63,8.56
300672,国科微,2026-06-17,325.30,87.26,283.08,35.68,23.92
300673,佩蒂股份,2026-06-17,13.32,3.92,15.36,16.09,10.17
300674,宇信科技,2026-06-17,16.15,6.21,19.95,21.13,15.62
300675,建科院,2026-06-17,12.93,0.02,15.40,11.18,8.24
300676,华大基因,2026-06-17,34.18,7.51,40.87,24.12,17.25
300677,英科医疗,2026-06-17,41.32,5.09,48.44,18.05,12.94
300678,中科信息,2026-06-17,23.54,14.43,28.78,20.47,16.90
300679,电连技术,2026-06-17,66.31,96.27,56.63,20.10,9.31
300680,隆盛科技,2026-06-17,25.91,0,39.04,16.41,12.87
300681,英搏尔,2026-06-17,32.26,50.79,32.20,11.38,4.67
300682,朗新科技,2026-06-17,11.26,1.81,15.05,25.35,18.75
300683,海特生物,2026-06-17,24.18,0.83,32.58,22.30,19.63
300684,中石科技,2026-06-17,59.41,77.06,56.88,9.71,7.23
300685,艾德生物,2026-06-17,16.73,1.72,20.13,14.96,12.72
300686,智动力,2026-06-17,19.25,86.17,18.04,10.25,7.07
300687,赛意信息,2026-06-17,26.99,65.36,25.94,18.47,13.38
300688,创业黑马,2026-06-17,30.08,91.84,26.44,10.98,8.49
300689,澄天伟业,2026-06-17,60.27,89.79,54.59,13.40,9.99
300690,双一科技,2026-06-17,24.42,16.45,27.80,15.09,11.27
300691,联合光电,2026-06-17,16.87,55.46,16.76,9.37,6.49
300692,中赋科技,2026-06-17,7.53,0.86,8.53,10.37,6.68
300693,盛弘股份,2026-06-17,48.20,40.07,49.23,17.38,13.47
300694,蠡湖股份,2026-06-17,10.15,8.04,11.88,12.58,10.69
300695,兆丰股份,2026-06-17,54.85,0,72.49,29.56,20.74
300696,爱乐达,2026-06-17,33.47,63.91,32.66,18.61,12.77
300697,电工合金,2026-06-17,17.13,82.54,16.62,10.69,5.42
300698,万马科技,2026-06-17,31.90,5.28,38.21,14.80,8.79
300699,光威复材,2026-06-17,29.36,17.79,34.16,19.27,13.88
300700,岱勒新材,2026-06-17,22.68,90.97,20.17,23.86,14.73
300701,森霸传感,2026-06-17,10.24,7.34,11.91,14.49,10.09
300702,天宇股份,2026-06-17,19.39,20.12,21.40,15.60,12.45
300703,创源股份,2026-06-17,14.35,0.16,16.79,20.28,13.50
300705,九典制药,2026-06-17,10.25,1.14,13.45,21.17,14.93
300706,阿石创,2026-06-17,76.87,65.32,75.51,22.18,12.77
300707,威唐工业,2026-06-17,12.10,1.67,14.43,17.62,12.82
300708,聚灿光电,2026-06-17,8.62,21.96,9.25,9.65,7.58
300709,精研科技,2026-06-17,61.01,99.54,49.95,15.98,10.31
300710,万隆光电,2026-06-17,36.36,12.94,38.54,13.17,6.70
300711,广哈通信,2026-06-17,17.61,0.61,23.58,22.38,18.14
300712,永福股份,2026-06-17,22.57,11.80,28.04,19.76,14.78
300713,英可瑞,2026-06-17,13.95,12.05,16.13,15.27,12.91
300715,凯伦股份,2026-06-17,19.91,32.69,21.20,28.56,12.48
300716,*ST泉为,2026-06-17,19.84,99.84,16,18.39,14.35
300717,华信新材,2026-06-17,17.03,0.46,20.54,12.20,10.09
300718,长盛轴承,2026-06-17,66.66,1.58,74.88,12.24,8.48
300719,安达维尔,2026-06-17,13.04,22.46,14.15,20.35,14.72
300720,海川智能,2026-06-17,84.50,99.16,72.53,13.30,8.04
300721,怡达股份,2026-06-17,30.12,46.30,30.31,9.75,6.86
300722,新余国科,2026-06-17,23.60,7.68,30.47,21.67,17.10
300723,一品红,2026-06-17,32.78,3.59,39.05,13.48,9.67
300724,捷佳伟创,2026-06-17,74.04,30.68,85.96,23.21,13.63
300725,药石科技,2026-06-17,32.10,14.42,37.30,12.35,10.44
300726,宏达电子,2026-06-17,85.13,96.70,68.59,20.50,14.63
300727,润禾材料,2026-06-17,38.13,99,34.51,8.79,6.66
300729,乐歌股份,2026-06-17,10.37,0.74,12.97,16.75,9.57
300730,科创信息,2026-06-17,12.65,0.95,14.68,12.84,9.59
300731,科创新源,2026-06-17,60.08,51.88,59.70,14.63,9.36
300732,设研院,2026-06-17,6.11,0.05,7.29,11.21,7.21
300733,西菱动力,2026-06-17,14.92,69.52,14.25,10.87,8.40
300735,光弘科技,2026-06-17,24.85,84.12,22.47,15.29,10.04
300736,百邦科技,2026-06-17,34.58,61.25,32.93,24.33,15.81
300737,科顺股份,2026-06-17,8.16,89.98,7.02,15.61,9.02
300738,奥飞数据,2026-06-17,20.08,25.02,22.04,18.08,15.50
300739,明阳电路,2026-06-17,32.37,78.12,30.22,16.41,8.83
300740,水羊股份,2026-06-17,22.03,19.90,23.73,12.58,9.13
300741,华宝股份,2026-06-17,14.02,0.21,18.20,15.58,9.39
300743,天地数码,2026-06-17,16.08,1.57,18.74,14.02,8.43
300745,欣锐科技,2026-06-17,44.12,49.14,44.27,29.52,9.74
300746,汉嘉数智,2026-06-17,11.23,18.51,12.92,13.39,10.64
300747,锐科激光,2026-06-17,54.93,91.39,47.38,21.09,16.13
300748,金力永磁,2026-06-17,32.29,38.19,32.97,12.23,7.85
300749,顶固集创,2026-06-17,21.13,8.27,22.92,15.75,9.40
300750,宁德时代,2026-06-17,399,63.23,382.61,28.85,20.63
300751,迈为股份,2026-06-17,225,46.32,227.14,17.06,13.59
300752,隆利科技,2026-06-17,14.36,58.63,14.15,8.08,6.15
300753,爱朋医疗,2026-06-17,20.83,14.17,25.18,23.04,15.35
300755,华致酒行,2026-06-17,15.03,24.46,15.84,19.15,10.51
300756,金马游乐,2026-06-17,33.59,37.36,34.27,14.69,10.42
300757.code,sz300757.name,sz300757.date,sz300757.closePrice,sz300757.chipProfitRate,sz300757.chipAvgCost,sz300757.chipConcentration90,sz300757.chipConcentration70
300757,罗博特科,2026-06-17,660.21,85.09,608.11,26.56,13.81
300758,七彩化学,2026-06-17,13.25,47.43,13.43,14.29,11.11
300759,康龙化成,2026-06-17,22.17,13.34,27.64,18.04,15.88
300760,迈瑞医疗,2026-06-17,143.35,2.86,189.82,24.97,19.68
300761,立华股份,2026-06-17,17.30,0.20,20.43,11.55,6.86
300762,上海瀚讯,2026-06-17,38.86,65.72,37.69,15.94,9.24
300763,锦浪科技,2026-06-17,93.31,30.59,98.60,14.95,11.90
300765,石药创新,2026-06-17,24.59,6.36,33,37.47,20.71
300766,每日互动,2026-06-17,24.34,26.81,25.55,23.80,14.22
300767,震安科技,2026-06-17,22.10,68.97,20.84,13.54,9.99
300768,迪普科技,2026-06-17,14.45,5.18,17.33,18.19,11.59
300769,德方纳米,2026-06-17,68.58,69.83,66.73,12.27,7.43
300770,新媒股份,2026-06-17,34.12,7.16,40.92,16.92,12.18
300771,智莱科技,2026-06-17,11.54,13.03,13.55,15.59,10.76
300772,运达股份,2026-06-17,12.37,2.20,16.29,22.91,18.65
300773,拉卡拉,2026-06-17,24.70,39.53,25.79,11.17,7.98
300774,倍杰特,2026-06-17,13.11,20.91,13.81,17.19,11.61
300775,三角防务,2026-06-17,23.04,15.96,29.08,27.53,23.69
300776,帝尔激光,2026-06-17,173,92.98,154.69,18.57,8.78
300777,中简科技,2026-06-17,28.96,10.79,36.33,19.30,16.54
300778,新城市,2026-06-17,10.05,0.42,13.02,17.58,12.22
300779,惠城环保,2026-06-17,61.38,71.67,57.91,17.07,11.42
300780,德恩精工,2026-06-17,31.90,83.26,27.49,13.96,10.53
300781,因赛集团,2026-06-17,28.33,5.29,33.82,19.38,12.15
300782,卓胜微,2026-06-17,99.80,37.87,104.98,20.01,14.70
300783,三只松鼠,2026-06-17,16.59,0.05,18.67,16.77,7.49
300784,利安科技,2026-06-17,46.45,56.03,46.17,11.06,7.98
300785,值得买,2026-06-17,39.94,21.38,45.10,17.32,14.92
300786,国林科技,2026-06-17,21.65,93.04,19.82,12.41,9.09
300787,海能实业,2026-06-17,9.67,23.97,10.46,16.21,12.95
300788,中信出版,2026-06-17,24.70,1.86,32.62,23.13,15.69
300789,唐源电气,2026-06-17,19.01,2.34,22.17,11.41,6.89
300790,宇瞳光学,2026-06-17,29.08,99.15,24.33,14.67,10.21
300791,仙乐健康,2026-06-17,16.72,3.25,21.80,19.60,15.43
300792,壹网壹创,2026-06-17,29.33,3.02,34.88,18.19,9.52
300793,佳禾智能,2026-06-17,12.35,4.24,14.55,18.68,11.56
300795,米奥会展,2026-06-17,9.02,0.05,10.83,19.74,12.79
300796,贝斯美,2026-06-17,6.90,1.15,8.82,17.93,13.84
300797,钢研纳克,2026-06-17,14.10,8,16.54,14.24,11.08
300798,锦鸡股份,2026-06-17,7.28,5.63,8.80,22.66,19.42
300800,力合科技,2026-06-17,9.87,0,11.88,11.75,8.67
300801,泰和科技,2026-06-17,28.03,49.22,28.06,10.90,8.71
300802,矩子科技,2026-06-17,27.03,99.83,24.31,12.20,6.52
300803,指南针,2026-06-17,97.79,48.73,98.11,20.47,10.23
300804,广康生化,2026-06-17,36.91,3.75,39.06,16.06,12.94
300805,电声股份,2026-06-17,7.90,1.64,10.27,27.96,18.45
300806,斯迪克,2026-06-17,98.40,97.17,83.24,19.13,10.36
300807,天迈科技,2026-06-17,39.52,1.70,48.43,21.28,15.98
300808,久量股份,2026-06-17,23.70,15.64,26.24,17.19,12.51
300809,华辰装备,2026-06-17,30.91,3.58,36.60,13.18,10.61
300810,中科海讯,2026-06-17,26.52,16.67,32.49,25.63,19.71
300811,铂科新材,2026-06-17,97.65,97.38,88.72,25.30,14.07
300812,易天股份,2026-06-17,30.51,83.90,28.44,9.46,6.43
300813,泰林生物,2026-06-17,19.56,1.10,24.94,19.60,16.18
300814,中富电路,2026-06-17,180.25,89.97,153.28,34.34,25.52
300815,玉禾田,2026-06-17,18.59,2.28,21.76,14.85,10.50
300816,艾可蓝,2026-06-17,82.19,26.57,87.42,19.08,12.51
300817,双飞集团,2026-06-17,17.75,3.42,19.86,9.19,6.60
300818,耐普矿机,2026-06-17,22.40,11.03,25.43,21.25,10.11
300819,聚杰微纤,2026-06-17,71.11,53.29,70.48,24.42,14.04
300820,英杰电气,2026-06-17,73.16,98.43,66.49,15.91,5.84
300821,东岳硅材,2026-06-17,20.45,98.34,16.84,16.70,10.03
300822,贝仕达克,2026-06-17,13.10,4.13,15.59,18.77,13.20
300823,建科智能,2026-06-17,15.68,4.59,16.88,9.97,8.49
300824,北鼎股份,2026-06-17,7.87,0.26,10.18,22.27,15.73
300825,阿尔特,2026-06-17,16.81,82.71,14.72,23.95,12.65
300826,测绘股份,2026-06-17,14.71,84.11,14.06,8.66,7.19
300827,上能电气,2026-06-17,30.33,17.91,35.72,15.36,12.59
300828,锐新科技,2026-06-17,19.85,50.71,19.80,16.98,7.48
300829,金丹科技,2026-06-17,15.10,0.39,18.61,13.32,7.69
300830,金现代,2026-06-17,8.83,7.50,10.30,16.14,10.89
300831,ST派瑞,2026-06-17,19.41,66.13,18.48,18.41,12.75
300832,新产业,2026-06-17,42.70,0.63,51.74,19.71,13.88
300833,浩洋股份,2026-06-17,32.84,11.89,36.42,15.69,11.60
300834,星辉环材,2026-06-17,50.15,93.89,45.36,27.75,11.47
300835,龙磁科技,2026-06-17,193.20,69.32,186.84,37.33,24.02
300836,佰奥智能,2026-06-17,75.03,73.17,69.59,16.91,12.53
300837,浙矿股份,2026-06-17,26.41,3.43,33.37,26.32,20.18
300838,浙江力诺,2026-06-17,14.66,11.41,16.79,19.91,17.18
300839,博汇股份,2026-06-17,14.08,6.89,15.61,16.62,13.32
300840,酷特智能,2026-06-17,21.30,23.32,22.71,13.59,9.33
300841,康华生物,2026-06-17,46.08,14.19,57.64,27.40,22.77
300842,帝科股份,2026-06-17,78.06,12.75,85.19,12.84,10.60
300843,胜蓝股份,2026-06-17,120.60,99.49,91.61,34.49,18.70
300844,山水比德,2026-06-17,24.83,2.99,33.91,31.29,24.29
300845,捷安高科,2026-06-17,13.04,13.32,14.39,11.27,7.01
300846,首都在线,2026-06-17,22.39,18.35,23.66,20.06,16.21
300847,中船汉光,2026-06-17,14.43,7.37,16.09,13.23,9.80
300848,美瑞新材,2026-06-17,14.60,19.05,16.15,12.79,9.18
300849,锦盛新材,2026-06-17,22.34,31.93,22.90,15.89,10.26
300850,新强联,2026-06-17,28.87,7.79,33.50,21.63,17.93
300851,交大思诺,2026-06-17,23.84,0.13,27.65,17.50,11.60
300852,四会富仕,2026-06-17,60.02,95.01,52.80,12.76,8.43
300853,申昊科技,2026-06-17,29.31,2.58,35.45,13.10,11.07
300854,中兰环保,2026-06-17,26.20,13.76,29.77,18.55,9.53
300855,图南股份,2026-06-17,32.30,7.91,38.13,16.56,11.84
300856,科思股份,2026-06-17,11.45,3.45,13.74,14.58,8.75
300857,协创数据,2026-06-17,266.99,78.27,243.88,26.64,11.29
300858,科拓生物,2026-06-17,15.06,0.50,17.64,21.08,13
300859,西域旅游,2026-06-17,28.33,7.40,30.63,14.89,11.95
300860.code,sz300860.name,sz300860.date,sz300860.closePrice,sz300860.chipProfitRate,sz300860.chipAvgCost,sz300860.chipConcentration90,sz300860.chipConcentration70
300860,锋尚文化,2026-06-17,25.42,34.08,25.76,10.81,6.56
300861,美畅股份,2026-06-17,20.27,67.15,19.47,11.58,7.70
300862,蓝盾光电,2026-06-17,21.98,12.60,23.69,12.56,9.36
300863,卡倍亿,2026-06-17,68.85,73.21,63.53,27.58,18.64
300864,南大环境,2026-06-17,22.06,57.75,21.74,10.55,7.81
300865,大宏立,2026-06-17,24.65,5.87,28.56,13.70,10.67
300866,安克创新,2026-06-17,113.63,44.80,114.86,14.81,9.63
300867,圣元环保,2026-06-17,19.83,13.07,20.89,8.97,6.16
300868,杰美特,2026-06-17,139.10,97.28,114.20,42.39,24.04
300869,康泰医学,2026-06-17,10.80,5.33,13.33,21.85,16.63
300870,欧陆通,2026-06-17,374.01,99.46,277.50,32.27,12.19
300871,回盛生物,2026-06-17,22.82,41.35,23.90,14.90,12.06
300872,天阳科技,2026-06-17,19.58,49.89,19.59,13.15,7.77
300873,海晨股份,2026-06-17,24.82,85.87,22.85,10.60,7.07
300875,捷强装备,2026-06-17,30.89,0.10,38.40,17.87,12.75
300876,蒙泰高新,2026-06-17,16.67,11.40,18.86,15.98,12.92
300877,金春股份,2026-06-17,26.36,5.73,30.15,12.26,9.15
300878,维康药业,2026-06-17,31.21,59.23,30.69,13.76,9.76
300879,大叶股份,2026-06-17,17.87,0.33,24.34,23.04,16.96
300880,迦南智能,2026-06-17,25.49,93.65,23.06,9.85,6.54
300881,盛德鑫泰,2026-06-17,42.01,14.81,48.63,14.28,11.62
300882,万胜智能,2026-06-17,15.24,3.20,21.22,24.05,16.30
300883,龙利得,2026-06-17,6.45,37.75,6.49,7.10,4.60
300884,狄耐克,2026-06-17,10.59,13.70,12.88,20.56,16.17
300885,海昌新材,2026-06-17,25.57,20.81,27.29,12.64,10.20
300886,华业香料,2026-06-17,21.81,1.81,26.33,15.34,12.25
300887,谱尼测试,2026-06-17,7.88,3.07,9.53,20.71,12.03
300888,稳健医疗,2026-06-17,27.32,0.06,37.41,18.84,12.87
300889,爱克股份,2026-06-17,24.21,47.64,24.29,7.66,4.64
300890,翔丰华,2026-06-17,34.83,39.18,35.24,11.69,7.56
300891,惠云钛业,2026-06-17,6.76,8,8.44,23.01,19.32
300892,品渥食品,2026-06-17,20.97,0.10,25.39,20.13,13.99
300893,松原安全,2026-06-17,19.20,0.14,23.21,12.24,7.86
300894,火星人,2026-06-17,11.85,87.54,10.90,15.05,8.85
300895,铜牛信息,2026-06-17,56.09,24.26,63.33,19.04,15.68
300896,爱美客,2026-06-17,90.92,0.40,117.39,27.56,19.83
300897,山科智能,2026-06-17,15.70,0.73,18.80,15.77,11.66
300898,熊猫乳品,2026-06-17,19.88,1.64,22.76,16.67,8.20
300899,上海凯鑫,2026-06-17,29.82,3.82,36.06,14.45,11.40
300900,广联航空,2026-06-17,33.85,33.61,34.75,18.60,12.55
300901,中胤时尚,2026-06-17,14.85,19.20,16.20,14.40,11.09
300902,国安达,2026-06-17,17.08,41.11,17.54,18.97,10.15
300903,科翔股份,2026-06-17,98.16,100,73.41,21.10,9.04
300904,威力传动,2026-06-17,45.34,6.76,52.01,16.22,13.87
300905,宝丽迪,2026-06-17,59.25,25.07,63.77,15.27,12.26
300906,日月明,2026-06-17,27.33,2.50,33.06,14.11,10.58
300907,康平科技,2026-06-17,46.01,48.87,46.05,27.19,18.04
300908,仲景食品,2026-06-17,22.77,0.20,27.40,12.46,7.42
300909,汇创达,2026-06-17,51.14,95.98,47.11,13.32,6.08
300910,瑞丰新材,2026-06-17,29.30,0.65,34.69,19.40,11.35
300911,亿田智能,2026-06-17,21.61,0.24,28.25,28.17,23.53
300912,凯龙高科,2026-06-17,27.64,44.12,27.82,16.06,9.96
300913,兆龙互连,2026-06-17,56.98,49.34,57.02,10.87,8.06
300915,海融科技,2026-06-17,20.91,0.12,23.90,9.18,6.62
300916,朗特智能,2026-06-17,24.76,20.73,30.74,23.75,21.11
300917,特发服务,2026-06-17,25.60,0.13,30.88,21.64,13.17
300918,南山智尚,2026-06-17,12.40,5,14.78,20.80,15.20
300919,中伟新材,2026-06-17,49.27,23.50,54.03,16.41,11.71
300920,润阳科技,2026-06-17,38.25,66.77,36.23,16.09,11.50
300921,南凌科技,2026-06-17,21.47,91.66,19.95,11.17,8.71
300922,天秦装备,2026-06-17,22.04,30.67,22.89,14.50,10.52
300923,研奥股份,2026-06-17,23.91,30,26.15,12.11,9.71
300925,法本信息,2026-06-17,17.96,25.21,18.48,11.61,5.01
300926,博俊科技,2026-06-17,20.04,14.74,24.77,25.58,21.01
300927,江天化学,2026-06-17,23.94,14.93,25.95,16.27,12.32
300928,华安鑫创,2026-06-17,30.13,18.54,32.92,10.06,8.19
300929,华骐环保,2026-06-17,10.60,0.31,12.56,13.59,10.65
300930,屹通新材,2026-06-17,33.35,28.92,34.01,9.24,6.13
300931,通用电梯,2026-06-17,16.77,87.84,15.55,14.84,11.07
300932,三友联众,2026-06-17,9.19,16.24,10.08,11.54,7.27
300933,中辰股份,2026-06-17,6.63,4.39,8.12,16.52,12.89
300935,盈建科,2026-06-17,32.19,20.90,35.17,16.47,12.45
300936,中英科技,2026-06-17,124.10,79.59,109.10,25.73,15.99
300937,药易购,2026-06-17,20.80,0.23,26.24,23.12,16.83
300938,信测标准,2026-06-17,44.52,96.63,40.11,10.06,7.24
300939,秋田微,2026-06-17,71.54,87.46,61.97,29.95,15.56
300940,南极光,2026-06-17,16.64,17.97,19.92,24.55,17.37
300941,创识科技,2026-06-17,15.05,7.59,17.47,22.22,17.23
300942,易瑞生物,2026-06-17,6.09,0.30,8.33,27.19,21.01
300943,春晖智控,2026-06-17,34.50,27.82,37.07,13.80,9.66
300945,曼卡龙,2026-06-17,11.96,10.17,14.47,24.14,13.22
300946,恒而达,2026-06-17,46.91,24.62,49.37,9.71,7.49
300947,德必集团,2026-06-17,13.61,0.52,17.14,19.28,14.25
300948,冠中生态,2026-06-17,25.88,46.32,26.13,20.92,13.54
300949,奥雅股份,2026-06-17,21.98,0.66,26.33,14.58,10.38
300950,德固特,2026-06-17,17.41,4.78,21.38,17.85,13.83
300951,博硕科技,2026-06-17,45.05,99.43,37.39,15.38,11.83
300952,恒辉安防,2026-06-17,19.75,0.38,23.50,17.46,14.16
300953,震裕科技,2026-06-17,143.36,33.24,147.03,16.53,10.24
300955,嘉亨家化,2026-06-17,41.74,49.39,41.82,16.36,10.35
300956,英力股份,2026-06-17,12.30,19.90,14.34,21.84,17.16
300957,贝泰妮,2026-06-17,33.58,8.29,40.11,17.54,12.16
300958,建工修复,2026-06-17,11.60,1.38,13.22,10.81,8.92
300959,线上线下,2026-06-17,156.85,5.10,174.80,16.64,12.31
300960,通业科技,2026-06-17,16.87,1.73,23.65,23.87,18.73
300961,深水海纳,2026-06-17,11,0.32,13.28,13.32,11
300962,中金辐照,2026-06-17,13.16,3.81,16.37,17.39,14.52
300963,中洲特材,2026-06-17,14.22,13.27,16.83,21.52,16.71
300964,本川智能,2026-06-17,113.92,94.92,102.73,13.09,10.18
300965,恒宇信通,2026-06-17,46.56,1.02,62.13,31.49,21.38
300966.code,sz300966.name,sz300966.date,sz300966.closePrice,sz300966.chipProfitRate,sz300966.chipAvgCost,sz300966.chipConcentration90,sz300966.chipConcentration70
300966,共同药业,2026-06-17,26.27,33.49,26.78,13.69,4.84
300967,晓鸣股份,2026-06-17,17.72,22.74,18.31,8.98,5.38
300968,格林精密,2026-06-17,11.07,14.37,12.25,18.29,14.42
300969,恒帅股份,2026-06-17,99.50,22.99,105.25,14.31,7.77
300970,华绿生物,2026-06-17,20.83,16.29,21.88,18.06,14.05
300971,博亚精工,2026-06-17,20.14,6.35,23.16,11.49,9.71
300972,万辰集团,2026-06-17,178.35,12.07,194.26,13.90,8.94
300973,立高食品,2026-06-17,24.93,1.54,29.81,28.29,22.89
300975,商络电子,2026-06-17,41.25,68.14,40.53,10.77,5.97
300976,达瑞电子,2026-06-17,89.06,96.98,64.68,34.54,22.10
300977,深圳瑞捷,2026-06-17,17.48,12.63,19.81,14.92,10.79
300978,东箭科技,2026-06-17,8.85,0,11.15,16.83,10.71
300979,华利集团,2026-06-17,31.64,0,50.22,31.38,16.36
300980,祥源新材,2026-06-17,27.22,26.32,27.98,18.02,11.94
300981,中红医疗,2026-06-17,10.62,1.13,13.97,16.59,8.25
300982,苏文电能,2026-06-17,17.24,0,22.33,17.72,9.06
300983,尤安设计,2026-06-17,36.66,67.86,33.10,36.13,23.19
300984,金沃股份,2026-06-17,59.43,35.18,61.06,15.15,10.95
300985,致远新能,2026-06-17,33.30,94.71,24.82,23.87,17.05
300986,志特新材,2026-06-17,18.87,19.29,21.22,16.57,13.73
300987,川网传媒,2026-06-17,13.34,1,16.66,23.08,15.05
300988,津荣天宇,2026-06-17,17.70,27.56,19,12.96,10.01
300989,蕾奥规划,2026-06-17,13.50,1.73,14.75,9.69,6.40
300990,同飞股份,2026-06-17,93.59,85.10,86.15,11.59,7.79
300991,创益通,2026-06-17,40,30.65,42.81,20.87,14.42
300992,泰福泵业,2026-06-17,25.46,1.31,30.03,13.97,11.03
300993,玉马科技,2026-06-17,10.87,19.68,12.19,19.96,16.50
300994,久祺股份,2026-06-17,11.52,1.01,13.12,14.95,11.28
300995,奇德新材,2026-06-17,30.82,3.19,35.53,11.60,8.91
300996,普联软件,2026-06-17,11.08,10.66,12.33,9.86,7.19
300997,欢乐家,2026-06-17,16.02,0.51,19.49,26.44,16.80
300998,宁波方正,2026-06-17,31.69,99.99,27.15,14.60,9.12
300999,金龙鱼,2026-06-17,24.69,0,28.08,10.65,7.08
301000,肇民科技,2026-06-17,34.26,49.48,34.33,15.63,12
301001,凯淳股份,2026-06-17,23.78,0.11,28.45,18.25,10.66
301002,崧盛股份,2026-06-17,43.89,17.49,48.83,17.02,13.74
301003,江苏博云,2026-06-17,56.68,87.44,53.37,12.43,6.36
301004,嘉益股份,2026-06-17,34.69,0.48,56.04,33.57,25.17
301005,超捷股份,2026-06-17,97.47,8.71,105.56,17.49,12.68
301006,迈拓股份,2026-06-17,13.70,0.29,16.86,13.43,10.37
301007,德迈仕,2026-06-17,34.22,22.11,36.45,13.91,10.48
301008,宏昌科技,2026-06-17,25.19,27.45,29.26,21.44,15.50
301009,可靠股份,2026-06-17,8.76,0.08,11.19,20.36,17.17
301010,晶雪节能,2026-06-17,17.58,0.14,21.80,12.61,9.09
301011,华立科技,2026-06-17,15.68,2.13,22,27.25,22.79
301012,扬电科技,2026-06-17,27.88,16.97,33.79,21.30,17.23
301013,利和兴,2026-06-17,65.32,100,58.82,9.38,6
301015,百洋医药,2026-06-17,21.20,9.63,23.94,13.60,8.49
301016,雷尔伟,2026-06-17,14.45,4.51,17.33,16.82,11.74
301017,漱玉平民,2026-06-17,13.40,21.87,14.02,10.01,6.77
301018,申菱环境,2026-06-17,112.77,89.52,99.85,18.97,10.65
301019,宁波色母,2026-06-17,20.23,8.65,22.74,11.96,7.94
301020,密封科技,2026-06-17,25.65,64.35,24.42,18.90,13.32
301021,英诺激光,2026-06-17,115.60,96.90,91.92,31.14,15.71
301022,海泰科,2026-06-17,24.55,0,30.45,17.23,12.12
301023,奕帆传动,2026-06-17,30.41,10.95,32.66,15.91,12.92
301024,霍普股份,2026-06-17,43.22,54.88,42.43,18.65,13.81
301025,读客文化,2026-06-17,8.71,0.40,10.93,19.75,13.39
301026,浩通科技,2026-06-17,24.04,71.03,23.35,9.52,6.51
301027,华蓝集团,2026-06-17,19.22,17.47,21.78,14.65,12.64
301028,鼎熔岩,2026-06-17,17.88,45.64,18.21,16.71,10.86
301029,怡合达,2026-06-17,32.43,96.69,29.51,12.35,6.35
301030,*ST仕净,2026-06-17,10.70,8.97,12.07,17.73,9.24
301031,中熔电气,2026-06-17,124.92,92.85,115.14,13.39,7.24
301032,新柴股份,2026-06-17,10.40,0.65,12.69,14.59,10.16
301033,迈普医学,2026-06-17,48.40,11.82,57.01,22.04,18.03
301035,润丰股份,2026-06-17,50,20.31,56.62,22.89,16.71
301036,双乐股份,2026-06-17,23.16,2.57,27.84,20.64,17.39
301037,保立佳,2026-06-17,13.12,0.67,15.04,12.75,10.54
301038,深水规院,2026-06-17,18.80,6.36,20.76,15.07,10.23
301039,中集车辆,2026-06-17,7.33,0.04,9.11,14.03,10.11
301040,中环海陆,2026-06-17,28.72,4.87,31.67,10.90,7.09
301041,金百泽,2026-06-17,36.06,98.69,33.96,6.71,4.28
301042,安联锐视,2026-06-17,76.49,85.93,72.13,14.23,8.18
301043,绿岛风,2026-06-17,45.21,17.25,53.55,22.87,15.27
301045,天禄科技,2026-06-17,61.10,93.61,54.55,17.67,8.15
301046,能辉科技,2026-06-17,28.98,77.85,27.71,10.37,7.17
301047,义翘神州,2026-06-17,59.54,3.04,71.14,12.78,6.96
301048,金鹰重工,2026-06-17,9.04,1.70,11.12,17.05,9.36
301049,超越科技,2026-06-17,19.37,0.07,22.36,13.58,11.51
301050,雷电微力,2026-06-17,35.18,13.71,40.52,24.55,17.61
301051,信濠光电,2026-06-17,16.23,36.30,16.64,11.95,8.30
301052,果麦文化,2026-06-17,24.85,1.13,29.48,18.49,13.68
301053,远信工业,2026-06-17,41.42,43.58,42.17,13.22,7.86
301055,张小泉,2026-06-17,39.89,89.89,34.65,28.80,12.06
301056,森赫股份,2026-06-17,11.95,0.48,14.90,15.34,10.30
301057,汇隆新材,2026-06-17,26.62,5.54,31.69,18.89,12.66
301058,中粮科工,2026-06-17,8.58,7.68,10,15.38,12.15
301059,金三江,2026-06-17,12.81,2.88,14.40,9.94,6.73
301060,兰卫医学,2026-06-17,8.48,5.82,10.21,16.89,12.25
301061,匠心家居,2026-06-17,36.53,0,50.01,32.36,24.18
301062,上海艾录,2026-06-17,6.21,4.68,7.92,23.07,15.58
301063,海锅股份,2026-06-17,18.13,0.06,23.84,21.05,16.14
301065,本立科技,2026-06-17,18.73,0.54,22.78,11.95,9.09
301066,万事利,2026-06-17,13.19,0.06,15.01,19.71,10.05
301067,显盈科技,2026-06-17,36.40,82.45,34.50,9.04,6.05
301068,大地海洋,2026-06-17,27.31,19.45,31.41,18,14.43
301069,凯盛新材,2026-06-17,22.79,56.77,22.55,18.59,8.10
301070,开勒股份,2026-06-17,82.45,93.76,70.86,11.26,7.90
301071,力量钻石,2026-06-17,74.07,68,72.50,12.18,5.41
301072.code,sz301072.name,sz301072.date,sz301072.closePrice,sz301072.chipProfitRate,sz301072.chipAvgCost,sz301072.chipConcentration90,sz301072.chipConcentration70
301072,中捷精工,2026-06-17,37.99,99.95,32.64,23.58,18.88
301073,君亭酒店,2026-06-17,19.80,0.08,25.08,21.53,15.23
301075,多瑞医药,2026-06-17,67.32,16.79,77.08,17.73,12.40
301076,新瀚新材,2026-06-17,28.95,27.50,29.93,9.90,7.14
301077,星华新材,2026-06-17,23.55,10.09,29.91,20.18,14.90
301078,孩子王,2026-06-17,7.65,4.08,8.98,17.59,12.43
301079,邵阳液压,2026-06-17,34.97,27.92,36.67,16.46,12.77
301080,百普赛斯,2026-06-17,38.54,18.33,44.04,15.98,11.85
301081,严牌股份,2026-06-17,14.84,10.47,16.97,21.72,14.21
301082,久盛电气,2026-06-17,9.82,4.23,12.72,21.76,17.91
301083,百胜智能,2026-06-17,14.05,2.69,17.05,17.58,13.82
301085,亚康股份,2026-06-17,63.85,26.28,70.40,15.40,12.08
301086,鸿富瀚,2026-06-17,206.99,99.88,158.97,37.30,17.72
301087,可孚医疗,2026-06-17,44.64,10.52,52.90,15.57,11.33
301088,戎美股份,2026-06-17,12.96,0.75,15.40,12.85,9.58
301089,拓新药业,2026-06-17,21.77,6.64,27.62,17.54,13.90
301090,华润材料,2026-06-17,6.88,3.44,7.87,13.32,10.18
301091,深城交,2026-06-17,17.85,2.43,23.09,30.03,20.78
301092,争光股份,2026-06-17,51.30,91.18,48.18,13.53,4.80
301093,华兰股份,2026-06-17,129.32,94.50,106.34,26.15,22.87
301095,广立微,2026-06-17,98.65,57.86,97.57,15.77,7.71
301096,百诚医药,2026-06-17,55.14,26.33,56.85,11.85,6.93
301097,天益医疗,2026-06-17,36.38,23.14,39.39,11.32,9.03
301098,金埔园林,2026-06-17,8.60,40.97,8.73,12.77,9.35
301099,雅创电子,2026-06-17,92.87,95.07,76.90,16.91,12.80
301100,风光股份,2026-06-17,15.08,0.13,18.63,20.98,15.40
301101,明月镜片,2026-06-17,30.10,6.16,36.14,20.13,13.31
301102,兆讯传媒,2026-06-17,10.11,8.58,11.54,15.43,9.15
301103,何氏眼科,2026-06-17,15.81,0.07,19.44,15.02,11.98
301105,鸿铭股份,2026-06-17,48.31,0.97,55.44,10.54,8.37
301106,骏成科技,2026-06-17,24.11,57.75,23.49,13.69,10.92
301107,瑜欣电子,2026-06-17,24.91,58.03,24.29,14.45,8.85
301108,洁雅股份,2026-06-17,25.85,55.61,25.19,20.87,12.70
301109,军信股份,2026-06-17,13.49,11.02,15.17,11.61,8.73
301110,青木科技,2026-06-17,39.18,11.76,43.44,15.29,12.42
301111,粤万年青,2026-06-17,30.31,99.96,26.78,20.18,14.18
301112,信邦智能,2026-06-17,30.77,6.35,36.25,18.95,11.76
301113,雅艺科技,2026-06-17,16.14,0.33,19.33,11.59,8.43
301115,联检科技,2026-06-17,33.10,82.98,30.11,27.10,22.56
301116,益客食品,2026-06-17,9.25,0.02,11.05,13.57,9.52
301117,佳缘科技,2026-06-17,25.45,17.05,27.91,14.81,12.22
301118,恒光股份,2026-06-17,29.78,47.39,29.94,13.84,7.85
301119,正强股份,2026-06-17,36.11,25.23,42.60,26.39,20.57
301120,新特电气,2026-06-17,19.83,34.39,21.88,18.08,14.32
301121,紫建电子,2026-06-17,37.36,27.59,38.23,7.49,5.01
301122,采纳股份,2026-06-17,24.77,14.23,28.98,16.38,13.19
301123,奕东电子,2026-06-17,114.87,96.02,99.16,22.74,14.85
301125,腾亚精工,2026-06-17,15.77,25.09,16.52,13.87,6.89
301126,达嘉维康,2026-06-17,9.27,0.11,11.26,14.56,11.12
301127,武汉天源,2026-06-17,13.23,15.67,14.70,17.80,13.53
301128,强瑞技术,2026-06-17,177.50,87.05,147.56,18.88,14.43
301129,瑞纳智能,2026-06-17,23.13,2.15,26.87,10.89,8.66
301130,西点药业,2026-06-17,25.08,0.20,31.01,11.85,8.12
301131,聚赛龙,2026-06-17,34.85,0.27,41.31,14.04,8.96
301132,满坤科技,2026-06-17,44.48,92.92,39.96,10.42,6.68
301133,金钟股份,2026-06-17,40.63,39.75,41.74,12.87,9.16
301135,瑞德智能,2026-06-17,17.62,11.13,20.56,15.01,12.08
301136,招标股份,2026-06-17,12.36,1.36,15.64,22.07,14.40
301137,哈焊华通,2026-06-17,38.88,16.98,43.77,22.02,11.39
301138,华研精机,2026-06-17,27.89,11.34,34.68,22.51,17.32
301139,*ST元道,2026-06-17,4.45,0.08,4.82,14.81,10.21
301141,中科磁业,2026-06-17,48.32,23.28,49.94,10.36,7.06
301148,嘉戎技术,2026-06-17,54.09,8.99,62.46,20.82,14.58
301149,隆华新材,2026-06-17,11.86,26.31,12.62,12.01,9.30
301150,中一科技,2026-06-17,61.01,96.17,49.25,20.30,14.23
301151,冠龙节能,2026-06-17,19.95,78.16,19.30,12.02,8.09
301152,天力锂能,2026-06-17,26.35,39.21,26.96,17.91,14.13
301153,中科江南,2026-06-17,18.55,7.97,21.56,17.15,13.10
301155,海力风电,2026-06-17,45.72,0.50,63.89,27.11,18.94
301156,美农生物,2026-06-17,11.99,0.40,14.27,13.28,11.24
301157,华塑科技,2026-06-17,70.44,49.48,70.61,13.39,8.64
301158,德石股份,2026-06-17,14.64,2.90,18.53,17.64,15.41
301159,三维天地,2026-06-17,31.99,3.72,38.60,19.69,12.45
301160,翔楼新材,2026-06-17,44.20,79.86,42.46,10.18,6.88
301161,唯万密封,2026-06-17,36.50,86.04,35.32,11.05,5.10
301162,国能日新,2026-06-17,41.72,22.45,48.03,15.94,11.33
301163,宏德股份,2026-06-17,23.77,1.12,29.24,14.72,10.86
301165,锐捷网络,2026-06-17,65.39,63.25,62.81,18.07,11.93
301166,优宁维,2026-06-17,25.88,0.02,29.99,10.71,7.19
301167,建研设计,2026-06-17,13.63,0.36,16.02,12.77,10.23
301168,通灵股份,2026-06-17,44.03,64.19,43.25,7.88,5.31
301169,零点有数,2026-06-17,79.15,59.55,76.38,28.38,22.34
301170,锡南科技,2026-06-17,23.38,0.51,26.42,12.27,10.42
301171,易点天下,2026-06-17,37.09,26.39,39.64,12.24,9.71
301172,君逸数码,2026-06-17,31.80,48.91,31.84,14.72,11.13
301173,毓恬冠佳,2026-06-17,32.74,0.62,41.41,17.89,14.12
301175,中科环保,2026-06-17,5.30,5.77,6.05,15.32,7.67
301176,逸豪新材,2026-06-17,79.89,93.91,46.51,45.50,32.30
301177,迪阿股份,2026-06-17,27.20,8.51,30.29,17.57,8.91
301178,天亿马,2026-06-17,43.87,88.47,39.91,10.26,6.95
301179,泽宇智能,2026-06-17,21.06,16.61,24.68,14.28,11.84
301180,万祥科技,2026-06-17,14.10,12.81,16.88,22.04,17.79
301181,标榜股份,2026-06-17,27.04,0.15,34.22,14.88,10.80
301182,凯旺科技,2026-06-17,98.30,98.85,83.17,24.41,14.55
301183,东田微,2026-06-17,256,91.32,231.88,12.36,8.16
301185,鸥玛软件,2026-06-17,16.84,33.31,17.94,14.12,11.37
301186,超达装备,2026-06-17,60.20,31.97,64.85,20.92,14.03
301187,欧圣电气,2026-06-17,16.47,3.14,22.62,23.86,14.87
301188,力诺药包,2026-06-17,71.65,99.05,52.35,34.40,19.39
301189,奥尼电子,2026-06-17,65.50,24.70,68.75,14.92,8.85
301190.code,sz301190.name,sz301190.date,sz301190.closePrice,sz301190.chipProfitRate,sz301190.chipAvgCost,sz301190.chipConcentration90,sz301190.chipConcentration70
301190,善水科技,2026-06-17,18.74,0.02,23.35,13.74,8.79
301191,菲菱科思,2026-06-17,105.30,58.22,104.23,15.19,10.85
301192,泰祥股份,2026-06-17,21.07,1.65,25.71,18.67,12.44
301193,家联科技,2026-06-17,23.04,45.73,23.25,10.80,7.88
301195,北路智控,2026-06-17,34.55,64.79,33.86,11.30,7.23
301196,唯科科技,2026-06-17,194.86,86.95,153.91,26.63,20.91
301197,工大科雅,2026-06-17,32.11,60.05,31.23,23.78,12.69
301198,喜悦智行,2026-06-17,14.39,21.55,16.94,14.70,12.34
301199,迈赫股份,2026-06-17,18.89,4.78,22.64,13.83,9.57
301200,大族数控,2026-06-17,328.08,99.67,181.26,52.15,41.47
301201,诚达药业,2026-06-17,35.42,50.95,35.38,19.81,11.10
301202,朗威股份,2026-06-17,37.02,32.26,39.38,11.51,9.08
301203,国泰环保,2026-06-17,43.59,31.66,44.70,12.78,8.19
301205,联特科技,2026-06-17,336.19,74.80,327.68,14.98,5.02
301206,三元生物,2026-06-17,23.59,3.25,27.14,10.78,6.13
301207,华兰疫苗,2026-06-17,16.39,4.24,19.43,18.67,10.40
301208,中亦科技,2026-06-17,28.98,5.64,33.36,16.76,13.55
301209,联合化学,2026-06-17,58.40,0,64.92,13.16,9.29
301210,金杨精密,2026-06-17,31.28,91.89,29.30,7.79,5.28
301211,亨迪药业,2026-06-17,9.28,0.15,12.40,22.84,11.73
301212,联盛化学,2026-06-17,25.46,0.47,30.25,14.24,11.67
301213,观想科技,2026-06-17,47.29,13.93,50.22,13.75,6.79
301215,中汽股份,2026-06-17,5.36,7.56,6.35,15.65,9.02
301216,万凯新材,2026-06-17,24.81,25.88,26.54,15.95,10.20
301217,铜冠铜箔,2026-06-17,181.69,89.83,103.44,63.67,48.40
301218,华是科技,2026-06-17,46,98.14,41.11,13.25,8.98
301219,腾远钴业,2026-06-17,59.24,39.39,61.04,13.07,10.13
301220,亚香股份,2026-06-17,36.65,16.50,39.61,12.51,7.26
301221,光庭信息,2026-06-17,30.67,13.67,35.58,17.17,10.47
301222,浙江恒威,2026-06-17,32.85,45.73,32.94,16.37,6.51
301223,中荣股份,2026-06-17,16.06,0.99,18.96,10.53,6.37
301225,恒勃股份,2026-06-17,88.87,4.96,95.43,17.33,15.23
301226,祥明智能,2026-06-17,34.75,15.29,39.50,12.20,9.32
301227,森鹰窗业,2026-06-17,27.88,93.41,24.77,11.39,8.67
301228,实朴检测,2026-06-17,84.24,99.87,67.04,31.68,21.35
301229,纽泰格,2026-06-17,13.40,0,17.28,23.14,17.23
301230,泓博医药,2026-06-17,33.53,17.46,37.86,15.57,12.58
301231,荣信文化,2026-06-17,32.90,30.80,33.48,9.18,6.05
301232,飞沃科技,2026-06-17,129.90,54.44,128.80,17.15,10.13
301233,盛帮股份,2026-06-17,52.70,14.81,57.93,13.06,10.41
301234,五洲医疗,2026-06-17,39.04,38.43,39.57,6.83,4.30
301235,华康洁净,2026-06-17,66.77,43.55,67.41,13.61,5.58
301236,软通动力,2026-06-17,38.48,8.44,41.69,12.26,6.56
301237,和顺科技,2026-06-17,72.24,75.81,67.84,12.58,8.68
301238,瑞泰新材,2026-06-17,26.45,97.28,22.24,14.37,10.13
301239,普瑞眼科,2026-06-17,32.71,11.68,38.26,18.32,14.33
301246,宏源药业,2026-06-17,27.86,40.15,29.04,10.87,9.03
301248,杰创智能,2026-06-17,73.29,35.72,76.20,20.41,12.02
301251,威尔高,2026-06-17,54.36,97.89,49.87,8.32,6.02
301252,同星科技,2026-06-17,41.67,77.63,39.83,13.27,9.72
301255,通力科技,2026-06-17,23.83,11.37,25.15,16.96,13.87
301256,华融化学,2026-06-17,11.60,6.30,13.79,19.14,13.52
301257,普蕊斯,2026-06-17,39.91,2.51,51.94,26.57,19.39
301258,富士莱,2026-06-17,24.10,0,31.96,18.35,12.31
301259,艾布鲁,2026-06-17,25.37,54.83,25.01,15.06,11.32
301260,格力博,2026-06-17,15.33,12.14,16.70,8.99,6.27
301261,恒工精密,2026-06-17,88.15,51.14,88.02,9.42,7.53
301262,海看股份,2026-06-17,19.51,1.53,23.16,16.55,9.93
301263,泰恩康,2026-06-17,19.38,12.68,23.04,18.79,14.31
301265,华新科技,2026-06-17,27,63,26.60,9.96,4.86
301266,宇邦新材,2026-06-17,26.42,36.88,28.68,22.27,14.22
301267,华厦眼科,2026-06-17,16.21,3.24,18.60,12.55,8.43
301268,铭利达,2026-06-17,16.24,6.97,21.61,20.71,16.89
301269,华大九天,2026-06-17,105.01,51.39,104.58,21.07,14.09
301270,汉仪股份,2026-06-17,29.23,10.02,31.53,17.45,9.48
301272,英华特,2026-06-17,36.26,1.91,41.90,12.14,10.69
301273,瑞晨环保,2026-06-17,32.84,78.61,30.70,23.36,19.13
301275,汉朔科技,2026-06-17,45.90,65.05,45.11,16.76,7.97
301276,嘉曼服饰,2026-06-17,26.06,46.09,26.17,13.01,8.19
301277,新天地,2026-06-17,8.97,0.05,12.27,18,8.85
301278,快可电子,2026-06-17,32.65,6.39,38.47,13.23,10.91
301279,金道科技,2026-06-17,24.54,63.86,23.97,13.86,10.39
301280,珠城科技,2026-06-17,48.05,90.91,42.99,10.77,7.88
301281,科源制药,2026-06-17,50.18,91.38,44.19,15.21,11.91
301282,金禄电子,2026-06-17,29.41,58.15,28.93,10.98,7.88
301283,聚胶股份,2026-06-17,26.69,7.28,32.31,15.75,9.49
301285,鸿日达,2026-06-17,124.92,99.37,106.54,25.03,20.41
301286,侨源股份,2026-06-17,60.55,69.90,58.14,17.32,12.79
301287,康力源,2026-06-17,34.66,1.10,37.28,12.43,9.65
301288,清研环境,2026-06-17,18.69,44.20,18.88,8.85,6.28
301289,国缆检测,2026-06-17,49.92,15.67,56.40,14.03,10.34
301290,东星医疗,2026-06-17,29.25,27.34,30.56,12.39,6.84
301291,明阳电气,2026-06-17,42.45,2.48,53.44,17.57,15.70
301292,海科新源,2026-06-17,78.90,93.82,72.88,10.88,7.63
301293,三博脑科,2026-06-17,53.95,10.03,66.08,18.02,12.58
301295,美硕科技,2026-06-17,46.53,43.27,46.74,8.03,4.61
301296,新巨丰,2026-06-17,6.38,0.10,8.59,18.55,10.05
301297,富乐德,2026-06-17,49.20,80.58,45.12,14.10,9.23
301298,东利机械,2026-06-17,12.68,0.53,15.32,12.58,9.78
301299,卓创资讯,2026-06-17,50.42,13.60,59.09,16.59,12.44
301300,远翔新材,2026-06-17,33.95,2.97,41.22,16.39,13.24
301301,川宁生物,2026-06-17,8.35,0.88,10.21,14.98,10.59
301302,华如科技,2026-06-17,30.38,36.62,30.67,13.98,8.96
301303,真兰仪表,2026-06-17,18.30,97.40,16.17,11.73,7.48
301305,朗坤科技,2026-06-17,30.73,78.64,29.65,9.98,5.58
301306,西测测试,2026-06-17,164.90,89.03,141.49,15.42,10.47
301307,美利信,2026-06-17,68.85,99.83,60.20,10.77,5.68
301308,江波龙,2026-06-17,571.68,91.30,536.63,22.88,7.10
301309,万得凯,2026-06-17,32,21.24,33.64,9.27,6.04
301310,鑫宏业,2026-06-17,38.96,94.96,33.63,12.68,9.90
301311.code,sz301311.name,sz301311.date,sz301311.closePrice,sz301311.chipProfitRate,sz301311.chipAvgCost,sz301311.chipConcentration90,sz301311.chipConcentration70
301311,昆船智能,2026-06-17,14.24,0.64,18.15,17.98,11.60
301312,智立方,2026-06-17,111,98.06,91.06,14.62,10.94
301313,凡拓数创,2026-06-17,62.11,86.09,60.38,6.86,3.06
301314,科瑞思,2026-06-17,54.33,67.69,51.65,10.14,7.07
301315,威士顿,2026-06-17,40.65,15.38,47.56,16.85,12.40
301316,慧博云通,2026-06-17,41.03,33.64,45.28,24.10,19.45
301317,鑫磊股份,2026-06-17,64.07,40.28,64.68,15.77,12.15
301318,维海德,2026-06-17,20.64,0.96,25.72,18.39,14.93
301319,唯特偶,2026-06-17,164.50,99.75,126.63,45.60,28.03
301320,豪江智能,2026-06-17,14.48,10.27,15.81,11.86,8.91
301321,翰博高新,2026-06-17,38.16,99.98,30.74,24.29,12.93
301322,绿通科技,2026-06-17,57.11,78.81,54.80,19.01,8.06
301323,新莱福,2026-06-17,103.08,78.60,83.79,29.05,22.17
301325,曼恩斯特,2026-06-17,40.48,13.99,44.61,16.94,9.40
301326,捷邦科技,2026-06-17,148.91,43.70,152.06,19.42,15.02
301327,华宝新能,2026-06-17,50.94,0.15,63,17.34,9.22
301328,维峰电子,2026-06-17,63.22,98.81,53.35,30.13,24.54
301329,信音电子,2026-06-17,26.39,68.44,25.80,13.14,9.99
301330,熵基科技,2026-06-17,27.82,23.77,32.62,22.96,16.94
301331,恩威医药,2026-06-17,21.80,3.16,26.24,17.85,10.44
301332,德尔玛,2026-06-17,8.20,0.46,9.35,9.81,6.17
301333,诺思格,2026-06-17,46.86,11.82,63.81,26.50,19.63
301335,天元宠物,2026-06-17,21.09,2.52,25.05,16.49,9.98
301336,趣睡科技,2026-06-17,37.80,7.53,41.19,8.58,6.04
301337,亚华电子,2026-06-17,28.59,82.60,27.89,11.33,4.33
301338,凯格精机,2026-06-17,162.71,57.85,157.85,15.72,10.03
301339,通行宝,2026-06-17,11.21,3.62,14.08,15.32,9.61
301345,涛涛车业,2026-06-17,209.50,32.71,216.28,15.73,12.68
301348,蓝箭电子,2026-06-17,29.16,72.31,28.69,12.40,9.52
301349,信德新材,2026-06-17,63.96,87.80,57.96,21.96,13.49
301353,普莱得,2026-06-17,18.30,0.32,20.52,10.18,8.61
301355,南王科技,2026-06-17,10.06,0.08,12.10,12.72,10.39
301356,天振股份,2026-06-17,23.48,44.52,23.65,11.09,8
301357,北方长龙,2026-06-17,86.23,0.15,112.25,15.62,12.61
301358,湖南裕能,2026-06-17,75.65,38.63,82.95,21.71,16.28
301359,东南电子,2026-06-17,18.21,0.56,21.04,12.07,10.23
301360,荣旗科技,2026-06-17,77.06,50.16,76.91,11.06,6.80
301361,众智科技,2026-06-17,32.85,13.33,38.89,16.43,13.77
301362,民爆光电,2026-06-17,233.99,92.51,192.59,25.09,15.23
301363,美好医疗,2026-06-17,18.61,31.98,19.59,16.07,12.86
301365,矩阵股份,2026-06-17,33.87,55.93,33.16,13.88,9.51
301366,一博科技,2026-06-17,58.20,100,47.65,16.18,9.19
301367,瑞迈特,2026-06-17,40.39,0.12,49.18,22.12,14.26
301368,丰立智能,2026-06-17,44.11,3.98,48.55,13.79,10.17
301369,联动科技,2026-06-17,208.78,99.51,180.86,36.79,25.63
301370,国科恒泰,2026-06-17,8.65,0.04,10.89,16.06,12.77
301371,敷尔佳,2026-06-17,27.14,27.48,28.43,14.76,8.27
301372,科净源,2026-06-17,35.25,49.77,35.28,13.73,7.55
301373,凌玮科技,2026-06-17,195.17,95.12,150.24,22.50,18.38
301376,致欧科技,2026-06-17,15.65,4.23,17.61,10.77,7.72
301377,鼎泰高科,2026-06-17,590,99.79,362.99,44.96,36.19
301378,通达海,2026-06-17,27,13.01,30.37,15.14,13.34
301379,天山电子,2026-06-17,25.92,94.51,24.43,7.87,5.06
301380,挖金客,2026-06-17,29,1.37,33.80,14.09,10.04
301381,赛维时代,2026-06-17,19.09,23.89,20.04,13.17,9.12
301382,蜂助手,2026-06-17,40.74,43.04,41.67,16.65,14.31
301383,天键股份,2026-06-17,27.25,10.59,29.30,12.89,9.88
301386,未来电器,2026-06-17,20.86,2.26,24.29,12.42,9.41
301387,光大同创,2026-06-17,108.51,53.31,107.39,12.63,9.45
301388,欣灵电气,2026-06-17,25.99,4.39,31.70,13.82,9.99
301389,隆扬电子,2026-06-17,103,88.12,81.33,29.19,22.13
301390,经纬股份,2026-06-17,29.37,0.18,36.33,14,9.74
301391,卡莱特,2026-06-17,66.12,22.18,76.63,16.17,12.85
301392,汇成真空,2026-06-17,202,96.50,170.99,11.29,8.24
301393,昊帆生物,2026-06-17,51.68,21.96,57.47,12.35,9.87
301395,仁信新材,2026-06-17,11.50,12.47,12.84,15.79,13.04
301396,宏景科技,2026-06-17,215.61,89.26,187.77,17.48,10.65
301397,溯联股份,2026-06-17,33.36,44.35,33.65,16.89,14.12
301398,星源卓镁,2026-06-17,40.63,36.61,44.58,16.13,11.69
301399,英特科技,2026-06-17,17.85,20.38,20.67,15.34,11.07
301408,华人健康,2026-06-17,15.32,1.69,17.17,16.07,13.30
301413,安培龙,2026-06-17,80.89,2.85,88.87,13.26,10.50
301418,协昌科技,2026-06-17,50.55,93.99,47.82,8.30,4.53
301419,阿莱德,2026-06-17,43.40,79.22,41.16,16.18,9.87
301421,波长光电,2026-06-17,100.72,85.54,94.63,15.69,5.24
301428,世纪恒通,2026-06-17,38.19,69.86,37.79,7.38,4
301429,森泰股份,2026-06-17,17.55,0.68,19.99,11.89,10.11
301439,泓淋电力,2026-06-17,17.22,9.08,17.83,16.31,12.40
301446,福事特,2026-06-17,42.30,14.21,43.94,11.19,5.33
301448,开创电气,2026-06-17,39.78,66.84,38.77,17.41,10.25
301449,天溯计量,2026-06-17,42.01,25.05,44.35,17.78,10.58
301456,盘古智能,2026-06-17,25.05,0.14,29.74,11.36,9.57
301458,钧崴电子,2026-06-17,57.79,88.23,55.72,10.46,6.35
301459,丰茂股份,2026-06-17,35.24,40.75,36.73,12.40,10.06
301468,博盈特焊,2026-06-17,48.63,42.44,49.20,12.68,7.40
301469,恒达新材,2026-06-17,30.11,8.68,34.69,11.06,8.42
301479,弘景光电,2026-06-17,65.25,26.27,73.48,18.99,14.81
301486,致尚科技,2026-06-17,260.12,88.42,238.58,13.68,8.50
301487,盟固利,2026-06-17,22.39,30.16,23.65,10.94,8.89
301488,豪恩汽电,2026-06-17,145.13,12.54,150.30,9.25,6.72
301489,思泉新材,2026-06-17,159,73.19,151.70,14.22,8.58
301491,汉桑科技,2026-06-17,44.11,20.77,49.20,15.97,11.54
301498,乖宝宠物,2026-06-17,41,2.65,49.74,24.09,15.02
301499,维科精密,2026-06-17,35.97,80.24,33.88,9.58,6.94
301500,飞南资源,2026-06-17,27.69,49.04,27.72,11.80,5.03
301501,恒鑫生活,2026-06-17,26.52,3.11,31.64,24.45,18.34
301502,华阳智能,2026-06-17,84.66,64.22,83.20,18.39,5.17
301503,智迪科技,2026-06-17,29.48,0.59,34.54,13.40,9.37
301505,苏州规划,2026-06-17,17.71,0,21.51,16.26,10.97
301507,民生健康,2026-06-17,12.13,3.62,13.94,12.82,8.66
301508.code,sz301508.name,sz301508.date,sz301508.closePrice,sz301508.chipProfitRate,sz301508.chipAvgCost,sz301508.chipConcentration90,sz301508.chipConcentration70
301508,中机认检,2026-06-17,26.44,36.82,28.33,13.43,10.41
301509,金凯生科,2026-06-17,26.98,16.66,31.97,25.70,21.70
301510,固高科技,2026-06-17,35.41,53.03,35.21,12.70,10.12
301511,德福科技,2026-06-17,162.80,80.43,131.80,29.39,20.83
301512,智信精密,2026-06-17,56.45,83.18,54.75,7.90,3.59
301513,尚水智能,2026-06-17,63.46,27.93,65.13,17.84,10.49
301515,港通医疗,2026-06-17,19.44,0.26,22.53,11.71,8.74
301516,中远通,2026-06-17,16.06,29.51,16.88,18.10,15.02
301517,陕西华达,2026-06-17,53.75,26.11,59.88,17.48,14.92
301518,长华化学,2026-06-17,29.10,0,34.61,20.90,16.62
301519,舜禹股份,2026-06-17,11.87,1.02,13.83,13.07,10.60
301520,万邦医药,2026-06-17,24.18,0.20,29.63,12.44,10.58
301522,上大股份,2026-06-17,29.51,33.52,31.72,23.20,18.37
301525,儒竞科技,2026-06-17,49.77,16.34,53.50,11.67,9.19
301526,国际复材,2026-06-17,40.23,90.14,26.76,35.81,28
301528,多浦乐,2026-06-17,92.88,97.34,86.79,16.05,13.17
301529,福赛科技,2026-06-17,104.55,21.95,112.68,19.93,8.29
301531,春光集团,2026-06-17,69.87,41.09,70.73,11.51,7.72
301533,威马农机,2026-06-17,25.33,0.26,30.52,18.54,11.46
301535,浙江华远,2026-06-17,14.87,6.69,19.36,32.24,26.11
301536,星宸科技,2026-06-17,110.06,94.83,89.06,19.36,14.77
301538,骏鼎达,2026-06-17,66.42,44.30,67.20,16.13,11.75
301539,宏鑫科技,2026-06-17,14.60,1.44,17.97,19.20,14.87
301548,崇德科技,2026-06-17,74.35,23.57,77.91,11.20,8.64
301550,斯菱智驱,2026-06-17,99.85,6.07,114.14,15.40,11.66
301551,无线传媒,2026-06-17,21.77,3.82,26.31,25.75,17.67
301552,科力装备,2026-06-17,24.69,0.86,29.54,13.28,11.02
301555,惠柏新材,2026-06-17,44.36,98.06,41.84,7.81,5.16
301556,托普云农,2026-06-17,64.09,6.11,73.25,17.53,14.99
301557,常友科技,2026-06-17,90.39,93.57,85.20,7.88,5.11
301558,三态股份,2026-06-17,6.60,3.67,7.96,16.20,11.07
301559,中集环科,2026-06-17,13.30,2.46,16.13,15.42,12.73
301560,众捷汽车,2026-06-17,30.52,14.08,37.98,22.33,17.65
301563,云汉芯城,2026-06-17,191,78.47,186.62,9.50,4.27
301565,中仑新材,2026-06-17,27.22,64.77,26.48,9.15,4.85
301566,达利凯普,2026-06-17,39.86,99.37,37.28,11.09,8.48
301567,贝隆精密,2026-06-17,39.56,16.54,42.66,10.67,8.45
301568,思泰克,2026-06-17,114.67,98.71,88.80,22.12,16.09
301571,国科天成,2026-06-17,70.30,84.31,65.36,13.48,8.92
301575,艾芬达,2026-06-17,40.31,8.28,45.28,10.10,7.80
301577,美信科技,2026-06-17,94.92,59.22,93.81,14.30,4.98
301578,辰奕智能,2026-06-17,21.83,0.09,25.01,10.50,9.07
301580,爱迪特,2026-06-17,52.64,90.09,46.28,16.34,8.91
301581,黄山谷捷,2026-06-17,47.32,33.73,48.82,8.67,6.07
301584,建发致新,2026-06-17,20.83,2.12,23.28,14.27,12.12
301585,蓝宇股份,2026-06-17,24.87,1.29,29.17,13.10,10.31
301586,佳力奇,2026-06-17,36.02,9.20,43.18,19.99,16.09
301587,中瑞股份,2026-06-17,25.14,37.12,26.09,10.64,8.49
301588,美新科技,2026-06-17,41.32,93.64,36.75,10.12,7.06
301589,诺瓦星云,2026-06-17,149.86,15.33,172.53,14.01,10.37
301590,优优绿能,2026-06-17,166.42,19.08,175.48,15.13,10.15
301591,肯特股份,2026-06-17,50.87,60.76,49.87,8.77,6.85
301592,六九一二,2026-06-17,105.50,9.02,117.89,12.40,9.45
301595,太力科技,2026-06-17,46.61,47.16,46.82,9.31,5.75
301596,瑞迪智驱,2026-06-17,56.38,38.73,56.89,11.62,6.31
301598,博科测试,2026-06-17,54.54,26.16,59.98,12.33,10.45
301599,理奇智能,2026-06-17,48.04,27.01,49.40,16.91,9.71
301600,慧翰股份,2026-06-17,92.95,12.93,105.93,16.28,11.91
301601,惠通科技,2026-06-17,17.06,0.12,21.72,24.69,22.41
301602,超研股份,2026-06-17,15.08,5.33,21.77,24.44,18.36
301603,乔锋智能,2026-06-17,146.50,98.17,133.26,8.72,5.95
301606,绿联科技,2026-06-17,63.98,15.95,72.77,13.67,10.99
301607,富特科技,2026-06-17,42.86,88.50,39.71,9.62,5.59
301608,博实结,2026-06-17,53.89,27.60,58.70,15.40,11.86
301609,山大电力,2026-06-17,37.69,9.30,45.65,15.44,13.08
301611,珂玛科技,2026-06-17,124.67,98.16,111.51,11.60,6.18
301613,新铝时代,2026-06-17,41.94,14.15,46.43,14.97,10.14
301616,浙江华业,2026-06-17,36.99,8.38,45.12,17.69,14.86
301617,博苑新材,2026-06-17,54.88,97.31,52.60,8.54,4.02
301618,长联科技,2026-06-17,39.90,78.78,38.43,8.09,5.01
301622,英思特,2026-06-17,57.95,43.99,58.54,11.82,7.81
301626,苏州天脉,2026-06-17,322.64,83.34,294.97,16.09,10.49
301628,强达电路,2026-06-17,121.24,70.58,117.12,12.64,8.41
301629,矽电股份,2026-06-17,401.93,89.69,381.15,8.30,5.10
301630,同宇新材,2026-06-17,353.88,99.85,321.89,13.20,7.66
301631,壹连科技,2026-06-17,80.72,41.76,82.17,12.90,10.90
301632,广东建科,2026-06-17,16.41,0.41,17.47,17.54,10.97
301633,港迪技术,2026-06-17,46.15,0.10,61.13,19.94,15.66
301636,泽润新能,2026-06-17,46.26,7.44,56.64,18.54,15.63
301638,南网数字,2026-06-17,25.32,39.10,26.11,12.44,8.50
301656,联合动力,2026-06-17,19.11,40.29,19.33,13.08,6.99
301658,首航新能,2026-06-17,29.35,1.51,35.57,17.62,15.82
301662,宏工科技,2026-06-17,106.97,61.27,104.28,17.33,12.23
301665,泰禾股份,2026-06-17,21.94,4.85,25.91,12.31,9.56
301666,大普微-UW,2026-06-17,693.01,78.34,666,14.56,7.26
301667,纳百川,2026-06-17,82.04,58.43,81.10,16.45,12.07
301668,昊创瑞通,2026-06-17,35.85,16.37,40.14,19.09,12.37
301669,高特电子,2026-06-17,36.95,1.83,38.67,16.16,4.25
301678,新恒汇,2026-06-17,60.99,69.19,59.08,11.04,7.25
301680,固德电材,2026-06-17,121.84,58.27,120.69,7.24,4.69
301682,宏明电子,2026-06-17,197.26,93.35,172.90,12.80,10.14
301683,慧谷新材,2026-06-17,140.53,83.27,135.28,6.96,5.43
301687,新广益,2026-06-17,68.70,98.44,63.01,13.19,10.39
301696,三瑞智能,2026-06-17,116.28,46.55,117.03,10.45,8.36
600000,浦发银行,2026-06-17,9.24,8.71,11.05,20.66,16.41
600004,白云机场,2026-06-17,8.16,3.09,9.43,9.32,5.16
600006,东风股份,2026-06-17,5.66,0.40,6.94,14.53,9.77
600007,中国国贸,2026-06-17,18.39,0.11,20.78,8.86,5.01
600008,首创环保,2026-06-17,3.14,61.46,3.12,4.24,2.68
600009,上海机场,2026-06-17,23.60,3.01,31.29,16.99,11.87
600010.code,sh600010.name,sh600010.date,sh600010.closePrice,sh600010.chipProfitRate,sh600010.chipAvgCost,sh600010.chipConcentration90,sh600010.chipConcentration70
600010,包钢股份,2026-06-17,2.40,14.75,2.68,12.81,9.05
600011,华能国际,2026-06-17,7.92,60.72,7.65,14.44,11.20
600012,皖通高速,2026-06-17,16.23,80.36,15.26,11.83,7.05
600015,华夏银行,2026-06-17,6.82,41.76,6.87,10.14,5.24
600016,民生银行,2026-06-17,3.56,5.40,3.89,12.84,5.48
600017,日照港,2026-06-17,2.65,2.30,3.02,9.08,6.84
600018,上港集团,2026-06-17,4.97,6.02,5.33,7.04,5.58
600019,宝钢股份,2026-06-17,5.77,2.88,6.94,11.53,7.24
600020,中原高速,2026-06-17,3.85,9.70,4.12,10.94,7.07
600021,上海电力,2026-06-17,17.20,4.57,19.73,12.11,9.96
600022,山东钢铁,2026-06-17,1.30,2.61,1.53,14.29,10.84
600023,浙能电力,2026-06-17,6.04,83.44,5.36,12.52,9.56
600025,华能水电,2026-06-17,9.44,46.05,9.48,8.19,4.27
600026,中远海能,2026-06-17,19.69,32.03,21.95,24.13,15.59
600027,华电国际,2026-06-17,4.96,18.05,5.20,9.60,5.43
600028,XD中国石,2026-06-17,4.85,5.39,5.73,19.58,10.90
600029,南方航空,2026-06-17,5.45,14.96,5.80,19.96,13.34
600030,中信证券,2026-06-17,27.37,69.94,26.68,9.57,5.49
600031,三一重工,2026-06-17,18.91,20.66,20.28,12.62,8.87
600032,浙江新能,2026-06-17,8.18,3.45,10.44,16.95,10.96
600033,福建高速,2026-06-17,3.53,6.92,3.77,11.24,7.46
600035,楚天高速,2026-06-17,3.74,0.14,3.98,7.05,4.86
600036,招商银行,2026-06-17,38.23,21.87,39.42,8.04,5.11
600037,歌华有线,2026-06-17,6.73,7.31,7.81,11.54,5.70
600038,中直股份,2026-06-17,27.15,4.61,34.03,17.34,14.88
600039,四川路桥,2026-06-17,8.35,33.98,8.73,18.68,10.41
600048,保利发展,2026-06-17,5.08,1.22,6.40,20.28,10.96
600050,中国联通,2026-06-17,4.35,3.22,5.11,12.69,9.62
600051,宁波联合,2026-06-17,6.04,0.41,7.42,12.86,9.10
600052,东望时代,2026-06-17,3.94,21.02,4.38,11.92,8.43
600053,*ST九鼎,2026-06-17,8.03,4.02,14.91,48.65,40.10
600054,黄山旅游,2026-06-17,10.94,10.11,11.95,11.59,9.10
600055,万东医疗,2026-06-17,11.27,0.12,15.79,20.80,14.41
600056,中国医药,2026-06-17,9.10,2.70,10.69,10.16,5.94
600057,XD厦门象,2026-06-17,5.94,3.91,7.67,18.50,14.35
600058,五矿发展,2026-06-17,10.33,20.90,11.18,24.20,16.58
600059,古越龙山,2026-06-17,7.87,2.53,9.25,13.18,10.17
600060,海信视像,2026-06-17,25.66,76.66,24.53,10.82,7.86
600061,国投资本,2026-06-17,6.56,15.25,7.44,11.16,8.97
600062,华润双鹤,2026-06-17,16.65,1.12,18.58,9.31,4.23
600063,皖维高新,2026-06-17,8.48,97.92,7.74,12.19,7.85
600064,南京高科,2026-06-17,7.52,14.10,8.31,10.27,8.13
600066,宇通客车,2026-06-17,27.14,23.73,29.83,21.88,15.80
600067,冠城新材,2026-06-17,3.38,26.86,3.55,18.11,14.16
600071,凤凰光学,2026-06-17,17.37,9,20.16,14.04,9.31
600072,中船科技,2026-06-17,9.81,7.48,12.73,17.47,14.80
600073,光明肉业,2026-06-17,4.91,0.05,6.49,17.13,10.64
600075,新疆天业,2026-06-17,4.56,0.07,6.32,23.34,17.17
600076,康欣新材,2026-06-17,3.34,2.38,3.79,13.17,10.16
600078,澄星股份,2026-06-17,13.41,49.54,13.43,11.99,6.65
600079,ST人福,2026-06-17,16.70,0,18.69,10.72,6.01
600080,ST金花,2026-06-17,4.76,0.90,6.54,28.89,23.07
600081,东风科技,2026-06-17,10.18,1.25,12.23,15.11,9.40
600082,ST海泰,2026-06-17,2.96,11.23,3.47,18.07,12.76
600084,*ST尼雅,2026-06-17,4.10,0,5.76,22.03,17.69
600085,同仁堂,2026-06-17,23.94,0.05,32.06,19.53,13.71
600088,中视传媒,2026-06-17,12.49,0.04,15.26,15.80,11.20
600089,特变电工,2026-06-17,23.44,8.33,26.88,14.72,9.35
600094,大名城,2026-06-17,4.04,7.57,4.64,13.96,10
600095,湘财股份,2026-06-17,8.01,5.05,10.50,24.24,15.86
600096,云天化,2026-06-17,30.23,14.14,32.36,16.87,8.04
600097,开创国际,2026-06-17,8.43,0.10,10.70,17.98,14.23
600098,广州发展,2026-06-17,6.91,30.50,7.15,13.02,7.81
600099,林海股份,2026-06-17,8.75,0.08,11,13.06,9.91
600100,同方股份,2026-06-17,7.18,6,8.57,14.63,8.09
600101,明星电力,2026-06-17,9.08,3.09,10.01,8.39,6.92
600103,青山纸业,2026-06-17,3.59,14.32,3.90,17.18,13.96
600104,上汽集团,2026-06-17,10.56,0.67,15.32,26.37,13.84
600105,XD永鼎股,2026-06-17,63.09,98.27,53.12,14.98,9.42
600106,重庆路桥,2026-06-17,4.92,1.48,6.07,14.54,9.40
600107,*ST尔雅,2026-06-17,6.31,38.91,6.44,14.58,8.65
600108,亚盛集团,2026-06-17,3.43,9.14,3.67,20.92,12.95
600109,国金证券,2026-06-17,8.67,23.28,9.12,12.13,7.95
600110,诺德股份,2026-06-17,17.22,99.07,11.99,16.12,8.90
600111,北方稀土,2026-06-17,50.32,47.48,50.44,9.17,6.46
600113,浙江东日,2026-06-17,34,0.11,48.15,28.39,24.09
600114,东睦股份,2026-06-17,43.24,96.36,39.38,16.85,11.20
600115,中国东航,2026-06-17,4.08,23.42,4.39,22.33,13.71
600116,三峡水利,2026-06-17,6.21,1.89,6.73,6.18,3.23
600117,西宁特钢,2026-06-17,2.20,0.15,2.91,26.56,14.18
600118,中国卫星,2026-06-17,75.79,6.65,84.18,19.16,13.22
600119,*ST长投,2026-06-17,4.76,0.46,6.13,27.78,15.92
600120,浙江东方,2026-06-17,4.54,4.23,5.72,21.55,14.46
600121,郑州煤电,2026-06-17,4.23,7.55,4.71,16.74,12.24
600123,兰花科创,2026-06-17,6.35,12.87,6.82,8.33,6.09
600125,铁龙物流,2026-06-17,5.42,0.06,6.20,10.60,7.10
600126,杭钢股份,2026-06-17,7.12,9.81,9.02,19.55,13.16
600127,金健米业,2026-06-17,5.56,0,6.75,13.36,10.48
600128,苏豪弘业,2026-06-17,8.37,0.03,10.51,15.61,12.06
600129,太极集团,2026-06-17,12.92,0,16.59,24.58,14.32
600130,波导股份,2026-06-17,4.89,36.12,5.04,17.12,14.70
600131,国网信通,2026-06-17,15.18,3.51,18.41,19.10,9.98
600132,重庆啤酒,2026-06-17,47.10,0.04,53.82,7.46,4.52
600133,东湖高新,2026-06-17,8.03,4.58,9.06,14.18,8.91
600135,乐凯胶片,2026-06-17,8.83,4.77,10.47,15.09,12.02
600136,ST明诚,2026-06-17,1.46,0.61,1.82,14.57,7.82
600137,浪莎股份,2026-06-17,17.95,0.38,22,12.67,9.87
600138,中青旅,2026-06-17,7.16,0.33,9.27,15.76,12.79
600141,兴发集团,2026-06-17,37.60,77.27,33.34,16.38,10.05
600143,金发科技,2026-06-17,16.60,15.90,17.34,11.36,5.90
600148.code,sh600148.name,sh600148.date,sh600148.closePrice,sh600148.chipProfitRate,sh600148.chipAvgCost,sh600148.chipConcentration90,sh600148.chipConcentration70
600148,长春一东,2026-06-17,15.91,0.13,19.04,12.62,9.72
600149,廊坊发展,2026-06-17,4.85,0.13,5.85,14.47,11.70
600150,中国船舶,2026-06-17,37.15,56.11,36.54,12.79,8.24
600151,航天机电,2026-06-17,12.24,17.41,14.20,14.65,11.63
600152,维科技术,2026-06-17,11.07,25.30,12,17.08,10.07
600153,建发股份,2026-06-17,9.09,14.40,9.55,8.65,5.83
600155,华创云信,2026-06-17,5.52,7.83,6.39,16.71,10.75
600156,华升股份,2026-06-17,9.17,16.85,10.46,19.32,16.38
600157,永泰能源,2026-06-17,1.67,5.88,1.78,7.45,4.44
600158,中体产业,2026-06-17,7.79,1.22,9.58,24.56,16.54
600159,大龙地产,2026-06-17,2.42,0.40,2.90,14.46,10.56
600160,巨化股份,2026-06-17,47.70,99.93,37.35,16.79,10.91
600161,天坛生物,2026-06-17,12.32,0.28,17.09,23.99,17.79
600162,香江控股,2026-06-17,3.25,37.67,3.34,32.92,14.54
600163,中闽能源,2026-06-17,5.85,6.95,6.58,11.94,8.11
600165,ST宁科,2026-06-17,2.73,6.85,3.28,20.56,16.06
600166,福田汽车,2026-06-17,3.22,53.92,3.18,11.92,9.70
600167,联美控股,2026-06-17,5.88,4.44,7.05,22.58,14.93
600168,武汉控股,2026-06-17,4.35,0.09,5.17,9.92,5.31
600169,ST太重,2026-06-17,2.20,0.12,2.46,11.12,6.04
600170,上海建工,2026-06-17,2.42,5.88,2.73,11.41,8.15
600171,XD上海贝,2026-06-17,27.97,32.47,29.43,11.39,6.80
600172,黄河旋风,2026-06-17,13.30,74.62,12.79,10.86,7.30
600173,卧龙新能,2026-06-17,6.49,0.31,7.41,12.80,7.24
600176,中国巨石,2026-06-17,54.60,100,38.16,33.63,15.33
600177,雅戈尔,2026-06-17,7.39,71.63,7.24,5.85,3.63
600178,东安动力,2026-06-17,9.52,10.76,11.22,19.14,13.84
600179,安通控股,2026-06-17,4.72,61.35,4.56,13.99,8.51
600180,*ST瑞茂,2026-06-17,1.29,9.16,1.54,52.10,47.85
600182,S佳通,2026-06-17,14.21,37.46,14.50,6.85,4.75
600183,生益科技,2026-06-17,180.15,94.66,121.76,51.68,39.52
600184,XD光电股,2026-06-17,26.67,57.72,26.48,12.66,4.43
600185,珠免集团,2026-06-17,4.86,0.03,5.95,21.77,13.39
600186,莲花控股,2026-06-17,14.66,100,11.83,18.86,11.14
600187,*ST国中,2026-06-17,1.40,14.21,1.56,27.14,15.68
600188,兖矿能源,2026-06-17,20.05,52.95,19.78,32.32,23.87
600189,泉阳泉,2026-06-17,7.75,24.53,8.13,9.77,6.25
600191,华资实业,2026-06-17,11.33,28.34,12.29,11.82,8.84
600192,长城电工,2026-06-17,8.35,34.97,8.68,20.66,12.86
600193,退市创兴,2026-06-17,0.16,30.47,0.68,93.71,93.18
600195,中牧股份,2026-06-17,6.43,0.01,7.91,12.48,7.75
600196,复星医药,2026-06-17,21.58,0.34,26.62,16.98,10.26
600197,伊力特,2026-06-17,10.03,0.10,12.81,20.11,12.09
600198,大唐电信,2026-06-17,9.26,45.79,9.28,12.32,7.43
600199,金种子酒,2026-06-17,6.53,0.18,8.34,21.32,11.83
600201,生物股份,2026-06-17,11.90,14.69,14.33,19.82,12.82
600202,哈空调,2026-06-17,4.82,0.37,5.88,13.07,10.43
600203,福日电子,2026-06-17,12.63,54.67,12.57,9.27,6.93
600206,有研新材,2026-06-17,39.79,93.81,33.57,17.66,14.76
600207,安彩高科,2026-06-17,6.83,62.37,6.67,15.85,7.93
600208,衢州发展,2026-06-17,3.09,27.51,3.64,30.10,25.56
600210,紫江企业,2026-06-17,6.67,14.16,7.04,9.29,6.83
600211,西藏药业,2026-06-17,36.45,5.01,41.50,16.08,8.06
600212,绿能慧充,2026-06-17,5.83,3.06,7.24,15.69,12.73
600215,派斯林,2026-06-17,6.31,7.68,6.75,11.34,8.38
600216,浙江医药,2026-06-17,11.77,0.76,14.75,18.85,12.97
600217,中再资环,2026-06-17,3.07,0.05,4.06,16.20,11.24
600218,全柴动力,2026-06-17,7.91,0.32,9.69,15.88,12.26
600219,南山铝业,2026-06-17,4.63,5.36,5.47,22.94,15.14
600221,海航控股,2026-06-17,1.48,15.88,1.57,12.02,9.26
600222,太龙药业,2026-06-17,7.88,49.61,7.88,11.49,6.50
600223,福瑞达,2026-06-17,5.34,0.04,7.43,19.72,12.24
600226,亨通股份,2026-06-17,8.87,95.22,7.06,25.78,20.16
600227,赤天化,2026-06-17,2.69,0.19,2.99,17.86,13.91
600228,返利科技,2026-06-17,8.92,100,6.72,21.54,13.92
600229,城市传媒,2026-06-17,5.32,0.01,6.28,13.08,9.55
600230,沧州大化,2026-06-17,14.68,11.36,17.45,23.27,14.18
600231,凌钢股份,2026-06-17,1.83,1.09,2.21,12.48,8.32
600232,金鹰股份,2026-06-17,6.76,0.15,8.33,12.67,9.43
600233,圆通速递,2026-06-17,16.64,32.15,17.30,26.09,18.41
600234,科新发展,2026-06-17,27.30,79.41,24.82,38.16,31.79
600235,民丰特纸,2026-06-17,5.37,0.13,6.69,12.76,9.03
600236,桂冠电力,2026-06-17,9.81,71.16,7.85,32.16,27.11
600237,铜峰电子,2026-06-17,12.56,99.99,11.20,11.30,7.34
600238,*ST椰岛,2026-06-17,4.93,20.77,5.23,22.94,14.33
600239,ST云城,2026-06-17,1.39,0.47,2.01,31.15,23.38
600241,时代万恒,2026-06-17,7.09,0.48,9.03,15.95,12.69
600243,*ST海华,2026-06-17,3.84,44.78,3.88,20.19,11.18
600246,万通发展,2026-06-17,17.61,89.41,16.67,17.32,6.58
600248,陕建股份,2026-06-17,2.93,0.47,3.65,13.08,7.41
600249,两面针,2026-06-17,5.10,4.65,5.93,13.52,8.33
600250,南京商旅,2026-06-17,8.42,0,10.26,20.75,13.21
600251,冠农股份,2026-06-17,9.51,7.93,11.07,16.22,10.72
600252,中恒集团,2026-06-17,1.97,1.11,2.55,16.17,10.65
600255,鑫科材料,2026-06-17,4.37,52.71,4.35,11.44,5.27
600256,广汇能源,2026-06-17,5.40,1.07,6.37,10.82,5.05
600257,大湖股份,2026-06-17,4.82,0.06,6.05,18.45,13.58
600258,首旅酒店,2026-06-17,12.64,4.27,15.17,15.76,12.72
600259,中稀有色,2026-06-17,105.71,86.19,93.64,13.59,9.83
600261,阳光照明,2026-06-17,3.29,19.82,3.53,10.55,7.88
600262,北方股份,2026-06-17,21.82,8.91,24.50,17.16,8.86
600265,*ST景谷,2026-06-17,22.10,51.65,21.92,25.77,17.52
600266,城建发展,2026-06-17,4.29,0.16,5.06,18.94,10.54
600267,海正药业,2026-06-17,9.65,8.02,10.59,9.27,6.75
600268,国电南自,2026-06-17,12.53,8.80,14.78,15.02,10.22
600269,赣粤高速,2026-06-17,4.09,0.14,4.95,12.31,8.70
600271,航天信息,2026-06-17,7.03,1.43,9.60,28.31,17.96
600272,开开实业,2026-06-17,10.80,0.32,12.62,14.18,10.97
600273,嘉化能源,2026-06-17,6.95,2.87,8.40,23.48,18.94
600276,恒瑞医药,2026-06-17,46.99,5.91,55.60,18.75,13.07
600278.code,sh600278.name,sh600278.date,sh600278.closePrice,sh600278.chipProfitRate,sh600278.chipAvgCost,sh600278.chipConcentration90,sh600278.chipConcentration70
600278,东方创业,2026-06-17,6.34,4.47,7.68,15.92,9.53
600279,重庆港,2026-06-17,4.05,0,5.34,15.01,9.63
600280,中央商场,2026-06-17,2.97,10.62,3.27,15.43,11.41
600281,华阳新材,2026-06-17,4.54,0.05,5.42,15.26,11.12
600282,南钢股份,2026-06-17,4.77,25,5.15,16.56,11.04
600283,钱江水利,2026-06-17,8.20,0.31,9.33,8.47,4.52
600284,浦东建设,2026-06-17,5.17,0.86,7.24,23.18,14.55
600285,羚锐制药,2026-06-17,20.45,25.94,20.77,4.69,2.73
600287,苏豪时尚,2026-06-17,4.67,0.03,5.74,10.83,6.74
600288,大恒科技,2026-06-17,13.18,14.69,14.74,11.82,8.36
600289,ST信通,2026-06-17,5.47,1.29,6.77,17.65,10.79
600292,电投水电,2026-06-17,13.94,24.11,14.56,9.59,6.43
600293,三峡新材,2026-06-17,3.88,75.37,3.77,12.19,8.09
600295,XD鄂尔多,2026-06-17,12.74,43.70,13.60,31.67,22.24
600298,安琪酵母,2026-06-17,33.86,1.97,38.98,12.14,9.37
600299,安迪苏,2026-06-17,9.82,20.22,11.65,22.80,19.29
600300,维维股份,2026-06-17,3,0.66,3.43,9.11,5.64
600301,华锡有色,2026-06-17,66.41,80.38,60.38,14.15,10.24
600302,ST标准,2026-06-17,9.60,19.83,10.57,21.21,12.25
600303,曙光股份,2026-06-17,2.77,0.46,3.27,14.27,7.20
600305,恒顺醋业,2026-06-17,6.67,0,7.87,9.06,5.48
600307,酒钢宏兴,2026-06-17,1.51,0.46,1.86,19.74,13.70
600308,华泰股份,2026-06-17,3.25,0.03,3.94,11.27,6.12
600309,万华化学,2026-06-17,70.79,25.56,78.15,19.08,13.48
600310,广西能源,2026-06-17,4.67,3.54,5.35,16.88,12.50
600312,平高电气,2026-06-17,19.01,9.75,21.51,13.57,8.20
600313,农发种业,2026-06-17,5.71,0.24,7.05,18.72,11.76
600315,上海家化,2026-06-17,18.13,9.49,21.19,20.29,13.23
600316,洪都航空,2026-06-17,26.72,1.12,37.07,22.14,17.35
600318,新力金融,2026-06-17,6.40,7.66,7.60,20.88,15.10
600319,亚星化学,2026-06-17,6.78,0.04,8.06,14.18,9.88
600320,振华重工,2026-06-17,4.52,9,5.08,10.19,7.27
600322,津投城开,2026-06-17,2.42,16.30,2.60,9.31,6.77
600323,瀚蓝环境,2026-06-17,28.85,43.37,29.08,17.41,9.05
600325,华发股份,2026-06-17,2.53,0.59,3.51,28.47,22.52
600326,西藏天路,2026-06-17,7.15,2.33,9.31,23.19,17.67
600327,大东方,2026-06-17,3.35,0.17,3.94,21.52,16.03
600328,中盐化工,2026-06-17,6.72,6.70,8.24,21.16,16.62
600329,达仁堂,2026-06-17,37.73,8.04,42.32,15.85,5.85
600330,天通股份,2026-06-17,33.41,96.90,30.23,9.15,6.21
600331,宏达股份,2026-06-17,13.04,11.50,15.67,18.82,15.03
600332,白云山,2026-06-17,21.11,7.06,24.83,11.09,7.46
600333,长春燃气,2026-06-17,5.57,25.98,5.73,8.25,4.33
600335,国机汽车,2026-06-17,5.22,1.20,6.25,11.47,6.10
600336,澳柯玛,2026-06-17,6.97,5.14,7.90,11.22,7.89
600337,ST美克,2026-06-17,2.96,28.97,3.06,13.14,8.81
600338,西藏珠峰,2026-06-17,17.91,41.58,18.06,21.53,11.41
600339,中油工程,2026-06-17,3.36,8.12,4,18.36,12.18
600340,*ST华幸,2026-06-17,1.28,42.67,1.30,20.69,15.58
600343,航天动力,2026-06-17,24.50,13.12,26.39,23.27,19.48
600345,长江通信,2026-06-17,60.53,78.57,57.33,12.47,8.37
600346,恒力石化,2026-06-17,17.82,34.02,20.21,28.65,19.99
600348,华阳股份,2026-06-17,8.46,14.81,9.37,14.04,8.53
600350,山东高速,2026-06-17,11.34,95.28,9.72,11.68,7.32
600351,亚宝药业,2026-06-17,6.04,5.72,6.46,6.67,4.56
600352,浙江龙盛,2026-06-17,11.96,36.16,12.87,21.18,17.08
600353,旭光电子,2026-06-17,38.19,100,24.93,28.58,16.53
600354,敦煌种业,2026-06-17,5.07,0.08,6.04,17.36,10.39
600356,恒丰纸业,2026-06-17,8.13,0.46,9.38,8.46,6.19
600358,国旅联合,2026-06-17,5.57,0.78,6.16,9.04,6.81
600359,新农开发,2026-06-17,6.04,0,7.05,11.67,9.11
600360,华微电子,2026-06-17,12.18,69.35,11.79,15.68,7.78
600361,创新新材,2026-06-17,4.08,10.99,4.43,10.17,5.66
600362,江西铜业,2026-06-17,48.46,72.18,46.31,19.12,11.21
600363,联创光电,2026-06-17,34.61,19.31,39.21,34.03,23.82
600365,ST通葡,2026-06-17,2.45,0.03,3.09,14.48,8.76
600366,宁波韵升,2026-06-17,14.08,80.01,13.30,8.73,5.65
600367,红星发展,2026-06-17,57.10,72.84,55.30,31.92,10.11
600368,五洲交通,2026-06-17,3.65,0.11,4,7.08,5.17
600369,西南证券,2026-06-17,4.07,13.24,4.42,10.04,7.33
600370,*ST三房,2026-06-17,1.66,41.28,2.44,43.37,32.22
600371,万向德农,2026-06-17,6.66,0,8.48,15.54,12.03
600372,中航机载,2026-06-17,11.11,5.85,13.34,18.92,14.63
600373,中文传媒,2026-06-17,7.47,5.14,9.15,18.25,11.86
600375,汉马科技,2026-06-17,4.09,5.41,5.22,22.06,17.84
600376,首开股份,2026-06-17,3.43,5,4.50,25.08,16.80
600377,宁沪高速,2026-06-17,12.15,24.89,12.74,12.74,9.85
600378,昊华科技,2026-06-17,63.80,100,50.33,32.37,26.39
600379,宝光股份,2026-06-17,12.29,17.65,13.36,22.04,16.27
600380,健康元,2026-06-17,9.78,1.91,11.48,13.61,9.27
600381,*ST春天,2026-06-17,4.80,52.54,4.71,32.47,28.24
600382,广东明珠,2026-06-17,8.17,12.95,8.52,7.77,5.72
600383,金地集团,2026-06-17,2.42,0.39,2.90,15.56,9.75
600386,北巴传媒,2026-06-17,3.34,0.09,4.15,15.84,10.21
600388,龙净环保,2026-06-17,16.85,30.68,17.99,19.70,10.19
600389,江山股份,2026-06-17,22.71,3.25,27.99,15.56,10.98
600390,五矿资本,2026-06-17,4.77,6.28,5.66,14.95,9.99
600391,航发科技,2026-06-17,34.53,25.37,38.63,19.97,13.08
600392,盛和资源,2026-06-17,28.78,86.02,25.80,13.47,10.80
600395,盘江股份,2026-06-17,5.04,5.19,5.64,10.19,6.26
600396,华电辽能,2026-06-17,17.80,25.51,18.47,11.47,7.28
600397,江钨装备,2026-06-17,18.36,97.80,14.68,14.54,11.02
600398,海澜之家,2026-06-17,5.67,4.29,5.98,12.75,7.15
600399,抚顺特钢,2026-06-17,4.26,5.06,5.62,27.43,21.83
600400,红豆股份,2026-06-17,2.67,38.18,2.79,19.11,12.18
600403,大有能源,2026-06-17,6.22,18.90,7.13,21.74,15.82
600405,动力源,2026-06-17,4.04,0,5.15,17.55,12.26
600406,国电南瑞,2026-06-17,23.32,19.31,26.08,15.16,9.23
600408,安泰集团,2026-06-17,2.66,0.15,3.13,15.19,11.82
600409,三友化工,2026-06-17,6.31,13.02,7.18,17.46,10.53
600410.code,sh600410.name,sh600410.date,sh600410.closePrice,sh600410.chipProfitRate,sh600410.chipAvgCost,sh600410.chipConcentration90,sh600410.chipConcentration70
600410,华胜天成,2026-06-17,17.74,18.71,18.74,20.39,13.64
600415,小商品城,2026-06-17,11.35,6.20,13.47,26.05,15.48
600416,湘电股份,2026-06-17,11.17,20.63,12.56,23.75,15.60
600418,江淮汽车,2026-06-17,31.68,3.38,45.33,25.62,21.56
600419,天润乳业,2026-06-17,7.87,1.01,9.52,12.31,8.81
600420,国药现代,2026-06-17,8.37,0,10.36,11.13,7.01
600421,退市华嵘,2026-06-17,0.26,0,0.34,93.60,91.90
600422,昆药集团,2026-06-17,8.20,0.24,11.48,26.43,23.71
600423,*ST柳化,2026-06-17,2.37,0,2.91,23.16,15.10
600425,青松建化,2026-06-17,3.55,6.69,4.07,13.26,9.49
600426,华鲁恒升,2026-06-17,26.24,9.24,32.90,24.44,16.90
600428,中远海特,2026-06-17,7.96,35.45,8.17,12.41,8.19
600429,三元股份,2026-06-17,4.29,0,5.53,15.96,9.29
600433,冠豪高新,2026-06-17,3.40,1.91,4.26,18.92,14.89
600435,北方导航,2026-06-17,11.88,6.81,14.80,22.82,18.97
600436,片仔癀,2026-06-17,114.60,0.20,168.77,26.37,22.56
600438,通威股份,2026-06-17,13.18,2.09,17.76,29.56,19.69
600439,瑞贝卡,2026-06-17,2.20,0.37,2.60,13.17,9.41
600444,国机通用,2026-06-17,13.92,0.24,17.24,15.47,11.88
600446,金证股份,2026-06-17,11.44,2.28,13.59,17.24,10.83
600448,华纺股份,2026-06-17,2.75,1.12,3.16,12.14,8.73
600449,宁夏建材,2026-06-17,12.92,27.30,13.35,8.78,7.04
600452,涪陵电力,2026-06-17,10.34,2.67,12.49,14.66,10.23
600455,博通股份,2026-06-17,23.39,1.17,26.82,10.65,8.41
600456,宝钛股份,2026-06-17,30.33,10.69,34.13,16.98,12.07
600458,时代新材,2026-06-17,17.08,94.86,14.74,18.22,14.22
600459,贵研铂业,2026-06-17,26.52,84.33,24.40,14.91,11.19
600460,士兰微,2026-06-17,40.83,99.82,33.96,16.65,10.14
600461,洪城环境,2026-06-17,9.35,27.45,9.67,7.38,4.90
600463,空港股份,2026-06-17,8.49,0.02,10.78,15.17,10.06
600467,好当家,2026-06-17,2.17,3.72,2.41,11.26,7.61
600468,百利电气,2026-06-17,5.87,7.21,7.68,23.31,16.64
600469,风神股份,2026-06-17,5.63,2.55,6.62,13.70,8.92
600470,六国化工,2026-06-17,5.55,19.53,5.86,14.04,11.12
600475,XD华光环,2026-06-17,15.48,11.03,18.40,19.94,15.08
600476,*ST湘邮,2026-06-17,9.99,0.24,11.52,15.05,8.56
600477,杭萧钢构,2026-06-17,2.57,2.90,3.12,22.04,15.63
600478,科力远,2026-06-17,5.83,14.55,7.14,17.47,13.97
600479,千金药业,2026-06-17,9.53,0,10.58,6.20,3.86
600480,凌云股份,2026-06-17,9.84,10.01,11.16,10.73,7.54
600481,双良节能,2026-06-17,5.04,36.85,5.52,23.03,20.23
600482,中国动力,2026-06-17,31.86,23.32,35.89,29.71,12.36
600483,福能股份,2026-06-17,11.60,90.86,10.33,11.94,9.23
600486,扬农化工,2026-06-17,55.28,5.30,68.81,19.36,15.05
600487,亨通光电,2026-06-17,111,100,97.13,24.70,19.61
600488,津药药业,2026-06-17,4.60,0.27,5.38,20.01,9.92
600489,中金黄金,2026-06-17,22.70,23.35,25.79,23.62,16.34
600490,鹏欣资源,2026-06-17,7.39,18.96,8.05,19.94,11.31
600491,ST龙元,2026-06-17,1.27,3.93,1.40,42.28,30.77
600493,凤竹纺织,2026-06-17,5.73,0.08,7.24,14.64,10.18
600495,晋西车轴,2026-06-17,3.75,0.89,4.56,15.57,9.66
600496,精工钢构,2026-06-17,3.45,0.86,3.90,10.28,6
600497,驰宏锌锗,2026-06-17,10.10,78.01,9.72,13.36,9.41
600498,烽火通信,2026-06-17,76.68,95.77,59.09,21.30,14.98
600499,XD科达制,2026-06-17,15.62,26.39,16.67,21.60,12.28
600500,中化国际,2026-06-17,9.20,88.50,6.17,37.61,32.83
600501,航天晨光,2026-06-17,17.38,1.50,23.46,27.62,19.87
600502,安徽建工,2026-06-17,4.79,21.30,5.31,12.21,9.69
600503,华丽家族,2026-06-17,2.25,0.10,2.69,11.92,8.29
600505,西昌电力,2026-06-17,13.99,31.81,14.25,7.57,4.82
600506,统一股份,2026-06-17,15.70,0.45,17.92,11.75,7.53
600507,方大特钢,2026-06-17,4.11,0.08,5.57,22.67,14.30
600508,DR上海能,2026-06-17,8.58,0.21,13.46,9.02,6.10
600509,天富能源,2026-06-17,8.61,27.08,9.34,12.41,9.06
600510,黑牡丹,2026-06-17,8.14,15.45,9.12,18.25,12.98
600511,国药股份,2026-06-17,27.94,15.67,29.05,5.72,3.39
600512,腾达建设,2026-06-17,2.03,0.71,2.44,11.05,7.05
600513,联环药业,2026-06-17,15.85,1.35,19.72,19.60,16.51
600515,海南机场,2026-06-17,2.92,0.38,3.95,29.26,22.56
600516,方大炭素,2026-06-17,6.08,79.80,5.80,13.77,7.33
600517,国网英大,2026-06-17,4.98,7.38,6.31,20.19,13.02
600518,康美药业,2026-06-17,1.36,2.67,1.77,20.13,13.92
600519,贵州茅台,2026-06-17,1240,0,1416.03,8.56,4.71
600520,三佳科技,2026-06-17,30.84,72.50,29.77,12.97,6.60
600521,华海药业,2026-06-17,14.29,1.13,16.33,13.31,5.78
600522,中天科技,2026-06-17,54.91,96.92,48.94,16.88,12.03
600523,贵航股份,2026-06-17,11.16,2.60,14.26,16.91,11.53
600525,ST长园,2026-06-17,5.09,43.51,5.17,23.38,18.27
600526,菲达环保,2026-06-17,4.40,0.37,5.33,12.86,8.20
600527,江南高纤,2026-06-17,2.41,25.98,2.60,15.86,12.10
600528,中铁工业,2026-06-17,7.17,4.14,8.33,12.73,7.14
600529,山东药玻,2026-06-17,19.13,45.29,19.23,10.45,6.66
600530,交大昂立,2026-06-17,5.92,15.04,6.95,21.21,12.45
600531,豫光金铅,2026-06-17,13.43,33.31,13.58,18.30,11.35
600533,栖霞建设,2026-06-17,2.05,0.02,2.46,12.51,9.02
600535,天士力,2026-06-17,14.10,12.26,15.02,8.16,5.73
600536,中国软件,2026-06-17,29.11,4.68,38.85,26.33,17.22
600537,*ST亿晶,2026-06-17,2.99,25.19,3.21,24.98,16.07
600538,国发股份,2026-06-17,5.78,5.76,6.60,10.92,8.01
600539,狮头股份,2026-06-17,16.04,60.69,15.84,13.27,6.38
600540,新赛股份,2026-06-17,4.24,0.71,4.84,13.95,11.45
600543,*ST莫高,2026-06-17,4.12,0.30,4.91,14.33,8.16
600545,卓郎智能,2026-06-17,6.59,52.85,6.55,18.03,11.97
600546,山煤国际,2026-06-17,12.55,47.90,12.64,16.34,11.29
600547,山东黄金,2026-06-17,28.26,7.70,36.41,30.69,23.48
600548,深高速,2026-06-17,8.53,0.06,9.59,15.72,11.10
600549,厦门钨业,2026-06-17,80.84,97.69,61.97,21.59,15.92
600550,保变电气,2026-06-17,12.80,10.86,15.22,18.13,11.67
600551,时代出版,2026-06-17,7.20,0.79,8.40,11.43,6.73
600552,凯盛科技,2026-06-17,24.13,100,20.57,12.39,8.04
600556.code,sh600556.name,sh600556.date,sh600556.closePrice,sh600556.chipProfitRate,sh600556.chipAvgCost,sh600556.chipConcentration90,sh600556.chipConcentration70
600556,天下秀,2026-06-17,4.80,0.18,5.89,22.97,12.30
600557,康缘药业,2026-06-17,11.88,1.55,14.22,14.39,8.77
600558,大西洋,2026-06-17,5.53,32.06,5.65,9.85,7.35
600559,老白干酒,2026-06-17,12.10,4.10,13.85,18.54,13.73
600560,金自天正,2026-06-17,12.05,5.32,14.59,19.33,14.57
600561,江西长运,2026-06-17,5.43,2.40,6.60,12.87,9.61
600562,国睿科技,2026-06-17,21.84,3.79,28.01,19.53,10.69
600563,法拉电子,2026-06-17,170.05,91.65,157.16,19.37,15.69
600566,济川药业,2026-06-17,26.25,32.03,26.75,7.11,4.59
600567,山鹰国际,2026-06-17,1.35,11.48,1.53,14.16,11.54
600568,ST中珠,2026-06-17,2.42,11.20,2.70,20.12,7.84
600569,安阳钢铁,2026-06-17,1.77,0.03,2.31,18.65,12.94
600570,恒生电子,2026-06-17,22.50,8.24,26.74,20.92,13.62
600571,信雅达,2026-06-17,10.55,4.28,13.28,23.59,17.16
600572,康恩贝,2026-06-17,4.11,4.26,4.45,9.10,5.45
600573,惠泉啤酒,2026-06-17,11.68,0.66,12.80,7.22,5.31
600575,淮河能源,2026-06-17,3.72,49.97,3.73,11.31,7.07
600576,祥源文旅,2026-06-17,5.75,11.81,5.97,8,5.52
600577,精达股份,2026-06-17,11.84,25.81,12.87,14.77,11.33
600578,京能电力,2026-06-17,8.02,43.35,8.25,35.38,27.52
600579,中化装备,2026-06-17,7.50,37.79,7.82,16.91,14.60
600580,卧龙电驱,2026-06-17,34.90,3.18,39.94,13.22,8.55
600581,*ST八钢,2026-06-17,2.53,2.88,2.82,13.73,6.88
600582,天地科技,2026-06-17,5.01,0.47,5.64,7.38,4.92
600583,海油工程,2026-06-17,5.41,3.02,6.69,19.46,12.99
600584,长电科技,2026-06-17,81.76,88.28,76.27,14.70,6.51
600585,海螺水泥,2026-06-17,18.24,0.39,22.99,15.04,10.23
600586,金晶科技,2026-06-17,5.03,24.86,5.46,15.62,9.65
600587,新华医疗,2026-06-17,12.19,0.04,14.98,13.18,10.12
600588,用友网络,2026-06-17,9.78,0.77,12.22,25.54,18.24
600589,大位科技,2026-06-17,10.24,38.84,10.51,16.52,12.13
600590,泰豪科技,2026-06-17,11.84,8.35,13.67,18.23,13.43
600592,龙溪股份,2026-06-17,15.38,0.69,20.21,25.62,16.30
600593,大连圣亚,2026-06-17,38.18,55.10,37.88,10.09,6.51
600594,益佰制药,2026-06-17,3.15,0.06,4.07,19.41,14.59
600595,中孚实业,2026-06-17,6.24,0.31,7.37,17.12,11.01
600596,新安股份,2026-06-17,15.99,96.79,14.12,15.07,11.79
600597,光明乳业,2026-06-17,6.58,0.18,8.13,12.37,7.62
600598,北大荒,2026-06-17,13.94,1.54,15.49,9.16,6.66
600599,退市熊猫,2026-06-17,0.40,2.56,4.06,91.18,88.82
600600,青岛啤酒,2026-06-17,56.10,0.06,62.66,9.53,6.21
600601,方正科技,2026-06-17,14.35,92.91,12.76,11.36,7.97
600602,云赛智联,2026-06-17,17.77,13.88,22.24,17.61,14.03
600603,广汇物流,2026-06-17,4.52,1.73,6.55,27.91,21.97
600604,市北高新,2026-06-17,4.16,1.44,5.37,19.18,12.94
600605,汇通能源,2026-06-17,31.17,50.14,31.17,10.15,7.12
600606,绿地控股,2026-06-17,1.33,1.72,1.65,19.08,13.46
600608,退市沪科,2026-06-17,0.18,8.22,0.32,92.53,90.39
600609,金杯汽车,2026-06-17,3.30,0,4.12,18.83,15.06
600610,中毅达,2026-06-17,7.43,2.35,9.07,19.24,15.58
600611,大众交通,2026-06-17,4.49,31.09,4.67,18.91,15.51
600612,老凤祥,2026-06-17,34.87,0.82,46.35,18.96,11.02
600613,XD神奇制,2026-06-17,4.74,0.11,5.87,15.59,11.30
600615,鑫源智造,2026-06-17,11.04,32.80,11.54,15.59,11.11
600616,金枫酒业,2026-06-17,4.14,0.04,5.10,15.41,10.80
600617,国新能源,2026-06-17,3,0.74,3.54,15.21,8.45
600618,氯碱化工,2026-06-17,10.67,14.58,12.74,21.69,18.25
600619,海立股份,2026-06-17,14.89,13.60,17.65,14.91,11.10
600620,天宸股份,2026-06-17,4.26,0.14,6.28,22.95,17.01
600621,华鑫股份,2026-06-17,13.14,9.98,14.74,14.96,10.14
600637,东方明珠,2026-06-17,8.81,6.96,10.37,24.45,11.07
600638,新黄浦,2026-06-17,5.31,9.07,6.10,16.43,10.11
600639,浦东金桥,2026-06-17,9.62,1.27,10.67,6.92,4.12
600640,国脉文化,2026-06-17,10.50,0.09,13,15,10.05
600641,先导基电,2026-06-17,33,97.99,28.49,19.11,8.73
600642,申能股份,2026-06-17,9.54,80.30,8.72,12.55,8.36
600643,爱建集团,2026-06-17,4.15,6.31,5.02,15.88,7.47
600644,乐山电力,2026-06-17,9.77,1.95,11.56,11.82,7.22
600645,中源协和,2026-06-17,18.20,0.47,25.22,26.59,22.50
600648,外高桥,2026-06-17,8.56,0.11,10.90,9.02,5.52
600649,城投控股,2026-06-17,3.58,0.35,4.52,19.62,14.36
600650,锦江在线,2026-06-17,10.09,0.04,13.25,23.12,13.91
600651,飞乐音响,2026-06-17,6.08,1.14,7.34,17.95,12.90
600653,申华控股,2026-06-17,1.62,0.08,1.85,12.70,8.35
600654,中安科,2026-06-17,2.90,4.06,3.80,21.36,15.68
600655,豫园股份,2026-06-17,4.44,2.31,5.31,15.08,9.54
600657,信达地产,2026-06-17,2.61,0.30,3.41,22.55,17.04
600658,电子城,2026-06-17,4.21,0.13,5.16,16.07,9.21
600660,福耀玻璃,2026-06-17,50.69,1.75,58.09,12.26,8.08
600661,昂立教育,2026-06-17,7.55,0.26,9.86,17.04,13.57
600662,外服控股,2026-06-17,4.24,1.32,5.37,18.59,11.49
600663,陆家嘴,2026-06-17,6.79,4.16,8.39,13.91,7.16
600664,哈药股份,2026-06-17,3.07,0.91,3.68,16.97,11.92
600665,天地源,2026-06-17,3.62,66.57,3.50,11.18,8.33
600666,奥瑞德,2026-06-17,4.67,43.54,4.72,16.02,13.30
600667,太极实业,2026-06-17,19.02,97.82,16.84,17.24,10.41
600668,尖峰集团,2026-06-17,7.29,0,10.69,22.46,18.10
600671,天目药业,2026-06-17,16.33,6.43,19.55,15.02,11.23
600673,东阳光,2026-06-17,35.89,59.16,34.68,16.76,9.97
600674,川投能源,2026-06-17,14.63,20.62,15.15,7.75,4.40
600675.code,sh600675.name,sh600675.date,sh600675.closePrice,sh600675.chipProfitRate,sh600675.chipAvgCost,sh600675.chipConcentration90,sh600675.chipConcentration70
600675,中华企业,2026-06-17,2.26,0.04,2.85,12.88,7.26
600676,交运股份,2026-06-17,7.03,26.78,7.81,19.99,12.24
600678,ST金顶,2026-06-17,6.39,33.01,6.56,33.34,25.77
600679,上海凤凰,2026-06-17,9.21,0.11,11.85,19.80,14.48
600681,百川能源,2026-06-17,3.41,0.20,4.05,15.96,10.91
600682,南京新百,2026-06-17,5.87,15.97,6.96,21.20,12.75
600683,京投发展,2026-06-17,12.69,20.38,15,36.19,16.35
600684,珠江股份,2026-06-17,3.20,0.05,4.45,21.26,18.20
600685,中船防务,2026-06-17,27.15,10.50,30.95,16.47,8.62
600686,金龙汽车,2026-06-17,12.67,8.79,15.05,19.03,14.24
600688,上海石化,2026-06-17,3.06,50.09,3.05,14.44,10.39
600689,上海三毛,2026-06-17,10.87,1.78,13.04,14.13,10.15
600690,海尔智家,2026-06-17,20.49,6.29,24.40,14.18,11.63
600691,潞化科技,2026-06-17,2.47,0,3.21,25.63,14.55
600692,亚通股份,2026-06-17,6.08,0.07,7.46,13.35,10.91
600693,东百集团,2026-06-17,8.57,0.44,10.06,14.29,10.30
600694,大商股份,2026-06-17,14.28,7.18,15.41,8.51,5.38
600696,退市岩石,2026-06-17,0.76,19.23,1.63,74.61,50.89
600697,欧亚集团,2026-06-17,10.40,0.07,11.92,13.09,9.12
600698,湖南天雁,2026-06-17,6.44,4.03,7.53,16.45,11.32
600699,均胜电子,2026-06-17,24.84,11.99,28.48,13.63,10.23
600702,舍得酒业,2026-06-17,38.08,3.44,44.02,20.37,15.77
600703,三安光电,2026-06-17,17.16,90.87,16.19,11.32,7.56
600704,物产中大,2026-06-17,4.75,3.73,5.35,10.38,7.61
600706,曲江文旅,2026-06-17,7.31,0.20,9.36,19.23,15.51
600707,彩虹股份,2026-06-17,12.66,99.90,10.90,27.09,11.13
600708,光明地产,2026-06-17,2.94,5.12,3.60,18.72,11.93
600710,苏美达,2026-06-17,11.05,19.13,12.25,15.48,9.52
600711,盛屯矿业,2026-06-17,13.08,48.95,13.15,14.88,8.41
600712,南宁百货,2026-06-17,5.05,0.24,6.24,14.87,8.07
600713,南京医药,2026-06-17,4.97,5,5.49,11,8.57
600714,金瑞矿业,2026-06-17,27.11,15.49,28.79,19.82,6.74
600715,文投控股,2026-06-17,1.65,0.10,2.14,18.43,11.27
600716,凤凰股份,2026-06-17,3.68,7.86,4.22,12.95,9.79
600717,天津港,2026-06-17,4.31,0.27,4.66,6.42,4.02
600718,东软集团,2026-06-17,7.81,1.34,9.34,18.91,11.34
600719,大连热电,2026-06-17,8.74,28.38,9.04,8.27,5.45
600720,中交设计,2026-06-17,5.43,1.04,7.29,18.25,11.86
600721,百花医药,2026-06-17,7.15,1.91,7.93,16.36,11.11
600722,金牛化工,2026-06-17,8.87,0.73,10.31,21.22,15.01
600724,宁波富达,2026-06-17,6.36,42,6.50,26.49,15.20
600725,云维股份,2026-06-17,3.51,0.13,4.17,16.78,10.81
600726,华电能源,2026-06-17,8.30,51.49,8.23,36.28,24.13
600727,鲁北化工,2026-06-17,7.42,3.95,7.98,8.04,5.17
600728,佳都科技,2026-06-17,4.58,2.38,5.63,21.66,16.80
600729,重百集团,2026-06-17,19.97,22.26,21.63,16.41,11.54
600730,*ST高科,2026-06-17,12.09,31.33,12.89,26.14,17.09
600731,湖南海利,2026-06-17,5.41,0.81,6.84,17.63,14.51
600732,爱旭股份,2026-06-17,12.65,22.72,14.16,16.04,9.93
600733,北汽蓝谷,2026-06-17,5.78,1.22,7.26,18.09,15.19
600734,*ST实达,2026-06-17,2.01,12.80,2.23,39.46,14.06
600735,ST新华锦,2026-06-17,6.36,23.61,6.60,15.40,6.47
600736,苏州高新,2026-06-17,7.57,36.16,7.71,16.36,11.04
600737,中粮糖业,2026-06-17,13.27,6.28,15.37,14.70,10.75
600738,丽尚国潮,2026-06-17,3.91,0.02,4.72,14.55,10.93
600739,辽宁成大,2026-06-17,10.24,4.77,11.89,10.95,6.68
600740,XD山西焦,2026-06-17,3.54,0.03,4.18,15.15,10.96
600741,华域汽车,2026-06-17,16.24,3.69,18.93,11.30,9.33
600742,富维股份,2026-06-17,7.72,0.53,9.74,15.03,8.82
600743,华远控股,2026-06-17,2.10,5.76,2.51,14.49,8.34
600744,华银电力,2026-06-17,7.44,13.70,8.44,11.17,9.22
600745,*ST闻泰,2026-06-17,17.76,21.31,20.67,41.75,32.93
600746,江苏索普,2026-06-17,5.92,0.15,8.15,24.30,18.34
600748,上实发展,2026-06-17,3.97,0.14,5.37,24.07,13.72
600749,西藏旅游,2026-06-17,14.95,10.33,16.08,16.02,8.46
600750,华润江中,2026-06-17,24.26,51.26,24.19,11.42,8.96
600751,海航科技,2026-06-17,3.16,7.58,3.79,16.18,11.13
600753,ST海钦,2026-06-17,12.08,43.54,12.20,27.67,22.72
600754,锦江酒店,2026-06-17,19.80,4.95,24.42,16.25,14.20
600755,厦门国贸,2026-06-17,5.64,3,6.50,14.23,7.50
600756,浪潮软件,2026-06-17,13.85,17.32,16.34,16.25,12.41
600757,XD长江传,2026-06-17,7.55,0.38,8.87,8.22,5.18
600758,辽宁能源,2026-06-17,3.79,0.05,4.63,15.89,12.92
600759,ST洲际,2026-06-17,2.42,9.08,2.82,41.15,36.91
600760,中航沈飞,2026-06-17,42.14,4.34,54.86,20.45,14.09
600761,安徽合力,2026-06-17,16.73,7.83,18.43,14.49,11.13
600763,通策医疗,2026-06-17,34.80,9.22,41.46,18.23,12.98
600764,中国海防,2026-06-17,19.28,3.20,27.49,26.71,14.57
600765,中航重机,2026-06-17,13.98,10.31,16.64,21.24,16.58
600768,宁波富邦,2026-06-17,15.53,13.69,17.11,11.37,9.72
600769,祥龙电业,2026-06-17,17.42,80.07,16.21,20.08,6.12
600770,综艺股份,2026-06-17,6.02,22.42,6.85,18.29,15.77
600771,广誉远,2026-06-17,13.64,0.34,17.22,17.73,12.05
600773,西藏城投,2026-06-17,15.37,24.23,17.74,29.99,21.78
600774,汉商集团,2026-06-17,6.71,0.03,8.79,22.22,16.20
600775,南京熊猫,2026-06-17,11.02,26.72,12.88,20.48,12.09
600776,东方通信,2026-06-17,15.70,28.49,16.50,12.29,8.99
600777,*ST新潮,2026-06-17,4.74,61.14,4.18,46.26,36.09
600778,友好集团,2026-06-17,5.46,0.71,6.43,15.59,9.36
600779,水井坊,2026-06-17,28.81,1.85,36.24,21.97,15.11
600780,通宝能源,2026-06-17,6.55,9.78,7.15,9.34,6.91
600782,新钢股份,2026-06-17,2.59,1.45,3.41,21.30,18.62
600783,鲁信创投,2026-06-17,19.93,0.65,22.57,9.19,6.15
600784,鲁银投资,2026-06-17,6.96,7.85,7.49,10.17,6.82
600785,新华百货,2026-06-17,14.83,7.10,17.02,18.07,10.46
600787,中储股份,2026-06-17,4.57,3.15,5.68,14.01,10.31
600789,鲁抗医药,2026-06-17,7.03,0.63,8.43,16.48,8.25
600790,轻纺城,2026-06-17,3.68,2.98,4.04,12.51,8.75
600791,京能置业,2026-06-17,10.35,14.61,13.45,26.49,20.15
600792,云煤能源,2026-06-17,3.93,5.30,4.23,12.62,8.05
600793.code,sh600793.name,sh600793.date,sh600793.closePrice,sh600793.chipProfitRate,sh600793.chipAvgCost,sh600793.chipConcentration90,sh600793.chipConcentration70
600793,宜宾纸业,2026-06-17,12.95,0.28,16.55,24.66,20.49
600794,保税科技,2026-06-17,3.04,0.09,3.76,13.88,9.52
600795,国电电力,2026-06-17,4.94,45.03,4.95,8.64,4.38
600796,钱江生化,2026-06-17,4.91,0.08,6.15,16.07,12.36
600797,浙大网新,2026-06-17,7.21,1,8.79,19.05,12.73
600798,宁波海运,2026-06-17,3.53,17.46,3.68,9.53,5.48
600800,渤海化学,2026-06-17,3.52,0.61,4.54,16.79,13.01
600801,华新建材,2026-06-17,19,32.26,20.97,22.68,12.86
600802,福建水泥,2026-06-17,4.57,0.22,5.79,15.95,11.65
600803,新奥股份,2026-06-17,16.59,0.02,19.88,12.78,9.71
600805,悦达投资,2026-06-17,4.38,0.93,5.29,12.48,7.94
600807,济高发展,2026-06-17,2.49,1.26,2.94,15.37,10.08
600808,马钢股份,2026-06-17,2.73,2.05,3.91,21.35,16.27
600809,山西汾酒,2026-06-17,117.70,1.16,171.26,26.49,20.11
600810,神马股份,2026-06-17,6.91,35.44,7.60,20.53,17.18
600812,华北制药,2026-06-17,4.37,2.58,5.57,19.39,11.79
600814,杭州解百,2026-06-17,6.70,0,8.04,20.90,11.80
600815,厦工股份,2026-06-17,2.89,0.05,3.94,23.17,17.87
600816,建元信托,2026-06-17,2.69,16.09,2.95,11.49,8.35
600817,宇通重工,2026-06-17,9.12,0.58,11.32,12.42,7.48
600818,ST中路,2026-06-17,5.53,0,6.01,27.35,20.36
600819,耀皮玻璃,2026-06-17,6.86,22.64,7.27,15.34,11.49
600820,隧道股份,2026-06-17,5.45,2.19,6.42,10.62,6.95
600821,金开新能,2026-06-17,6.67,12.77,8.09,17.42,12.12
600822,上海物贸,2026-06-17,8.32,0.67,10.62,16.32,9.82
600824,益民集团,2026-06-17,3.52,0.02,4.33,14.49,10.54
600825,新华传媒,2026-06-17,4.55,0.19,6.06,19,14.20
600826,兰生股份,2026-06-17,10.26,49.78,10.27,16.95,12.84
600827,百联股份,2026-06-17,7.98,2.75,8.97,9.93,6.87
600828,茂业商业,2026-06-17,3.95,0.62,5.14,28.20,20.89
600829,人民同泰,2026-06-17,8.29,0.46,10.21,18.26,12.97
600830,香溢融通,2026-06-17,8.71,28.18,9.45,13.19,10.12
600831,广电网络,2026-06-17,3.15,0.13,3.93,14.69,10.37
600833,第一医药,2026-06-17,9.73,0.09,11.99,16.11,11.58
600834,申通地铁,2026-06-17,7.02,0.03,8.58,9.10,5.19
600835,上海机电,2026-06-17,20.36,1.73,25.02,18.32,14.03
600838,上海九百,2026-06-17,7.75,7.64,9.59,26.34,16.97
600839,四川长虹,2026-06-17,6.92,6.61,8.84,21.36,16.70
600841,动力新科,2026-06-17,6.62,1.05,8.54,21.22,13.24
600843,上工申贝,2026-06-17,7.89,13.09,8.58,22.87,17.16
600844,金煤科技,2026-06-17,2.66,0,3.28,18.34,12.87
600845,宝信软件,2026-06-17,17.72,0.20,22.99,14.34,7.78
600846,同济科技,2026-06-17,9.79,1.35,13.16,24.67,13.77
600847,万里股份,2026-06-17,13.69,10,14.92,13.24,8.51
600848,上海临港,2026-06-17,8.01,0.57,10.59,18.60,14.56
600850,电科数字,2026-06-17,19.88,21.80,22.17,22.67,13.19
600851,海欣股份,2026-06-17,7.31,11.12,8.08,11.23,7
600853,龙建股份,2026-06-17,3.25,0.08,4.04,16.64,9.09
600854,春兰股份,2026-06-17,4.30,0.13,5.11,15.17,11
600855,航天长峰,2026-06-17,14.89,8.33,18.79,18.44,15.66
600857,宁波中百,2026-06-17,16.12,80.31,15.06,12.33,7.01
600858,银座股份,2026-06-17,4.68,0,5.70,19.29,14.63
600859,王府井,2026-06-17,10.13,0,12.28,21.10,17.24
600860,京城股份,2026-06-17,9.10,10.90,11.13,27.29,20.18
600861,XD北京人,2026-06-17,13.03,0.07,18.12,18.77,13.52
600862,XD中航高,2026-06-17,18.84,17.27,21.47,20.67,16.54
600863,华能蒙电,2026-06-17,5.68,39.34,5.85,23.42,18.26
600864,哈投股份,2026-06-17,5.45,11.65,6.34,17.33,13.29
600865,百大集团,2026-06-17,9.12,0.25,10.87,23.07,13.59
600866,星湖科技,2026-06-17,4.82,12.79,6.27,25.12,21.20
600867,通化东宝,2026-06-17,7.37,0.19,8.88,13.72,9.33
600868,梅雁吉祥,2026-06-17,3.01,4.77,3.46,12.41,9.04
600869,远东股份,2026-06-17,33.26,93.77,27.14,39.91,29.66
600871,石化油服,2026-06-17,2.17,1.66,2.80,27.66,19.07
600872,中炬高新,2026-06-17,17.43,3.04,19.34,10.31,8.16
600873,梅花生物,2026-06-17,8.53,0.49,10.42,16.97,10.43
600874,创业环保,2026-06-17,5.76,6.88,6.13,6.33,4.18
600875,东方电气,2026-06-17,31.71,21.15,37.03,16.84,12.83
600876,凯盛新能,2026-06-17,9.42,38.16,9.72,13.88,10.56
600877,电科芯片,2026-06-17,14.20,16.98,16.78,26.12,17.94
600879,航天电子,2026-06-17,20.20,16.45,21.56,14.92,11.15
600880,博瑞传播,2026-06-17,4.01,0.27,5.11,19.94,14.08
600881,亚泰集团,2026-06-17,1.59,24.48,1.68,17.35,9.98
600882,妙可蓝多,2026-06-17,18.34,11.01,19.72,20.40,15.21
600883,博闻科技,2026-06-17,7.66,2.49,8.45,8.92,7.28
600884,杉杉股份,2026-06-17,14.20,37.74,14.70,13.32,9.11
600885,宏发股份,2026-06-17,33.94,86.51,30.94,15.24,10.81
600886,国投电力,2026-06-17,13.32,13.33,13.87,7.19,4.83
600887,伊利股份,2026-06-17,24.67,5.13,25.99,6.01,3.59
600888,新疆众和,2026-06-17,12.30,87.03,11.06,21.46,15.18
600889,*ST京化,2026-06-17,15.85,40.90,16.07,11.46,6.84
600892,*ST大晟,2026-06-17,3.60,23,3.77,8,5.98
600893,航发动力,2026-06-17,39.82,15.02,47.70,21.13,13.29
600894,广日股份,2026-06-17,8.23,0.28,9.66,13.45,7.43
600895,张江高科,2026-06-17,33.27,13.25,37.09,17.90,9.61
600897,厦门空港,2026-06-17,15.12,8.43,17.09,12.67,7.69
600900,长江电力,2026-06-17,27,31.08,27.31,5.73,3.03
600901,江苏金租,2026-06-17,6.44,80,6.03,18.76,10.66
600903,贵州燃气,2026-06-17,8.04,20.06,9.15,21.57,15.48
600905,三峡能源,2026-06-17,4.13,20.03,4.23,4.31,2.77
600906,财达证券,2026-06-17,7.41,90.86,6.82,8.35,6.39
600908,无锡银行,2026-06-17,5.46,7.97,5.83,6.25,4.38
600909,华安证券,2026-06-17,8.79,98.69,7.30,19.74,12.17
600916,中国黄金,2026-06-17,7.69,7.44,9.09,23.61,17.88
600917,重庆燃气,2026-06-17,4.99,0.51,5.68,8.85,5.80
600918,中泰证券,2026-06-17,5.31,5.85,6.37,14.60,10.52
600919,江苏银行,2026-06-17,11.53,93.91,10.52,13.16,6.79
600925,苏能股份,2026-06-17,4.20,0.18,4.78,6.16,3.84
600926,杭州银行,2026-06-17,16,69.99,15.57,10.20,4.81
600927,永安期货,2026-06-17,12.77,4.58,15.13,13.18,7.35
600928.code,sh600928.name,sh600928.date,sh600928.closePrice,sh600928.chipProfitRate,sh600928.chipAvgCost,sh600928.chipConcentration90,sh600928.chipConcentration70
600928,西安银行,2026-06-17,3.51,9.25,3.74,9.25,6.44
600929,雪天盐业,2026-06-17,5.04,3.25,6.15,16.50,11.40
600930,华电新能,2026-06-17,5.56,0.20,6.22,7.64,4.74
600933,爱柯迪,2026-06-17,15.44,15.34,17.03,19.13,11.60
600935,华塑股份,2026-06-17,2.23,0.14,2.70,16.82,9.88
600936,北投科技,2026-06-17,4.95,17.69,5.49,18.99,10.47
600938,中国海油,2026-06-17,31.40,7.74,36.85,17.30,10.04
600939,重庆建工,2026-06-17,2.54,0.56,3.20,18.92,13.31
600941,中国移动,2026-06-17,92.98,22.51,95.30,7.21,5.41
600955,维远股份,2026-06-17,15.60,14.52,18.32,16.17,11.36
600956,新天绿能,2026-06-17,8.09,24.13,8.62,15.81,11.11
600958,东方证券,2026-06-17,9.47,22.83,10.13,11.65,8.63
600959,江苏有线,2026-06-17,3.11,0.11,3.93,15.44,8.34
600960,渤海汽车,2026-06-17,4.02,0.42,5.10,18.65,12.48
600961,株冶集团,2026-06-17,26.70,50.21,26.66,14.94,9.44
600962,国投中鲁,2026-06-17,25.51,75.75,24.49,15.88,9.72
600963,岳阳林纸,2026-06-17,3.41,0.46,4.70,26.69,20.93
600965,*ST福成,2026-06-17,2.67,0.42,5.15,38.22,32.97
600966,博汇纸业,2026-06-17,5.18,2.63,6.41,22.92,15.94
600967,内蒙一机,2026-06-17,11.89,3.63,14.96,24.14,16.41
600968,海油发展,2026-06-17,3.80,4.60,4.22,16.69,10.49
600969,郴电国际,2026-06-17,8.78,0.09,10.51,13.36,10.12
600970,中材国际,2026-06-17,8.58,24.42,9.09,12.94,10.39
600971,恒源煤电,2026-06-17,7.24,31.42,7.47,13.62,7.46
600973,宝胜股份,2026-06-17,6.66,16.14,7.22,10.41,6.67
600975,新五丰,2026-06-17,4.48,0.03,5.68,14.30,7.42
600976,健民集团,2026-06-17,26.94,8.17,32.37,21.06,10.52
600977,中国电影,2026-06-17,13.68,17.18,14.42,15.53,9.11
600979,广安爱众,2026-06-17,4.69,9.85,5.02,7.40,5.49
600980,北矿科技,2026-06-17,21.20,20.93,22.62,12.26,8.82
600981,苏豪汇鸿,2026-06-17,2.56,6.78,2.98,17.87,12.66
600982,宁波能源,2026-06-17,5.58,10.96,6.21,11.86,9.46
600983,惠而浦,2026-06-17,8.97,11.54,10.51,16.38,11.27
600984,建设机械,2026-06-17,4.21,24.68,4.43,11.80,8.99
600985,淮北矿业,2026-06-17,15.45,83.86,13.31,19.62,14.01
600986,浙文互联,2026-06-17,7.99,12.47,9.04,18.65,15.73
600987,航民股份,2026-06-17,6.44,2.61,7.11,12.17,9.49
600988,赤峰黄金,2026-06-17,32.50,24.20,36.31,21.68,16.98
600989,宝丰能源,2026-06-17,22.12,21.13,27.51,35.65,22.39
600990,四创电子,2026-06-17,19.04,12.43,23.27,28.25,20.14
600992,贵绳股份,2026-06-17,9.80,0.07,12.32,15.17,11.04
600993,马应龙,2026-06-17,22.86,0,26.34,10.62,8.23
600995,南网储能,2026-06-17,13.47,33.89,14.11,24.19,15.87
600996,贵广网络,2026-06-17,9.65,86.57,9.21,9.10,5.15
600997,开滦股份,2026-06-17,5.04,0.11,6.11,12.58,8.20
600998,九州通,2026-06-17,4.76,19.19,4.98,6.84,4.54
600999,招商证券,2026-06-17,19.10,98.02,17.11,9.12,5.52
601000,唐山港,2026-06-17,4.30,69.68,4.07,11.41,9.30
601001,晋控煤业,2026-06-17,19.10,68.53,17.66,21.53,15.29
601002,晋亿实业,2026-06-17,4.74,0.11,5.64,14.11,10.13
601003,柳钢股份,2026-06-17,3.61,2.86,5.02,27.55,18.31
601005,重庆钢铁,2026-06-17,1.22,0.19,1.47,12.71,8.36
601006,大秦铁路,2026-06-17,4.99,1.30,5.31,12.91,10.54
601007,金陵饭店,2026-06-17,6.47,0.21,7.85,12.73,10.39
601008,连云港,2026-06-17,4.40,1.90,5.13,14.01,9.69
601009,南京银行,2026-06-17,11.14,74.77,10.92,8.12,4.89
601010,ST文峰,2026-06-17,1.55,2.48,1.80,30.04,22.86
601011,宝泰隆,2026-06-17,2.71,0.03,3.14,15.05,11.50
601012,隆基绿能,2026-06-17,13.07,4.69,16.63,18.46,16.26
601015,陕西黑猫,2026-06-17,3.18,0.11,3.97,22.26,15.31
601016,节能风电,2026-06-17,3.99,10.16,4.78,13.85,10.62
601018,宁波港,2026-06-17,3.34,3.23,3.61,9.63,5.36
601019,山东出版,2026-06-17,6.91,0.77,8.68,18.12,10.13
601020,华钰矿业,2026-06-17,24.85,29.90,26.88,23.44,16.16
601021,春秋航空,2026-06-17,47.06,20.14,49.29,13.06,9.14
601022,宁波远洋,2026-06-17,8,2.37,9.25,13.67,8.26
601026,道生天合,2026-06-17,15.64,22.25,17.65,13.80,10.56
601033,永兴股份,2026-06-17,13.98,10.56,14.68,6.07,3.76
601038,XD一拖股,2026-06-17,11.50,0.44,13.52,10.92,6.75
601058,赛轮轮胎,2026-06-17,11.80,1.14,13.40,14.58,11.71
601059,信达证券,2026-06-17,15.56,1.74,17.79,9.45,4.36
601061,中信金属,2026-06-17,11.91,27.01,13.90,16.53,13.53
601065,江盐集团,2026-06-17,7.23,0.07,8.48,8.36,3.85
601066,中信建投,2026-06-17,25.92,69.71,24.91,10.59,7.05
601068,中铝国际,2026-06-17,4.95,7.62,5.78,14.18,10.72
601069,XD西部黄,2026-06-17,27.10,14.56,32.26,21.63,14.08
601077,渝农商行,2026-06-17,6.55,53.63,6.51,13.24,6.91
601083,锦江航运,2026-06-17,11.39,29.78,11.76,9.88,7.04
601086,国芳集团,2026-06-17,7.05,2.53,8.66,19.34,15.72
601088,中国神华,2026-06-17,41.86,60.88,40.62,18.34,13.48
601089,福元医药,2026-06-17,16.73,4.54,23.07,25.78,17.21
601096,宏盛华源,2026-06-17,4.67,4.88,5.60,18.78,13.30
601098,中南传媒,2026-06-17,10.62,2.06,11.29,11.85,8.29
601099,太平洋,2026-06-17,3.34,14.91,3.75,16.14,11.74
601100,恒立液压,2026-06-17,118,90.02,105.49,25.81,14.70
601101,昊华能源,2026-06-17,11.37,50.26,11.31,28.69,22.74
601106,中国一重,2026-06-17,3.52,4.30,4.53,25.50,17.78
601107,四川成渝,2026-06-17,5.42,24.79,5.74,13.36,6.44
601108,财通证券,2026-06-17,7.88,18.17,8.34,10.46,6.55
601111,中国国航,2026-06-17,6.47,6.26,7.26,16.70,12.11
601112,XD振石股,2026-06-17,18.99,54.16,18.80,11.53,8.72
601113,华鼎股份,2026-06-17,3.75,0.10,4.57,10.45,6.88
601116,三江购物,2026-06-17,11.11,1.68,13.48,23.67,15.26
601117,中国化学,2026-06-17,8.22,37.35,8.52,12.95,9.18
601118,海南橡胶,2026-06-17,5.90,12.41,6.78,16.23,12.31
601121,宝地矿业,2026-06-17,6.33,7.60,7.66,16.66,13
601126,四方股份,2026-06-17,70.87,50.02,70.87,33.89,26.19
601127,赛力斯,2026-06-17,66.14,0,88.64,38.55,23.25
601128,常熟银行,2026-06-17,6.41,48.82,6.41,3.11,1.98
601133,柏诚股份,2026-06-17,33.12,92.11,29.14,20.26,14.41
601136.code,sh601136.name,sh601136.date,sh601136.closePrice,sh601136.chipProfitRate,sh601136.chipAvgCost,sh601136.chipConcentration90,sh601136.chipConcentration70
601136,首创证券,2026-06-17,14.41,4.37,19.68,20.25,11.91
601137,博威合金,2026-06-17,26.01,94.32,22.26,17.13,12.24
601138,工业富联,2026-06-17,72.64,85.79,63.44,55.41,16.43
601139,深圳燃气,2026-06-17,6.20,2.16,6.85,10.14,6.68
601155,新城控股,2026-06-17,11.10,0.03,14.49,19.22,10.62
601156,东航物流,2026-06-17,16.78,49.85,16.78,13.32,8.36
601158,重庆水务,2026-06-17,4.08,0.41,4.53,5.77,3.53
601162,天风证券,2026-06-17,3.31,11.63,3.79,20.83,12.34
601163,三角轮胎,2026-06-17,13.19,2.96,14.58,8.75,5.60
601166,兴业银行,2026-06-17,17.84,23.51,18.42,12.56,7.60
601168,西部矿业,2026-06-17,31.48,59.96,31.03,14.02,7.27
601169,北京银行,2026-06-17,5.14,6.34,5.49,10.06,4.92
601177,杭齿前进,2026-06-17,13.70,5.87,16.67,13.85,10.18
601179,中国西电,2026-06-17,15.79,22.76,16.54,16.09,8.66
601186,中国铁建,2026-06-17,6.48,10.13,7.38,13.48,8.95
601187,厦门银行,2026-06-17,7.84,93.53,7.32,11,7.21
601188,龙江交通,2026-06-17,2.95,0.12,3.39,8.68,6.35
601198,东兴证券,2026-06-17,13.07,47.08,13.20,11.95,7.47
601199,江南水务,2026-06-17,5.84,46.44,5.88,7.71,5.19
601200,上海环境,2026-06-17,7.10,0.17,8.18,9.07,5.24
601208,东材科技,2026-06-17,73.20,90.16,59.31,30.15,16.35
601211,国泰海通,2026-06-17,17.77,48.52,17.86,15.26,11.02
601212,白银有色,2026-06-17,5.91,9.39,7.94,32.42,25.56
601216,君正集团,2026-06-17,5.07,7.03,5.53,12.36,7.32
601218,吉鑫科技,2026-06-17,4.75,2.09,6.04,16.70,14.29
601222,林洋能源,2026-06-17,5.94,10.98,6.28,7.08,4.52
601225,陕西煤业,2026-06-17,23.58,56.50,22.67,17.84,13.36
601226,华电科工,2026-06-17,6.98,2.44,9.29,25.39,16.84
601228,广州港,2026-06-17,2.99,0.32,3.33,7.84,5.37
601229,上海银行,2026-06-17,9.01,22.06,9.45,10.32,5.84
601231,环旭电子,2026-06-17,37.08,34.41,39.05,20.38,11.32
601233,桐昆股份,2026-06-17,21.63,70.18,20.35,20.74,11.44
601236,红塔证券,2026-06-17,6.93,6.10,8.23,14.86,8.68
601238,广汽集团,2026-06-17,5.72,0,7.97,19.96,9.45
601279,英利汽车,2026-06-17,3.29,0.05,4.49,21.87,15.12
601288,农业银行,2026-06-17,6.53,54.88,6.45,25.31,20.60
601298,青岛港,2026-06-17,8.54,42.38,8.58,7.68,4.86
601311,骆驼股份,2026-06-17,8.25,7.25,9.63,13.86,7.88
601318,中国平安,2026-06-17,52.76,21.83,56.61,16.90,10.99
601319,中国人保,2026-06-17,7,18.06,8.19,16.56,12.58
601326,秦港股份,2026-06-17,3.39,20.95,3.53,9.96,5.68
601328,交通银行,2026-06-17,6.90,50.44,6.90,6.66,4.35
601330,绿色动力,2026-06-17,8.05,6.76,8.98,10.42,7.35
601333,广深铁路,2026-06-17,3,11.37,3.08,6.47,2.70
601336,新华保险,2026-06-17,61.75,33.67,63.82,18.76,13.02
601339,百隆东方,2026-06-17,7.18,51.82,7.17,28.16,20.41
601360,三六零,2026-06-17,9.22,2.35,11.26,16.75,10.02
601366,利群股份,2026-06-17,3.48,0,4.33,19.68,16.23
601368,绿城水务,2026-06-17,4.33,0.90,4.96,9.77,5.87
601369,陕鼓动力,2026-06-17,9.18,43.91,9.35,18.65,11.76
601375,中原证券,2026-06-17,4.08,45.66,4.11,8.87,6.18
601377,兴业证券,2026-06-17,6.08,36.32,6.42,13.06,10.34
601388,怡球资源,2026-06-17,3.16,3.65,3.82,13.79,10.42
601390,中国中铁,2026-06-17,4.68,6.35,5.50,14.36,8.39
601398,工商银行,2026-06-17,7.36,73.53,7.14,11.74,8.69
601399,国机重装,2026-06-17,3.71,5.40,4.43,24.62,17.26
601456,国联民生,2026-06-17,9.56,34.52,9.85,13.91,9.40
601500,通用股份,2026-06-17,3.89,0.04,4.56,9.86,6.28
601512,中新集团,2026-06-17,8.22,13.87,9.45,18.07,10.77
601515,衢州东峰,2026-06-17,3.95,8.95,4.55,12.44,7.94
601518,吉林高速,2026-06-17,2.94,56.92,2.92,6.78,4.42
601519,大智慧,2026-06-17,8.89,9.02,10.72,25.33,17.74
601528,瑞丰银行,2026-06-17,4.74,5.96,5.18,8.31,5.35
601555,东吴证券,2026-06-17,7.83,9.94,8.83,13.26,9.40
601566,九牧王,2026-06-17,9.24,0,11.24,17.03,9.22
601567,三星电气,2026-06-17,15.38,15.06,22.56,36.26,27.82
601568,北元化工,2026-06-17,3.70,1.04,4.13,10.95,6.86
601577,长沙银行,2026-06-17,9.39,30.86,9.56,9.74,5.35
601579,会稽山,2026-06-17,15.46,2.68,17.88,16.91,12.45
601588,北辰实业,2026-06-17,1.80,12.57,1.95,10.92,7.27
601595,上海电影,2026-06-17,18.04,1.02,25.30,29.94,19.39
601598,中国外运,2026-06-17,5.61,30.99,5.94,18.18,13.11
601599,浙文影业,2026-06-17,3.04,0.54,3.76,25.16,16.27
601600,中国铝业,2026-06-17,9.97,1.40,11.74,17.27,11.44
601601,中国太保,2026-06-17,32.19,15.66,36.91,18.70,12.76
601606,长城军工,2026-06-17,31.14,0.20,39.47,21.41,16.38
601607,上海医药,2026-06-17,16.11,0.78,17.78,8.76,5
601608,中信重工,2026-06-17,5.17,0.53,6.56,20.60,15.69
601609,金田股份,2026-06-17,12.17,32.23,12.54,14.44,7.02
601611,中国核建,2026-06-17,11.63,12.51,14.18,25.11,18.48
601615,明阳智能,2026-06-17,12.33,11.76,16.27,24.68,18.26
601616,广电电气,2026-06-17,3.82,9.54,4.67,20.13,12.12
601618,中国中冶,2026-06-17,2.75,5.80,3.08,13.42,6.73
601619,嘉泽新能,2026-06-17,4.60,0.36,5.65,16.55,9.38
601628,中国人寿,2026-06-17,35.81,15.26,39.51,17.98,11.24
601633,长城汽车,2026-06-17,16.82,3.23,22.11,21.22,12.92
601636,旗滨集团,2026-06-17,8.67,97.72,6.70,12.43,5.96
601658,邮储银行,2026-06-17,4.98,9.56,5.19,9.55,6.65
601665,齐鲁银行,2026-06-17,6.34,86.33,5.88,8.04,6.41
601666,平煤股份,2026-06-17,8.57,51.34,8.55,11.13,7.68
601668,中国建筑,2026-06-17,4.73,2.57,5.11,9.20,6.50
601669,中国电建,2026-06-17,5.17,11.57,5.78,16.37,7.34
601677,明泰铝业,2026-06-17,16.66,15.28,17.42,10.26,6.47
601678,滨化股份,2026-06-17,6.13,84.70,5.83,10.33,7.09
601686,友发集团,2026-06-17,5.01,1.84,6.07,12.52,7.60
601688,华泰证券,2026-06-17,20.40,63.23,19.52,12.79,9.53
601689,拓普集团,2026-06-17,60.11,14.56,66.04,12.87,8.65
601696,中银证券,2026-06-17,13.15,55.21,12.96,16,9.38
601698,中国卫通,2026-06-17,31.26,11.13,36.27,18,11.14
601699,潞安环能,2026-06-17,16.99,77.93,14.88,18.96,14.87
601700.code,sh601700.name,sh601700.date,sh601700.closePrice,sh601700.chipProfitRate,sh601700.chipAvgCost,sh601700.chipConcentration90,sh601700.chipConcentration70
601700,风范股份,2026-06-17,4.79,2.07,5.57,16.44,10.02
601702,华峰铝业,2026-06-17,16.41,3.98,19.27,19.22,12.30
601717,中创智领,2026-06-17,17.85,7.36,20.21,17.41,14.89
601718,ST际华,2026-06-17,1.75,0.52,3.30,35.08,24.51
601727,上海电气,2026-06-17,7.42,7.21,8.75,12.98,7.56
601728,中国电信,2026-06-17,5.79,11.75,6.69,15.76,12.20
601766,中国中车,2026-06-17,5.73,9.03,6.32,14.99,11.34
601777,千里科技,2026-06-17,9.28,8.56,11.14,18.18,10.65
601778,晶科科技,2026-06-17,5.02,15.16,6.04,20.70,17.42
601788,光大证券,2026-06-17,14.60,14,17.07,15.92,12.52
601789,宁波建工,2026-06-17,4.49,8.17,5.50,17.07,15.61
601798,蓝科高新,2026-06-17,7.17,0.04,8.76,14.75,10.78
601799,星宇股份,2026-06-17,118.81,5.08,128.88,10.94,7.51
601800,中国交建,2026-06-17,6.39,10.82,8.50,22.52,16.12
601801,皖新传媒,2026-06-17,5.20,0.60,6.62,13.13,7.49
601808,中海油服,2026-06-17,12,0.58,14.91,22.62,14.65
601811,新华文轩,2026-06-17,11.72,0.13,14.08,10.18,6.55
601816,京沪高铁,2026-06-17,4.73,0.07,5.12,9.05,6.03
601818,光大银行,2026-06-17,3.15,10.48,3.33,11.82,6.02
601825,沪农商行,2026-06-17,8.39,25.42,8.71,11.51,7.49
601827,三峰环境,2026-06-17,7.72,15.52,8.07,7.67,5.57
601828,美凯龙,2026-06-17,2.23,0.03,2.68,13.26,10.04
601838,成都银行,2026-06-17,19.23,93.29,17.15,10.63,7.86
601857,中国石油,2026-06-17,9.77,47.69,9.85,26,20.91
601858,中国科传,2026-06-17,21.22,17.11,23.44,18.86,11.73
601860,紫金银行,2026-06-17,2.61,16.56,2.68,6.24,3.45
601865,福莱特,2026-06-17,11,8.23,15.47,25.94,17.80
601866,中远海发,2026-06-17,2.41,3.40,2.70,11.16,7.77
601868,中国能建,2026-06-17,2.89,33.13,2.98,14.89,9.04
601869,长飞光纤,2026-06-17,460.50,90.45,392.82,35.06,12.05
601872,招商轮船,2026-06-17,17.10,46.71,17.21,36.61,13.05
601877,正泰电器,2026-06-17,27.05,6.07,31.71,18.45,10.35
601878,浙商证券,2026-06-17,9.39,6.85,10.76,12.37,9.47
601880,辽港股份,2026-06-17,1.52,7.63,1.65,8.90,5.37
601881,中国银河,2026-06-17,12.70,15.56,15.61,18.94,15.82
601882,海天精工,2026-06-17,20.69,47.41,20.79,12.42,9.72
601886,江河集团,2026-06-17,9.43,93.87,8.01,30.19,17.47
601888,中国中免,2026-06-17,56.83,9.25,62.06,25.53,22.65
601890,亚星锚链,2026-06-17,8.97,16.79,10.36,18.45,10.47
601898,中煤能源,2026-06-17,14,44.25,14.57,30.13,22.89
601899,紫金矿业,2026-06-17,30.43,21.37,32.76,18.54,11.57
601900,南方传媒,2026-06-17,11.61,0.27,13.66,14.45,10.51
601901,方正证券,2026-06-17,6.82,9.38,7.71,11.60,8.38
601908,京运通,2026-06-17,3.36,0.57,4.10,16.38,10.36
601916,浙商银行,2026-06-17,3.04,44.39,3.06,10.20,3.98
601918,新集能源,2026-06-17,9.39,57.61,9.09,21.83,17.40
601919,中远海控,2026-06-17,14.04,10.39,14.72,10.44,4.45
601921,浙版传媒,2026-06-17,7.33,6.20,7.99,9.30,5.24
601928,凤凰传媒,2026-06-17,9.17,4.90,10.17,9.95,5.94
601929,吉视传媒,2026-06-17,2.43,4.19,2.97,22.32,12.80
601933,永辉超市,2026-06-17,3.17,0.28,3.88,24.16,15.80
601939,建设银行,2026-06-17,10.13,84.78,9.33,9.19,6.88
601949,中国出版,2026-06-17,5.08,3.12,6.70,19.84,11.85
601952,苏垦农发,2026-06-17,8.24,0,9.80,10.65,6.35
601956,东贝集团,2026-06-17,4.81,0,6.63,22.77,16.55
601958,金钼股份,2026-06-17,28.47,94.83,22.29,31.32,19.33
601963,重庆银行,2026-06-17,11.26,83.19,10.62,14.45,6.93
601965,中国汽研,2026-06-17,13.39,0.10,17.39,16.10,9.41
601966,玲珑轮胎,2026-06-17,11.24,0.03,14.74,13.15,10.07
601968,宝钢包装,2026-06-17,4.14,0.52,5.21,16.84,12.10
601969,海南矿业,2026-06-17,9,2.82,11.49,18.42,11.09
601975,招商南油,2026-06-17,4.66,53.17,4.62,16.52,10.65
601985,中国核电,2026-06-17,9.30,89.49,9.04,4.68,2.98
601988,中国银行,2026-06-17,5.94,91.70,5.48,8.73,5.38
601990,南京证券,2026-06-17,6.68,4.62,8.02,13.50,8.44
601991,大唐发电,2026-06-17,9.13,94.80,7.97,37.39,10.83
601992,金隅集团,2026-06-17,1.50,0.73,1.77,16.41,12.54
601995,中金公司,2026-06-17,34.19,31.48,34.83,8.18,4.82
601996,丰林集团,2026-06-17,2.53,12.26,2.72,11.63,8.65
601997,贵阳银行,2026-06-17,5.58,27.19,5.67,5.75,3.21
601998,中信银行,2026-06-17,7.56,66.71,7.29,14.97,11.09
601999,出版传媒,2026-06-17,5.64,0.22,7.42,16.55,13.98
603000,人民网,2026-06-17,16.17,2.52,19.66,22.40,15.05
603001,奥康国际,2026-06-17,10.81,86.83,10.21,11.49,8.30
603002,宏昌电子,2026-06-17,23.20,100,17.45,22.49,9.32
603004,鼎龙科技,2026-06-17,21.30,80.68,20.67,10.05,5.72
603005,晶方科技,2026-06-17,46.12,87.72,44.39,9.89,4.95
603006,联明股份,2026-06-17,12.45,4.79,13.53,6.64,4.48
603007,顺景科技,2026-06-17,5.68,22.32,6.07,21.62,14.01
603008,ST喜临门,2026-06-17,9.25,64.80,9.07,32.52,21.70
603009,北特科技,2026-06-17,42.87,2.27,50.18,15.12,9.16
603010,万盛股份,2026-06-17,14.24,61.44,13.86,18.42,12.39
603011,合锻智能,2026-06-17,35.95,96.03,32.30,24.75,9.13
603012,创力集团,2026-06-17,7.39,4.44,8.71,14.26,12.10
603013,亚普股份,2026-06-17,17.35,2.83,21.60,19.13,13.94
603014,威高血净,2026-06-17,37.83,80.18,36.03,11.73,6.11
603015,弘讯科技,2026-06-17,12.27,25.19,12.62,14.84,9.72
603016,XD新宏泰,2026-06-17,36.35,10.06,45.57,24.87,19
603017,中衡设计,2026-06-17,11.07,9.86,13.74,19.85,16.77
603018,华设集团,2026-06-17,6.72,0.12,7.65,8.53,5.17
603019,中科曙光,2026-06-17,86.51,34.65,90.72,10.76,7.83
603020,爱普股份,2026-06-17,13.89,100,11.32,13.40,9.02
603021,*ST华鹏,2026-06-17,5.94,4.48,7.16,14.80,7.26
603022,新通联,2026-06-17,8.92,0.15,10.57,11.61,8.91
603023,威帝股份,2026-06-17,3.84,0,4.83,15.65,9.30
603025,大豪科技,2026-06-17,14.92,22,16.20,16.85,11.29
603026,石大胜华,2026-06-17,96.48,65.78,91.55,16.56,10.54
603027,千禾味业,2026-06-17,7.74,8.21,9.34,14.81,12.35
603028,赛福天,2026-06-17,7.30,0.29,9.14,15.12,10.14
603029,天鹅股份,2026-06-17,14.99,0.07,18.47,13.23,9.83
603030.code,sh603030.name,sh603030.date,sh603030.closePrice,sh603030.chipProfitRate,sh603030.chipAvgCost,sh603030.chipConcentration90,sh603030.chipConcentration70
603030,全筑股份,2026-06-17,2.27,7.42,2.63,14.56,11.99
603031,安孚科技,2026-06-17,52.85,31.77,54.17,23.50,8.91
603032,德新科技,2026-06-17,25.72,87.84,24.22,9.21,6.17
603033,三维股份,2026-06-17,9.32,0.76,11.18,13.98,7.12
603035,常熟汽饰,2026-06-17,11.08,0.30,14.13,19.07,13.53
603036,如通股份,2026-06-17,14.56,38.86,14.83,21.80,16.70
603037,凯众股份,2026-06-17,11.40,0.10,14.22,17.48,9.12
603038,华立股份,2026-06-17,16.11,40.18,16.38,8.52,5.10
603039,泛微网络,2026-06-17,41.18,45.29,41.65,13.51,10.19
603040,新坐标,2026-06-17,96.42,86.02,87.45,17.70,9.13
603041,美思德,2026-06-17,11.38,0.66,12.92,9.82,7.46
603042,华脉科技,2026-06-17,20.41,62.30,20.04,10.86,6.12
603043,广州酒家,2026-06-17,13.39,0,15.95,11.96,9.44
603045,福达合金,2026-06-17,84.49,77.58,78.28,14.73,9.67
603048,浙江黎明,2026-06-17,19.65,13.65,21.51,9.41,7.25
603049,中策橡胶,2026-06-17,46.79,8.41,48.64,8.66,4.79
603050,科林电气,2026-06-17,19.55,17.30,21.70,16.19,11.40
603051,鹿山新材,2026-06-17,21.65,34.27,22.53,10.06,7.62
603052,可川科技,2026-06-17,91.84,56.72,91.30,28.74,17.21
603053,成都燃气,2026-06-17,8.82,0.43,10.15,9.99,6.28
603055,台华新材,2026-06-17,7.86,0.02,9.13,11.46,6.81
603057,紫燕食品,2026-06-17,23.44,21.10,26.55,26.94,14.21
603058,永吉股份,2026-06-17,9.76,13.07,11.37,16.72,12.08
603059,倍加洁,2026-06-17,25.75,0.44,32.79,21.71,13.54
603060,国检集团,2026-06-17,7.28,75.14,6.98,10.76,6.39
603061,金海通,2026-06-17,340.24,96.58,298.90,30.84,22.98
603062,麦加芯彩,2026-06-17,41.40,3.29,49.32,14.75,11.58
603063,禾望电气,2026-06-17,52.48,43.21,53.44,20.68,10.28
603065,宿迁联盛,2026-06-17,14.81,87.42,9.42,32.40,29.19
603066,音飞储存,2026-06-17,10.55,20.68,11.19,8.68,6.02
603067,振华股份,2026-06-17,36.18,43.67,36.55,15.06,10.40
603068,博通集成,2026-06-17,34.70,43.27,36.09,10.69,7.66
603069,海汽集团,2026-06-17,13.71,0,17.96,32.02,19.81
603070,万控智造,2026-06-17,18.15,99.57,16.31,12.63,8.75
603071,物产环能,2026-06-17,12.07,13.48,13.40,11.46,7.19
603072,天和磁材,2026-06-17,37.33,45.69,37.52,10.76,6.54
603073,彩蝶实业,2026-06-17,16.14,0.05,19.24,12.02,9.71
603075,热威股份,2026-06-17,22.74,16.59,24.02,11.52,7.77
603076,乐惠国际,2026-06-17,21.70,1.24,26.58,18.17,12.13
603077,和邦生物,2026-06-17,2.38,8.24,2.82,15.35,10.61
603078,XD江化微,2026-06-17,47.28,89.59,43.14,20.51,13.63
603079,圣达生物,2026-06-17,12.60,0.14,16.61,22.85,15.39
603080,新疆火炬,2026-06-17,19.55,0.03,22.43,10.36,6.91
603081,大丰实业,2026-06-17,9.39,0.12,12.36,17.79,9.99
603082,北自科技,2026-06-17,37.30,76.92,35.98,11.99,6.32
603083,剑桥科技,2026-06-17,203.29,86.90,193.97,9.11,6.37
603085,天成自控,2026-06-17,12.47,53.08,12.37,12.99,10.03
603086,先达股份,2026-06-17,5.59,0.03,7.44,19.83,16.04
603087,甘李药业,2026-06-17,54.08,10.38,62.55,15.72,11.75
603088,宁波精达,2026-06-17,10.37,16.61,12.04,15.16,12.58
603089,正裕工业,2026-06-17,9.28,0.16,12.59,19.91,13.19
603090,宏盛股份,2026-06-17,62.40,37,64.83,13.46,10.13
603091,众鑫股份,2026-06-17,67.42,13.68,77.09,13.33,10.60
603092,德力佳,2026-06-17,58.91,23.60,67.94,14.66,12.38
603093,南华期货,2026-06-17,20.77,40.33,21.22,14.60,9.24
603095,越剑智能,2026-06-17,16.98,1.88,21.01,19.70,17.13
603096,新经典,2026-06-17,14.42,0.04,17.46,10.81,6.99
603097,江苏华辰,2026-06-17,26.86,15,29.69,22.15,14.54
603098,森特股份,2026-06-17,11.66,0.71,14.64,20.05,15.43
603099,长白山,2026-06-17,36.83,25.36,37.84,13.72,5.09
603100,川仪股份,2026-06-17,17.40,0.20,20.42,16.26,12.80
603101,汇嘉时代,2026-06-17,6.74,0.07,8.63,23.10,17.35
603102,百合股份,2026-06-17,33.57,0,41.88,14.42,7.71
603103,横店影视,2026-06-17,16,2.37,22.16,33.58,15.99
603105,芯能科技,2026-06-17,7.61,1.36,9.79,22.81,14.75
603106,恒银科技,2026-06-17,7.21,4.70,9.15,23.78,17.66
603107,上海汽配,2026-06-17,12.13,0.05,14.57,10.86,5.75
603108,润达医疗,2026-06-17,10.16,0.44,13.25,22.35,16.97
603109,神驰机电,2026-06-17,17.64,0,22.73,19.48,14.17
603110,东方材料,2026-06-17,22.66,67.69,22.02,13.01,5.91
603111,康尼机电,2026-06-17,6.16,2.31,6.95,12.65,7.13
603112,华翔股份,2026-06-17,18.48,27.89,20.13,14.35,11.58
603113,金能科技,2026-06-17,4.68,0.10,6.92,24.51,17.30
603115,海星股份,2026-06-17,119.94,99.92,95.76,55.77,41.45
603116,红蜻蜓,2026-06-17,6.70,37.10,7.01,17.99,12.98
603117,万林物流,2026-06-17,3.69,0.24,4.84,18.33,11.95
603118,共进股份,2026-06-17,13.32,47.54,13.38,14.65,10.93
603119,浙江荣泰,2026-06-17,71.40,37.66,72.08,9.20,3.73
603120,肯特催化,2026-06-17,51.44,22.03,53.98,7.25,4.63
603121,华培动力,2026-06-17,14.85,4.89,19.40,21.72,15.52
603122,合富中国,2026-06-17,11.82,0,15.17,22.16,16.01
603123,翠微股份,2026-06-17,9.78,20.72,11.56,19.54,15.57
603124,江南新材,2026-06-17,192.10,84.60,154.02,31.21,22.23
603125,常青科技,2026-06-17,28.40,99.44,22.79,23.46,18.65
603126,XD中材节,2026-06-17,7.34,8.51,8.02,13.23,7.16
603127,昭衍新药,2026-06-17,32.42,16.30,37.34,13.93,10.77
603128,华贸物流,2026-06-17,5.16,0.07,5.93,8.35,5.61
603129,春风动力,2026-06-17,223.97,8.88,245.40,11.12,8.06
603130,云中马,2026-06-17,44.29,31.86,45.99,21.81,11.64
603131,上海沪工,2026-06-17,18.29,3.53,21.52,16.36,13.38
603132,金徽股份,2026-06-17,17.42,57.30,17.11,29.98,17.39
603135,中重科技,2026-06-17,12.74,60.68,12.35,20.32,14.47
603136,天目湖,2026-06-17,8.64,0.31,10.86,14.62,11.41
603137,恒尚节能,2026-06-17,12.94,13.73,13.56,9.77,4.79
603138,海量数据,2026-06-17,15.93,0.70,17.98,13,9.75
603139,康惠股份,2026-06-17,44.13,100,37.80,20.68,7.83
603150,万朗磁塑,2026-06-17,78.36,93.27,67.65,26.12,17.70
603151,邦基科技,2026-06-17,11.88,0,16.29,34.23,17.78
603153,上海建科,2026-06-17,13.55,0.07,17.13,13.78,7.44
603155,新亚强,2026-06-17,24.86,99.66,20.11,20.64,14.55
603156.code,sh603156.name,sh603156.date,sh603156.closePrice,sh603156.chipProfitRate,sh603156.chipAvgCost,sh603156.chipConcentration90,sh603156.chipConcentration70
603156,养元饮品,2026-06-17,43.89,85.97,30.89,41.80,24.99
603158,腾龙股份,2026-06-17,13.73,29.89,14.70,11.07,8.94
603159,上海亚虹,2026-06-17,26,36.62,26.51,9.25,4.84
603160,汇顶科技,2026-06-17,59.74,21.79,67.26,20.16,16.99
603161,科华控股,2026-06-17,14.74,59.70,14.59,9.24,5.71
603162,海通发展,2026-06-17,9.73,13.63,10.49,15.01,12.05
603163,圣晖集成,2026-06-17,120.16,93.23,109.48,11.34,6.81
603165,荣晟环保,2026-06-17,15.70,52.32,15.66,14.58,9.10
603166,福达股份,2026-06-17,15.81,78.57,14.42,15.40,10.53
603167,渤海轮渡,2026-06-17,9.06,14.24,9.32,6.03,3.73
603168,莎普爱思,2026-06-17,5.08,0.08,6.62,18.76,14.60
603169,兰石重装,2026-06-17,8.46,30.05,9.78,25.04,17.72
603170,宝立食品,2026-06-17,11.76,1.38,13.27,11.56,9.04
603171,税友股份,2026-06-17,44.11,1.02,54.96,27.09,11.60
603172,万丰股份,2026-06-17,18.17,0.13,21.33,12.26,7.99
603173,XD福斯达,2026-06-17,33.79,1.32,42.16,17.17,12.75
603175,超颖电子,2026-06-17,102.97,99.12,90.99,11.37,8.76
603176,汇通集团,2026-06-17,4.60,0.38,5.53,13.96,7.68
603177,德创环保,2026-06-17,9.89,15.91,11.58,14.25,10.31
603178,圣龙股份,2026-06-17,16.36,5.51,19.14,16.14,11.86
603179,新泉股份,2026-06-17,50.36,23.26,52.08,16.34,9.88
603180,金牌家居,2026-06-17,14.80,0.12,20.16,16.65,10.91
603181,皇马科技,2026-06-17,15.72,63.31,15.13,11.53,7.83
603182,嘉华股份,2026-06-17,12.10,0.02,14.79,14.49,10.10
603183,建研院,2026-06-17,3.67,0.03,4.54,12.67,9.82
603185,XD弘元绿,2026-06-17,17.60,12.54,21.83,24.05,17.44
603186,华正新材,2026-06-17,226.67,100,143.57,38.88,21.50
603187,海容冷链,2026-06-17,12.20,2.99,14.40,14.05,10.64
603188,亚邦股份,2026-06-17,4.20,0.27,4.98,15.38,9.50
603189,*ST网达,2026-06-17,11.11,0.12,12.80,27.25,18.87
603190,亚通精工,2026-06-17,25.58,14.40,26.80,6.98,5.41
603191,望变电气,2026-06-17,17.93,21.28,20.67,17.91,12.83
603192,汇得科技,2026-06-17,18.23,0,24.69,18.25,11.56
603193,润本股份,2026-06-17,20.65,0.25,23.58,10.37,8.24
603194,中力股份,2026-06-17,37.04,57.72,36.56,10.34,6.85
603195,公牛集团,2026-06-17,39.20,2.24,42.22,11.18,8.34
603196,璞源材料,2026-06-17,25.79,26.96,27.49,19.26,13.18
603197,XD保隆科,2026-06-17,29.30,6.28,34.68,14.52,10.31
603198,迎驾贡酒,2026-06-17,32.91,4.84,37.74,15.23,9.85
603199,九华旅游,2026-06-17,31.64,0.06,36.46,13.56,10.83
603200,上海洗霸,2026-06-17,47.57,11.57,57.74,26.40,16.65
603201,常润股份,2026-06-17,17.53,58.42,17.25,9.07,6.61
603202,XD天有为,2026-06-17,62.96,0.52,76.61,21.26,19.05
603203,快克智能,2026-06-17,62.40,97.93,53.36,34.26,17.09
603205,健尔康,2026-06-17,21.67,0.47,25.98,13.08,10.26
603206,嘉环科技,2026-06-17,18.12,53.42,18.07,13.41,8.09
603207,小方制药,2026-06-17,22.17,4.77,26.55,16,13.13
603208,江山欧派,2026-06-17,10.90,0.16,13.90,13.45,9.19
603209,兴通股份,2026-06-17,13.18,4.04,15.10,11.68,7.25
603210,泰鸿万立,2026-06-17,13.78,2.87,16.44,17.45,14.91
603211,晋拓股份,2026-06-17,33.13,98.92,29.49,16.23,10.78
603212,赛伍技术,2026-06-17,15.86,60.75,15.67,8.76,5.42
603213,镇洋发展,2026-06-17,14.20,73.98,13.56,10.66,5.23
603214,爱婴室,2026-06-17,13.04,0.11,15.78,15,10
603215,比依股份,2026-06-17,15.48,8.80,19.10,19.01,13.95
603216,梦天家居,2026-06-17,21.95,0,30.18,34.37,23.64
603217,元利科技,2026-06-17,23.92,8.64,26.82,13.78,10.96
603218,日月股份,2026-06-17,10.99,5.72,13.77,18.07,9.67
603219,富佳股份,2026-06-17,15.27,5.39,17.27,15.18,8.19
603220,中贝通信,2026-06-17,24.27,54.05,24.13,18.94,15.27
603221,爱丽家居,2026-06-17,11.53,9.15,12.54,9.40,5.78
603222,济民健康,2026-06-17,7.99,0.46,9.72,13.56,9.61
603223,恒通股份,2026-06-17,9.24,27.42,9.63,14.88,8.09
603225,新凤鸣,2026-06-17,20.60,81.52,18.01,16.46,11.37
603226,菲林格尔,2026-06-17,55.80,93.78,40.10,32.31,24.58
603227,雪峰科技,2026-06-17,7.84,0.55,8.82,10.93,7.41
603228,景旺电子,2026-06-17,80.76,86.66,75.12,17.31,7.95
603229,奥翔药业,2026-06-17,8.30,0.53,10.06,12.81,5.19
603230,内蒙新华,2026-06-17,9.36,0.06,12.30,14.85,9.39
603231,索宝蛋白,2026-06-17,14.73,0.23,17.41,12.21,8.34
603232,格尔软件,2026-06-17,16.05,1.49,20.04,18.82,14.54
603233,大参林,2026-06-17,16.07,12.39,17.65,14.53,8.23
603235,天新药业,2026-06-17,23.24,0.37,27.29,6.25,3.78
603236,移远通信,2026-06-17,55.08,39.82,55.65,12.47,4.64
603237,五芳斋,2026-06-17,13.82,0.13,16.55,9.60,5.37
603238,诺邦股份,2026-06-17,12.04,0.17,15.49,21.62,16.48
603239,浙江仙通,2026-06-17,16.47,0.04,23.06,19.11,13.96
603248,锡华科技,2026-06-17,23.58,14.94,25.62,15.27,11.08
603255,鼎际得,2026-06-17,32.93,71.04,31.03,9.63,7.27
603256,宏和科技,2026-06-17,258.90,97.77,132.50,63.45,47.93
603257,中国瑞林,2026-06-17,71,99.83,66.18,7.89,6.01
603258,电魂网络,2026-06-17,12.53,0,17.83,22.31,17.07
603259,药明康德,2026-06-17,98.20,45.61,98.73,9.50,6.76
603260,合盛硅业,2026-06-17,50.03,59.04,48.60,21.68,14.07
603261,立航科技,2026-06-17,40.70,100,30.85,27.53,20.14
603262,技源集团,2026-06-17,27.01,44.04,27.23,5.24,3.53
603266,天龙股份,2026-06-17,17.23,0.89,20.28,12.92,8
603267,鸿远电子,2026-06-17,75,83.45,69.47,17.69,8.47
603268,松发股份,2026-06-17,151.34,76.49,141.42,25.55,12.36
603269,海鸥股份,2026-06-17,23.53,76.11,22.30,18.01,6.14
603270,金帝股份,2026-06-17,30.20,73.24,29.48,7.30,4.59
603271,XD永杰新,2026-06-17,54.40,99.90,48.41,10.01,6.60
603272,*ST联翔,2026-06-17,32.67,42.91,33.24,33.83,22.25
603273,天元智能,2026-06-17,14.23,4.70,15.88,15.20,12.12
603275,众辰科技,2026-06-17,41.86,31.50,44.83,14.91,11.71
603276,恒兴新材,2026-06-17,16.75,26.17,17.15,6.16,3.69
603277,银都股份,2026-06-17,10.25,0.15,16.15,22.95,16.13
603278,大业股份,2026-06-17,12.57,37.18,12.80,12.66,7.45
603279,景津装备,2026-06-17,13.16,1.42,16.69,19.32,13.17
603280,南方路机,2026-06-17,27.38,0.67,34.30,16.01,9.87
603281.code,sh603281.name,sh603281.date,sh603281.closePrice,sh603281.chipProfitRate,sh603281.chipAvgCost,sh603281.chipConcentration90,sh603281.chipConcentration70
603281,江瀚新材,2026-06-17,37.30,89.83,32.57,21.29,16.35
603282,亚光股份,2026-06-17,14.69,0.85,19.94,20.95,15.14
603283,赛腾股份,2026-06-17,63.06,100,51.43,21.07,8.92
603284,林平发展,2026-06-17,38.65,5.64,41.92,15.53,9.30
603285,键邦股份,2026-06-17,50.58,87.57,46.06,14.44,9.79
603286,日盈电子,2026-06-17,56.62,16.99,61.22,12.41,10.06
603288,海天味业,2026-06-17,33.32,1.26,37.48,9.06,6.64
603289,泰瑞机器,2026-06-17,9.06,4.15,11.18,14.99,11.42
603290,斯达半导,2026-06-17,130.98,81.03,119.33,14.77,10.48
603291,联合水务,2026-06-17,8.77,0,11.34,13.62,7.56
603293,埃泰克,2026-06-17,41.94,24.53,44.47,15.03,12.94
603296,DR华勤技,2026-06-17,79.46,3.03,106.67,18.10,11.89
603297,XD永新光,2026-06-17,126.26,68.01,119.49,18.13,13.68
603298,杭叉集团,2026-06-17,24.85,37.85,25.81,22.92,14.40
603299,苏盐井神,2026-06-17,9.97,5.14,11.05,10.08,6.84
603300,海南华铁,2026-06-17,5.04,2.58,6.70,19.52,15.67
603301,振德医疗,2026-06-17,88.15,50.84,87.89,16.96,12.06
603303,得邦照明,2026-06-17,30.97,87.95,17.91,49.68,39.57
603305,旭升集团,2026-06-17,14.10,10.60,15.60,16.03,9.03
603306,华懋科技,2026-06-17,107.96,70.27,105.04,16.49,7.97
603307,扬州金泉,2026-06-17,25.55,6.47,27.54,8.34,5.59
603308,应流股份,2026-06-17,63.97,43.54,65.32,17.07,11.55
603309,维力医疗,2026-06-17,11.50,3.42,13.63,13.35,8.05
603310,巍华新材,2026-06-17,15.61,3.31,17.04,7.40,4.79
603311,金海高科,2026-06-17,40.39,90,37.24,39.20,18.97
603312,西典新能,2026-06-17,37.87,31.03,39.05,16.94,8.89
603313,梦百合,2026-06-17,5.05,0,6.67,31.37,26.74
603315,福鞍股份,2026-06-17,16.75,53.14,16.67,12.01,7.68
603316,诚邦股份,2026-06-17,20.73,64.04,20.40,14.48,5.44
603317,天味食品,2026-06-17,13.61,57.14,13.16,20.14,15.69
603318,水发燃气,2026-06-17,9.90,82.95,9.38,13.23,5.67
603319,美湖股份,2026-06-17,35.73,39.58,36.15,14.92,10.31
603320,迪贝电气,2026-06-17,20.49,16.66,23.62,13.60,10.83
603321,梅轮电梯,2026-06-17,6.18,0.09,7.48,13.52,9.43
603322,超讯科技,2026-06-17,28.79,9.83,33.63,15.53,12.09
603323,苏农银行,2026-06-17,4.80,19.06,4.94,5.81,3.75
603324,盛剑科技,2026-06-17,39.18,100,32.94,17.68,10.98
603325,博隆技术,2026-06-17,56,7.72,65.67,21.04,16.24
603326,我乐家居,2026-06-17,6.61,0.03,8.41,17.20,10.72
603327,福蓉科技,2026-06-17,10.80,80.50,10.52,6.31,4.12
603328,依顿电子,2026-06-17,15.12,99.13,12.98,10.90,7.16
603329,上海雅仕,2026-06-17,9.61,0.18,11.20,10.03,7.08
603330,天洋新材,2026-06-17,8.05,27.82,8.46,13.70,6.24
603331,百达精工,2026-06-17,11.58,0.25,14.26,15.62,12.53
603332,苏州龙杰,2026-06-17,11.12,0.63,13.61,13.13,9.74
603333,福华尚纬,2026-06-17,8.10,9.20,8.69,12.15,7.20
603334,丰倍生物,2026-06-17,39.99,9.49,43.67,14.75,9.89
603335,迪生力,2026-06-17,8.49,64.02,7.57,17.93,11.96
603336,宏辉果蔬,2026-06-17,8.09,1.33,10,20.87,16.91
603337,杰克科技,2026-06-17,41.30,54.03,40.95,16.40,8.98
603338,浙江鼎力,2026-06-17,47.95,1.82,54.20,10.31,7.44
603339,四方科技,2026-06-17,12.81,10.10,13.60,7.28,5
603341,龙旗科技,2026-06-17,37.89,48.12,37.96,12.44,4.50
603344,星德胜,2026-06-17,27.43,0.73,29.96,8.67,6.19
603345,安井食品,2026-06-17,84.94,14.86,92.24,14.82,8.78
603348,文灿股份,2026-06-17,14.69,1.07,20.38,19.73,9.20
603350,安乃达,2026-06-17,30.32,9.89,35.17,12.02,9.80
603351,威尔药业,2026-06-17,24.45,2.76,26.60,10.46,7.01
603352,至信股份,2026-06-17,28.07,5.88,32.42,21.65,13.95
603353,和顺石油,2026-06-17,41.10,34.02,45.13,18.75,14.09
603355,莱克电气,2026-06-17,28.81,49.45,28.90,22.92,17.28
603356,华菱精工,2026-06-17,18.52,50.44,18.51,10.36,6.11
603357,设计总院,2026-06-17,6.55,0.23,8.22,12.13,7.49
603358,华达科技,2026-06-17,35.82,32.97,37.16,21.28,6.95
603359,*ST东珠,2026-06-17,2.62,3.23,3.26,47.08,40.71
603360,百傲化学,2026-06-17,18.88,5.05,22.44,26.93,17.70
603363,傲农生物,2026-06-17,2.88,1.53,3.43,20.86,14.80
603365,水星家纺,2026-06-17,17.48,10.69,20.37,17.97,9.85
603366,日出东方,2026-06-17,6.90,1.72,8.72,21.14,15.15
603367,辰欣药业,2026-06-17,12.99,0.30,16.06,16.98,13.18
603368,柳药集团,2026-06-17,15.56,7.97,16.80,9.07,6.54
603369,今世缘,2026-06-17,25.13,9.94,28.93,27.93,21.69
603370,华新精科,2026-06-17,41.68,6.71,43.84,8.75,5.62
603373,安邦护卫,2026-06-17,39.95,99.55,34.56,14.90,9.26
603375,盛景微,2026-06-17,49.76,60.99,49.09,12.05,5.80
603376,大明电子,2026-06-17,26.93,18.25,30.47,12.61,10.26
603377,ST东时,2026-06-17,3.43,2.04,3.69,9.26,5.98
603378,*ST亚士,2026-06-17,5.19,18.10,5.48,19.34,7.19
603379,三美股份,2026-06-17,68.95,94.60,60.58,12.71,8.78
603380,易德龙,2026-06-17,37.30,51.56,37.19,11.68,8
603381,永臻股份,2026-06-17,16.96,3.67,22.78,21.90,18.39
603382,海阳科技,2026-06-17,18.83,0.58,24.62,22.49,17.01
603383,顶点软件,2026-06-17,28.50,7.98,32.20,13.85,6.64
603385,惠达卫浴,2026-06-17,5.17,0.21,6.63,14.34,9.68
603386,骏亚科技,2026-06-17,18.16,87.57,17.16,13.20,7.48
603387,基蛋生物,2026-06-17,8.12,3.96,9.57,12.59,7.70
603389,*ST亚振,2026-06-17,58.35,82.54,44.56,65.45,36.11
603390,通达电气,2026-06-17,12.08,17.47,13.64,12.98,9.77
603391,力聚热能,2026-06-17,56.12,29.66,59.68,15.04,11.53
603392,万泰生物,2026-06-17,28.61,1.36,47.60,39.55,25.67
603393,新天然气,2026-06-17,25.69,3.63,30.44,22.60,17.33
603395,红四方,2026-06-17,22.43,9.52,24.76,17.44,11.84
603396,金辰股份,2026-06-17,28.81,3.63,35.19,17.61,13.91
603398,*ST沐邦,2026-06-17,14.14,75.95,13.18,25.17,20.24
603399,永杉锂业,2026-06-17,19.87,34.43,20.30,11.58,8.52
603400,华之杰,2026-06-17,61.01,28.88,68.56,19.16,16.36
603402,陕西旅游,2026-06-17,67.72,0,72.25,20.11,15.12
603406,天富龙,2026-06-17,28.34,9.57,33.14,17.10,10.20
603407,长裕集团,2026-06-17,61.85,60.45,60.04,14.19,10.80
603408,建霖家居,2026-06-17,10.17,5.12,11.93,15.01,10.67
603409.code,sh603409.name,sh603409.date,sh603409.closePrice,sh603409.chipProfitRate,sh603409.chipAvgCost,sh603409.chipConcentration90,sh603409.chipConcentration70
603409,汇通控股,2026-06-17,31.70,20.12,37.08,17.52,15.40
603416,信捷电气,2026-06-17,55.25,30.09,57.61,12.76,9.05
603418,友升股份,2026-06-17,50.45,32.85,51.78,8.49,6.37
603421,鼎信通讯,2026-06-17,6.57,2.40,8.38,21.77,13.14
603429,*ST集友,2026-06-17,10.23,66.03,9.89,14.60,8.87
603435,嘉德利,2026-06-17,70.17,70.99,67.76,14.15,9.99
603439,三力制药,2026-06-17,15.14,56.10,14.97,17.96,13.99
603444,吉比特,2026-06-17,324.88,3.38,373.21,15.41,9.54
603456,九洲药业,2026-06-17,12.97,26.74,15.21,22.91,18.80
603458,勘设股份,2026-06-17,14.72,97.39,13.42,11.86,4.75
603459,红板科技,2026-06-17,89.31,74.20,85.90,13.68,8.48
603466,风语筑,2026-06-17,10.30,8.77,10.98,9.18,5.95
603477,巨星农牧,2026-06-17,13.99,4.56,17.42,15.18,12.47
603486,科沃斯,2026-06-17,53.32,0.54,66.81,26.28,16.47
603488,展鹏科技,2026-06-17,13.18,100,12.02,9.69,5.18
603489,八方股份,2026-06-17,32.45,27.05,34.34,12.93,9.82
603496,恒为科技,2026-06-17,24.33,43.04,25.49,18.43,16.47
603499,翔港科技,2026-06-17,20.41,30.70,21.51,15.97,9.72
603500,祥和实业,2026-06-17,13.60,92.69,13.01,13.85,9.59
603501,豪威集团,2026-06-17,90.12,8.67,100.98,19.64,13.20
603505,金石资源,2026-06-17,19.92,61.14,19.36,11.40,8.97
603506,南都物业,2026-06-17,10.15,0.53,12.37,15.54,11.43
603507,振江股份,2026-06-17,37.50,18.27,41.69,14.38,11.29
603508,思维列控,2026-06-17,21.59,0.04,25.83,15.41,8.31
603511,爱慕股份,2026-06-17,12.31,0.36,15.18,13.43,8.77
603515,欧普照明,2026-06-17,18.33,48.48,18.39,13.97,9.65
603516,淳中科技,2026-06-17,135.63,67.26,130.78,17.36,11.01
603517,ST绝味,2026-06-17,10.97,0,13,13.47,6.69
603518,锦泓集团,2026-06-17,8.06,1.91,9.21,11.13,8.58
603519,立霸股份,2026-06-17,14.88,99.70,13.42,8.71,6.30
603520,司太立,2026-06-17,9.40,12.58,10.74,18.31,15.79
603527,众源新材,2026-06-17,14.73,88.61,13.69,11.19,6.04
603528,多伦科技,2026-06-17,6.65,2.98,8.13,24.88,21.38
603529,爱玛科技,2026-06-17,20.42,1.56,29.04,26.51,21.11
603530,神马电力,2026-06-17,52.90,32.23,58.21,25.78,17.39
603533,掌阅科技,2026-06-17,20.09,1.94,25.04,14.59,12.67
603535,嘉诚国际,2026-06-17,6.54,0.10,9.27,27.71,17.86
603536,惠发食品,2026-06-17,8.48,0.04,10.03,13.49,9.61
603538,美诺华,2026-06-17,37.80,5.33,41.97,17.57,10.61
603551,奥普科技,2026-06-17,9.32,3.14,11.29,12.41,7.44
603556,海兴电力,2026-06-17,23.06,0,33.38,26.11,18.02
603557,*ST起步,2026-06-17,4.15,49.40,4.15,30.14,19.37
603558,健盛集团,2026-06-17,11.51,10.97,13.07,11.37,8.35
603559,ST通脉,2026-06-17,8.71,67.21,8.19,22.23,17.47
603565,中谷物流,2026-06-17,10.38,51.15,10.37,12.42,7.54
603566,普莱柯,2026-06-17,9.78,0.12,12.39,16.78,12.08
603567,珍宝岛,2026-06-17,5.08,0,7.21,35.53,13.94
603568,伟明环保,2026-06-17,16.95,46.37,17.13,20.41,16.53
603569,长久物流,2026-06-17,5.32,0,7.03,21.32,15.36
603577,汇金通,2026-06-17,9.53,4.70,11.05,10.65,5.83
603578,三星新材,2026-06-17,13.64,31.35,14.55,12.65,8.51
603579,荣泰健康,2026-06-17,19.82,35.60,21.47,19.27,12.41
603580,*ST艾艾,2026-06-17,26.05,94.66,18.03,29.03,24.76
603583,捷昌驱动,2026-06-17,24.24,1.88,31.03,23.16,19.17
603585,苏利股份,2026-06-17,14.62,0,19.30,25.47,21.14
603586,金麒麟,2026-06-17,15.75,2.93,17.70,10.28,7.71
603587,地素时尚,2026-06-17,11.61,2.79,12.94,7.35,4.22
603588,高能环境,2026-06-17,15.51,86.89,14.20,13.11,8.76
603589,口子窖,2026-06-17,19.92,3.28,28.09,26.83,22.46
603590,康辰药业,2026-06-17,29.14,2.73,36.78,19.87,13.05
603595,ST东尼,2026-06-17,27.59,98.86,18.82,25.57,19.65
603596,伯特利,2026-06-17,28.91,15.73,31.92,15.44,9.36
603598,引力传媒,2026-06-17,19.06,6.64,21.29,13.40,10.22
603599,广信股份,2026-06-17,10.78,5.41,13.24,18.47,14.68
603600,永艺股份,2026-06-17,9.44,0.07,11.29,10.88,8.12
603601,再升科技,2026-06-17,15.77,76.27,14.70,18.33,9.77
603602,纵横通信,2026-06-17,12.89,13.88,13.57,11.41,6.38
603605,珀莱雅,2026-06-17,65.99,47.62,66.29,17.31,11.42
603606,东方电缆,2026-06-17,40.87,13.23,48.71,16.87,12.30
603607,京华激光,2026-06-17,20.70,2.61,22.82,9.50,6.93
603608,天创时尚,2026-06-17,26.08,77.98,21.94,37.78,22.54
603609,禾丰股份,2026-06-17,6,0.19,7.48,15.81,11.60
603610,麒盛科技,2026-06-17,18.50,67.93,18.02,11.54,7.10
603611,诺力股份,2026-06-17,17.25,2.08,19.94,15.94,12.99
603612,索通发展,2026-06-17,20.54,14.03,23.43,24.21,14.52
603613,国联股份,2026-06-17,19.97,2.83,27.23,19.81,10.40
603615,茶花股份,2026-06-17,17.91,9.60,20.36,18.94,11.66
603616,韩建河山,2026-06-17,5.87,6.81,6.33,14.03,10.37
603617,君禾股份,2026-06-17,7.55,52.28,7.53,6.11,4.15
603618,杭电股份,2026-06-17,51.73,100,40.64,12.35,6.45
603619,中曼石油,2026-06-17,22.60,1.83,26.32,21.79,17.59
603626,科森科技,2026-06-17,21.41,7.07,23.52,13.03,10.48
603628,清源股份,2026-06-17,10.02,0.10,12.77,22.59,17.54
603629,利通电子,2026-06-17,165.03,52.61,164.04,19.56,14.86
603630,拉芳家化,2026-06-17,12.90,1.73,16.33,28.07,20.34
603633,徕木股份,2026-06-17,8.02,24.50,8.40,9.28,7
603636,南威软件,2026-06-17,9.33,29.13,9.86,15.89,12.63
603637,镇海股份,2026-06-17,18.27,69.71,17.73,20.08,9.04
603638,艾迪精密,2026-06-17,24.13,78,22.45,17.33,13.21
603639,海利尔,2026-06-17,10.50,0,13.56,14.81,8.28
603648,畅联股份,2026-06-17,8.42,0.05,10.36,13.28,7.44
603650,彤程新材,2026-06-17,67.82,99.88,58.19,11.93,8.44
603655,XD朗博科,2026-06-17,31.83,0.94,41.03,19.04,11.46
603656,泰禾智能,2026-06-17,18.20,11.06,20.21,15.74,12.48
603657,春光科技,2026-06-17,24.50,18.71,28.71,19.34,14.36
603658,安图生物,2026-06-17,31.03,3.50,35.96,13.01,9.98
603659,璞泰来,2026-06-17,29.51,26.46,31.55,14.81,11.81
603660,苏州科达,2026-06-17,12.17,55.33,12,15.61,8.95
603661,恒林股份,2026-06-17,33.64,52.37,33.47,12.68,7.53
603662,柯力传感,2026-06-17,70.32,87.84,66.63,11.60,6.87
603663.code,sh603663.name,sh603663.date,sh603663.closePrice,sh603663.chipProfitRate,sh603663.chipAvgCost,sh603663.chipConcentration90,sh603663.chipConcentration70
603663,三祥新材,2026-06-17,79.54,92.66,63.78,32.17,25.10
603665,康隆达,2026-06-17,26.25,4.59,29.68,15.23,9.47
603666,亿嘉和,2026-06-17,26.95,14.72,29.65,11.10,8.39
603667,五洲新春,2026-06-17,66.52,20.94,71.65,14.45,10.98
603668,天马科技,2026-06-17,10.70,2.78,13.34,21.55,15.34
603669,灵康药业,2026-06-17,4.82,86.33,4.57,10.02,5.87
603676,卫信康,2026-06-17,8.60,0.31,11.25,18,10.82
603677,奇精机械,2026-06-17,13.85,0.14,17.25,15.52,8.36
603678,火炬电子,2026-06-17,69.71,100,59.68,32.32,22.22
603679,华体科技,2026-06-17,19.48,98.42,17.53,16.19,9.65
603680,今创集团,2026-06-17,11.01,6.73,13.99,21.43,14.76
603681,永冠新材,2026-06-17,26.20,68.96,25.08,20.73,10.54
603682,锦和商管,2026-06-17,8.04,29.82,8.44,17.93,12.06
603683,晶华新材,2026-06-17,31.86,74.01,30.41,10.65,7.54
603685,晨丰科技,2026-06-17,31.80,53.22,31.56,27.77,13.36
603686,福龙马,2026-06-17,14.29,3.61,18.26,26.41,15.33
603687,大胜达,2026-06-17,18.45,71.19,18.08,9.87,6.50
603688,石英股份,2026-06-17,79.34,90.85,72.24,22.37,10.28
603689,皖天然气,2026-06-17,7.55,0.02,8.15,6.16,4.20
603690,至纯科技,2026-06-17,28.93,79.10,27.82,9.85,6.25
603693,XD江苏新,2026-06-17,14.58,19.51,16.32,15.91,11.01
603696,安记食品,2026-06-17,12.52,1.25,15.62,25.18,17.61
603697,有友食品,2026-06-17,11.02,46.92,11.07,15.19,9.11
603698,航天工程,2026-06-17,31.72,17.56,38.17,19.61,16.68
603699,纽威股份,2026-06-17,55.99,61.64,52.94,43.12,28.79
603700,宁水集团,2026-06-17,10.75,3.45,12.67,13.79,9.76
603701,德宏股份,2026-06-17,23.80,49.29,23.82,13.31,8.27
603703,盛洋科技,2026-06-17,12.22,20.69,13.18,15.05,9.41
603706,东方环宇,2026-06-17,19.78,26.56,20.62,10.26,6.74
603707,健友股份,2026-06-17,7.16,0.19,9.66,20.40,10.44
603708,家家悦,2026-06-17,9.21,0.03,11.73,16.89,13.83
603709,中源家居,2026-06-17,14.73,0.44,17.94,13.16,9.66
603711,香飘飘,2026-06-17,12.41,1.87,14.18,10.19,6.82
603712,七一二,2026-06-17,13.16,0,16.38,24.86,19.04
603713,密尔克卫,2026-06-17,60.89,80.49,57.05,11.71,7.98
603716,塞力医疗,2026-06-17,15.70,9.18,20.07,20.75,18.59
603717,天域生物,2026-06-17,6.17,1.53,6.87,11.08,8.44
603718,*ST海利,2026-06-17,2.99,0,3.85,33.50,18.88
603719,良品铺子,2026-06-17,8.97,0.09,10.87,16.75,10.63
603721,中广天择,2026-06-17,20.49,35.95,21.32,15.53,12.50
603722,阿科力,2026-06-17,37.45,27.90,38.89,10.55,6.38
603725,天安新材,2026-06-17,10.43,17.23,11.55,15.11,9.70
603726,朗迪集团,2026-06-17,29.08,78.20,26.87,13.36,8.62
603727,博迈科,2026-06-17,15.64,17.93,18.16,17.81,13.12
603728,鸣志电器,2026-06-17,61.33,20.67,64.41,11.72,7.46
603729,ST龙韵,2026-06-17,11.79,0.23,14.18,20.42,14.13
603730,岱美股份,2026-06-17,13,85.12,10.31,38.39,24.55
603733,仙鹤股份,2026-06-17,29.12,98.84,23.89,17.07,11.53
603737,三棵树,2026-06-17,26.53,5.18,36.55,26.45,19.90
603738,泰晶科技,2026-06-17,59,96.68,52.86,15.55,12.35
603739,蔚蓝生物,2026-06-17,12.07,0.04,14.81,12.99,9.59
603755,日辰股份,2026-06-17,25.24,5.61,28.55,20.12,16.29
603757,大元泵业,2026-06-17,53.09,32.94,55.19,14.03,9.29
603758,秦安股份,2026-06-17,10,0.22,13.53,28.02,16.98
603759,海天股份,2026-06-17,7.41,0.31,10.16,24.41,16.62
603766,隆鑫通用,2026-06-17,11.42,2.39,13.98,13.54,9.53
603767,中马传动,2026-06-17,15.70,0,20.12,20.91,16.43
603768,常青股份,2026-06-17,10.03,0.01,11.59,9.93,6.02
603773,沃格光电,2026-06-17,166.13,100,135.27,31.01,12.78
603776,永安行,2026-06-17,21.35,81.67,20,10.96,7.31
603777,来伊份,2026-06-17,18.63,65.86,17.58,19.67,10.75
603778,国晟科技,2026-06-17,16.64,21.08,18.64,22.13,12.88
603779,威龙股份,2026-06-17,7.74,6.75,8.54,27.20,19.18
603786,科博达,2026-06-17,47.86,5.63,57.68,30.68,20.80
603787,新日股份,2026-06-17,9.61,0.41,12.07,23.21,19.24
603788,宁波高发,2026-06-17,14.37,2.41,16.07,8.17,5.86
603789,ST星农,2026-06-17,5.33,2.95,5.71,7.19,5.05
603790,雅运股份,2026-06-17,26.02,63.21,25.47,22.73,14.36
603797,联泰环保,2026-06-17,4.02,0.14,4.74,9.89,6.09
603798,康普顿,2026-06-17,16.08,38.98,16.57,13.17,9.17
603799,华友钴业,2026-06-17,52.59,25.51,57.54,19.62,13.26
603800,洪田股份,2026-06-17,81.33,99.69,70.22,30.75,20.41
603801,志邦家居,2026-06-17,6.45,0.08,9.33,19.76,8.82
603803,瑞斯康达,2026-06-17,12.89,27.29,13.55,18.47,13.59
603806,福斯特,2026-06-17,17.34,40.19,17.70,11.61,8
603808,歌力思,2026-06-17,8.43,0.89,10.20,10.83,8.54
603809,豪能股份,2026-06-17,9.61,0.07,11.14,18.59,14.65
603810,丰山集团,2026-06-17,11.89,0.03,15.64,16.93,12.51
603811,诚意药业,2026-06-17,10.66,6.10,11.75,7.29,5.23
603813,原尚股份,2026-06-17,38.25,80.17,34.34,48.11,27.16
603815,交建股份,2026-06-17,5.93,12.93,6.88,13.81,9.95
603816,顾家家居,2026-06-17,24.78,8.44,30.26,18.85,12.83
603817,海峡环保,2026-06-17,5.71,0.04,7.15,20.09,14.59
603818,曲美家居,2026-06-17,2.79,0.05,3.47,14.52,11.19
603819,神力股份,2026-06-17,11.62,4.11,13.62,12.79,10.22
603822,ST嘉澳,2026-06-17,74.80,15.14,83.83,23.45,19.74
603823,百合花,2026-06-17,46.88,99.15,27.91,47.72,42.44
603825,ST华扬,2026-06-17,6.99,6.78,8.92,17.94,9.35
603826,坤彩科技,2026-06-17,32.08,58.77,30.31,34.33,26.89
603828,*ST利达,2026-06-17,4.51,1.90,5.99,27.10,19.84
603829,洛凯股份,2026-06-17,19.30,6.04,26.14,20.74,18.46
603833,欧派家居,2026-06-17,34.06,0.24,52.62,28.09,18.69
603836,海程邦达,2026-06-17,11.48,0.35,13.91,11.91,7.27
603838,*ST四通,2026-06-17,9.60,92.65,7.84,31.15,21.29
603839,安正时尚,2026-06-17,6.20,0.02,7.90,17.33,9.53
603843,*ST正平,2026-06-17,8.38,46.54,8.44,24.36,8.71
603848,好太太,2026-06-17,13.69,1.75,18.18,31.63,17.41
603855,华荣股份,2026-06-17,17.61,2.28,19.68,9.79,5.24
603856,东宏股份,2026-06-17,12.50,49.98,12.51,8.17,5.13
603858,步长制药,2026-06-17,15.39,14.71,16.73,12.16,7.63
603859.code,sh603859.name,sh603859.date,sh603859.closePrice,sh603859.chipProfitRate,sh603859.chipAvgCost,sh603859.chipConcentration90,sh603859.chipConcentration70
603859,能科科技,2026-06-17,50.77,43.64,51.05,14.66,8.92
603860,中公高科,2026-06-17,25.89,0.50,31.03,10.67,8.63
603861,白云电器,2026-06-17,15.89,24.50,16.75,10.63,7.52
603863,松炀资源,2026-06-17,14.51,0.08,17.82,15.35,11.56
603866,桃李面包,2026-06-17,4.08,2.04,5.14,14.69,7.43
603867,新化股份,2026-06-17,40,81.79,38.50,14.89,8.35
603868,飞科电器,2026-06-17,32.50,7.77,36.37,13.06,7.74
603869,ST智知,2026-06-17,8.91,40.58,9.46,30.98,26.53
603871,嘉友国际,2026-06-17,11.64,16.11,13.06,17.55,10.48
603876,鼎胜新材,2026-06-17,26.04,36.20,26.79,21.05,8.55
603877,太平鸟,2026-06-17,13.03,4.89,14.72,12.56,9.58
603878,武进不锈,2026-06-17,5.93,4.37,7.50,21.86,16.18
603879,永悦科技,2026-06-17,4.59,0.26,5.54,16.29,11.69
603880,南卫股份,2026-06-17,8.06,60.54,7.78,15.37,12.49
603881,数据港,2026-06-17,31.76,8.95,37.14,15.17,12.41
603882,金域医学,2026-06-17,24.50,7.87,27.78,19.23,11.28
603883,老百姓,2026-06-17,11.84,4.55,14.18,18.76,13.64
603885,吉祥航空,2026-06-17,11.36,19.96,12.04,16.44,10.46
603886,元祖股份,2026-06-17,13.59,95.57,12.52,10.44,6.92
603887,城地香江,2026-06-17,10.60,2.06,15.07,22.87,18.76
603888,新华网,2026-06-17,18.69,13.74,20.31,17.60,13.23
603889,新澳股份,2026-06-17,5.73,20.07,6.07,10.57,8.13
603890,春秋电子,2026-06-17,25.09,59.12,24.69,15.18,11.44
603893,瑞芯微,2026-06-17,175.95,36.73,179.50,10.79,7.44
603895,天永智能,2026-06-17,30.16,20.07,34.02,18.11,14.12
603896,寿仙谷,2026-06-17,15.72,12.55,20.02,17.64,15.69
603897,长城科技,2026-06-17,37.20,14.60,45.88,26.01,18.86
603898,好莱客,2026-06-17,12.56,10.82,13.75,14.75,10.32
603899,晨光股份,2026-06-17,21.80,2.85,26.63,16.77,12.80
603900,莱绅通灵,2026-06-17,6.07,0.11,7.57,20.23,13.80
603901,永创智能,2026-06-17,10.73,1.96,12.57,15.84,10.83
603903,中持股份,2026-06-17,11.73,21.22,12.28,11.31,8.41
603906,龙蟠科技,2026-06-17,24.97,38.43,25.56,15.74,10.82
603908,牧高笛,2026-06-17,18.48,0.03,23.24,13.75,9.61
603909,建发合诚,2026-06-17,9.48,1.44,11.72,16.51,11.38
603912,佳力图,2026-06-17,8.34,4.40,10.29,16.55,13.91
603915,国茂股份,2026-06-17,15.83,23.64,16.84,11.76,7.89
603916,苏博特,2026-06-17,13.29,24.54,13.82,17.66,8.76
603917,合力科技,2026-06-17,11.73,0.60,12.67,11.34,6.45
603918,金桥信息,2026-06-17,10.48,1.03,13.32,24.13,18.66
603919,金徽酒,2026-06-17,18.49,25.19,19.72,13.35,8.58
603920,世运电路,2026-06-17,60.21,50.76,60.20,11.95,8.82
603922,ST金鸿顺,2026-06-17,15.29,14.52,18.63,21.95,18.13
603926,铁流股份,2026-06-17,19.58,20.69,21.18,16.31,11.94
603927,中科软,2026-06-17,14.13,1,17.68,18.73,15.56
603928,兴业股份,2026-06-17,15.24,24.71,15.82,9.03,5.66
603929,亚翔集成,2026-06-17,232.18,96.80,187.18,25.49,17.98
603931,格林达,2026-06-17,57.39,54.54,56.86,33.30,21.65
603933,睿能科技,2026-06-17,23.65,31.96,24.66,9.24,6.89
603936,博敏电子,2026-06-17,26.76,98.53,23.66,13.52,8.93
603937,丽岛新材,2026-06-17,13.62,14.58,14.87,14.91,10.80
603938,三孚股份,2026-06-17,55.44,66.14,52.95,33.81,13.65
603939,益丰药房,2026-06-17,19.78,0.21,23.30,10.96,7.65
603948,建业股份,2026-06-17,24.04,3.19,26.42,9.25,5.99
603949,雪龙集团,2026-06-17,16.12,15.66,17.65,17.95,8.64
603950,长源东谷,2026-06-17,62.61,47.23,63.11,35.13,16.54
603955,大千生态,2026-06-17,22.91,1.79,25.61,19.79,12.77
603956,威派格,2026-06-17,4.53,0.42,5.81,20.07,14.93
603958,哈森股份,2026-06-17,20.45,24.72,23,14.58,11.15
603959,ST百利,2026-06-17,4.49,34.30,4.67,27.72,20.22
603960,克来机电,2026-06-17,21.63,36.72,22.06,10.68,8.06
603966,法兰泰克,2026-06-17,9.27,25.72,9.89,9.23,7.41
603967,中创物流,2026-06-17,11.40,7.97,12.45,10.54,6.81
603968,醋化股份,2026-06-17,10.15,0.12,12.08,16.25,9.92
603969,银龙股份,2026-06-17,7.37,0.07,9.35,15.63,11.92
603970,中农立华,2026-06-17,10.34,0.06,12.90,12.84,7.05
603976,正川股份,2026-06-17,27.70,99.79,22.25,15.48,12.02
603977,国泰集团,2026-06-17,13.26,14.15,14.53,11.91,7.44
603978,深圳新星,2026-06-17,27.04,41.69,27.92,14.96,12.15
603979,金诚信,2026-06-17,77.30,92.82,66.74,15.50,10.67
603980,吉华集团,2026-06-17,5.85,34.27,6.07,16.96,11.55
603982,泉峰汽车,2026-06-17,6.14,0,7.62,16.80,11.75
603983,丸美生物,2026-06-17,21.76,1.22,33.35,32.40,24.47
603985,恒润股份,2026-06-17,25.25,58.84,24.56,12.34,8.69
603986,兆易创新,2026-06-17,586.04,100,487.84,29.28,15
603987,康德莱,2026-06-17,7.15,2.03,8.61,12.32,9.27
603988,中电电机,2026-06-17,19.14,5.47,24.61,21.86,15.39
603989,艾华集团,2026-06-17,37.73,99.50,31.74,32.15,17.52
603990,麦迪科技,2026-06-17,22.52,82.30,21.49,19.75,14.58
603991,领先股份,2026-06-17,117.90,68.45,114.52,15.11,8.20
603992,松霖科技,2026-06-17,32.22,44.75,32.44,19.87,12.03
603993,洛阳钼业,2026-06-17,20.17,72.34,19.06,19.30,12.41
603995,甬金股份,2026-06-17,21.38,96,18.90,11.69,6.42
603997,继峰股份,2026-06-17,13.69,52.18,13.61,12.43,8.61
603998,方盛制药,2026-06-17,9.32,0.03,10.80,12.33,8.91
603999,读者传媒,2026-06-17,5.41,0.47,6.90,18.74,12.49
605001,威奥股份,2026-06-17,5.82,0.02,7.32,14.74,11.13
605003,众望布艺,2026-06-17,22.55,0.40,28.96,19.41,14.73
605005,合兴股份,2026-06-17,16.04,3.07,19.30,13.02,6.64
605006,山东玻纤,2026-06-17,26,98.96,21.07,26.76,19.10
605007,五洲特纸,2026-06-17,13.05,4.51,14.68,12.40,9.23
605008,长鸿高科,2026-06-17,11.16,3.28,14.41,22.13,15.16
605009,豪悦护理,2026-06-17,22.54,0,31.60,27.66,17.02
605011,杭州热电,2026-06-17,17.94,3.10,21.57,11.66,6.56
605016,百龙创园,2026-06-17,25.24,59.80,24.81,15.88,11.97
605018,长华集团,2026-06-17,15.48,62.39,14.51,24.98,18.02
605020,永和股份,2026-06-17,37.10,100,33.37,15.47,9.25
605028,世茂能源,2026-06-17,21.39,0.94,27.11,14.34,11.46
605033,XD美邦股,2026-06-17,18.22,0.10,22.86,17.58,8.54
605050,福然德,2026-06-17,10.09,0.06,13.17,15.11,8.49
605055.code,sh605055.name,sh605055.date,sh605055.closePrice,sh605055.chipProfitRate,sh605055.chipAvgCost,sh605055.chipConcentration90,sh605055.chipConcentration70
605055,迎丰股份,2026-06-17,11.52,43.28,11.83,23.02,15.88
605056,咸亨国际,2026-06-17,17.59,1.62,23.94,21.36,16.60
605058,澳弘电子,2026-06-17,41.50,98.16,37.70,13.12,7.35
605060,联德股份,2026-06-17,50.52,25.30,55.48,15.16,12.38
605066,天正电气,2026-06-17,7,22.53,7.70,13.87,9.69
605068,明新旭腾,2026-06-17,19.27,2.49,26.60,20.18,12.56
605069,正和生态,2026-06-17,10.78,23.39,12,21.51,17.83
605077,XD华康股,2026-06-17,11.83,0.17,17.46,21.90,19.35
605080,浙江自然,2026-06-17,21.46,8.75,25.03,12.26,9.82
605081,退市太和,2026-06-17,0.37,2.75,6.07,92.87,92.38
605086,龙高股份,2026-06-17,27.43,1.40,33.61,23.85,14.57
605088,冠盛股份,2026-06-17,31.53,0.33,34.68,8.81,5.59
605089,味知香,2026-06-17,21.25,3.97,26.22,18.37,13.26
605090,XD九丰能,2026-06-17,34.43,0.74,43.02,14.93,12.27
605098,行动教育,2026-06-17,54.32,46.69,54.76,28.30,20.61
605099,共创草坪,2026-06-17,33.21,10.93,40.15,22.52,13.53
605100,华丰股份,2026-06-17,37.26,80.01,35.05,15.43,9.90
605108,同庆楼,2026-06-17,12.40,0.06,17.60,23.74,19.42
605111,新洁能,2026-06-17,71.15,99.82,61.44,25.35,15.30
605116,奥锐特,2026-06-17,19.41,7.28,24.87,23.46,15.72
605117,德业股份,2026-06-17,103.08,62.29,99.98,37.36,29.84
605118,XD力鼎光,2026-06-17,33.20,31.68,39.74,28.58,20.98
605122,四方新材,2026-06-17,11.58,0.03,13.46,10.46,7.45
605123,派克新材,2026-06-17,103.21,47.81,103.90,12.57,9.90
605128,上海沿浦,2026-06-17,25.23,75.43,23.65,11.47,7.31
605133,嵘泰股份,2026-06-17,36.05,59.53,35.50,18.41,11.13
605136,丽人丽妆,2026-06-17,7.95,0.23,10.31,19.41,13.17
605138,盛泰集团,2026-06-17,6.13,0.82,7.49,13.81,8.66
605151,西上海,2026-06-17,18.97,10.35,20.93,12.82,8.24
605155,西大门,2026-06-17,13.48,1.03,16.20,19.35,14.03
605158,华达新材,2026-06-17,6.39,0.97,8.17,16.96,10.36
605162,新中港,2026-06-17,8.87,0.79,11.02,20.30,15.01
605166,聚合顺,2026-06-17,10.80,52.18,10.76,10.03,7.64
605167,利柏特,2026-06-17,14.14,16.05,16.75,17.39,13.21
605168,三人行,2026-06-17,50.33,50.95,50.27,25.52,14.02
605169,洪通燃气,2026-06-17,9.83,0.07,13.24,19.63,9.83
605177,东亚药业,2026-06-17,17.87,0.34,21.62,12.43,7.06
605178,时空科技,2026-06-17,63.20,17.52,67.16,12.68,7.70
605179,一鸣食品,2026-06-17,13.62,0.06,20.66,23.26,16.75
605180,华生科技,2026-06-17,14.28,26.77,15.12,10.52,7.50
605183,确成股份,2026-06-17,14.98,5.30,19.28,19.66,14.68
605186,健麾信息,2026-06-17,32.85,69.27,30.51,23.34,14.92
605188,国光连锁,2026-06-17,12.92,0.12,17.05,27.44,21.09
605189,富春染织,2026-06-17,13.42,8.22,16.80,18.58,15.84
605196,华通线缆,2026-06-17,32.65,0.81,41.15,20.49,14.90
605198,安德利,2026-06-17,86.10,100,51,36.74,24.67
605199,ST葫芦娃,2026-06-17,6.13,0.18,7.03,21.16,16.30
605208,永茂泰,2026-06-17,15.76,89.92,14.79,9.10,5.38
605218,伟时电子,2026-06-17,18.22,54.60,18.06,13.97,10.12
605222,起帆电缆,2026-06-17,25.35,22.88,32.38,30.99,21.42
605228,神通科技,2026-06-17,13.10,14.64,14.30,10.74,6.71
605255,天普股份,2026-06-17,77.60,2.95,110.03,36.48,21.38
605258,协和电子,2026-06-17,37.24,85.74,36.07,7.23,4.86
605259,绿田机械,2026-06-17,18.35,8.64,21.16,18.44,9.88
605266,健之佳,2026-06-17,15.75,0.10,18.62,10.16,6.94
605268,王力安防,2026-06-17,9.73,0.01,12.33,16.77,12.07
605277,DR新亚电,2026-06-17,18.15,3.15,23.29,11.94,7.52
605286,同力天启,2026-06-17,29.32,4.68,42.42,24.97,17.02
605287,德才股份,2026-06-17,42.18,20.29,45.71,20.53,12.39
605288,凯迪股份,2026-06-17,78.99,85.57,70.28,22.10,13
605289,罗曼股份,2026-06-17,133.20,98.90,108.73,27.39,14.12
605296,神农集团,2026-06-17,26.42,6.11,29.58,11.81,6.56
605298,必得科技,2026-06-17,53.84,59.66,51.42,21.53,16.89
605299,舒华体育,2026-06-17,14.76,0.88,17.40,26.86,22.55
605300,XD佳禾食,2026-06-17,8.70,0.10,11.78,21.83,13.90
605303,园林股份,2026-06-17,31.49,90.56,27.55,27.93,14.09
605305,中际联合,2026-06-17,37.08,2.94,41.99,11.82,8.99
605318,法狮龙,2026-06-17,131.10,87.96,96.62,35.17,27.23
605319,无锡振华,2026-06-17,25.72,43.64,26.06,13.58,8.01
605333,沪光股份,2026-06-17,18.79,1.58,29.43,28.64,18.21
605336,*ST帅电,2026-06-17,15.05,16.91,16.09,12.10,8.39
605337,李子园,2026-06-17,8.87,0,11.54,20.84,14.14
605338,巴比食品,2026-06-17,19.14,0.35,24.49,21.49,16.05
605339,南侨食品,2026-06-17,12.75,0.01,18.87,20.45,12.68
605358,立昂微,2026-06-17,70.95,81.42,67.50,18.25,12.60
605365,立达信,2026-06-17,15.24,0.06,21.23,31.70,25.31
605366,宏柏新材,2026-06-17,10.77,26.64,11.57,14.84,10.37
605368,蓝天燃气,2026-06-17,6.97,3.11,8.35,16.23,11.34
605369,拱东医疗,2026-06-17,15.68,0.04,19.40,12.80,7.77
605376,博迁新材,2026-06-17,210.28,97.21,181.10,34.35,22.54
605377,华旺科技,2026-06-17,7.90,2.17,9.06,10.11,7.47
605378,野马电池,2026-06-17,16.58,9.28,21.17,24.79,16.17
605388,均瑶健康,2026-06-17,5.17,0.06,6.95,22.57,14.48
605389,长龄液压,2026-06-17,87.99,75.77,72.64,37.77,27.60
605398,新炬网络,2026-06-17,22.40,6.19,26.90,18.96,14.56
605399,晨光新材,2026-06-17,13.70,21.17,14.91,11.59,7.87
605488,福莱新材,2026-06-17,33.59,10.62,35.95,11.40,8.23
605499,东鹏饮料,2026-06-17,125.39,1.13,167.06,27.14,21.02
605500,森林包装,2026-06-17,6.65,0.14,9.10,25.77,19.69
605507,国邦医药,2026-06-17,15.31,2.96,16.71,12.06,8.78
605555,德昌股份,2026-06-17,15.23,8.95,16.29,11.86,9.33
605566,福莱蒽特,2026-06-17,51.44,99.34,41.51,22.68,13.02
605567,春雪食品,2026-06-17,8.59,0.15,10.78,14.16,10.87
605577,龙版传媒,2026-06-17,9.48,0.03,13.06,18.29,11.88
605580,恒盛能源,2026-06-17,24.23,20.81,25.55,15.13,8.87
605588,冠石科技,2026-06-17,63.05,85.60,57.84,12.51,8.49
605589,圣泉集团,2026-06-17,66.40,88.12,54.49,29.65,22.09
605598,上海港湾,2026-06-17,36.12,1.21,52.19,28.04,18.89
605599,菜百股份,2026-06-17,14.76,22.81,16.98,30.13,24.69
688001,华兴源创,2026-06-17,73.69,88.30,61.08,44.36,34.16
688002.code,sh688002.name,sh688002.date,sh688002.closePrice,sh688002.chipProfitRate,sh688002.chipAvgCost,sh688002.chipConcentration90,sh688002.chipConcentration70
688002,睿创微纳,2026-06-17,145.80,92.67,125.45,24.63,13.91
688003,天准科技,2026-06-17,116.20,99.81,100.93,29.68,20.88
688004,博汇科技,2026-06-17,19.74,2.34,22.39,13.20,9.01
688005,容百科技,2026-06-17,33.79,62.61,33.04,12.48,7.25
688006,杭可科技,2026-06-17,37.78,84.33,33.87,17.10,10.69
688007,光峰科技,2026-06-17,12.96,3.73,15.05,19.29,14.47
688008,澜起科技,2026-06-17,262.50,82.21,243.64,28.37,8.66
688009,中国通号,2026-06-17,4.98,15.04,5.41,10.56,6.69
688010,福光股份,2026-06-17,47.88,97.91,42.38,19.40,14.24
688011,新光光电,2026-06-17,60.45,24.16,66.22,13.07,9.07
688012,中微公司,2026-06-17,351,99.80,284.81,22.80,17.93
688013,天臣医疗,2026-06-17,26.94,0.40,36.83,30.98,23.94
688015,交控科技,2026-06-17,16.64,1.15,22.20,19.78,11.79
688016,心脉医疗,2026-06-17,89.37,0.58,100.35,8.97,5.67
688017,绿的谐波,2026-06-17,381.60,73.39,367.20,31.70,13.72
688018,乐鑫科技,2026-06-17,122.40,54.28,121.34,11.04,6.47
688019,安集科技,2026-06-17,245.62,90.79,218.92,15.27,9.33
688020,方邦股份,2026-06-17,232.31,92.17,159.56,32.38,23.57
688021,XD奥福科,2026-06-17,21.52,1.01,25.07,14.58,11.94
688022,ST瀚川,2026-06-17,7.99,0.64,10.33,35.07,29.91
688023,安恒信息,2026-06-17,37.77,5.65,45.87,22.55,16.34
688025,杰普特,2026-06-17,445,93.66,377.12,32.80,20.46
688026,洁特生物,2026-06-17,13,2.95,16.29,18,13.96
688027,国盾量子,2026-06-17,507.84,13.93,575.23,15.32,9.60
688028,沃尔德,2026-06-17,113.88,44.32,115.84,16.93,10.23
688029,南微医学,2026-06-17,69.96,2.28,80.76,13.43,8.78
688030,山石网科,2026-06-17,17.02,48.83,17.05,14.18,8.06
688031,星环科技-U,2026-06-17,124.48,8.61,131.71,8.39,5.51
688032,禾迈股份,2026-06-17,86.69,3.74,112.94,19.61,11.16
688033,*ST天宜,2026-06-17,6.68,2.61,8.24,21.75,13.08
688035,德邦科技,2026-06-17,97.33,99.44,83.49,16.87,9.06
688036,传音控股,2026-06-17,55.92,23.15,60.50,23.85,12.94
688037,芯源微,2026-06-17,287.30,92.52,255.57,24.39,15.39
688038,中科通达,2026-06-17,20.67,37.81,21.08,11.33,7.46
688039,当虹科技,2026-06-17,41.75,12.09,44.41,18.24,10.88
688041,海光信息,2026-06-17,308.22,78.49,276.69,24.28,17.60
688045,必易微,2026-06-17,78.55,98.30,66.66,26.25,14.58
688046,药康生物,2026-06-17,17.79,47.47,17.90,19.32,13.94
688047,龙芯中科,2026-06-17,143.50,33.10,155.57,16.12,10.87
688048,长光华芯,2026-06-17,371.50,60.84,366.95,11.20,6.21
688049,炬芯科技,2026-06-17,45.93,40.41,47.42,13.67,9.02
688050,爱博医疗,2026-06-17,39.23,2.55,52.65,32.47,20.98
688051,佳华科技,2026-06-17,26.77,2.75,35.30,27.67,24.28
688052,纳芯微,2026-06-17,264.80,97.38,227.05,25.49,19.72
688053,ST思科瑞,2026-06-17,37.10,21.89,39.85,17.09,11.40
688055,龙腾光电,2026-06-17,5.47,88.70,4.41,22.56,15.93
688056,莱伯泰科,2026-06-17,66.57,94.55,49.23,33.03,27.53
688057,金达莱,2026-06-17,13.53,63.88,13.07,13.47,8.76
688058,宝兰德,2026-06-17,23.38,4.29,28.68,16.28,12.27
688059,华锐精密,2026-06-17,196.15,92.44,149.76,27.49,20.40
688060,云涌科技,2026-06-17,35.50,3.62,44.52,15.50,9.71
688061,灿瑞科技,2026-06-17,48.51,99.48,36.96,20.17,13.01
688062,迈威生物-U,2026-06-17,27.11,15.11,31.46,19.09,15.63
688063,派能科技,2026-06-17,58.47,23.16,72.25,18.92,16.29
688065,凯赛生物,2026-06-17,43.05,11.33,48.83,17.05,11.52
688066,*ST航图,2026-06-17,12.72,21.13,13.86,29.96,19.51
688067,爱威科技,2026-06-17,21.43,0.08,26.93,13.32,9.38
688068,热景生物,2026-06-17,76.10,0.08,109.24,35.02,23.55
688069,德林海,2026-06-17,40.65,60.01,39.48,42.10,22.24
688070,纵横股份,2026-06-17,39.78,9.06,46.67,22.87,19.30
688071,华依科技,2026-06-17,32.10,15.38,34.36,13.37,10.06
688072,拓荆科技,2026-06-17,740,98.84,596.39,34.76,28.78
688073,毕得医药,2026-06-17,44.63,0.94,56.56,17.83,10.05
688075,安旭生物,2026-06-17,30.90,0.63,39.17,12.80,6.40
688076,ST诺泰,2026-06-17,27.14,0.52,33.08,22.73,15.71
688077,大地熊,2026-06-17,29.66,48.99,29.70,13.05,8.27
688078,龙软科技,2026-06-17,21.75,0.45,26.69,16.39,11.98
688079,美迪凯,2026-06-17,31.94,94.83,25.34,34.25,16.12
688080,映翰通,2026-06-17,41.77,16.63,45.98,20.27,16.03
688081,兴图新科,2026-06-17,47.60,35.69,50.76,25.48,19.06
688082,盛美上海,2026-06-17,361.20,100,195.90,37.29,25.83
688083,中望软件,2026-06-17,64.91,69.40,62.36,16.50,10.30
688084,晶品特装,2026-06-17,51.17,13.50,66.45,28.36,19.16
688085,三友医疗,2026-06-17,12.09,0.11,16.90,24.17,14.93
688087,英科再生,2026-06-17,38.77,43.95,39.21,21.35,13.97
688088,虹软科技,2026-06-17,37.84,14.63,43.12,20.58,12.77
688089,嘉必优,2026-06-17,11.48,0.37,16.23,31.95,22.25
688090,瑞松科技,2026-06-17,122.38,85.14,100.32,39.60,25.15
688091,上海谊众,2026-06-17,39.30,0,54.66,22.50,17.49
688092,爱科科技,2026-06-17,22.82,0.93,28.17,14.34,10.24
688093,世华科技,2026-06-17,29.97,15.25,33.61,17.43,11.47
688095,福昕软件,2026-06-17,64.74,0.82,75.52,22.53,8.92
688096,京源环保,2026-06-17,13.41,78.88,12.72,25.36,7.69
688097,博众精工,2026-06-17,69.84,89.81,62.80,26.14,8.91
688098,申联生物,2026-06-17,8.60,16.90,9.38,18.17,10.11
688099,晶晨股份,2026-06-17,96.67,44.34,99.37,17.21,11.96
688100,威胜信息,2026-06-17,31.47,4.08,37.42,16.09,9.11
688101,三达膜,2026-06-17,17.32,34.68,17.76,14.84,9.58
688102,斯瑞新材,2026-06-17,41.82,72.74,40.28,14.01,8.85
688103,国力电子,2026-06-17,64.03,66.03,62.44,10.31,6.42
688105,诺唯赞,2026-06-17,13.89,4.91,16.16,15.80,9.95
688106,金宏气体,2026-06-17,31.17,77.96,29.77,13.56,8.70
688107,安路科技,2026-06-17,43.31,66.37,39.98,24.40,20.28
688108,赛诺医疗,2026-06-17,19.95,25.90,20.61,8.78,6.08
688109,品茗科技,2026-06-17,80.50,13.38,99.03,30.94,24.49
688110,东芯股份,2026-06-17,152.91,78.75,136.85,15.09,10.34
688111,金山办公,2026-06-17,215.30,3.95,253.56,24.14,14.13
688112,鼎阳科技,2026-06-17,77.32,96.74,67.37,34.01,26.97
688113,联测科技,2026-06-17,38.90,22.95,41.66,10.52,8.18
688114,华大智造,2026-06-17,49.04,12.81,54.62,20.94,16.91
688115.code,sh688115.name,sh688115.date,sh688115.closePrice,sh688115.chipProfitRate,sh688115.chipAvgCost,sh688115.chipConcentration90,sh688115.chipConcentration70
688115,思林杰,2026-06-17,58.45,76.39,54.45,21.28,12.50
688116,天奈科技,2026-06-17,42.15,54.51,41.92,12,7.32
688117,圣诺生物,2026-06-17,23.12,9.97,26.01,14.53,8.03
688118,普元信息,2026-06-17,21.93,7.55,26.58,21.39,13.62
688119,中钢洛耐,2026-06-17,4.61,13.22,5.30,27.88,19.80
688120,华海清科,2026-06-17,222.31,99.99,179.12,31.42,23.04
688121,卓然股份,2026-06-17,6.48,19.50,10.90,34.31,31.60
688122,西部超导,2026-06-17,58.60,18.56,68.76,24.10,17.54
688123,聚辰股份,2026-06-17,139.11,64.91,134.18,16.02,12.11
688125,安达智能,2026-06-17,201.53,52.68,195.82,65.37,37.92
688126,沪硅产业,2026-06-17,32.40,85.67,29.46,21.74,11.77
688127,蓝特光学,2026-06-17,87.25,72.90,81.40,35.38,23.15
688128,XD中国电,2026-06-17,26.61,33.79,27.62,15.90,10.76
688129,东来技术,2026-06-17,25.54,53.74,25.18,19.76,13.78
688130,晶华微,2026-06-17,27.37,67.23,26.19,14.66,9.69
688131,皓元医药,2026-06-17,75.05,57.81,74.12,9.01,4.95
688132,邦彦技术,2026-06-17,14.30,4.04,17.89,17.31,14
688133,泰坦科技,2026-06-17,20.04,24.48,22.48,18.49,15.47
688135,利扬芯片,2026-06-17,38.15,60.30,37.04,11.50,8.34
688136,科兴制药,2026-06-17,18.12,0.30,25.44,29.29,23.49
688137,近岸蛋白,2026-06-17,34.81,0.54,44.62,16.91,11.56
688138,清溢光电,2026-06-17,40.93,98.85,33.38,16.82,10.87
688139,海尔生物,2026-06-17,27,5.78,32.97,15.42,6.98
688141,杰华特,2026-06-17,135.40,97.68,98.76,44.89,28.73
688143,长盈通,2026-06-17,218,99.23,175.70,48.15,22.02
688146,XD中船特,2026-06-17,339.70,91.39,297.81,43.62,27.90
688147,微导纳米,2026-06-17,116.07,99.97,84.32,23.01,16.75
688148,芳源股份,2026-06-17,9.06,41.03,9.17,17.12,12.95
688150,莱特光电,2026-06-17,55.38,68.78,52.20,32.26,15.26
688151,华强科技,2026-06-17,16.04,0.29,21.15,22.60,11.09
688152,麒麟信安,2026-06-17,30.48,6.16,38.08,22.13,15.22
688153,唯捷创芯,2026-06-17,31.60,23.69,33.87,17.58,12.53
688155,先惠技术,2026-06-17,83.77,42.75,85.49,16.32,12.56
688156,路德科技,2026-06-17,29.19,93.66,25.91,15.31,7.12
688157,松井股份,2026-06-17,28.84,14.69,36.21,20.28,15.66
688158,优刻得-W,2026-06-17,37.20,37.32,39.08,17.58,14.22
688159,有方科技,2026-06-17,48,49.47,48.10,22.28,17.12
688160,步科股份,2026-06-17,109.30,21.68,118.08,15.45,11.75
688161,威高骨科,2026-06-17,21.42,0.23,29.99,16.43,8.64
688162,巨一科技,2026-06-17,25.88,3,32.99,15.71,9.23
688163,赛伦生物,2026-06-17,47.68,98.76,37.17,32.77,25.87
688165,埃夫特-U,2026-06-17,19.93,42.78,20.20,15.83,8.06
688166,博瑞医药,2026-06-17,40.38,0.76,52.20,23.62,17.20
688167,炬光科技,2026-06-17,399.23,87.60,328.29,23.91,15.85
688168,安博通,2026-06-17,63.59,86.74,59.21,12.64,9.36
688169,石头科技,2026-06-17,97.51,0.21,117.26,21.75,12.53
688170,德龙激光,2026-06-17,85.79,87.18,76.70,14.92,9.37
688171,纬德信息,2026-06-17,47.08,21.23,53.29,14.85,11.34
688172,燕东微,2026-06-17,66.66,84.13,55.31,32.21,24.99
688173,希荻微,2026-06-17,16.93,61.56,16.37,14.05,10.36
688175,高凌信息,2026-06-17,27,50.12,26.98,19.59,8.56
688176,亚虹医药-U,2026-06-17,10.15,5.31,12.91,22.49,15.58
688177,百奥泰,2026-06-17,16.37,0.18,23.45,31.33,20.52
688178,万德斯,2026-06-17,38.65,85.57,36.26,21.67,12.08
688179,阿拉丁,2026-06-17,21.24,64.83,20.59,16.39,11.49
688180,君实生物-U,2026-06-17,29.39,4.46,37.65,19.23,14.65
688181,八亿时空,2026-06-17,45.73,90.46,42.54,12.54,7.70
688182,灿勤科技,2026-06-17,41.31,92.29,34.71,23.86,13.63
688183,生益电子,2026-06-17,141.07,94.24,119.94,25.42,14.47
688184,ST帕瓦,2026-06-17,11.58,40.34,12.78,19.17,15.36
688185,康希诺,2026-06-17,49.76,1.25,65.62,18.80,11.28
688186,广大特材,2026-06-17,16.80,2.88,20.80,24.44,14.78
688187,时代电气,2026-06-17,58.62,84.69,54.52,16.82,9.25
688188,柏楚电子,2026-06-17,170.30,93.93,150.77,13.51,9.88
688189,ST南新,2026-06-17,6.55,30.86,8,30.43,26.74
688190,云路股份,2026-06-17,111.64,75.20,104.82,18.44,12.44
688191,智洋创新,2026-06-17,37.03,67.12,35.38,19.22,12.56
688192,迪哲医药-U,2026-06-17,36.60,0.14,56.74,32.97,18.86
688193,仁度生物,2026-06-17,52.29,54.15,51.89,11.43,8.26
688195,腾景科技,2026-06-17,210.82,36.23,230.23,16.61,11.41
688196,卓越新能,2026-06-17,39.42,2.50,59.51,35.68,28.92
688197,首药控股-U,2026-06-17,30.37,0.36,38.82,16.03,12.80
688198,佰仁医疗,2026-06-17,86.34,7.36,106.62,18.96,11.10
688199,久日新材,2026-06-17,30.44,93.27,28.62,9.32,6.83
688200,华峰测控,2026-06-17,363.82,99.73,264.18,35.58,26.11
688201,ST信安,2026-06-17,7.15,0.62,8.89,38.11,31.55
688202,美迪西,2026-06-17,53.55,18.23,63.47,15.42,12.70
688203,海正生材,2026-06-17,11.46,14.54,13.20,12.98,10.30
688205,德科立,2026-06-17,237.03,52.85,235.69,14.07,6.94
688206,概伦电子,2026-06-17,39,53.30,38.76,14.56,9.14
688207,格灵深瞳,2026-06-17,21.73,98.85,18.57,18.25,10.49
688208,道通科技,2026-06-17,27.87,8.77,34.37,18.76,14.10
688209,英集芯,2026-06-17,25.16,72.35,23.67,13.20,9.33
688210,统联精密,2026-06-17,46.16,35.67,47.66,14.37,7.36
688211,中科微至,2026-06-17,32.96,46.51,33.15,13.48,9.11
688212,澳华内镜,2026-06-17,27.67,0.42,37.05,27.54,20.70
688213,思特威-W,2026-06-17,101.93,64.86,97.38,13.63,11.06
688215,瑞晟智能,2026-06-17,42.71,0.70,50.89,10.73,7.95
688216,气派科技,2026-06-17,38.37,85.24,36.14,15.61,10.20
688217,睿昂基因,2026-06-17,22.16,0.08,28.12,15.03,11.30
688218,江苏北人,2026-06-17,54.80,94.01,44.27,38.95,17.20
688219,会通股份,2026-06-17,12.57,81.16,11.80,10.43,6.84
688220,翱捷科技-U,2026-06-17,99.75,48.65,100.42,21.95,12.12
688221,前沿生物-U,2026-06-17,17.85,4.97,21.14,15.09,11.51
688222,成都先导,2026-06-17,26.44,22.93,28.15,12.05,8.77
688223,晶科能源,2026-06-17,5.17,4.16,6.74,22.67,15.55
688225,亚信安全,2026-06-17,13.05,0.70,17.78,27.67,17.99
688226,威腾电气,2026-06-17,47.55,37.08,51.33,18.24,15.22
688227,品高股份,2026-06-17,85.25,42.91,86.84,24.29,15.45
688228,开普云,2026-06-17,86.98,12.23,105.19,27.17,14.23
688229.code,sh688229.name,sh688229.date,sh688229.closePrice,sh688229.chipProfitRate,sh688229.chipAvgCost,sh688229.chipConcentration90,sh688229.chipConcentration70
688229,博睿数据,2026-06-17,89.01,40.14,90.76,11.11,7.36
688230,芯导科技,2026-06-17,70.21,48.12,70.62,12.84,8.19
688231,隆达股份,2026-06-17,44.37,75.73,37.32,29.74,23.02
688232,新点软件,2026-06-17,18.75,2.72,26.08,26.24,18.32
688233,神工股份,2026-06-17,121.71,100,95.38,21.66,14.98
688234,天岳先进,2026-06-17,149.66,78.07,136.95,29.44,19.49
688235,百济神州,2026-06-17,211.72,6.35,239.23,12.57,8.75
688236,春立医疗,2026-06-17,14.91,0.98,20.47,27.70,21.05
688237,超卓航科,2026-06-17,57.53,93.45,51.59,10.73,7.71
688238,和元生物,2026-06-17,5.34,2.81,6.80,18.33,11.82
688239,航宇科技,2026-06-17,56.55,24.67,62.66,15.88,13.10
688244,永信至诚,2026-06-17,15.61,1.67,19.69,24.33,17.46
688246,嘉和美康,2026-06-17,25.35,90.02,23.86,16.78,8.31
688247,宣泰医药,2026-06-17,7.53,0.23,10.54,21.67,13.46
688248,南网科技,2026-06-17,55,38.84,56.79,21.02,13.28
688249,晶合集成,2026-06-17,46.43,96.52,40.68,20.98,12.87
688251,井松智能,2026-06-17,25.05,19.18,29.84,20.98,18.05
688252,天德钰,2026-06-17,22.89,59.30,22.44,9.57,7.02
688253,英诺特,2026-06-17,57.82,78.04,47.36,31.77,25.83
688255,凯尔达,2026-06-17,30.80,40.24,31.31,11.21,6.63
688256,寒武纪,2026-06-17,1320,82.27,1215.03,33.01,26.91
688257,新锐股份,2026-06-17,101.86,97.82,72.61,33.69,24.13
688258,卓易信息,2026-06-17,128.10,32.68,135.16,12.89,8.33
688259,创耀科技,2026-06-17,38.83,50.44,38.78,11.12,6.82
688260,昀冢科技,2026-06-17,123.61,100,87.29,52.89,28.10
688261,东微半导,2026-06-17,95.50,90.07,85.61,14.33,9.84
688262,国芯科技,2026-06-17,38.30,58.69,37.30,12.17,9.76
688265,南模生物,2026-06-17,31.14,0.05,44.29,28.40,12.34
688266,泽璟制药-U,2026-06-17,87,10.61,98.65,13.63,8.67
688267,中触媒,2026-06-17,30.33,46.69,30.51,10.48,8
688268,华特气体,2026-06-17,187.35,49.63,188.16,17.35,10.93
688269,凯立新材,2026-06-17,35.33,11.97,40.97,15.54,9.82
688270,XRST臻镭,2026-06-17,81.82,3.21,129.34,21.42,16.33
688271,联影医疗,2026-06-17,110.07,0.43,126.54,14.81,10.53
688272,富吉瑞,2026-06-17,35.26,23.30,38.43,19.79,14.40
688273,麦澜德,2026-06-17,42,21.83,43.86,13.62,6.85
688275,万润新能,2026-06-17,136.14,52.52,135.58,19,12.01
688276,百克生物,2026-06-17,13.87,0,20.54,24.42,13.54
688277,天智航-U,2026-06-17,19.97,49.45,19.98,21.15,16.30
688278,特宝生物,2026-06-17,54.56,1.48,71.07,20.98,17.98
688279,峰岹科技,2026-06-17,210.37,58.76,207.40,21.48,14.21
688280,精进电动-W,2026-06-17,6.35,43.54,6.48,31.39,26.45
688281,华秦科技,2026-06-17,51.85,32.88,54.19,21.77,15.68
688282,理工导航,2026-06-17,69.22,9.66,80.18,20.91,13.29
688283,坤恒顺维,2026-06-17,35.81,8.30,42.58,17.61,13.41
688285,高铁电气,2026-06-17,7.64,3.83,8.93,11.50,8.19
688286,敏芯股份,2026-06-17,80.31,94.62,70.80,13.20,8.79
688288,鸿泉技术,2026-06-17,20.08,6.44,24.74,17.98,12.98
688289,圣湘生物,2026-06-17,14.19,1.26,19.20,20.05,10.95
688290,景业智能,2026-06-17,66.08,71.99,62.25,20.26,12.33
688291,金橙子,2026-06-17,50.66,71.15,48.67,15.61,10.19
688292,浩瀚深度,2026-06-17,20.38,7.40,24.32,21.85,13.25
688293,奥浦迈,2026-06-17,37.51,11.09,50.03,24.13,15.75
688295,中复神鹰,2026-06-17,52.39,48.91,52.50,42.29,28.36
688296,和达科技,2026-06-17,12.76,0.16,14.88,11.54,8.79
688297,中无人机,2026-06-17,45.73,24.10,48.29,15.98,10.88
688298,东方生物,2026-06-17,19.58,3.24,24.67,17.30,9.65
688299,长阳科技,2026-06-17,17.96,52.61,17.86,13.27,10.22
688300,联瑞新材,2026-06-17,235.24,98.33,155.02,49.22,36.20
688301,奕瑞科技,2026-06-17,120.85,60.47,117.57,30.97,23.18
688302,海创药业-U,2026-06-17,34.35,5.56,44.22,21.74,12.88
688303,大全能源,2026-06-17,19.97,6.27,23.51,22.07,16.40
688305,科德数控,2026-06-17,68.70,85.11,65.15,10.08,6.62
688306,均普智能,2026-06-17,9.34,23.15,10.45,20.54,13.33
688307,中润光学,2026-06-17,73,67.76,69.10,20.73,15.83
688308,欧科亿,2026-06-17,174.47,99.22,145.84,26.74,16.64
688309,恒誉环保,2026-06-17,63.41,33.69,66.77,28.74,14.57
688310,迈得医疗,2026-06-17,16.90,35.23,17.17,9.30,5.33
688311,盟升电子,2026-06-17,27.55,12.58,34,28.12,22.73
688312,燕麦科技,2026-06-17,94.30,88.45,82.88,29.76,15.01
688313,仕佳光子,2026-06-17,169.52,71.20,162.02,15.63,7.62
688314,康拓医疗,2026-06-17,40.50,21.08,43.27,17.79,13.08
688315,诺禾致源,2026-06-17,12.37,2.23,14.81,12.11,7.72
688316,青云科技-U,2026-06-17,60.28,31.30,65.36,15.71,13.37
688317,之江生物,2026-06-17,16.34,0.44,20.93,18.20,11.72
688318,财富趋势,2026-06-17,74.77,11.82,84.07,22.73,14.73
688319,欧林生物,2026-06-17,36.75,75.87,33.77,20.76,13.58
688320,禾川科技,2026-06-17,37.67,50.62,37.67,13.43,6.70
688321,微芯生物,2026-06-17,24.91,7.52,29.88,14.77,9.60
688322,奥比中光-W,2026-06-17,130.68,73.08,125.45,26.21,13.50
688323,瑞华泰,2026-06-17,60.30,100,40.64,31.15,25.18
688325,赛微微电,2026-06-17,141.96,91.06,121.18,19.43,11.50
688326,经纬恒润-W,2026-06-17,75.77,6.92,93.73,31.60,24.64
688327,云从科技-UW,2026-06-17,13.79,44.82,13.89,9.91,5.34
688328,深科达,2026-06-17,75.38,89.37,69.93,16.98,6.79
688329,艾隆科技,2026-06-17,23.30,33.82,24.09,11.71,7.44
688330,宏力达,2026-06-17,38.16,11.88,44.79,19.87,13.69
688331,荣昌生物,2026-06-17,109.19,37.87,111.60,16.69,8.61
688332,中科蓝讯,2026-06-17,127.54,100,93.03,22.21,9.77
688333,铂力特,2026-06-17,89.40,40.92,91.69,17.18,12.84
688334,西高院,2026-06-17,19.20,10.73,21.13,15.62,11.70
688335,复洁科技,2026-06-17,33.32,68.36,30.52,19.43,14.25
688336,三生国健,2026-06-17,56.23,14.63,64.53,23.71,19.09
688337,普源精电,2026-06-17,78.57,98.51,65.11,27.82,9.75
688338,赛科希德,2026-06-17,23.93,0.38,29.33,15.08,10.76
688339,亿华通-U,2026-06-17,20.06,4.94,25.45,24.91,20.41
688343,云天励飞-U,2026-06-17,74,41.15,78.33,20.85,16.06
688345,博力威,2026-06-17,52.59,46.74,52.84,21.59,9.57
688347,华虹宏力,2026-06-17,260.70,100,226.55,30.05,19.05
688348,昱能科技,2026-06-17,36.60,3.14,52.03,27.25,20.46
688349.code,sh688349.name,sh688349.date,sh688349.closePrice,sh688349.chipProfitRate,sh688349.chipAvgCost,sh688349.chipConcentration90,sh688349.chipConcentration70
688349,三一重能,2026-06-17,18.48,3.77,26.45,24.32,13.87
688350,富淼科技,2026-06-17,34.59,49.62,34.68,17.73,14.12
688351,微电生理,2026-06-17,23.02,10.77,24.36,9.11,6.31
688352,颀中科技,2026-06-17,18.81,59.53,18.57,21.30,11.94
688353,华盛锂电,2026-06-17,116.80,80.31,105.71,21.54,16.03
688355,明志科技,2026-06-17,18.52,12.55,21.72,14.68,11.30
688356,键凯科技,2026-06-17,69.28,5.75,95.52,21.99,15.85
688357,建龙微纳,2026-06-17,28.25,5.74,34.43,14.92,11
688358,祥生医疗,2026-06-17,32.95,44.98,33.34,13.41,8.95
688359,三孚新科,2026-06-17,176,98.60,134.72,36.14,21.83
688360,德马科技,2026-06-17,20.77,19.31,22.05,16.89,10.69
688361,中科飞测,2026-06-17,251.71,95.49,204.93,22.38,17.13
688362,甬矽电子,2026-06-17,69.40,87.62,61.40,19.65,11.70
688363,华熙生物,2026-06-17,35.90,5.76,46.02,23.57,14.85
688365,光云科技,2026-06-17,17.89,5.39,19.89,13.20,9.25
688366,XD昊海生,2026-06-17,30.20,0.09,49.98,27.48,16.94
688367,工大高科,2026-06-17,36.88,53.08,36.69,9.23,6.15
688368,晶丰明源,2026-06-17,205.10,98.74,151.42,36.80,26.51
688369,致远互联,2026-06-17,21.80,20.17,23.13,10.45,7.23
688370,丛麟科技,2026-06-17,22.75,8.43,26.75,16.33,11.44
688371,菲沃泰,2026-06-17,42.88,99.22,37.79,34.50,21.30
688372,伟测科技,2026-06-17,164.34,78.36,154.56,11.22,6.81
688373,盟科药业-U,2026-06-17,4.39,0.71,5.98,20.13,15.56
688375,国博电子,2026-06-17,98.23,40.51,108.93,42.74,30.19
688376,美埃科技,2026-06-17,83.74,98.77,71.79,16,11.75
688377,迪威尔,2026-06-17,25.23,3.15,31.53,21.82,13.66
688378,奥来德,2026-06-17,55.33,98.74,47.65,19.46,11.27
688379,华光新材,2026-06-17,89.50,86.15,77.23,22.84,12.56
688380,中微半导,2026-06-17,48.81,57.98,47.86,11.77,7.23
688381,帝奥微,2026-06-17,50.38,99.41,42.20,20.01,11.38
688382,益方生物-U,2026-06-17,16.72,5.56,20.89,21.27,13.36
688383,新益昌,2026-06-17,184,100,129.51,40.74,32.46
688385,复旦微电,2026-06-17,59.01,30.31,68.11,21.59,14.94
688386,泛亚微透,2026-06-17,95.40,93.67,85.17,12.77,8.24
688387,信科移动-U,2026-06-17,17.37,57.56,16.90,19.15,12.60
688388,DR嘉元科,2026-06-17,47.45,28.28,49.37,21.96,16.48
688389,普门科技,2026-06-17,10.54,0.01,13.26,10.72,6.55
688390,固德威,2026-06-17,115.55,51.97,115.28,26.23,20.79
688391,钜泉科技,2026-06-17,33.49,85,31.70,8.12,5.90
688392,骄成超声,2026-06-17,174.15,99.67,157.31,20.90,11.58
688393,安必平,2026-06-17,19.13,0.40,24.34,25.62,15.54
688395,正弦电气,2026-06-17,24.32,8.67,26.59,14.21,11.94
688396,华润微,2026-06-17,73.78,99.83,63.82,19.10,12.53
688398,赛特新材,2026-06-17,25.43,33.99,28.17,28.09,18.15
688399,硕世生物,2026-06-17,50.46,10.85,60.49,25.06,16.28
688400,凌云光,2026-06-17,60.55,62.05,59.32,21.99,14.13
688401,路维光电,2026-06-17,83.05,93.44,72.86,22.88,11.78
688403,汇成股份,2026-06-17,28.82,99.88,23.10,23.67,16.39
688408,中信博,2026-06-17,30.50,10.12,38.93,22.63,17.11
688409,富创精密,2026-06-17,200.80,99.92,146.91,39.59,32.18
688410,山外山,2026-06-17,14.74,18.66,16.22,11.77,8.55
688411,海博思创,2026-06-17,276.77,69.73,263.50,12.59,7.54
688416,恒烁股份,2026-06-17,138.72,99.93,119.95,17.64,8.94
688418,震有科技,2026-06-17,45.72,40.92,46.96,13.09,9.67
688419,耐科装备,2026-06-17,67.60,98.61,53.17,21.77,16.33
688420,美腾科技,2026-06-17,22.20,0.39,25.97,11.16,8.17
688425,铁建重工,2026-06-17,4.35,13.59,5.32,25.04,15.12
688426,康为世纪,2026-06-17,16.19,0.49,20.29,21.85,10
688428,诺诚健华,2026-06-17,22.32,18.41,24.78,18.26,12.83
688429,时创能源,2026-06-17,10.62,1.96,14.10,21.85,16.97
688432,有研硅,2026-06-17,26.26,98.59,19.40,32.58,25.28
688433,华曙高科,2026-06-17,114.38,99.08,88.47,25.15,13.60
688435,英方软件,2026-06-17,35.75,0.65,40.85,16.33,7.39
688439,振华风光,2026-06-17,45.36,9.53,52.43,19.43,12.97
688443,智翔金泰-U,2026-06-17,20.81,0,27.56,19.06,16.67
688448,磁谷科技,2026-06-17,54.50,73.10,51.86,18.49,13.42
688449,联芸科技,2026-06-17,75.10,71.55,70.75,29.17,11.52
688450,光格科技,2026-06-17,47.50,84.47,44.65,20.01,10.32
688455,科捷智能,2026-06-17,19.12,8.24,22.02,20.70,13.16
688456,有研粉材,2026-06-17,159.62,97.50,125.82,37.28,28.68
688458,美芯晟,2026-06-17,40.96,55.83,40.12,13.40,9.89
688459,哈铁科技,2026-06-17,8.15,1.35,9.80,10.19,5.46
688466,金科环境,2026-06-17,14.21,0.30,17.63,19.93,7.75
688468,科美诊断,2026-06-17,5.94,0.60,7.57,16.84,7.84
688469,芯联集成-U,2026-06-17,8.60,93.79,7.70,13.06,8.89
688472,阿特斯,2026-06-17,11.38,11.51,13.90,16.37,13.05
688475,萤石网络,2026-06-17,27.27,10.95,30.37,15.20,9.95
688478,晶升股份,2026-06-17,67.03,79.34,62.22,27.33,10.73
688479,友车科技,2026-06-17,38.30,100,29.24,20.73,13.30
688480,赛恩斯,2026-06-17,99.02,62.67,96.15,15.78,9.26
688484,南芯科技,2026-06-17,53.90,98.81,42.85,18.11,10.38
688485,九州一轨,2026-06-17,56.58,85.68,53.34,11.17,6.31
688486,龙迅股份,2026-06-17,53.65,54.84,53.17,15.44,8.76
688488,艾迪药业,2026-06-17,12.61,4.39,17.03,22.10,13.60
688489,三未信安,2026-06-17,23.50,4.24,29.54,19.71,12.68
688496,*ST清越,2026-06-17,0.96,0,1.23,70.83,20.22
688498,源杰科技,2026-06-17,1612,99.62,1157.58,43.46,21
688499,利元亨,2026-06-17,48.71,34.10,53.79,17.79,13.45
688500,慧辰股份,2026-06-17,49.97,19.44,53.37,13.73,8.80
688501,青达环保,2026-06-17,21.95,9.26,24.61,14.11,10.16
688502,茂莱光学,2026-06-17,518.94,75.94,472.75,24.22,12.38
688503,聚和材料,2026-06-17,96,62.73,93.43,15.37,11.46
688505,复旦张江,2026-06-17,6.76,2.57,8.69,21.56,12.92
688506,百利天恒,2026-06-17,230,10.13,307.53,27.39,20.47
688507,XD索辰科,2026-06-17,243.99,65.11,239.25,20.56,9.14
688508,芯朋微,2026-06-17,92.22,63.71,90.21,17.28,6.74
688509,正元地信,2026-06-17,4.80,30.45,4.88,8.05,4.32
688510,航亚科技,2026-06-17,25.50,9.05,31.81,22.63,16.82
688511,天微电子,2026-06-17,29.30,98.28,24.65,16.14,11.96
688512,慧智微-U,2026-06-17,14.46,69.70,13.82,13.49,8.28
688513.code,sh688513.name,sh688513.date,sh688513.closePrice,sh688513.chipProfitRate,sh688513.chipAvgCost,sh688513.chipConcentration90,sh688513.chipConcentration70
688513,苑东生物,2026-06-17,43.80,0.15,61.61,23.52,14.02
688515,裕太微-U,2026-06-17,199,56.41,196.79,15.17,9.50
688516,奥特维,2026-06-17,60.40,34.48,72.98,24.96,19.65
688517,金冠电气,2026-06-17,19.21,32.04,20.75,14.76,12.12
688518,联赢激光,2026-06-17,29.22,72.86,27.61,10.36,7.85
688519,南亚新材,2026-06-17,395.01,99.56,195.01,57.16,37.79
688520,神州细胞,2026-06-17,33.18,0.13,44.30,35.27,24.60
688521,芯原股份,2026-06-17,257.46,64.92,245.81,14.62,9.17
688522,纳睿雷达,2026-06-17,20.49,17.59,23.86,20.64,12.89
688523,航天环宇,2026-06-17,53.20,3.10,65.81,23.20,14.83
688525,佰维存储,2026-06-17,370,100,321.94,11.43,6.22
688526,科前生物,2026-06-17,12.28,1.12,15.39,15.21,8.86
688528,秦川物联,2026-06-17,10.13,0.49,11.48,10.29,8.01
688529,豪森智能,2026-06-17,17.22,6.71,19.40,10.82,7.52
688530,欧莱新材,2026-06-17,64.33,96.02,60.34,13.86,7.71
688531,日联科技,2026-06-17,181.30,76.32,172.72,25.88,15.79
688533,上声电子,2026-06-17,23.15,0.99,27.51,15.79,11.54
688535,华海诚科,2026-06-17,133.97,87.95,124.71,17.05,7.20
688536,思瑞浦,2026-06-17,340.58,99.75,297.18,29.94,18.14
688538,和辉光电-U,2026-06-17,2.44,53.40,2.42,10.20,7.88
688539,高华科技,2026-06-17,32.89,16.96,38.45,21.82,15.51
688543,国科军工,2026-06-17,40.19,8.06,47.86,19.84,16.21
688545,兴福电子,2026-06-17,114,91.65,99.95,19.91,16.53
688548,广钢气体,2026-06-17,33.50,96.95,29.50,16.28,7.35
688549,中巨芯-U,2026-06-17,33.96,99.95,27.45,34,17.13
688550,瑞联新材,2026-06-17,48.53,79.14,45.06,14.16,8.81
688551,科威尔,2026-06-17,77.20,98.28,55.82,35.98,13.92
688552,航天南湖,2026-06-17,28.81,5.42,40,26.33,18.96
688553,DR汇宇制-W,2026-06-17,10.91,1.17,19.72,18.95,12.36
688556,高测股份,2026-06-17,11.53,40.68,11.72,17.30,13.74
688557,兰剑智能,2026-06-17,29.94,6.71,34.96,16.44,11.47
688558,国盛智科,2026-06-17,33.74,53.99,33.39,20.37,15.55
688559,海目星,2026-06-17,73,94.47,65.33,14.19,8.31
688560,明冠新材,2026-06-17,13.63,12.68,16.19,19.41,11.84
688561,奇安信-U,2026-06-17,24.12,1.57,33.85,22.91,13.87
688562,航天软件,2026-06-17,16.38,0.88,19.08,17.61,10.94
688563,航材股份,2026-06-17,51.43,21.38,58.37,19.29,12.18
688565,力源科技,2026-06-17,9.94,0.40,12.30,16.79,12.41
688566,吉贝尔,2026-06-17,24.23,2.69,30.25,20.08,8.26
688567,孚能科技,2026-06-17,11.41,6.25,14.08,25.92,12.44
688568,中科星图,2026-06-17,44.59,6.92,60.72,28.24,22.70
688569,铁科轨道,2026-06-17,17.80,0.61,20.98,9.35,5.49
688570,天玛智控,2026-06-17,15.10,0.02,19.02,16.15,9.38
688571,杭华股份,2026-06-17,9.19,83.07,8.67,12.56,8.19
688573,信宇人,2026-06-17,19.76,32.77,21.12,13.90,11.67
688575,亚辉龙,2026-06-17,9.10,0.10,14.36,25.46,20.50
688576,西山科技,2026-06-17,69.65,23.55,74.86,9.14,7.33
688577,浙海德曼,2026-06-17,49.03,26.90,55.37,29.30,17.58
688578,艾力斯,2026-06-17,83.06,5.69,95.20,14.61,7.77
688579,地纬智能,2026-06-17,8.38,1.13,10.97,19.87,11.71
688580,伟思医疗,2026-06-17,53.56,23.91,58.70,14.29,10.09
688581,XD安杰思,2026-06-17,53.47,0.41,61.30,12.01,8.17
688582,芯动联科,2026-06-17,60.76,74.32,54.62,20.19,13.71
688583,思看科技,2026-06-17,131.07,84.92,124.88,8.37,6.54
688584,上海合晶,2026-06-17,30.42,99.22,27.44,12.37,7.36
688585,上纬新材,2026-06-17,174.54,80.87,134.56,34.20,22.95
688586,江航装备,2026-06-17,12.60,16.10,14.09,16.55,11.03
688588,XD凌志软,2026-06-17,9.95,3.15,12.88,28.93,19.81
688589,力合微,2026-06-17,20.68,26.29,22.80,12.93,10.10
688590,新致软件,2026-06-17,14.90,50.08,14.89,13.44,9.04
688591,XD泰凌微,2026-06-17,33.52,31.09,35.72,19.51,12.22
688592,司南导航,2026-06-17,39.11,25.91,42.15,12.73,9.45
688593,新相微,2026-06-17,32.59,37.25,36,19.52,15.46
688595,芯海科技,2026-06-17,39.44,91.78,37.02,9.08,5.71
688596,正帆科技,2026-06-17,46.80,73.04,45.46,20.08,10.51
688597,煜邦电力,2026-06-17,7.96,6.26,8.92,12.32,8.79
688598,金博股份,2026-06-17,49.79,100,34.80,28.33,15.27
688599,天合光能,2026-06-17,14.60,15.89,16.96,19.14,13.62
688600,皖仪科技,2026-06-17,29.77,96.98,26.87,11.18,5.30
688601,力芯微,2026-06-17,59.65,63.36,55.81,12.66,10
688602,康鹏科技,2026-06-17,7.96,69.05,7.63,11.75,7.02
688603,天承科技,2026-06-17,196.12,77.16,178.18,13.55,10.22
688605,先锋精科,2026-06-17,88.49,99.94,78.14,13.31,9.68
688606,奥泰生物,2026-06-17,45.20,0,64.56,20.96,12.97
688607,康众医疗,2026-06-17,57.53,31.21,61.21,12.92,8.90
688608,恒玄科技,2026-06-17,156.48,16.40,176.56,21.90,11.45
688609,九联科技,2026-06-17,11.74,70.79,11.46,17.16,6.26
688610,埃科光电,2026-06-17,239.70,99.52,183.89,43.97,29.15
688611,杭州柯林,2026-06-17,77.20,85.17,64.21,32.72,22.02
688612,威迈斯,2026-06-17,33.45,55.18,32.95,11.88,7.88
688613,奥精医疗,2026-06-17,15.09,0.50,20.56,22.03,18.02
688615,合合信息,2026-06-17,119.90,13.93,133.56,14.40,9.88
688616,西力科技,2026-06-17,10.95,0.20,13.24,13.74,8.30
688617,惠泰医疗,2026-06-17,196.40,3.09,240.30,21.21,13.52
688618,三旺通信,2026-06-17,33.40,21.98,37.64,17.46,13.09
688619,罗普特,2026-06-17,17.32,58.39,17.03,15.63,9.63
688620,安凯微,2026-06-17,12.94,68.27,12.30,9.54,7.09
688621,阳光诺和,2026-06-17,51.38,9.12,59.84,18.50,12.82
688622,*ST禾信,2026-06-17,140.66,98.58,91.83,28.87,22.72
688623,双元科技,2026-06-17,95.62,30.88,99.49,8.91,5.77
688625,呈和科技,2026-06-17,93.65,96.27,67.63,40.81,30.36
688626,XD翔宇医,2026-06-17,48.54,3.14,60.49,25.98,15.42
688627,XD精智达,2026-06-17,542.28,99.87,406.63,28.53,15.67
688628,优利德,2026-06-17,102.01,89.90,91.44,32.21,11.17
688629,华丰科技,2026-06-17,157.05,99.44,142.30,9.34,5.72
688630,芯碁微装,2026-06-17,475.77,97.59,354.26,40.43,22.49
688631,XD莱斯信,2026-06-17,49.35,27.67,52.13,19.17,9.43
688633,星球石墨,2026-06-17,31.20,56.03,30.83,16.94,11.62
688635,长进光子,2026-06-17,501.84,51.96,498.95,22.44,11.34
688636,智明达,2026-06-17,37.89,26.16,41.34,17.85,13.09
688638.code,sh688638.name,sh688638.date,sh688638.closePrice,sh688638.chipProfitRate,sh688638.chipAvgCost,sh688638.chipConcentration90,sh688638.chipConcentration70
688638,誉辰智能,2026-06-17,34.31,16.79,39.88,14.16,12.05
688639,华恒生物,2026-06-17,20.69,4.45,27.77,29.22,24.26
688646,ST逸飞,2026-06-17,66.35,72.94,60.92,33.12,25.95
688648,中邮科技,2026-06-17,36.82,10.29,49.34,27.50,21.27
688651,盛邦安全,2026-06-17,35.38,34.36,38.03,16.79,11.60
688652,京仪装备,2026-06-17,157.68,87.05,138.96,21.12,10.89
688653,康希通信,2026-06-17,15.19,67.54,14.43,11.17,7.91
688655,迅捷兴,2026-06-17,52.55,60.96,51.44,15.97,10.61
688656,浩欧博,2026-06-17,104.58,6.78,140.90,31.63,17.95
688657,浩辰软件,2026-06-17,35.76,29.87,36.40,12.18,6.16
688658,悦康药业,2026-06-17,13.32,4.16,18.78,30.23,21.69
688659,元琛科技,2026-06-17,10.76,62.99,10.46,11.64,9.49
688660,电气风电,2026-06-17,9.52,7.29,12.70,34.36,24.23
688661,和林微纳,2026-06-17,152.15,99.66,120.96,24.18,10.32
688662,富信科技,2026-06-17,136,98.90,108.71,36.25,31.04
688663,新风光,2026-06-17,88.70,60.56,85.25,26.62,21.11
688665,四方光电,2026-06-17,59.56,90.45,52.40,14.38,9.31
688667,菱电电控,2026-06-17,120.03,53.34,118.43,29.47,18.12
688668,鼎通科技,2026-06-17,408.30,80.37,284.55,48.42,32.56
688669,聚石化学,2026-06-17,62.46,99.91,40.42,37.92,27.43
688670,金迪克,2026-06-17,14.37,0.10,19.16,24.03,13
688671,碧兴物联,2026-06-17,25.65,60.34,25.23,12.67,6.84
688676,金盘科技,2026-06-17,92.75,42.74,94.13,13.37,9.43
688677,海泰新光,2026-06-17,118.15,44.51,119.53,39.32,24.31
688678,福立旺,2026-06-17,22.71,49.84,22.72,15.55,10.22
688679,通源环境,2026-06-17,49.90,17.18,56.01,22.69,15.63
688680,海优新材,2026-06-17,45.26,34.27,47.45,14.85,8.61
688681,科汇股份,2026-06-17,14.95,0.08,18.84,15.44,11.07
688682,霍莱沃,2026-06-17,43.19,25.27,46.76,18.91,9.80
688683,莱尔科技,2026-06-17,41.73,76.60,37.17,27.25,16.19
688685,迈信林,2026-06-17,43.32,14.11,48.46,15.15,11.54
688686,奥普特,2026-06-17,157.49,98.35,129.14,24.20,16.98
688687,凯因科技,2026-06-17,15.79,0.41,20.28,22.64,13.35
688689,银河微电,2026-06-17,46.82,99.95,39.88,15.89,10.98
688690,纳微科技,2026-06-17,40.41,84.90,36.21,20.86,11.77
688691,灿芯股份,2026-06-17,100.44,59.98,98.57,16.07,12.40
688692,达梦数据,2026-06-17,266.86,50.43,266.42,13.15,6.23
688693,锴威特,2026-06-17,103.49,49.62,103.68,16.44,10.43
688695,中创股份,2026-06-17,19.88,0.86,24.23,18.63,14.38
688696,极米科技,2026-06-17,68.95,1.45,91.32,24.59,17.28
688697,纽威数控,2026-06-17,15.07,62.34,14.62,24.05,20.02
688698,伟创电气,2026-06-17,58.30,1.99,70.35,22.70,13.88
688699,明微电子,2026-06-17,65.35,75.87,62.84,19.65,8.29
688700,东威科技,2026-06-17,99.77,98.31,83.98,29.52,17.77
688701,卓锦股份,2026-06-17,8.01,0.13,9.75,13.84,9.96
688702,盛科通信-U,2026-06-17,303,79.42,281.71,29.11,14.98
688707,振华新材,2026-06-17,14.26,18.18,15.60,12.94,9.46
688708,佳驰科技,2026-06-17,51.50,31.22,53.35,18.30,12.82
688709,成都华微,2026-06-17,36.08,35.84,38.94,20.36,13.12
688710,益诺思,2026-06-17,53.64,23.37,61.19,18.25,12.63
688711,宏微科技,2026-06-17,39.34,89.79,35.13,13.92,8.78
688712,北芯生命,2026-06-17,38.79,34.57,40.55,14.47,12.10
688716,中研股份,2026-06-17,34.72,51.24,34.60,11.83,8.21
688717,艾罗能源,2026-06-17,91.04,11.39,106.58,16.86,14.07
688718,唯赛勃,2026-06-17,17.64,78,15.82,14.97,10.57
688719,爱科赛博,2026-06-17,92.16,96.92,79.78,32.16,15.45
688720,艾森股份,2026-06-17,84,99.93,71.06,12.04,8.26
688721,龙图光罩,2026-06-17,54.28,98.37,49.16,12.84,9.51
688722,同益中,2026-06-17,17.50,30.58,18.18,13.82,9.39
688726,拉普拉斯,2026-06-17,57.29,3.44,61.20,12.08,8.07
688727,恒坤新材,2026-06-17,59.18,91.58,55.41,9.34,6.10
688728,格科微,2026-06-17,14.52,38.31,14.93,12.60,9.16
688729,屹唐股份,2026-06-17,27.56,85.58,26.43,9.91,6.08
688733,壹石通,2026-06-17,42.67,95.82,37.81,18.69,11.41
688737,中自科技,2026-06-17,26.12,30.70,27.44,12.10,9.03
688739,成大生物,2026-06-17,19.75,0.21,26.02,15.08,7.93
688750,金天钛业,2026-06-17,16.82,7.17,18.47,13.28,9.12
688755,汉邦科技,2026-06-17,25.02,2.26,30.55,10.66,4.84
688757,胜科纳米,2026-06-17,59.70,99.93,40.88,36.23,23.91
688758,赛分科技,2026-06-17,20.04,74.59,19.46,9.08,5.36
688759,必贝特-U,2026-06-17,29.97,10.84,33.18,11.65,9.24
688765,禾元生物-U,2026-06-17,44.79,1.20,55.70,22.49,17.18
688766,普冉股份,2026-06-17,580.20,100,402.16,33.96,22.74
688767,博拓生物,2026-06-17,37.45,35.17,38.28,14.69,8.77
688768,容知日新,2026-06-17,54.80,76.49,50.46,20.05,12.42
688772,珠海冠宇,2026-06-17,20.71,84.30,16.81,16.82,13.66
688775,影石创新,2026-06-17,144.99,0.27,183.14,16.30,13.18
688776,国光电气,2026-06-17,61.01,9.51,82.32,32.37,27.57
688777,中控技术,2026-06-17,117.20,99.96,87.84,25.39,20.03
688778,厦钨新能,2026-06-17,61.36,16.09,76.20,22.39,15.96
688779,五矿新能,2026-06-17,8.96,24.12,10.21,17.76,12.43
688781,视涯科技-UW,2026-06-17,51.12,75.71,49.44,10.75,5.13
688783,西安奕材-U,2026-06-17,54.50,99.64,47.60,18.06,6.75
688785,恒运昌,2026-06-17,383,64.48,375.84,16.28,9.43
688786,悦安新材,2026-06-17,47.09,89.75,40.49,29.37,23.89
688787,海天瑞声,2026-06-17,157.38,80.30,149.19,11.43,8.53
688788,科思科技,2026-06-17,45.10,70.53,41.48,24.25,16.94
688789,宏华数科,2026-06-17,51.42,7.42,69.43,24.12,18.21
688790,昂瑞微-UW,2026-06-17,129.05,47.83,130.15,15.14,12.34
688793,倍轻松,2026-06-17,16.91,0.04,21.84,19.11,15.11
688795,摩尔线程-U,2026-06-17,639,56.95,634.95,7.79,5.66
688796,百奥赛图,2026-06-17,88.27,10.07,97.03,13.58,9.54
688798,艾为电子,2026-06-17,71.46,43.29,72.32,9.86,7.97
688799,华纳药厂,2026-06-17,47.11,14.34,54.28,15.51,11.92
688800,DR瑞可达,2026-06-17,93.40,13.59,122.32,21.96,17.60
688802,沐曦股份-U,2026-06-17,732.50,81.68,715.23,5.83,2.92
688805,健信超导,2026-06-17,47.69,11.95,53.64,12.47,10.13
688807,优迅股份,2026-06-17,422.17,65.14,411.14,10.90,7.24
688808,联讯仪器,2026-06-17,2316,98.44,2098.48,32.49,15.59
688809.code,sh688809.name,sh688809.date,sh688809.closePrice,sh688809.chipProfitRate,sh688809.chipAvgCost,sh688809.chipConcentration90,sh688809.chipConcentration70
688809,强一股份,2026-06-17,591.97,92.54,548.04,14.39,10.22
688811,有研复材,2026-06-17,30.48,86.43,28.70,10.46,6.35
688813,泰金新能,2026-06-17,188.95,95.67,161.82,17.29,12.93
688816,易思维,2026-06-17,62.41,10.05,64.67,9.60,7.65
688818,电科蓝天,2026-06-17,67,40.61,67.78,11.28,7.34
688819,天能股份,2026-06-17,24.57,7,31.19,17.86,12.67
688820,盛合晶微,2026-06-17,181.87,78.35,172.48,11.69,5.99
688981,中芯国际,2026-06-17,134.70,72.14,129.73,17.59,10.78
689009,九号公司-WD,2026-06-17,35.08,3.74,43.07,23.87,18.19
