code,market,name,price,last_close,open,high,low,change_amt,change_pct,turn_over_pct,pe_ttm,pb,mcap_yi,float_mcap_yi,limit_up,limit_down,vol_ratio,pe_static,amplitude_pct,amount_wan,update_time
sz000001,sz,,10.52,10.74,10.74,10.77,10.52,-0.22,-2.05,,,,,,,,,,,151101.0,2026-06-18T18:00:00.000000
sz000002,sz,,3.06,3.12,3.12,3.16,3.05,-0.06,-1.92,,,,,,,,,,,50069.0,2026-06-18T18:00:00.000000
sz000004,sz,,0.0,0.0,0.0,0.0,0.0,0.0,0,,,,,,,,,,,0.0,2026-06-18T18:00:00.000000
sz000006,sz,,8.21,7.75,7.75,8.51,7.72,0.46,5.94,,,,,,,,,,,50701.0,2026-06-18T18:00:00.000000
sz000007,sz,,13.68,13.6,13.6,14.0,13.35,0.08,0.59,,,,,,,,,,,10515.0,2026-06-18T18:00:00.000000
sz000008,sz,,2.45,2.5,2.5,2.5,2.44,-0.05,-2.0,,,,,,,,,,,5231.0,2026-06-18T18:00:00.000000
sz000009,sz,,6.84,6.97,6.97,6.97,6.8,-0.13,-1.87,,,,,,,,,,,17242.0,2026-06-18T18:00:00.000000
sz000010,sz,,1.9,1.98,1.98,2.02,1.9,-0.08,-4.04,,,,,,,,,,,5306.0,2026-06-18T18:00:00.000000
sz000011,sz,,7.33,7.4,7.4,7.9,7.32,-0.07,-0.95,,,,,,,,,,,7053.0,2026-06-18T18:00:00.000000
sz000012,sz,,4.3,4.46,4.46,4.49,4.26,-0.16,-3.59,,,,,,,,,,,46064.0,2026-06-18T18:00:00.000000
sz000014,sz,,9.93,9.86,9.86,10.28,9.66,0.07,0.71,,,,,,,,,,,6538.0,2026-06-18T18:00:00.000000
sz000016,sz,,2.68,2.82,2.82,2.83,2.68,-0.14,-4.96,,,,,,,,,,,8071.0,2026-06-18T18:00:00.000000
sz000017,sz,,5.15,5.16,5.16,5.23,5.01,-0.01,-0.19,,,,,,,,,,,3272.0,2026-06-18T18:00:00.000000
sz000019,sz,,6.16,6.19,6.19,6.21,6.06,-0.03,-0.48,,,,,,,,,,,3718.0,2026-06-18T18:00:00.000000
sz000020,sz,,11.54,11.86,11.86,11.86,11.47,-0.32,-2.7,,,,,,,,,,,3939.0,2026-06-18T18:00:00.000000
sz000021,sz,,44.04,42.85,42.85,46.18,42.31,1.19,2.78,,,,,,,,,,,823641.0,2026-06-18T18:00:00.000000
sz000025,sz,,15.37,15.7,15.7,16.3,15.28,-0.33,-2.1,,,,,,,,,,,14800.0,2026-06-18T18:00:00.000000
sz000026,sz,,21.31,21.2,21.2,21.5,20.37,0.11,0.52,,,,,,,,,,,24334.0,2026-06-18T18:00:00.000000
sz000027,sz,,6.88,7.32,7.32,7.39,6.88,-0.44,-6.01,,,,,,,,,,,53756.0,2026-06-18T18:00:00.000000
sz000028,sz,,22.6,22.68,22.68,22.85,22.47,-0.08,-0.35,,,,,,,,,,,4379.0,2026-06-18T18:00:00.000000
sz000029,sz,,29.23,28.85,28.85,29.35,27.9,0.38,1.32,,,,,,,,,,,28509.0,2026-06-18T18:00:00.000000
sz000030,sz,,4.26,4.28,4.28,4.31,4.23,-0.02,-0.47,,,,,,,,,,,3719.0,2026-06-18T18:00:00.000000
sz000031,sz,,2.33,2.37,2.37,2.39,2.3,-0.04,-1.69,,,,,,,,,,,9196.0,2026-06-18T18:00:00.000000
sz000032,sz,,24.6,23.35,23.35,25.54,23.23,1.25,5.35,,,,,,,,,,,366682.0,2026-06-18T18:00:00.000000
sz000034,sz,,26.58,26.57,26.57,26.99,26.28,0.01,0.04,,,,,,,,,,,98077.0,2026-06-18T18:00:00.000000
sz000035,sz,,5.07,5.09,5.09,5.12,4.99,-0.02,-0.39,,,,,,,,,,,14035.0,2026-06-18T18:00:00.000000
sz000036,sz,,4.9,5.12,5.12,5.12,4.89,-0.22,-4.3,,,,,,,,,,,13608.0,2026-06-18T18:00:00.000000
sz000037,sz,,10.37,11.31,11.31,11.31,10.37,-0.94,-8.31,,,,,,,,,,,51208.0,2026-06-18T18:00:00.000000
sz000039,sz,,8.88,9.09,9.09,9.28,8.84,-0.21,-2.31,,,,,,,,,,,48606.0,2026-06-18T18:00:00.000000
sz000042,sz,,8.93,9.14,9.14,9.15,8.92,-0.21,-2.3,,,,,,,,,,,3985.0,2026-06-18T18:00:00.000000
sz000045,sz,,10.73,11.11,11.11,11.16,10.72,-0.38,-3.42,,,,,,,,,,,7452.0,2026-06-18T18:00:00.000000
sz000048,sz,,18.86,19.05,19.05,19.49,17.84,-0.19,-1.0,,,,,,,,,,,58575.0,2026-06-18T18:00:00.000000
sz000049,sz,,24.05,24.25,24.25,24.7,24.01,-0.2,-0.82,,,,,,,,,,,14389.0,2026-06-18T18:00:00.000000
sz000050,sz,,8.94,9.0,9.0,9.12,8.69,-0.06,-0.67,,,,,,,,,,,118470.0,2026-06-18T18:00:00.000000
sz000055,sz,,3.65,3.78,3.78,3.8,3.61,-0.13,-3.44,,,,,,,,,,,8951.0,2026-06-18T18:00:00.000000
sz000056,sz,,1.67,1.67,1.67,1.74,1.64,0.0,0.0,,,,,,,,,,,4624.0,2026-06-18T18:00:00.000000
sz000058,sz,,6.63,6.76,6.76,6.76,6.59,-0.13,-1.92,,,,,,,,,,,5548.0,2026-06-18T18:00:00.000000
sz000059,sz,,4.02,4.09,4.09,4.11,3.99,-0.07,-1.71,,,,,,,,,,,10545.0,2026-06-18T18:00:00.000000
sz000060,sz,,8.01,8.04,8.04,8.28,7.85,-0.03,-0.37,,,,,,,,,,,201870.0,2026-06-18T18:00:00.000000
sz000061,sz,,5.86,5.85,5.85,6.22,5.77,0.01,0.17,,,,,,,,,,,16159.0,2026-06-18T18:00:00.000000
sz000062,sz,,32.06,31.46,31.46,32.49,31.35,0.6,1.91,,,,,,,,,,,193104.0,2026-06-18T18:00:00.000000
sz000063,sz,,37.89,37.41,37.41,38.64,37.01,0.48,1.28,,,,,,,,,,,827011.0,2026-06-18T18:00:00.000000
sz000065,sz,,12.32,12.71,12.71,12.78,12.05,-0.39,-3.07,,,,,,,,,,,38209.0,2026-06-18T18:00:00.000000
sz000066,sz,,17.84,17.46,17.46,18.38,17.35,0.38,2.18,,,,,,,,,,,573919.0,2026-06-18T18:00:00.000000
sz000068,sz,,3.27,3.42,3.42,3.42,3.22,-0.15,-4.39,,,,,,,,,,,13324.0,2026-06-18T18:00:00.000000
sz000069,sz,,1.78,1.79,1.79,1.81,1.75,-0.01,-0.56,,,,,,,,,,,5906.0,2026-06-18T18:00:00.000000
sz000070,sz,,20.73,20.76,20.76,21.2,20.33,-0.03,-0.14,,,,,,,,,,,223268.0,2026-06-18T18:00:00.000000
sz000078,sz,,1.47,1.51,1.51,1.53,1.47,-0.04,-2.65,,,,,,,,,,,12721.0,2026-06-18T18:00:00.000000
sz000088,sz,,4.3,4.34,4.34,4.35,4.26,-0.04,-0.92,,,,,,,,,,,6533.0,2026-06-18T18:00:00.000000
sz000089,sz,,6.19,6.36,6.36,6.39,6.18,-0.17,-2.67,,,,,,,,,,,9234.0,2026-06-18T18:00:00.000000
sz000090,sz,,3.39,3.44,3.44,3.46,3.35,-0.05,-1.45,,,,,,,,,,,6695.0,2026-06-18T18:00:00.000000
sz000096,sz,,7.46,7.55,7.55,7.58,7.4,-0.09,-1.19,,,,,,,,,,,3260.0,2026-06-18T18:00:00.000000
sz000099,sz,,15.87,16.38,16.38,16.4,15.78,-0.51,-3.11,,,,,,,,,,,29370.0,2026-06-18T18:00:00.000000
sz000100,sz,,5.0,5.21,5.21,5.24,4.98,-0.21,-4.03,,,,,,,,,,,916595.0,2026-06-18T18:00:00.000000
sz000151,sz,,13.24,13.89,13.89,13.9,13.23,-0.65,-4.68,,,,,,,,,,,21440.0,2026-06-18T18:00:00.000000
sz000153,sz,,5.28,5.25,5.25,5.32,5.19,0.03,0.57,,,,,,,,,,,2546.0,2026-06-18T18:00:00.000000
sz000155,sz,,12.87,13.21,13.21,13.34,12.85,-0.34,-2.57,,,,,,,,,,,45832.0,2026-06-18T18:00:00.000000
sz000156,sz,,6.79,6.74,6.74,6.89,6.61,0.05,0.74,,,,,,,,,,,6487.0,2026-06-18T18:00:00.000000
sz000157,sz,,7.58,7.63,7.63,7.67,7.47,-0.05,-0.66,,,,,,,,,,,48753.0,2026-06-18T18:00:00.000000
sz000158,sz,,14.52,14.46,14.46,14.65,14.22,0.06,0.41,,,,,,,,,,,37951.0,2026-06-18T18:00:00.000000
sz000159,sz,,5.75,5.74,5.74,5.95,5.66,0.01,0.17,,,,,,,,,,,8533.0,2026-06-18T18:00:00.000000
sz000166,sz,,4.41,4.56,4.56,4.57,4.4,-0.15,-3.29,,,,,,,,,,,48698.0,2026-06-18T18:00:00.000000
sz000301,sz,,11.59,12.1,12.1,12.13,11.46,-0.51,-4.21,,,,,,,,,,,32532.0,2026-06-18T18:00:00.000000
sz000333,sz,,78.0,79.23,79.23,79.49,77.8,-1.23,-1.55,,,,,,,,,,,285086.0,2026-06-18T18:00:00.000000
sz000338,sz,,30.09,29.66,29.66,31.38,29.5,0.43,1.45,,,,,,,,,,,404333.0,2026-06-18T18:00:00.000000
sz000400,sz,,22.88,23.05,23.05,23.12,22.43,-0.17,-0.74,,,,,,,,,,,50564.0,2026-06-18T18:00:00.000000
sz000401,sz,,3.66,3.74,3.74,3.75,3.65,-0.08,-2.14,,,,,,,,,,,2565.0,2026-06-18T18:00:00.000000
sz000402,sz,,2.67,2.69,2.69,2.7,2.64,-0.02,-0.74,,,,,,,,,,,9154.0,2026-06-18T18:00:00.000000
sz000403,sz,,10.81,10.6,10.6,11.42,10.6,0.21,1.98,,,,,,,,,,,37330.0,2026-06-18T18:00:00.000000
sz000404,sz,,7.55,7.63,7.63,7.73,7.55,-0.08,-1.05,,,,,,,,,,,9073.0,2026-06-18T18:00:00.000000
sz000407,sz,,3.93,3.88,3.88,3.95,3.83,0.05,1.29,,,,,,,,,,,4885.0,2026-06-18T18:00:00.000000
sz000408,sz,,76.42,76.26,76.26,79.44,75.11,0.16,0.21,,,,,,,,,,,116611.0,2026-06-18T18:00:00.000000
sz000409,sz,,8.69,8.9,8.9,8.91,8.69,-0.21,-2.36,,,,,,,,,,,4700.0,2026-06-18T18:00:00.000000
sz000410,sz,,5.11,5.08,5.08,5.14,4.95,0.03,0.59,,,,,,,,,,,9998.0,2026-06-18T18:00:00.000000
sz000411,sz,,9.59,9.95,9.95,9.95,9.58,-0.36,-3.62,,,,,,,,,,,5155.0,2026-06-18T18:00:00.000000
sz000415,sz,,4.34,4.36,4.36,4.39,4.26,-0.02,-0.46,,,,,,,,,,,28422.0,2026-06-18T18:00:00.000000
sz000417,sz,,7.89,7.69,7.69,7.96,7.65,0.2,2.6,,,,,,,,,,,61895.0,2026-06-18T18:00:00.000000
sz000419,sz,,4.67,4.73,4.73,4.84,4.66,-0.06,-1.27,,,,,,,,,,,2005.0,2026-06-18T18:00:00.000000
sz000420,sz,,4.23,4.32,4.32,4.37,4.22,-0.09,-2.08,,,,,,,,,,,26448.0,2026-06-18T18:00:00.000000
sz000421,sz,,5.26,5.35,5.35,5.36,5.25,-0.09,-1.68,,,,,,,,,,,3144.0,2026-06-18T18:00:00.000000
sz000422,sz,,13.13,13.3,13.3,13.33,12.93,-0.17,-1.28,,,,,,,,,,,29511.0,2026-06-18T18:00:00.000000
sz000423,sz,,45.68,47.03,47.03,47.3,45.5,-1.35,-2.87,,,,,,,,,,,38506.0,2026-06-18T18:00:00.000000
sz000425,sz,,8.99,9.19,9.19,9.26,8.86,-0.2,-2.18,,,,,,,,,,,109500.0,2026-06-18T18:00:00.000000
sz000426,sz,,39.57,40.6,40.6,41.16,38.8,-1.03,-2.54,,,,,,,,,,,305576.0,2026-06-18T18:00:00.000000
sz000428,sz,,3.22,3.15,3.15,3.27,3.14,0.07,2.22,,,,,,,,,,,3617.0,2026-06-18T18:00:00.000000
sz000429,sz,,13.56,13.38,13.38,13.6,13.27,0.18,1.35,,,,,,,,,,,6672.0,2026-06-18T18:00:00.000000
sz000430,sz,,7.47,7.47,7.47,7.5,7.27,0.0,0.0,,,,,,,,,,,5228.0,2026-06-18T18:00:00.000000
sz000488,sz,,2.08,2.08,2.08,2.1,2.06,0.0,0.0,,,,,,,,,,,1391.0,2026-06-18T18:00:00.000000
sz000498,sz,,5.0,5.08,5.08,5.09,4.99,-0.08,-1.57,,,,,,,,,,,3370.0,2026-06-18T18:00:00.000000
sz000501,sz,,6.97,7.02,7.02,7.03,6.9,-0.05,-0.71,,,,,,,,,,,4377.0,2026-06-18T18:00:00.000000
sz000503,sz,,6.88,7.0,7.0,7.0,6.86,-0.12,-1.71,,,,,,,,,,,6567.0,2026-06-18T18:00:00.000000
sz000504,sz,,7.84,7.84,7.84,8.06,7.67,0.0,0.0,,,,,,,,,,,5437.0,2026-06-18T18:00:00.000000
sz000505,sz,,5.32,5.36,5.36,5.41,5.29,-0.04,-0.75,,,,,,,,,,,2733.0,2026-06-18T18:00:00.000000
sz000506,sz,,14.72,14.91,14.91,15.25,14.6,-0.19,-1.27,,,,,,,,,,,71590.0,2026-06-18T18:00:00.000000
sz000507,sz,,4.75,4.85,4.85,4.85,4.73,-0.1,-2.06,,,,,,,,,,,2965.0,2026-06-18T18:00:00.000000
sz000509,sz,,4.06,4.14,4.14,4.16,3.97,-0.08,-1.93,,,,,,,,,,,26765.0,2026-06-18T18:00:00.000000
sz000510,sz,,22.1,21.93,21.93,22.38,21.46,0.17,0.78,,,,,,,,,,,120250.0,2026-06-18T18:00:00.000000
sz000513,sz,,29.3,29.41,29.41,29.57,29.02,-0.11,-0.37,,,,,,,,,,,12808.0,2026-06-18T18:00:00.000000
sz000514,sz,,3.93,3.97,3.97,4.0,3.88,-0.04,-1.01,,,,,,,,,,,2809.0,2026-06-18T18:00:00.000000
sz000516,sz,,4.17,4.03,4.03,4.3,4.01,0.14,3.47,,,,,,,,,,,20666.0,2026-06-18T18:00:00.000000
sz000517,sz,,1.8,1.88,1.88,1.89,1.76,-0.08,-4.26,,,,,,,,,,,11889.0,2026-06-18T18:00:00.000000
sz000518,sz,,3.12,3.14,3.14,3.15,3.09,-0.02,-0.64,,,,,,,,,,,8965.0,2026-06-18T18:00:00.000000
sz000519,sz,,20.34,20.03,20.03,20.88,19.96,0.31,1.55,,,,,,,,,,,196039.0,2026-06-18T18:00:00.000000
sz000520,sz,,4.39,4.55,4.55,4.58,4.35,-0.16,-3.52,,,,,,,,,,,15962.0,2026-06-18T18:00:00.000000
sz000521,sz,,5.54,5.71,5.71,5.73,5.48,-0.17,-2.98,,,,,,,,,,,6239.0,2026-06-18T18:00:00.000000
sz000523,sz,,2.77,2.83,2.83,2.84,2.75,-0.06,-2.12,,,,,,,,,,,5109.0,2026-06-18T18:00:00.000000
sz000524,sz,,8.91,8.95,8.95,8.99,8.76,-0.04,-0.45,,,,,,,,,,,5290.0,2026-06-18T18:00:00.000000
sz000525,sz,,4.38,4.45,4.45,4.56,4.36,-0.07,-1.57,,,,,,,,,,,7296.0,2026-06-18T18:00:00.000000
sz000526,sz,,26.87,27.05,27.05,27.65,26.31,-0.18,-0.67,,,,,,,,,,,10845.0,2026-06-18T18:00:00.000000
sz000528,sz,,8.0,8.16,8.16,8.17,7.98,-0.16,-1.96,,,,,,,,,,,24738.0,2026-06-18T18:00:00.000000
sz000529,sz,,4.6,4.6,4.6,4.66,4.55,0.0,0.0,,,,,,,,,,,1360.0,2026-06-18T18:00:00.000000
sz000530,sz,,5.43,5.53,5.53,5.56,5.4,-0.1,-1.81,,,,,,,,,,,13766.0,2026-06-18T18:00:00.000000
sz000531,sz,,6.45,6.81,6.81,6.82,6.42,-0.36,-5.29,,,,,,,,,,,18457.0,2026-06-18T18:00:00.000000
sz000532,sz,,11.71,12.31,12.31,12.53,11.71,-0.6,-4.87,,,,,,,,,,,15019.0,2026-06-18T18:00:00.000000
sz000533,sz,,10.39,10.63,10.63,10.63,10.3,-0.24,-2.26,,,,,,,,,,,30405.0,2026-06-18T18:00:00.000000
sz000534,sz,,32.36,29.88,29.88,32.36,29.63,2.48,8.3,,,,,,,,,,,64867.0,2026-06-18T18:00:00.000000
sz000536,sz,,3.6,3.75,3.75,3.75,3.58,-0.15,-4.0,,,,,,,,,,,32089.0,2026-06-18T18:00:00.000000
sz000537,sz,,8.09,8.49,8.49,8.51,8.06,-0.4,-4.71,,,,,,,,,,,41623.0,2026-06-18T18:00:00.000000
sz000538,sz,,48.43,48.9,48.9,49.05,48.43,-0.47,-0.96,,,,,,,,,,,37433.0,2026-06-18T18:00:00.000000
sz000539,sz,,7.4,8.0,8.0,8.11,7.4,-0.6,-7.5,,,,,,,,,,,193474.0,2026-06-18T18:00:00.000000
sz000541,sz,,5.04,5.08,5.08,5.1,4.97,-0.04,-0.79,,,,,,,,,,,9313.0,2026-06-18T18:00:00.000000
sz000543,sz,,8.02,8.51,8.51,8.54,8.0,-0.49,-5.76,,,,,,,,,,,66224.0,2026-06-18T18:00:00.000000
sz000544,sz,,7.46,7.58,7.58,7.61,7.46,-0.12,-1.58,,,,,,,,,,,2885.0,2026-06-18T18:00:00.000000
sz000545,sz,,2.41,2.51,2.51,2.51,2.38,-0.1,-3.98,,,,,,,,,,,11170.0,2026-06-18T18:00:00.000000
sz000546,sz,,5.18,5.29,5.29,5.29,5.14,-0.11,-2.08,,,,,,,,,,,12125.0,2026-06-18T18:00:00.000000
sz000547,sz,,19.72,19.9,19.9,20.15,19.42,-0.18,-0.9,,,,,,,,,,,188329.0,2026-06-18T18:00:00.000000
sz000548,sz,,4.34,4.38,4.38,4.39,4.28,-0.04,-0.91,,,,,,,,,,,2005.0,2026-06-18T18:00:00.000000
sz000550,sz,,17.54,17.4,17.4,17.6,16.96,0.14,0.8,,,,,,,,,,,6894.0,2026-06-18T18:00:00.000000
sz000551,sz,,15.63,15.18,15.18,15.65,15.02,0.45,2.96,,,,,,,,,,,34139.0,2026-06-18T18:00:00.000000
sz000552,sz,,2.42,2.47,2.47,2.47,2.4,-0.05,-2.02,,,,,,,,,,,11518.0,2026-06-18T18:00:00.000000
sz000553,sz,,5.78,5.85,5.85,5.88,5.72,-0.07,-1.2,,,,,,,,,,,4031.0,2026-06-18T18:00:00.000000
sz000554,sz,,6.14,6.21,6.21,6.22,6.1,-0.07,-1.13,,,,,,,,,,,5831.0,2026-06-18T18:00:00.000000
sz000555,sz,,11.26,11.27,11.27,11.48,11.21,-0.01,-0.09,,,,,,,,,,,19292.0,2026-06-18T18:00:00.000000
sz000557,sz,,3.73,3.69,3.69,3.75,3.63,0.04,1.08,,,,,,,,,,,3982.0,2026-06-18T18:00:00.000000
sz000558,sz,,3.5,3.63,3.63,3.66,3.5,-0.13,-3.58,,,,,,,,,,,16900.0,2026-06-18T18:00:00.000000
sz000559,sz,,13.75,13.55,13.55,13.93,13.44,0.2,1.48,,,,,,,,,,,62638.0,2026-06-18T18:00:00.000000
sz000560,sz,,2.2,2.23,2.23,2.24,2.17,-0.03,-1.35,,,,,,,,,,,14347.0,2026-06-18T18:00:00.000000
sz000561,sz,,7.7,7.79,7.79,7.89,7.6,-0.09,-1.16,,,,,,,,,,,6791.0,2026-06-18T18:00:00.000000
sz000563,sz,,2.86,2.92,2.92,2.92,2.85,-0.06,-2.05,,,,,,,,,,,9583.0,2026-06-18T18:00:00.000000
sz000564,sz,,1.46,1.53,1.53,1.55,1.44,-0.07,-4.58,,,,,,,,,,,51375.0,2026-06-18T18:00:00.000000
sz000565,sz,,6.16,6.19,6.19,6.22,6.06,-0.03,-0.48,,,,,,,,,,,5211.0,2026-06-18T18:00:00.000000
sz000566,sz,,3.77,3.79,3.79,3.9,3.69,-0.02,-0.53,,,,,,,,,,,10669.0,2026-06-18T18:00:00.000000
sz000567,sz,,5.76,5.78,5.78,5.86,5.67,-0.02,-0.35,,,,,,,,,,,9497.0,2026-06-18T18:00:00.000000
sz000568,sz,,80.93,82.56,82.56,82.75,80.5,-1.63,-1.97,,,,,,,,,,,94455.0,2026-06-18T18:00:00.000000
sz000570,sz,,5.04,5.11,5.11,5.13,5.0,-0.07,-1.37,,,,,,,,,,,5292.0,2026-06-18T18:00:00.000000
sz000571,sz,,5.3,5.46,5.46,5.63,5.26,-0.16,-2.93,,,,,,,,,,,14930.0,2026-06-18T18:00:00.000000
sz000572,sz,,4.06,4.09,4.09,4.11,4.0,-0.03,-0.73,,,,,,,,,,,14718.0,2026-06-18T18:00:00.000000
sz000573,sz,,4.02,4.0,4.0,4.04,3.93,0.02,0.5,,,,,,,,,,,7783.0,2026-06-18T18:00:00.000000
sz000576,sz,,7.1,7.12,7.12,7.2,6.96,-0.02,-0.28,,,,,,,,,,,4029.0,2026-06-18T18:00:00.000000
sz000581,sz,,17.49,17.52,17.52,17.76,17.44,-0.03,-0.17,,,,,,,,,,,12993.0,2026-06-18T18:00:00.000000
sz000582,sz,,11.48,11.95,11.95,12.04,11.32,-0.47,-3.93,,,,,,,,,,,66463.0,2026-06-18T18:00:00.000000
sz000586,sz,,15.26,15.5,15.5,15.63,15.14,-0.24,-1.55,,,,,,,,,,,11391.0,2026-06-18T18:00:00.000000
sz000589,sz,,4.25,4.33,4.33,4.34,4.24,-0.08,-1.85,,,,,,,,,,,10143.0,2026-06-18T18:00:00.000000
sz000590,sz,,9.13,9.16,9.16,9.3,9.02,-0.03,-0.33,,,,,,,,,,,2006.0,2026-06-18T18:00:00.000000
sz000591,sz,,4.77,5.0,5.0,5.01,4.75,-0.23,-4.6,,,,,,,,,,,53756.0,2026-06-18T18:00:00.000000
sz000592,sz,,7.32,7.5,7.5,7.54,7.26,-0.18,-2.4,,,,,,,,,,,67664.0,2026-06-18T18:00:00.000000
sz000593,sz,,25.2,24.92,24.92,26.3,24.7,0.28,1.12,,,,,,,,,,,59045.0,2026-06-18T18:00:00.000000
sz000595,sz,,6.42,6.53,6.53,6.54,6.29,-0.11,-1.68,,,,,,,,,,,10890.0,2026-06-18T18:00:00.000000
sz000596,sz,,81.71,83.88,83.88,83.88,81.6,-2.17,-2.59,,,,,,,,,,,28050.0,2026-06-18T18:00:00.000000
sz000597,sz,,4.39,4.37,4.37,4.45,4.31,0.02,0.46,,,,,,,,,,,3561.0,2026-06-18T18:00:00.000000
sz000598,sz,,6.79,6.88,6.88,6.9,6.71,-0.09,-1.31,,,,,,,,,,,18695.0,2026-06-18T18:00:00.000000
sz000599,sz,,4.67,4.75,4.75,4.83,4.63,-0.08,-1.68,,,,,,,,,,,7227.0,2026-06-18T18:00:00.000000
sz000600,sz,,9.82,10.56,10.56,10.69,9.81,-0.74,-7.01,,,,,,,,,,,75859.0,2026-06-18T18:00:00.000000
sz000601,sz,,6.61,7.0,7.0,7.07,6.56,-0.39,-5.57,,,,,,,,,,,62341.0,2026-06-18T18:00:00.000000
sz000603,sz,,26.34,26.04,26.04,27.85,25.83,0.3,1.15,,,,,,,,,,,129427.0,2026-06-18T18:00:00.000000
sz000605,sz,,5.68,5.74,5.74,5.78,5.61,-0.06,-1.05,,,,,,,,,,,2243.0,2026-06-18T18:00:00.000000
sz000607,sz,,3.3,3.3,3.3,3.35,3.24,0.0,0.0,,,,,,,,,,,3412.0,2026-06-18T18:00:00.000000
sz000608,sz,,7.59,7.0,7.0,7.59,6.83,0.59,8.43,,,,,,,,,,,30129.0,2026-06-18T18:00:00.000000
sz000609,sz,,11.84,11.4,11.4,12.05,11.4,0.44,3.86,,,,,,,,,,,9891.0,2026-06-18T18:00:00.000000
sz000610,sz,,6.35,6.55,6.55,6.64,6.33,-0.2,-3.05,,,,,,,,,,,3097.0,2026-06-18T18:00:00.000000
sz000612,sz,,11.03,11.0,11.0,11.32,10.8,0.03,0.27,,,,,,,,,,,43831.0,2026-06-18T18:00:00.000000
sz000615,sz,,3.41,3.4,3.4,3.42,3.35,0.01,0.29,,,,,,,,,,,1404.0,2026-06-18T18:00:00.000000
sz000617,sz,,7.17,7.3,7.3,7.33,7.16,-0.13,-1.78,,,,,,,,,,,54760.0,2026-06-18T18:00:00.000000
sz000619,sz,,4.8,4.79,4.79,4.83,4.7,0.01,0.21,,,,,,,,,,,3733.0,2026-06-18T18:00:00.000000
sz000620,sz,,2.96,2.98,2.98,2.99,2.89,-0.02,-0.67,,,,,,,,,,,70043.0,2026-06-18T18:00:00.000000
sz000623,sz,,17.15,17.63,17.63,17.7,17.13,-0.48,-2.72,,,,,,,,,,,16154.0,2026-06-18T18:00:00.000000
sz000625,sz,,7.45,7.35,7.35,7.5,7.25,0.1,1.36,,,,,,,,,,,71628.0,2026-06-18T18:00:00.000000
sz000626,sz,,6.98,7.02,7.02,7.07,6.85,-0.04,-0.57,,,,,,,,,,,5137.0,2026-06-18T18:00:00.000000
sz000628,sz,,53.78,53.37,53.37,54.5,52.97,0.41,0.77,,,,,,,,,,,48842.0,2026-06-18T18:00:00.000000
sz000629,sz,,3.2,3.19,3.19,3.27,3.14,0.01,0.31,,,,,,,,,,,37121.0,2026-06-18T18:00:00.000000
sz000630,sz,,7.65,7.39,7.39,8.02,7.38,0.26,3.52,,,,,,,,,,,659882.0,2026-06-18T18:00:00.000000
sz000631,sz,,3.07,3.12,3.12,3.12,3.05,-0.05,-1.6,,,,,,,,,,,4525.0,2026-06-18T18:00:00.000000
sz000632,sz,,3.33,3.48,3.48,3.51,3.33,-0.15,-4.31,,,,,,,,,,,4770.0,2026-06-18T18:00:00.000000
sz000633,sz,,5.17,5.16,5.16,5.23,5.0,0.01,0.19,,,,,,,,,,,6342.0,2026-06-18T18:00:00.000000
sz000635,sz,,6.53,6.75,6.75,6.75,6.52,-0.22,-3.26,,,,,,,,,,,4087.0,2026-06-18T18:00:00.000000
sz000636,sz,,74.6,71.5,71.5,76.1,71.22,3.1,4.34,,,,,,,,,,,1007888.0,2026-06-18T18:00:00.000000
sz000637,sz,,3.76,3.77,3.77,3.8,3.66,-0.01,-0.27,,,,,,,,,,,3738.0,2026-06-18T18:00:00.000000
sz000639,sz,,1.31,1.35,1.35,1.36,1.3,-0.04,-2.96,,,,,,,,,,,4760.0,2026-06-18T18:00:00.000000
sz000650,sz,,5.13,5.16,5.16,5.19,5.1,-0.03,-0.58,,,,,,,,,,,5539.0,2026-06-18T18:00:00.000000
sz000651,sz,,36.72,37.1,37.1,37.29,36.64,-0.38,-1.02,,,,,,,,,,,203480.0,2026-06-18T18:00:00.000000
sz000652,sz,,3.5,3.5,3.5,3.52,3.45,0.0,0.0,,,,,,,,,,,2501.0,2026-06-18T18:00:00.000000
sz000655,sz,,6.93,6.96,6.96,7.09,6.86,-0.03,-0.43,,,,,,,,,,,3482.0,2026-06-18T18:00:00.000000
sz000656,sz,,1.34,1.34,1.34,1.35,1.32,0.0,0.0,,,,,,,,,,,7225.0,2026-06-18T18:00:00.000000
sz000657,sz,,98.48,88.75,88.75,98.48,88.75,9.73,10.96,,,,,,,,,,,856825.0,2026-06-18T18:00:00.000000
sz000659,sz,,3.52,3.52,3.52,3.62,3.47,0.0,0.0,,,,,,,,,,,8177.0,2026-06-18T18:00:00.000000
sz000661,sz,,64.1,63.58,63.58,65.6,63.01,0.52,0.82,,,,,,,,,,,43845.0,2026-06-18T18:00:00.000000
sz000663,sz,,5.38,5.43,5.43,5.48,5.28,-0.05,-0.92,,,,,,,,,,,2537.0,2026-06-18T18:00:00.000000
sz000665,sz,,3.93,3.92,3.92,4.02,3.8,0.01,0.26,,,,,,,,,,,5934.0,2026-06-18T18:00:00.000000
sz000668,sz,,22.26,21.39,21.39,23.36,21.39,0.87,4.07,,,,,,,,,,,18576.0,2026-06-18T18:00:00.000000
sz000669,sz,,4.03,4.02,4.02,4.12,4.01,0.01,0.25,,,,,,,,,,,3348.0,2026-06-18T18:00:00.000000
sz000670,sz,,8.79,9.15,9.15,9.69,8.7,-0.36,-3.93,,,,,,,,,,,102623.0,2026-06-18T18:00:00.000000
sz000672,sz,,18.71,19.03,19.03,19.47,18.55,-0.32,-1.68,,,,,,,,,,,72057.0,2026-06-18T18:00:00.000000
sz000676,sz,,5.46,5.45,5.45,5.54,5.4,0.01,0.18,,,,,,,,,,,14391.0,2026-06-18T18:00:00.000000
sz000677,sz,,1.72,1.75,1.75,1.78,1.71,-0.03,-1.71,,,,,,,,,,,6069.0,2026-06-18T18:00:00.000000
sz000678,sz,,9.72,9.55,9.55,10.0,9.41,0.17,1.78,,,,,,,,,,,14672.0,2026-06-18T18:00:00.000000
sz000679,sz,,7.58,7.35,7.35,8.09,7.2,0.23,3.13,,,,,,,,,,,34363.0,2026-06-18T18:00:00.000000
sz000680,sz,,10.22,10.37,10.37,10.66,10.12,-0.15,-1.45,,,,,,,,,,,21999.0,2026-06-18T18:00:00.000000
sz000681,sz,,21.7,20.67,20.67,22.21,20.54,1.03,4.98,,,,,,,,,,,148026.0,2026-06-18T18:00:00.000000
sz000682,sz,,12.86,12.89,12.89,13.07,12.56,-0.03,-0.23,,,,,,,,,,,38540.0,2026-06-18T18:00:00.000000
sz000683,sz,,6.29,6.56,6.56,6.56,6.13,-0.27,-4.12,,,,,,,,,,,62382.0,2026-06-18T18:00:00.000000
sz000685,sz,,10.96,11.12,11.12,11.19,10.92,-0.16,-1.44,,,,,,,,,,,14945.0,2026-06-18T18:00:00.000000
sz000686,sz,,7.81,8.04,8.04,8.06,7.77,-0.23,-2.86,,,,,,,,,,,20848.0,2026-06-18T18:00:00.000000
sz000688,sz,,37.86,40.0,40.0,41.47,37.69,-2.14,-5.35,,,,,,,,,,,158173.0,2026-06-18T18:00:00.000000
sz000690,sz,,5.14,5.4,5.4,5.43,5.11,-0.26,-4.81,,,,,,,,,,,50719.0,2026-06-18T18:00:00.000000
sz000691,sz,,12.23,11.57,11.57,12.48,10.84,0.66,5.7,,,,,,,,,,,40462.0,2026-06-18T18:00:00.000000
sz000692,sz,,4.28,4.35,4.35,4.35,4.23,-0.07,-1.61,,,,,,,,,,,5566.0,2026-06-18T18:00:00.000000
sz000695,sz,,14.17,14.32,14.32,14.63,13.43,-0.15,-1.05,,,,,,,,,,,36791.0,2026-06-18T18:00:00.000000
sz000697,sz,,11.5,11.93,11.93,12.34,11.39,-0.43,-3.6,,,,,,,,,,,40456.0,2026-06-18T18:00:00.000000
sz000698,sz,,3.05,3.11,3.11,3.14,3.03,-0.06,-1.93,,,,,,,,,,,1412.0,2026-06-18T18:00:00.000000
sz000700,sz,,15.45,15.95,15.95,16.14,15.43,-0.5,-3.13,,,,,,,,,,,101042.0,2026-06-18T18:00:00.000000
sz000701,sz,,4.97,4.81,4.81,5.09,4.71,0.16,3.33,,,,,,,,,,,10426.0,2026-06-18T18:00:00.000000
sz000702,sz,,5.27,5.29,5.29,5.34,5.19,-0.02,-0.38,,,,,,,,,,,3338.0,2026-06-18T18:00:00.000000
sz000703,sz,,12.46,12.53,12.53,12.68,12.25,-0.07,-0.56,,,,,,,,,,,51422.0,2026-06-18T18:00:00.000000
sz000705,sz,,6.31,6.4,6.4,6.45,6.27,-0.09,-1.41,,,,,,,,,,,2735.0,2026-06-18T18:00:00.000000
sz000707,sz,,4.55,4.61,4.61,4.65,4.52,-0.06,-1.3,,,,,,,,,,,2866.0,2026-06-18T18:00:00.000000
sz000708,sz,,13.53,13.67,13.67,13.78,13.31,-0.14,-1.02,,,,,,,,,,,19527.0,2026-06-18T18:00:00.000000
sz000709,sz,,2.06,2.07,2.07,2.1,2.05,-0.01,-0.48,,,,,,,,,,,15174.0,2026-06-18T18:00:00.000000
sz000710,sz,,7.86,7.84,7.84,8.06,7.82,0.02,0.26,,,,,,,,,,,5902.0,2026-06-18T18:00:00.000000
sz000711,sz,,5.2,5.3,5.3,5.54,5.15,-0.1,-1.89,,,,,,,,,,,44298.0,2026-06-18T18:00:00.000000
sz000712,sz,,9.07,9.32,9.32,9.45,9.0,-0.25,-2.68,,,,,,,,,,,23611.0,2026-06-18T18:00:00.000000
sz000713,sz,,5.57,5.68,5.68,5.68,5.5,-0.11,-1.94,,,,,,,,,,,3054.0,2026-06-18T18:00:00.000000
sz000715,sz,,4.74,4.7,4.7,4.79,4.65,0.04,0.85,,,,,,,,,,,2797.0,2026-06-18T18:00:00.000000
sz000716,sz,,4.3,4.43,4.43,4.45,4.29,-0.13,-2.93,,,,,,,,,,,7543.0,2026-06-18T18:00:00.000000
sz000717,sz,,2.09,2.08,2.08,2.11,2.05,0.01,0.48,,,,,,,,,,,2373.0,2026-06-18T18:00:00.000000
sz000718,sz,,1.85,1.87,1.87,1.88,1.83,-0.02,-1.07,,,,,,,,,,,4787.0,2026-06-18T18:00:00.000000
sz000719,sz,,11.94,11.94,11.94,12.09,11.85,0.0,0.0,,,,,,,,,,,4187.0,2026-06-18T18:00:00.000000
sz000720,sz,,4.04,4.25,4.25,4.25,4.04,-0.21,-4.94,,,,,,,,,,,23902.0,2026-06-18T18:00:00.000000
sz000721,sz,,5.85,5.82,5.82,5.92,5.7,0.03,0.52,,,,,,,,,,,3869.0,2026-06-18T18:00:00.000000
sz000722,sz,,14.36,15.51,15.51,15.69,14.27,-1.15,-7.41,,,,,,,,,,,71485.0,2026-06-18T18:00:00.000000
sz000723,sz,,3.65,3.8,3.8,3.82,3.65,-0.15,-3.95,,,,,,,,,,,23077.0,2026-06-18T18:00:00.000000
sz000725,sz,,6.55,6.86,6.86,6.93,6.49,-0.31,-4.52,,,,,,,,,,,2665428.0,2026-06-18T18:00:00.000000
sz000726,sz,,5.62,5.63,5.63,5.69,5.6,-0.01,-0.18,,,,,,,,,,,2044.0,2026-06-18T18:00:00.000000
sz000727,sz,,2.75,2.93,2.93,2.98,2.74,-0.18,-6.14,,,,,,,,,,,67730.0,2026-06-18T18:00:00.000000
sz000728,sz,,7.03,7.22,7.22,7.24,7.03,-0.19,-2.63,,,,,,,,,,,21854.0,2026-06-18T18:00:00.000000
sz000729,sz,,10.25,10.41,10.41,10.48,10.2,-0.16,-1.54,,,,,,,,,,,42176.0,2026-06-18T18:00:00.000000
sz000731,sz,,5.48,5.6,5.6,5.6,5.48,-0.12,-2.14,,,,,,,,,,,3255.0,2026-06-18T18:00:00.000000
sz000733,sz,,59.79,58.65,58.65,61.05,57.85,1.14,1.94,,,,,,,,,,,276574.0,2026-06-18T18:00:00.000000
sz000735,sz,,4.99,5.07,5.07,5.07,4.95,-0.08,-1.58,,,,,,,,,,,8971.0,2026-06-18T18:00:00.000000
sz000736,sz,,4.06,4.36,4.36,4.37,4.06,-0.3,-6.88,,,,,,,,,,,9504.0,2026-06-18T18:00:00.000000
sz000737,sz,,15.11,14.45,14.45,15.52,14.45,0.66,4.57,,,,,,,,,,,166842.0,2026-06-18T18:00:00.000000
sz000738,sz,,18.79,18.81,18.81,19.24,18.54,-0.02,-0.11,,,,,,,,,,,33138.0,2026-06-18T18:00:00.000000
sz000739,sz,,16.37,16.23,16.23,16.68,16.09,0.14,0.86,,,,,,,,,,,11874.0,2026-06-18T18:00:00.000000
sz000750,sz,,3.6,3.72,3.72,3.72,3.58,-0.12,-3.23,,,,,,,,,,,19759.0,2026-06-18T18:00:00.000000
sz000751,sz,,5.15,5.08,5.08,5.34,5.03,0.07,1.38,,,,,,,,,,,38977.0,2026-06-18T18:00:00.000000
sz000752,sz,,8.79,8.62,8.62,8.8,8.46,0.17,1.97,,,,,,,,,,,2763.0,2026-06-18T18:00:00.000000
sz000753,sz,,4.81,4.89,4.89,4.92,4.8,-0.08,-1.64,,,,,,,,,,,8376.0,2026-06-18T18:00:00.000000
sz000755,sz,,4.51,4.63,4.63,4.63,4.48,-0.12,-2.59,,,,,,,,,,,3613.0,2026-06-18T18:00:00.000000
sz000756,sz,,11.95,12.02,12.02,12.12,11.71,-0.07,-0.58,,,,,,,,,,,5126.0,2026-06-18T18:00:00.000000
sz000757,sz,,3.66,3.68,3.68,3.71,3.58,-0.02,-0.54,,,,,,,,,,,4709.0,2026-06-18T18:00:00.000000
sz000758,sz,,7.05,6.9,6.9,7.24,6.88,0.15,2.17,,,,,,,,,,,55248.0,2026-06-18T18:00:00.000000
sz000759,sz,,6.26,6.02,6.02,6.42,5.89,0.24,3.99,,,,,,,,,,,68586.0,2026-06-18T18:00:00.000000
sz000761,sz,,2.31,2.27,2.27,2.39,2.23,0.04,1.76,,,,,,,,,,,4872.0,2026-06-18T18:00:00.000000
sz000762,sz,,30.13,29.66,29.66,30.64,29.35,0.47,1.58,,,,,,,,,,,72910.0,2026-06-18T18:00:00.000000
sz000766,sz,,24.41,24.35,24.35,24.61,24.1,0.06,0.25,,,,,,,,,,,37106.0,2026-06-18T18:00:00.000000
sz000767,sz,,4.59,4.94,4.94,5.14,4.55,-0.35,-7.09,,,,,,,,,,,148946.0,2026-06-18T18:00:00.000000
sz000768,sz,,20.59,21.08,21.08,21.13,20.51,-0.49,-2.32,,,,,,,,,,,66691.0,2026-06-18T18:00:00.000000
sz000776,sz,,20.64,21.31,21.31,21.59,20.6,-0.67,-3.14,,,,,,,,,,,217844.0,2026-06-18T18:00:00.000000
sz000777,sz,,19.67,20.45,20.45,20.78,19.67,-0.78,-3.81,,,,,,,,,,,107741.0,2026-06-18T18:00:00.000000
sz000778,sz,,4.04,4.03,4.03,4.06,3.97,0.01,0.25,,,,,,,,,,,21054.0,2026-06-18T18:00:00.000000
sz000779,sz,,7.71,7.72,7.72,7.83,7.65,-0.01,-0.13,,,,,,,,,,,4696.0,2026-06-18T18:00:00.000000
sz000782,sz,,7.34,7.52,7.52,7.77,7.32,-0.18,-2.39,,,,,,,,,,,22323.0,2026-06-18T18:00:00.000000
sz000783,sz,,7.82,7.99,7.99,8.09,7.79,-0.17,-2.13,,,,,,,,,,,81083.0,2026-06-18T18:00:00.000000
sz000785,sz,,2.16,2.18,2.18,2.19,2.13,-0.02,-0.92,,,,,,,,,,,9495.0,2026-06-18T18:00:00.000000
sz000786,sz,,19.72,20.51,20.51,20.58,19.7,-0.79,-3.85,,,,,,,,,,,41666.0,2026-06-18T18:00:00.000000
sz000788,sz,,5.24,5.36,5.36,5.36,5.21,-0.12,-2.24,,,,,,,,,,,6524.0,2026-06-18T18:00:00.000000
sz000789,sz,,4.11,4.14,4.14,4.16,4.06,-0.03,-0.72,,,,,,,,,,,1226.0,2026-06-18T18:00:00.000000
sz000790,sz,,3.77,3.67,3.67,3.77,3.56,0.1,2.72,,,,,,,,,,,7170.0,2026-06-18T18:00:00.000000
sz000791,sz,,8.59,9.0,9.0,9.15,8.55,-0.41,-4.56,,,,,,,,,,,79380.0,2026-06-18T18:00:00.000000
sz000792,sz,,29.75,30.39,30.39,31.04,29.6,-0.64,-2.11,,,,,,,,,,,355292.0,2026-06-18T18:00:00.000000
sz000793,sz,,0.0,0.0,0.0,0.0,0.0,0.0,0,,,,,,,,,,,0.0,2026-06-18T18:00:00.000000
sz000795,sz,,9.84,9.25,9.25,9.85,9.21,0.59,6.38,,,,,,,,,,,62408.0,2026-06-18T18:00:00.000000
sz000796,sz,,4.19,4.23,4.23,4.24,4.09,-0.04,-0.95,,,,,,,,,,,14923.0,2026-06-18T18:00:00.000000
sz000797,sz,,2.34,2.34,2.34,2.37,2.27,0.0,0.0,,,,,,,,,,,5018.0,2026-06-18T18:00:00.000000
sz000798,sz,,7.48,7.62,7.62,7.62,7.42,-0.14,-1.84,,,,,,,,,,,4488.0,2026-06-18T18:00:00.000000
sz000799,sz,,39.36,37.89,37.89,40.95,37.11,1.47,3.88,,,,,,,,,,,59286.0,2026-06-18T18:00:00.000000
sz000800,sz,,6.09,6.2,6.2,6.23,6.03,-0.11,-1.77,,,,,,,,,,,9734.0,2026-06-18T18:00:00.000000
sz000801,sz,,11.59,11.55,11.55,11.88,11.39,0.04,0.35,,,,,,,,,,,18001.0,2026-06-18T18:00:00.000000
sz000802,sz,,4.11,4.03,4.03,4.14,3.9,0.08,1.99,,,,,,,,,,,14115.0,2026-06-18T18:00:00.000000
sz000803,sz,,7.4,7.13,7.13,7.5,7.02,0.27,3.79,,,,,,,,,,,14728.0,2026-06-18T18:00:00.000000
sz000807,sz,,24.17,24.75,24.75,25.15,23.83,-0.58,-2.34,,,,,,,,,,,256869.0,2026-06-18T18:00:00.000000
sz000809,sz,,3.68,3.65,3.65,3.75,3.52,0.03,0.82,,,,,,,,,,,9604.0,2026-06-18T18:00:00.000000
sz000810,sz,,12.3,12.11,12.11,12.76,11.93,0.19,1.57,,,,,,,,,,,41846.0,2026-06-18T18:00:00.000000
sz000811,sz,,40.17,40.17,40.17,40.17,40.17,0.0,0.0,,,,,,,,,,,17019.0,2026-06-18T18:00:00.000000
sz000812,sz,,3.32,3.31,3.31,3.36,3.26,0.01,0.3,,,,,,,,,,,3205.0,2026-06-18T18:00:00.000000
sz000813,sz,,2.97,2.98,2.98,3.02,2.95,-0.01,-0.34,,,,,,,,,,,5877.0,2026-06-18T18:00:00.000000
sz000815,sz,,17.06,16.89,16.89,17.44,16.68,0.17,1.01,,,,,,,,,,,114091.0,2026-06-18T18:00:00.000000
sz000816,sz,,2.4,2.41,2.41,2.44,2.35,-0.01,-0.41,,,,,,,,,,,5302.0,2026-06-18T18:00:00.000000
sz000818,sz,,12.35,12.59,12.59,12.64,12.34,-0.24,-1.91,,,,,,,,,,,19932.0,2026-06-18T18:00:00.000000
sz000819,sz,,13.26,13.3,13.3,13.6,12.92,-0.04,-0.3,,,,,,,,,,,8991.0,2026-06-18T18:00:00.000000
sz000820,sz,,3.01,3.07,3.07,3.07,2.99,-0.06,-1.95,,,,,,,,,,,1293.0,2026-06-18T18:00:00.000000
sz000821,sz,,8.65,8.89,8.89,8.9,8.62,-0.24,-2.7,,,,,,,,,,,9868.0,2026-06-18T18:00:00.000000
sz000822,sz,,4.35,4.41,4.41,4.43,4.31,-0.06,-1.36,,,,,,,,,,,5591.0,2026-06-18T18:00:00.000000
sz000823,sz,,21.6,22.46,22.46,22.49,21.21,-0.86,-3.83,,,,,,,,,,,246243.0,2026-06-18T18:00:00.000000
sz000825,sz,,3.77,3.75,3.75,3.85,3.68,0.02,0.53,,,,,,,,,,,10997.0,2026-06-18T18:00:00.000000
sz000826,sz,,2.12,2.17,2.17,2.17,2.09,-0.05,-2.3,,,,,,,,,,,5507.0,2026-06-18T18:00:00.000000
sz000828,sz,,9.6,9.7,9.7,9.72,9.54,-0.1,-1.03,,,,,,,,,,,3513.0,2026-06-18T18:00:00.000000
sz000829,sz,,8.19,8.46,8.46,8.49,8.1,-0.27,-3.19,,,,,,,,,,,22516.0,2026-06-18T18:00:00.000000
sz000830,sz,,12.59,12.87,12.87,12.93,12.37,-0.28,-2.18,,,,,,,,,,,40679.0,2026-06-18T18:00:00.000000
sz000831,sz,,61.9,58.6,58.6,63.4,58.52,3.3,5.63,,,,,,,,,,,481339.0,2026-06-18T18:00:00.000000
sz000833,sz,,21.94,21.96,21.96,22.54,21.71,-0.02,-0.09,,,,,,,,,,,73903.0,2026-06-18T18:00:00.000000
sz000837,sz,,12.2,11.91,11.91,12.5,11.83,0.29,2.43,,,,,,,,,,,41277.0,2026-06-18T18:00:00.000000
sz000838,sz,,1.52,1.56,1.56,1.58,1.52,-0.04,-2.56,,,,,,,,,,,3540.0,2026-06-18T18:00:00.000000
sz000839,sz,,2.85,2.58,2.58,2.85,2.57,0.27,10.47,,,,,,,,,,,25125.0,2026-06-18T18:00:00.000000
sz000848,sz,,7.68,7.63,7.63,7.7,7.55,0.05,0.66,,,,,,,,,,,7595.0,2026-06-18T18:00:00.000000
sz000850,sz,,3.68,3.74,3.74,3.74,3.65,-0.06,-1.6,,,,,,,,,,,2929.0,2026-06-18T18:00:00.000000
sz000852,sz,,5.55,5.59,5.59,5.64,5.51,-0.04,-0.72,,,,,,,,,,,4403.0,2026-06-18T18:00:00.000000
sz000856,sz,,7.78,7.82,7.82,7.9,7.65,-0.04,-0.51,,,,,,,,,,,4094.0,2026-06-18T18:00:00.000000
sz000858,sz,,75.85,77.28,77.28,77.36,75.85,-1.43,-1.85,,,,,,,,,,,249948.0,2026-06-18T18:00:00.000000
sz000859,sz,,11.41,11.63,11.63,11.93,11.4,-0.22,-1.89,,,,,,,,,,,80224.0,2026-06-18T18:00:00.000000
sz000860,sz,,10.05,10.14,10.14,10.2,9.92,-0.09,-0.89,,,,,,,,,,,9066.0,2026-06-18T18:00:00.000000
sz000862,sz,,5.27,5.51,5.51,5.53,5.22,-0.24,-4.36,,,,,,,,,,,18556.0,2026-06-18T18:00:00.000000
sz000863,sz,,4.43,4.4,4.4,4.54,4.28,0.03,0.68,,,,,,,,,,,9839.0,2026-06-18T18:00:00.000000
sz000868,sz,,3.59,3.63,3.63,3.64,3.53,-0.04,-1.1,,,,,,,,,,,3928.0,2026-06-18T18:00:00.000000
sz000869,sz,,16.71,16.97,16.97,16.97,16.66,-0.26,-1.53,,,,,,,,,,,1863.0,2026-06-18T18:00:00.000000
sz000875,sz,,5.46,5.85,5.85,5.85,5.43,-0.39,-6.67,,,,,,,,,,,57555.0,2026-06-18T18:00:00.000000
sz000876,sz,,6.2,6.29,6.29,6.32,6.2,-0.09,-1.43,,,,,,,,,,,25901.0,2026-06-18T18:00:00.000000
sz000877,sz,,3.94,4.03,4.03,4.03,3.89,-0.09,-2.23,,,,,,,,,,,7004.0,2026-06-18T18:00:00.000000
sz000878,sz,,18.66,17.84,17.84,19.55,17.76,0.82,4.6,,,,,,,,,,,193242.0,2026-06-18T18:00:00.000000
sz000880,sz,,25.71,25.45,25.45,26.0,25.3,0.26,1.02,,,,,,,,,,,33393.0,2026-06-18T18:00:00.000000
sz000881,sz,,6.79,6.89,6.89,6.9,6.77,-0.1,-1.45,,,,,,,,,,,7519.0,2026-06-18T18:00:00.000000
sz000882,sz,,1.33,1.37,1.37,1.37,1.32,-0.04,-2.92,,,,,,,,,,,8187.0,2026-06-18T18:00:00.000000
sz000883,sz,,4.64,4.91,4.91,4.93,4.63,-0.27,-5.5,,,,,,,,,,,31700.0,2026-06-18T18:00:00.000000
sz000885,sz,,12.61,12.67,12.67,12.71,12.51,-0.06,-0.47,,,,,,,,,,,2839.0,2026-06-18T18:00:00.000000
sz000886,sz,,4.25,4.27,4.27,4.32,4.19,-0.02,-0.47,,,,,,,,,,,4944.0,2026-06-18T18:00:00.000000
sz000887,sz,,21.84,22.01,22.01,22.27,21.73,-0.17,-0.77,,,,,,,,,,,94229.0,2026-06-18T18:00:00.000000
sz000888,sz,,9.42,9.52,9.52,9.52,9.31,-0.1,-1.05,,,,,,,,,,,6251.0,2026-06-18T18:00:00.000000
sz000889,sz,,4.02,4.02,4.02,4.02,3.91,0.0,0.0,,,,,,,,,,,18524.0,2026-06-18T18:00:00.000000
sz000890,sz,,8.9,9.12,9.12,9.12,8.81,-0.22,-2.41,,,,,,,,,,,21481.0,2026-06-18T18:00:00.000000
sz000892,sz,,3.57,3.58,3.58,3.65,3.48,-0.01,-0.28,,,,,,,,,,,7945.0,2026-06-18T18:00:00.000000
sz000893,sz,,40.91,41.5,41.5,42.3,39.71,-0.59,-1.42,,,,,,,,,,,92905.0,2026-06-18T18:00:00.000000
sz000895,sz,,22.79,23.03,23.03,23.15,22.72,-0.24,-1.04,,,,,,,,,,,23567.0,2026-06-18T18:00:00.000000
sz000897,sz,,1.75,1.77,1.77,1.79,1.74,-0.02,-1.13,,,,,,,,,,,3108.0,2026-06-18T18:00:00.000000
sz000898,sz,,2.0,1.98,1.98,2.02,1.95,0.02,1.01,,,,,,,,,,,6244.0,2026-06-18T18:00:00.000000
sz000899,sz,,10.79,11.75,11.75,11.76,10.66,-0.96,-8.17,,,,,,,,,,,41389.0,2026-06-18T18:00:00.000000
sz000900,sz,,3.62,3.6,3.6,3.63,3.56,0.02,0.56,,,,,,,,,,,2926.0,2026-06-18T18:00:00.000000
sz000901,sz,,18.34,18.11,18.11,18.68,17.92,0.23,1.27,,,,,,,,,,,33538.0,2026-06-18T18:00:00.000000
sz000902,sz,,12.15,12.33,12.33,12.48,12.06,-0.18,-1.46,,,,,,,,,,,14173.0,2026-06-18T18:00:00.000000
sz000903,sz,,1.99,1.97,1.97,2.03,1.96,0.02,1.02,,,,,,,,,,,4508.0,2026-06-18T18:00:00.000000
sz000905,sz,,8.57,8.65,8.65,8.67,8.5,-0.08,-0.92,,,,,,,,,,,6561.0,2026-06-18T18:00:00.000000
sz000906,sz,,5.41,5.41,5.41,5.45,5.3,0.0,0.0,,,,,,,,,,,4162.0,2026-06-18T18:00:00.000000
sz000908,sz,,5.83,5.97,5.97,6.03,5.79,-0.14,-2.35,,,,,,,,,,,13770.0,2026-06-18T18:00:00.000000
sz000909,sz,,3.89,4.03,4.03,4.03,3.86,-0.14,-3.47,,,,,,,,,,,1780.0,2026-06-18T18:00:00.000000
sz000910,sz,,5.51,5.7,5.7,5.75,5.47,-0.19,-3.33,,,,,,,,,,,2893.0,2026-06-18T18:00:00.000000
sz000911,sz,,4.28,4.38,4.38,4.4,4.28,-0.1,-2.28,,,,,,,,,,,4542.0,2026-06-18T18:00:00.000000
sz000912,sz,,3.41,3.46,3.46,3.48,3.39,-0.05,-1.45,,,,,,,,,,,5725.0,2026-06-18T18:00:00.000000
sz000913,sz,,11.6,12.04,12.04,12.12,11.47,-0.44,-3.65,,,,,,,,,,,10883.0,2026-06-18T18:00:00.000000
sz000915,sz,,27.06,27.2,27.2,27.35,26.89,-0.14,-0.51,,,,,,,,,,,4103.0,2026-06-18T18:00:00.000000
sz000917,sz,,7.06,7.15,7.15,7.39,7.01,-0.09,-1.26,,,,,,,,,,,33543.0,2026-06-18T18:00:00.000000
sz000919,sz,,6.1,6.06,6.06,6.15,6.02,0.04,0.66,,,,,,,,,,,4590.0,2026-06-18T18:00:00.000000
sz000920,sz,,15.01,14.77,14.77,15.22,14.5,0.24,1.62,,,,,,,,,,,39216.0,2026-06-18T18:00:00.000000
sz000921,sz,,26.94,27.5,27.5,27.86,26.93,-0.56,-2.04,,,,,,,,,,,33977.0,2026-06-18T18:00:00.000000
sz000922,sz,,13.8,14.0,14.0,14.19,13.68,-0.2,-1.43,,,,,,,,,,,35901.0,2026-06-18T18:00:00.000000
sz000923,sz,,13.8,13.82,13.82,14.3,13.68,-0.02,-0.14,,,,,,,,,,,17329.0,2026-06-18T18:00:00.000000
sz000925,sz,,8.16,8.3,8.3,8.36,8.13,-0.14,-1.69,,,,,,,,,,,25510.0,2026-06-18T18:00:00.000000
sz000926,sz,,1.99,2.0,2.0,2.02,1.95,-0.01,-0.5,,,,,,,,,,,6038.0,2026-06-18T18:00:00.000000
sz000927,sz,,2.44,2.49,2.49,2.5,2.44,-0.05,-2.01,,,,,,,,,,,9903.0,2026-06-18T18:00:00.000000
sz000928,sz,,5.57,5.81,5.81,5.81,5.55,-0.24,-4.13,,,,,,,,,,,11659.0,2026-06-18T18:00:00.000000
sz000929,sz,,9.76,9.84,9.84,10.17,9.52,-0.08,-0.81,,,,,,,,,,,6620.0,2026-06-18T18:00:00.000000
sz000930,sz,,4.67,4.73,4.73,4.73,4.63,-0.06,-1.27,,,,,,,,,,,5570.0,2026-06-18T18:00:00.000000
sz000931,sz,,4.24,4.0,4.0,4.33,3.91,0.24,6.0,,,,,,,,,,,7528.0,2026-06-18T18:00:00.000000
sz000932,sz,,3.64,3.67,3.67,3.73,3.59,-0.03,-0.82,,,,,,,,,,,39958.0,2026-06-18T18:00:00.000000
sz000933,sz,,23.74,24.2,24.2,24.78,23.62,-0.46,-1.9,,,,,,,,,,,173098.0,2026-06-18T18:00:00.000000
sz000935,sz,,25.98,26.04,26.04,26.74,25.76,-0.06,-0.23,,,,,,,,,,,17985.0,2026-06-18T18:00:00.000000
sz000936,sz,,5.67,5.75,5.75,5.76,5.62,-0.08,-1.39,,,,,,,,,,,10090.0,2026-06-18T18:00:00.000000
sz000937,sz,,4.47,4.61,4.61,4.61,4.38,-0.14,-3.04,,,,,,,,,,,13298.0,2026-06-18T18:00:00.000000
sz000938,sz,,27.45,27.16,27.16,27.94,27.02,0.29,1.07,,,,,,,,,,,344328.0,2026-06-18T18:00:00.000000
sz000948,sz,,12.57,12.45,12.45,12.74,12.3,0.12,0.96,,,,,,,,,,,5190.0,2026-06-18T18:00:00.000000
sz000949,sz,,6.49,6.81,6.81,6.89,6.45,-0.32,-4.7,,,,,,,,,,,30656.0,2026-06-18T18:00:00.000000
sz000950,sz,,5.23,5.17,5.17,5.27,5.09,0.06,1.16,,,,,,,,,,,12124.0,2026-06-18T18:00:00.000000
sz000951,sz,,22.07,22.0,22.0,22.5,21.71,0.07,0.32,,,,,,,,,,,18203.0,2026-06-18T18:00:00.000000
sz000952,sz,,5.96,5.96,5.96,6.04,5.8,0.0,0.0,,,,,,,,,,,2697.0,2026-06-18T18:00:00.000000
sz000953,sz,,5.56,5.59,5.59,5.69,5.53,-0.03,-0.54,,,,,,,,,,,3084.0,2026-06-18T18:00:00.000000
sz000955,sz,,4.97,4.56,4.56,5.08,4.49,0.41,8.99,,,,,,,,,,,30171.0,2026-06-18T18:00:00.000000
sz000957,sz,,10.03,10.08,10.08,10.12,9.88,-0.05,-0.5,,,,,,,,,,,9065.0,2026-06-18T18:00:00.000000
sz000958,sz,,5.82,5.9,5.9,5.99,5.79,-0.08,-1.36,,,,,,,,,,,27094.0,2026-06-18T18:00:00.000000
sz000959,sz,,3.24,3.27,3.27,3.34,3.2,-0.03,-0.92,,,,,,,,,,,12357.0,2026-06-18T18:00:00.000000
sz000960,sz,,41.74,41.83,41.83,43.29,40.7,-0.09,-0.22,,,,,,,,,,,460459.0,2026-06-18T18:00:00.000000
sz000962,sz,,63.01,62.37,62.37,63.95,61.25,0.64,1.03,,,,,,,,,,,180467.0,2026-06-18T18:00:00.000000
sz000963,sz,,28.34,27.61,27.61,28.95,27.49,0.73,2.64,,,,,,,,,,,44611.0,2026-06-18T18:00:00.000000
sz000965,sz,,3.17,3.2,3.2,3.2,3.1,-0.03,-0.94,,,,,,,,,,,3495.0,2026-06-18T18:00:00.000000
sz000966,sz,,4.48,4.81,4.81,4.81,4.46,-0.33,-6.86,,,,,,,,,,,54315.0,2026-06-18T18:00:00.000000
sz000967,sz,,10.2,10.34,10.34,10.65,10.15,-0.14,-1.35,,,,,,,,,,,140518.0,2026-06-18T18:00:00.000000
sz000968,sz,,6.65,6.75,6.75,6.76,6.63,-0.1,-1.48,,,,,,,,,,,8369.0,2026-06-18T18:00:00.000000
sz000969,sz,,25.08,24.46,24.46,25.92,24.35,0.62,2.53,,,,,,,,,,,184709.0,2026-06-18T18:00:00.000000
sz000970,sz,,14.94,14.2,14.2,15.18,14.11,0.74,5.21,,,,,,,,,,,212105.0,2026-06-18T18:00:00.000000
sz000972,sz,,3.44,3.48,3.48,3.49,3.42,-0.04,-1.15,,,,,,,,,,,1679.0,2026-06-18T18:00:00.000000
sz000973,sz,,15.31,15.66,15.66,15.84,15.15,-0.35,-2.23,,,,,,,,,,,105626.0,2026-06-18T18:00:00.000000
sz000975,sz,,21.07,21.8,21.8,21.94,20.81,-0.73,-3.35,,,,,,,,,,,94891.0,2026-06-18T18:00:00.000000
sz000977,sz,,65.66,64.02,64.02,66.85,64.01,1.64,2.56,,,,,,,,,,,455606.0,2026-06-18T18:00:00.000000
sz000978,sz,,5.55,5.62,5.62,5.65,5.51,-0.07,-1.25,,,,,,,,,,,5202.0,2026-06-18T18:00:00.000000
sz000980,sz,,2.22,2.28,2.28,2.29,2.21,-0.06,-2.63,,,,,,,,,,,21868.0,2026-06-18T18:00:00.000000
sz000981,sz,,3.24,3.34,3.34,3.34,3.23,-0.1,-2.99,,,,,,,,,,,62556.0,2026-06-18T18:00:00.000000
sz000983,sz,,6.37,6.68,6.68,6.72,6.36,-0.31,-4.64,,,,,,,,,,,76576.0,2026-06-18T18:00:00.000000
sz000985,sz,,15.17,15.44,15.44,15.62,15.15,-0.27,-1.75,,,,,,,,,,,2482.0,2026-06-18T18:00:00.000000
sz000987,sz,,7.48,7.66,7.66,7.7,7.44,-0.18,-2.35,,,,,,,,,,,24523.0,2026-06-18T18:00:00.000000
sz000988,sz,,177.55,169.11,169.11,181.57,168.72,8.44,4.99,,,,,,,,,,,1377967.0,2026-06-18T18:00:00.000000
sz000989,sz,,7.9,7.87,7.87,7.98,7.74,0.03,0.38,,,,,,,,,,,4906.0,2026-06-18T18:00:00.000000
sz000990,sz,,8.65,8.95,8.95,8.98,8.63,-0.3,-3.35,,,,,,,,,,,25717.0,2026-06-18T18:00:00.000000
sz000993,sz,,10.88,11.31,11.31,11.32,10.82,-0.43,-3.8,,,,,,,,,,,19904.0,2026-06-18T18:00:00.000000
sz000995,sz,,10.11,10.21,10.21,10.28,9.91,-0.1,-0.98,,,,,,,,,,,12490.0,2026-06-18T18:00:00.000000
sz000997,sz,,17.75,17.5,17.5,18.19,17.19,0.25,1.43,,,,,,,,,,,46312.0,2026-06-18T18:00:00.000000
sz000998,sz,,8.02,8.07,8.07,8.14,8.0,-0.05,-0.62,,,,,,,,,,,9169.0,2026-06-18T18:00:00.000000
sz000999,sz,,23.48,23.72,23.72,23.82,23.45,-0.24,-1.01,,,,,,,,,,,16181.0,2026-06-18T18:00:00.000000
sz001201,sz,,10.64,10.82,10.82,10.92,10.59,-0.18,-1.66,,,,,,,,,,,2535.0,2026-06-18T18:00:00.000000
sz001202,sz,,14.17,14.14,14.14,14.34,13.91,0.03,0.21,,,,,,,,,,,2507.0,2026-06-18T18:00:00.000000
sz001203,sz,,32.46,33.86,33.86,34.49,32.3,-1.4,-4.13,,,,,,,,,,,176482.0,2026-06-18T18:00:00.000000
sz001205,sz,,14.12,14.06,14.06,14.26,13.78,0.06,0.43,,,,,,,,,,,11309.0,2026-06-18T18:00:00.000000
sz001206,sz,,16.73,17.23,17.23,17.37,16.73,-0.5,-2.9,,,,,,,,,,,7772.0,2026-06-18T18:00:00.000000
sz001207,sz,,16.94,17.37,17.37,17.37,16.91,-0.43,-2.48,,,,,,,,,,,6881.0,2026-06-18T18:00:00.000000
sz001208,sz,,15.4,15.55,15.55,15.73,15.3,-0.15,-0.96,,,,,,,,,,,17015.0,2026-06-18T18:00:00.000000
sz001209,sz,,17.67,17.65,17.65,17.85,17.43,0.02,0.11,,,,,,,,,,,3218.0,2026-06-18T18:00:00.000000
sz001210,sz,,23.55,23.82,23.82,24.11,22.98,-0.27,-1.13,,,,,,,,,,,22712.0,2026-06-18T18:00:00.000000
sz001211,sz,,32.2,32.01,32.01,32.6,31.0,0.19,0.59,,,,,,,,,,,26474.0,2026-06-18T18:00:00.000000
sz001212,sz,,49.3,46.05,46.05,50.93,46.05,3.25,7.06,,,,,,,,,,,74034.0,2026-06-18T18:00:00.000000
sz001213,sz,,3.5,3.55,3.55,3.55,3.49,-0.05,-1.41,,,,,,,,,,,2327.0,2026-06-18T18:00:00.000000
sz001215,sz,,42.2,40.6,40.6,42.48,39.75,1.6,3.94,,,,,,,,,,,20114.0,2026-06-18T18:00:00.000000
sz001216,sz,,17.4,17.4,17.4,17.4,17.4,0.0,0.0,,,,,,,,,,,4804.0,2026-06-18T18:00:00.000000
sz001217,sz,,9.1,9.1,9.1,9.15,8.93,0.0,0.0,,,,,,,,,,,3167.0,2026-06-18T18:00:00.000000
sz001218,sz,,24.66,26.42,26.42,26.49,24.52,-1.76,-6.66,,,,,,,,,,,13454.0,2026-06-18T18:00:00.000000
sz001219,sz,,12.33,12.3,12.3,12.45,12.13,0.03,0.24,,,,,,,,,,,1733.0,2026-06-18T18:00:00.000000
sz001220,sz,,30.37,30.46,30.46,31.13,30.05,-0.09,-0.3,,,,,,,,,,,2582.0,2026-06-18T18:00:00.000000
sz001221,sz,,44.11,44.43,44.43,44.68,43.62,-0.32,-0.72,,,,,,,,,,,3603.0,2026-06-18T18:00:00.000000
sz001222,sz,,14.07,14.31,14.31,14.31,13.99,-0.24,-1.68,,,,,,,,,,,2514.0,2026-06-18T18:00:00.000000
sz001223,sz,,49.05,50.67,50.67,51.98,48.18,-1.62,-3.2,,,,,,,,,,,26947.0,2026-06-18T18:00:00.000000
sz001225,sz,,41.31,42.2,42.2,42.2,40.83,-0.89,-2.11,,,,,,,,,,,4517.0,2026-06-18T18:00:00.000000
sz001226,sz,,54.14,49.05,49.05,54.69,49.05,5.09,10.38,,,,,,,,,,,28515.0,2026-06-18T18:00:00.000000
sz001227,sz,,2.09,2.12,2.12,2.12,2.09,-0.03,-1.42,,,,,,,,,,,7147.0,2026-06-18T18:00:00.000000
sz001228,sz,,27.68,26.7,26.7,28.18,26.27,0.98,3.67,,,,,,,,,,,5178.0,2026-06-18T18:00:00.000000
sz001229,sz,,27.44,27.16,27.16,28.05,26.85,0.28,1.03,,,,,,,,,,,8615.0,2026-06-18T18:00:00.000000
sz001230,sz,,18.36,18.9,18.9,18.9,18.25,-0.54,-2.86,,,,,,,,,,,6994.0,2026-06-18T18:00:00.000000
sz001231,sz,,19.55,19.45,19.45,19.86,19.08,0.1,0.51,,,,,,,,,,,2876.0,2026-06-18T18:00:00.000000
sz001233,sz,,49.05,49.51,49.51,49.98,48.8,-0.46,-0.93,,,,,,,,,,,6553.0,2026-06-18T18:00:00.000000
sz001234,sz,,22.46,23.01,23.01,23.66,22.4,-0.55,-2.39,,,,,,,,,,,8193.0,2026-06-18T18:00:00.000000
sz001236,sz,,7.4,7.56,7.56,7.64,7.36,-0.16,-2.12,,,,,,,,,,,8565.0,2026-06-18T18:00:00.000000
sz001237,sz,,66.56,64.33,64.33,67.12,64.33,2.23,3.47,,,,,,,,,,,32331.0,2026-06-18T18:00:00.000000
sz001238,sz,,29.25,28.81,28.81,29.39,28.3,0.44,1.53,,,,,,,,,,,1330.0,2026-06-18T18:00:00.000000
sz001239,sz,,15.12,15.4,15.4,15.54,15.01,-0.28,-1.82,,,,,,,,,,,4579.0,2026-06-18T18:00:00.000000
sz001248,sz,,0.0,0.0,0.0,0.0,0.0,0.0,0,,,,,,,,,,,0.0,2026-06-18T18:00:00.000000
sz001255,sz,,27.98,27.91,27.91,28.36,27.49,0.07,0.25,,,,,,,,,,,2494.0,2026-06-18T18:00:00.000000
sz001256,sz,,25.25,25.58,25.58,25.87,25.01,-0.33,-1.29,,,,,,,,,,,7975.0,2026-06-18T18:00:00.000000
sz001257,sz,,31.96,32.01,32.01,33.35,31.16,-0.05,-0.16,,,,,,,,,,,188111.0,2026-06-18T18:00:00.000000
sz001258,sz,,7.38,7.63,7.63,7.63,7.33,-0.25,-3.28,,,,,,,,,,,21222.0,2026-06-18T18:00:00.000000
sz001259,sz,,69.28,68.0,68.0,69.7,64.62,1.28,1.88,,,,,,,,,,,38663.0,2026-06-18T18:00:00.000000
sz001260,sz,,17.28,17.27,17.27,17.5,16.78,0.01,0.06,,,,,,,,,,,3032.0,2026-06-18T18:00:00.000000
sz001266,sz,,53.2,51.67,51.67,53.2,50.92,1.53,2.96,,,,,,,,,,,31149.0,2026-06-18T18:00:00.000000
sz001267,sz,,58.1,54.63,54.63,59.14,54.6,3.47,6.35,,,,,,,,,,,308268.0,2026-06-18T18:00:00.000000
sz001268,sz,,41.4,41.75,41.75,43.37,40.92,-0.35,-0.84,,,,,,,,,,,10298.0,2026-06-18T18:00:00.000000
sz001269,sz,,23.72,26.0,26.0,26.33,23.72,-2.28,-8.77,,,,,,,,,,,29327.0,2026-06-18T18:00:00.000000
sz001270,sz,,134.28,125.37,125.37,137.65,125.29,8.91,7.11,,,,,,,,,,,149591.0,2026-06-18T18:00:00.000000
sz001277,sz,,29.3,29.4,29.4,29.76,29.03,-0.1,-0.34,,,,,,,,,,,2388.0,2026-06-18T18:00:00.000000
sz001278,sz,,16.91,16.44,16.44,17.26,16.18,0.47,2.86,,,,,,,,,,,5596.0,2026-06-18T18:00:00.000000
sz001279,sz,,26.5,27.39,27.39,27.39,26.41,-0.89,-3.25,,,,,,,,,,,3977.0,2026-06-18T18:00:00.000000
sz001280,sz,,73.65,72.5,72.5,74.72,72.38,1.15,1.59,,,,,,,,,,,76763.0,2026-06-18T18:00:00.000000
sz001282,sz,,22.15,21.48,21.48,22.55,21.42,0.67,3.12,,,,,,,,,,,30860.0,2026-06-18T18:00:00.000000
sz001283,sz,,52.61,53.36,53.36,53.61,51.8,-0.75,-1.41,,,,,,,,,,,26945.0,2026-06-18T18:00:00.000000
sz001285,sz,,44.5,44.33,44.33,45.09,43.7,0.17,0.38,,,,,,,,,,,4033.0,2026-06-18T18:00:00.000000
sz001286,sz,,10.89,11.86,11.86,11.9,10.8,-0.97,-8.18,,,,,,,,,,,54575.0,2026-06-18T18:00:00.000000
sz001287,sz,,29.41,27.88,27.88,30.14,27.69,1.53,5.49,,,,,,,,,,,264727.0,2026-06-18T18:00:00.000000
sz001288,sz,,27.32,26.47,26.47,27.58,26.11,0.85,3.21,,,,,,,,,,,13968.0,2026-06-18T18:00:00.000000
sz001289,sz,,16.59,17.18,17.18,17.28,16.58,-0.59,-3.43,,,,,,,,,,,17421.0,2026-06-18T18:00:00.000000
sz001296,sz,,20.56,18.65,18.65,20.56,18.22,1.91,10.24,,,,,,,,,,,19193.0,2026-06-18T18:00:00.000000
sz001298,sz,,20.97,20.38,20.38,21.08,20.36,0.59,2.89,,,,,,,,,,,20359.0,2026-06-18T18:00:00.000000
sz001299,sz,,10.5,10.74,10.74,10.77,10.44,-0.24,-2.23,,,,,,,,,,,6663.0,2026-06-18T18:00:00.000000
sz001300,sz,,12.91,13.0,13.0,13.36,12.61,-0.09,-0.69,,,,,,,,,,,6925.0,2026-06-18T18:00:00.000000
sz001301,sz,,88.7,92.89,92.89,94.82,87.51,-4.19,-4.51,,,,,,,,,,,47935.0,2026-06-18T18:00:00.000000
sz001306,sz,,62.9,60.0,60.0,63.88,59.51,2.9,4.83,,,,,,,,,,,8052.0,2026-06-18T18:00:00.000000
sz001308,sz,,20.97,20.4,20.4,21.15,19.88,0.57,2.79,,,,,,,,,,,14320.0,2026-06-18T18:00:00.000000
sz001316,sz,,37.45,36.76,36.76,37.65,36.26,0.69,1.88,,,,,,,,,,,13689.0,2026-06-18T18:00:00.000000
sz001317,sz,,46.09,45.01,45.01,47.24,44.82,1.08,2.4,,,,,,,,,,,17288.0,2026-06-18T18:00:00.000000
sz001318,sz,,10.55,10.6,10.6,10.66,10.41,-0.05,-0.47,,,,,,,,,,,2141.0,2026-06-18T18:00:00.000000
sz001319,sz,,22.62,22.61,22.61,22.73,22.12,0.01,0.04,,,,,,,,,,,5404.0,2026-06-18T18:00:00.000000
sz001332,sz,,46.52,45.75,45.75,47.6,45.56,0.77,1.68,,,,,,,,,,,19483.0,2026-06-18T18:00:00.000000
sz001368,sz,,22.08,22.13,22.13,22.18,21.65,-0.05,-0.23,,,,,,,,,,,2852.0,2026-06-18T18:00:00.000000
sz001369,sz,,15.16,15.62,15.62,15.79,15.13,-0.46,-2.94,,,,,,,,,,,35790.0,2026-06-18T18:00:00.000000
sz001391,sz,,4.39,4.5,4.5,4.51,4.36,-0.11,-2.44,,,,,,,,,,,11612.0,2026-06-18T18:00:00.000000
sz002003,sz,,8.65,8.64,8.64,8.7,8.55,0.01,0.12,,,,,,,,,,,3746.0,2026-06-18T18:00:00.000000
sz002004,sz,,4.12,4.21,4.21,4.22,4.11,-0.09,-2.14,,,,,,,,,,,5707.0,2026-06-18T18:00:00.000000
sz002005,sz,,2.64,2.73,2.73,2.74,2.64,-0.09,-3.3,,,,,,,,,,,3461.0,2026-06-18T18:00:00.000000
sz002006,sz,,14.93,14.78,14.78,15.12,14.62,0.15,1.01,,,,,,,,,,,11329.0,2026-06-18T18:00:00.000000
sz002007,sz,,12.84,12.82,12.82,13.04,12.66,0.02,0.16,,,,,,,,,,,10283.0,2026-06-18T18:00:00.000000
sz002008,sz,,134.9,135.54,135.54,137.86,129.2,-0.64,-0.47,,,,,,,,,,,1158656.0,2026-06-18T18:00:00.000000
sz002009,sz,,20.8,20.62,20.62,21.05,20.31,0.18,0.87,,,,,,,,,,,31114.0,2026-06-18T18:00:00.000000
sz002010,sz,,4.89,4.86,4.86,4.91,4.8,0.03,0.62,,,,,,,,,,,8216.0,2026-06-18T18:00:00.000000
sz002011,sz,,10.51,10.77,10.77,10.78,10.44,-0.26,-2.41,,,,,,,,,,,15382.0,2026-06-18T18:00:00.000000
sz002012,sz,,7.16,7.12,7.12,7.35,6.98,0.04,0.56,,,,,,,,,,,18022.0,2026-06-18T18:00:00.000000
sz002014,sz,,10.32,10.53,10.53,10.57,10.21,-0.21,-1.99,,,,,,,,,,,2955.0,2026-06-18T18:00:00.000000
sz002015,sz,,18.63,18.65,18.65,19.0,18.46,-0.02,-0.11,,,,,,,,,,,145964.0,2026-06-18T18:00:00.000000
sz002016,sz,,4.38,4.39,4.39,4.45,4.3,-0.01,-0.23,,,,,,,,,,,4262.0,2026-06-18T18:00:00.000000
sz002017,sz,,15.96,16.02,16.02,16.22,15.82,-0.06,-0.37,,,,,,,,,,,16020.0,2026-06-18T18:00:00.000000
sz002019,sz,,9.71,9.78,9.78,9.93,9.66,-0.07,-0.72,,,,,,,,,,,8482.0,2026-06-18T18:00:00.000000
sz002020,sz,,12.06,12.09,12.09,12.32,11.9,-0.03,-0.25,,,,,,,,,,,11608.0,2026-06-18T18:00:00.000000
sz002021,sz,,2.47,2.5,2.5,2.53,2.44,-0.03,-1.2,,,,,,,,,,,7172.0,2026-06-18T18:00:00.000000
sz002022,sz,,4.93,4.88,4.88,5.01,4.83,0.05,1.02,,,,,,,,,,,2542.0,2026-06-18T18:00:00.000000
sz002023,sz,,12.6,12.46,12.46,12.76,12.3,0.14,1.12,,,,,,,,,,,49605.0,2026-06-18T18:00:00.000000
sz002024,sz,,1.21,1.22,1.22,1.23,1.2,-0.01,-0.82,,,,,,,,,,,2133.0,2026-06-18T18:00:00.000000
sz002025,sz,,63.53,62.8,62.8,65.45,62.18,0.73,1.16,,,,,,,,,,,98649.0,2026-06-18T18:00:00.000000
sz002026,sz,,11.99,11.95,11.95,12.13,11.9,0.04,0.33,,,,,,,,,,,5342.0,2026-06-18T18:00:00.000000
sz002027,sz,,5.02,5.11,5.11,5.13,4.95,-0.09,-1.76,,,,,,,,,,,114749.0,2026-06-18T18:00:00.000000
sz002028,sz,,190.2,189.0,189.0,197.88,188.71,1.2,0.63,,,,,,,,,,,266020.0,2026-06-18T18:00:00.000000
sz002029,sz,,8.75,8.34,8.34,9.08,8.29,0.41,4.92,,,,,,,,,,,30138.0,2026-06-18T18:00:00.000000
sz002030,sz,,5.55,5.41,5.41,5.7,5.33,0.14,2.59,,,,,,,,,,,22096.0,2026-06-18T18:00:00.000000
sz002031,sz,,5.72,5.66,5.66,5.8,5.57,0.06,1.06,,,,,,,,,,,55052.0,2026-06-18T18:00:00.000000
sz002032,sz,,41.03,41.8,41.8,41.95,40.92,-0.77,-1.84,,,,,,,,,,,5279.0,2026-06-18T18:00:00.000000
sz002033,sz,,8.44,8.4,8.4,8.49,8.31,0.04,0.48,,,,,,,,,,,8624.0,2026-06-18T18:00:00.000000
sz002034,sz,,17.14,17.55,17.55,17.55,17.0,-0.41,-2.34,,,,,,,,,,,14251.0,2026-06-18T18:00:00.000000
sz002035,sz,,4.75,4.77,4.77,4.8,4.72,-0.02,-0.42,,,,,,,,,,,2943.0,2026-06-18T18:00:00.000000
sz002036,sz,,8.61,8.61,8.61,8.66,8.35,0.0,0.0,,,,,,,,,,,37343.0,2026-06-18T18:00:00.000000
sz002037,sz,,6.62,6.52,6.52,6.72,6.49,0.1,1.53,,,,,,,,,,,3700.0,2026-06-18T18:00:00.000000
sz002038,sz,,5.08,5.0,5.0,5.17,4.95,0.08,1.6,,,,,,,,,,,9725.0,2026-06-18T18:00:00.000000
sz002039,sz,,19.79,20.36,20.36,20.36,19.4,-0.57,-2.8,,,,,,,,,,,27928.0,2026-06-18T18:00:00.000000
sz002040,sz,,8.35,8.66,8.66,8.7,8.29,-0.31,-3.58,,,,,,,,,,,8769.0,2026-06-18T18:00:00.000000
sz002041,sz,,8.57,8.5,8.5,8.68,8.32,0.07,0.82,,,,,,,,,,,10283.0,2026-06-18T18:00:00.000000
sz002042,sz,,3.75,3.69,3.69,3.8,3.6,0.06,1.63,,,,,,,,,,,14899.0,2026-06-18T18:00:00.000000
sz002043,sz,,12.07,12.11,12.11,12.3,11.91,-0.04,-0.33,,,,,,,,,,,8937.0,2026-06-18T18:00:00.000000
sz002044,sz,,5.6,5.23,5.23,5.75,5.19,0.37,7.07,,,,,,,,,,,176856.0,2026-06-18T18:00:00.000000
sz002045,sz,,8.61,8.59,8.59,8.79,8.42,0.02,0.23,,,,,,,,,,,11563.0,2026-06-18T18:00:00.000000
sz002046,sz,,63.69,62.0,62.0,66.2,61.8,1.69,2.73,,,,,,,,,,,166835.0,2026-06-18T18:00:00.000000
sz002047,sz,,4.53,4.7,4.7,4.71,4.51,-0.17,-3.62,,,,,,,,,,,23391.0,2026-06-18T18:00:00.000000
sz002048,sz,,27.06,27.53,27.53,28.78,26.89,-0.47,-1.71,,,,,,,,,,,87183.0,2026-06-18T18:00:00.000000
sz002049,sz,,80.39,79.9,79.9,81.88,79.56,0.49,0.61,,,,,,,,,,,317472.0,2026-06-18T18:00:00.000000
sz002050,sz,,45.74,44.3,44.3,46.23,44.18,1.44,3.25,,,,,,,,,,,567837.0,2026-06-18T18:00:00.000000
sz002051,sz,,12.25,12.44,12.44,12.67,11.91,-0.19,-1.53,,,,,,,,,,,119617.0,2026-06-18T18:00:00.000000
sz002052,sz,,8.45,8.93,8.93,8.93,8.28,-0.48,-5.38,,,,,,,,,,,21256.0,2026-06-18T18:00:00.000000
sz002053,sz,,9.8,10.01,10.01,10.05,9.73,-0.21,-2.1,,,,,,,,,,,11208.0,2026-06-18T18:00:00.000000
sz002054,sz,,7.32,7.38,7.38,7.49,7.26,-0.06,-0.81,,,,,,,,,,,6496.0,2026-06-18T18:00:00.000000
sz002055,sz,,6.66,6.48,6.48,6.83,6.4,0.18,2.78,,,,,,,,,,,17415.0,2026-06-18T18:00:00.000000
sz002056,sz,,27.13,25.61,25.61,27.88,25.16,1.52,5.94,,,,,,,,,,,285071.0,2026-06-18T18:00:00.000000
sz002057,sz,,12.18,11.86,11.86,12.39,11.8,0.32,2.7,,,,,,,,,,,55516.0,2026-06-18T18:00:00.000000
sz002058,sz,,22.31,23.52,23.52,23.59,22.27,-1.21,-5.14,,,,,,,,,,,7363.0,2026-06-18T18:00:00.000000
sz002059,sz,,4.24,4.35,4.35,4.38,4.24,-0.11,-2.53,,,,,,,,,,,4283.0,2026-06-18T18:00:00.000000
sz002060,sz,,3.22,3.25,3.25,3.25,3.2,-0.03,-0.92,,,,,,,,,,,3529.0,2026-06-18T18:00:00.000000
sz002061,sz,,3.46,3.53,3.53,3.53,3.46,-0.07,-1.98,,,,,,,,,,,4347.0,2026-06-18T18:00:00.000000
sz002062,sz,,8.01,7.99,7.99,8.35,7.95,0.02,0.25,,,,,,,,,,,20191.0,2026-06-18T18:00:00.000000
sz002063,sz,,5.26,5.27,5.27,5.33,5.21,-0.01,-0.19,,,,,,,,,,,11146.0,2026-06-18T18:00:00.000000
sz002064,sz,,9.5,10.48,10.48,10.48,9.49,-0.98,-9.35,,,,,,,,,,,115087.0,2026-06-18T18:00:00.000000
sz002065,sz,,7.31,7.3,7.3,7.41,7.27,0.01,0.14,,,,,,,,,,,24034.0,2026-06-18T18:00:00.000000
sz002066,sz,,21.84,23.22,23.22,23.72,21.82,-1.38,-5.94,,,,,,,,,,,41207.0,2026-06-18T18:00:00.000000
sz002067,sz,,4.04,4.1,4.1,4.13,4.03,-0.06,-1.46,,,,,,,,,,,11913.0,2026-06-18T18:00:00.000000
sz002068,sz,,10.45,9.39,9.39,10.45,9.33,1.06,11.29,,,,,,,,,,,35034.0,2026-06-18T18:00:00.000000
sz002069,sz,,3.1,3.11,3.11,3.13,3.04,-0.01,-0.32,,,,,,,,,,,1931.0,2026-06-18T18:00:00.000000
sz002072,sz,,9.33,9.0,9.0,9.45,8.65,0.33,3.67,,,,,,,,,,,28034.0,2026-06-18T18:00:00.000000
sz002073,sz,,5.34,5.37,5.37,5.41,5.28,-0.03,-0.56,,,,,,,,,,,6094.0,2026-06-18T18:00:00.000000
sz002074,sz,,29.71,29.88,29.88,30.2,29.28,-0.17,-0.57,,,,,,,,,,,91334.0,2026-06-18T18:00:00.000000
sz002075,sz,,3.8,3.77,3.77,3.98,3.66,0.03,0.8,,,,,,,,,,,18762.0,2026-06-18T18:00:00.000000
sz002076,sz,,0.0,0.0,0.0,0.0,0.0,0.0,0,,,,,,,,,,,0.0,2026-06-18T18:00:00.000000
sz002077,sz,,17.96,17.8,17.8,18.08,17.66,0.16,0.9,,,,,,,,,,,61178.0,2026-06-18T18:00:00.000000
sz002078,sz,,12.53,12.86,12.86,12.88,12.29,-0.33,-2.57,,,,,,,,,,,42072.0,2026-06-18T18:00:00.000000
sz002079,sz,,13.74,13.43,13.43,13.95,13.38,0.31,2.31,,,,,,,,,,,92454.0,2026-06-18T18:00:00.000000
sz002080,sz,,80.55,82.25,82.25,82.8,78.2,-1.7,-2.07,,,,,,,,,,,578520.0,2026-06-18T18:00:00.000000
sz002081,sz,,4.8,4.76,4.76,4.84,4.66,0.04,0.84,,,,,,,,,,,80939.0,2026-06-18T18:00:00.000000
sz002082,sz,,13.65,13.77,13.77,14.15,13.11,-0.12,-0.87,,,,,,,,,,,22772.0,2026-06-18T18:00:00.000000
sz002083,sz,,10.59,10.8,10.8,10.93,10.2,-0.21,-1.94,,,,,,,,,,,105658.0,2026-06-18T18:00:00.000000
sz002084,sz,,3.46,3.34,3.34,3.48,3.18,0.12,3.59,,,,,,,,,,,9878.0,2026-06-18T18:00:00.000000
sz002085,sz,,12.67,13.0,13.0,13.0,12.63,-0.33,-2.54,,,,,,,,,,,67347.0,2026-06-18T18:00:00.000000
sz002086,sz,,1.77,1.79,1.79,1.8,1.76,-0.02,-1.12,,,,,,,,,,,4824.0,2026-06-18T18:00:00.000000
sz002088,sz,,8.8,9.06,9.06,9.19,8.66,-0.26,-2.87,,,,,,,,,,,5607.0,2026-06-18T18:00:00.000000
sz002090,sz,,9.24,9.22,9.22,9.32,9.13,0.02,0.22,,,,,,,,,,,4743.0,2026-06-18T18:00:00.000000
sz002091,sz,,7.61,7.82,7.82,7.82,7.55,-0.21,-2.69,,,,,,,,,,,12123.0,2026-06-18T18:00:00.000000
sz002092,sz,,4.08,4.21,4.21,4.21,4.04,-0.13,-3.09,,,,,,,,,,,26381.0,2026-06-18T18:00:00.000000
sz002093,sz,,6.92,6.95,6.95,7.02,6.83,-0.03,-0.43,,,,,,,,,,,5214.0,2026-06-18T18:00:00.000000
sz002094,sz,,4.66,4.76,4.76,4.79,4.63,-0.1,-2.1,,,,,,,,,,,7741.0,2026-06-18T18:00:00.000000
sz002095,sz,,13.33,13.41,13.41,13.51,13.09,-0.08,-0.6,,,,,,,,,,,2370.0,2026-06-18T18:00:00.000000
sz002096,sz,,9.31,9.54,9.54,9.54,9.26,-0.23,-2.41,,,,,,,,,,,8714.0,2026-06-18T18:00:00.000000
sz002097,sz,,8.13,8.1,8.1,8.21,7.99,0.03,0.37,,,,,,,,,,,10379.0,2026-06-18T18:00:00.000000
sz002098,sz,,6.81,6.79,6.79,6.91,6.73,0.02,0.29,,,,,,,,,,,1681.0,2026-06-18T18:00:00.000000
sz002099,sz,,4.98,5.16,5.16,5.16,4.98,-0.18,-3.49,,,,,,,,,,,10524.0,2026-06-18T18:00:00.000000
sz002100,sz,,6.02,6.2,6.2,6.2,5.98,-0.18,-2.9,,,,,,,,,,,10134.0,2026-06-18T18:00:00.000000
sz002101,sz,,8.32,8.3,8.3,8.39,8.19,0.02,0.24,,,,,,,,,,,4298.0,2026-06-18T18:00:00.000000
sz002102,sz,,2.16,2.18,2.18,2.19,2.15,-0.02,-0.92,,,,,,,,,,,1994.0,2026-06-18T18:00:00.000000
sz002103,sz,,6.18,6.21,6.21,6.27,6.13,-0.03,-0.48,,,,,,,,,,,3442.0,2026-06-18T18:00:00.000000
sz002104,sz,,0.0,0.0,0.0,0.0,0.0,0.0,0,,,,,,,,,,,0.0,2026-06-18T18:00:00.000000
sz002105,sz,,0.0,0.0,0.0,0.0,0.0,0.0,0,,,,,,,,,,,0.0,2026-06-18T18:00:00.000000
sz002106,sz,,0.0,0.0,0.0,0.0,0.0,0.0,0,,,,,,,,,,,0.0,2026-06-18T18:00:00.000000
sz002107,sz,,0.0,0.0,0.0,0.0,0.0,0.0,0,,,,,,,,,,,0.0,2026-06-18T18:00:00.000000
sz002108,sz,,0.0,0.0,0.0,0.0,0.0,0.0,0,,,,,,,,,,,0.0,2026-06-18T18:00:00.000000
sz002109,sz,,0.0,0.0,0.0,0.0,0.0,0.0,0,,,,,,,,,,,0.0,2026-06-18T18:00:00.000000
sz002110,sz,,0.0,0.0,0.0,0.0,0.0,0.0,0,,,,,,,,,,,0.0,2026-06-18T18:00:00.000000
sz002111,sz,,0.0,0.0,0.0,0.0,0.0,0.0,0,,,,,,,,,,,0.0,2026-06-18T18:00:00.000000
sz002112,sz,,0.0,0.0,0.0,0.0,0.0,0.0,0,,,,,,,,,,,0.0,2026-06-18T18:00:00.000000
sz002114,sz,,0.0,0.0,0.0,0.0,0.0,0.0,0,,,,,,,,,,,0.0,2026-06-18T18:00:00.000000
sz002115,sz,,0.0,0.0,0.0,0.0,0.0,0.0,0,,,,,,,,,,,0.0,2026-06-18T18:00:00.000000
sz002116,sz,,0.0,0.0,0.0,0.0,0.0,0.0,0,,,,,,,,,,,0.0,2026-06-18T18:00:00.000000
sz002117,sz,,0.0,0.0,0.0,0.0,0.0,0.0,0,,,,,,,,,,,0.0,2026-06-18T18:00:00.000000
sz002119,sz,,0.0,0.0,0.0,0.0,0.0,0.0,0,,,,,,,,,,,0.0,2026-06-18T18:00:00.000000
sz002120,sz,,0.0,0.0,0.0,0.0,0.0,0.0,0,,,,,,,,,,,0.0,2026-06-18T18:00:00.000000
sz002121,sz,,0.0,0.0,0.0,0.0,0.0,0.0,0,,,,,,,,,,,0.0,2026-06-18T18:00:00.000000
sz002122,sz,,0.0,0.0,0.0,0.0,0.0,0.0,0,,,,,,,,,,,0.0,2026-06-18T18:00:00.000000
sz002123,sz,,0.0,0.0,0.0,0.0,0.0,0.0,0,,,,,,,,,,,0.0,2026-06-18T18:00:00.000000
sz002124,sz,,0.0,0.0,0.0,0.0,0.0,0.0,0,,,,,,,,,,,0.0,2026-06-18T18:00:00.000000
sz002125,sz,,0.0,0.0,0.0,0.0,0.0,0.0,0,,,,,,,,,,,0.0,2026-06-18T18:00:00.000000
sz002126,sz,,52.73,53.43,53.43,54.6,52.53,-0.7,-1.31,,,,,,,,,,,111955.0,2026-06-18T18:00:00.000000
sz002127,sz,,2.69,2.69,2.69,2.72,2.63,0.0,0.0,,,,,,,,,,,6130.0,2026-06-18T18:00:00.000000
sz002128,sz,,24.16,24.23,24.23,24.6,24.0,-0.07,-0.29,,,,,,,,,,,41488.0,2026-06-18T18:00:00.000000
sz002129,sz,,10.26,10.66,10.66,10.66,10.2,-0.4,-3.75,,,,,,,,,,,262965.0,2026-06-18T18:00:00.000000
sz002130,sz,,20.47,20.47,20.47,20.84,20.33,0.0,0.0,,,,,,,,,,,62274.0,2026-06-18T18:00:00.000000
sz002131,sz,,5.33,5.33,5.33,5.41,5.24,0.0,0.0,,,,,,,,,,,118476.0,2026-06-18T18:00:00.000000
sz002132,sz,,5.11,5.17,5.17,5.24,5.04,-0.06,-1.16,,,,,,,,,,,26830.0,2026-06-18T18:00:00.000000
sz002133,sz,,2.56,2.56,2.56,2.59,2.51,0.0,0.0,,,,,,,,,,,3533.0,2026-06-18T18:00:00.000000
sz002134,sz,,30.32,29.5,29.5,30.83,29.1,0.82,2.78,,,,,,,,,,,54867.0,2026-06-18T18:00:00.000000
sz002135,sz,,7.54,7.8,7.8,7.83,7.5,-0.26,-3.33,,,,,,,,,,,23191.0,2026-06-18T18:00:00.000000
sz002136,sz,,13.04,13.6,13.6,13.88,12.82,-0.56,-4.12,,,,,,,,,,,15464.0,2026-06-18T18:00:00.000000
sz002137,sz,,10.55,10.34,10.34,10.96,9.9,0.21,2.03,,,,,,,,,,,101495.0,2026-06-18T18:00:00.000000
sz002138,sz,,71.16,65.85,65.85,72.24,65.0,5.31,8.06,,,,,,,,,,,363004.0,2026-06-18T18:00:00.000000
sz002139,sz,,9.88,9.73,9.73,9.98,9.67,0.15,1.54,,,,,,,,,,,20876.0,2026-06-18T18:00:00.000000
sz002140,sz,,9.85,9.99,9.99,9.99,9.8,-0.14,-1.4,,,,,,,,,,,5072.0,2026-06-18T18:00:00.000000
sz002141,sz,,4.71,4.6,4.6,4.71,4.46,0.11,2.39,,,,,,,,,,,25776.0,2026-06-18T18:00:00.000000
sz002142,sz,,30.78,31.5,31.5,31.59,30.73,-0.72,-2.29,,,,,,,,,,,129054.0,2026-06-18T18:00:00.000000
sz002144,sz,,10.61,10.63,10.63,10.87,10.47,-0.02,-0.19,,,,,,,,,,,3958.0,2026-06-18T18:00:00.000000
sz002145,sz,,4.68,4.45,4.45,4.75,4.29,0.23,5.17,,,,,,,,,,,58063.0,2026-06-18T18:00:00.000000
sz002146,sz,,1.2,1.22,1.22,1.23,1.2,-0.02,-1.64,,,,,,,,,,,7438.0,2026-06-18T18:00:00.000000
sz002148,sz,,6.25,6.14,6.14,6.34,6.06,0.11,1.79,,,,,,,,,,,7343.0,2026-06-18T18:00:00.000000
sz002149,sz,,57.3,58.2,58.2,59.18,56.36,-0.9,-1.55,,,,,,,,,,,360443.0,2026-06-18T18:00:00.000000
sz002150,sz,,26.54,25.36,25.36,27.1,25.2,1.18,4.65,,,,,,,,,,,45611.0,2026-06-18T18:00:00.000000
sz002151,sz,,33.32,33.18,33.18,33.8,32.8,0.14,0.42,,,,,,,,,,,43570.0,2026-06-18T18:00:00.000000
sz002152,sz,,9.92,10.01,10.01,10.11,9.92,-0.09,-0.9,,,,,,,,,,,15632.0,2026-06-18T18:00:00.000000
sz002153,sz,,7.68,7.71,7.71,7.84,7.58,-0.03,-0.39,,,,,,,,,,,13986.0,2026-06-18T18:00:00.000000
sz002154,sz,,3.88,3.87,3.87,3.93,3.8,0.01,0.26,,,,,,,,,,,7332.0,2026-06-18T18:00:00.000000
sz002155,sz,,26.66,26.31,26.31,26.99,25.81,0.35,1.33,,,,,,,,,,,177964.0,2026-06-18T18:00:00.000000
sz002156,sz,,68.27,66.99,66.99,69.35,66.39,1.28,1.91,,,,,,,,,,,1113317.0,2026-06-18T18:00:00.000000
sz002157,sz,,2.9,3.02,3.02,3.03,2.9,-0.12,-3.97,,,,,,,,,,,58250.0,2026-06-18T18:00:00.000000
sz002158,sz,,34.35,31.22,31.22,34.35,30.93,3.13,10.03,,,,,,,,,,,70066.0,2026-06-18T18:00:00.000000
sz002159,sz,,14.37,13.28,13.28,14.37,13.28,1.09,8.21,,,,,,,,,,,15637.0,2026-06-18T18:00:00.000000
sz002160,sz,,4.36,4.57,4.57,4.64,4.3,-0.21,-4.6,,,,,,,,,,,39103.0,2026-06-18T18:00:00.000000
sz002161,sz,,6.09,6.26,6.26,6.41,6.06,-0.17,-2.72,,,,,,,,,,,28194.0,2026-06-18T18:00:00.000000
sz002162,sz,,3.54,3.56,3.56,3.59,3.52,-0.02,-0.56,,,,,,,,,,,2778.0,2026-06-18T18:00:00.000000
sz002163,sz,,9.06,9.17,9.17,9.22,8.98,-0.11,-1.2,,,,,,,,,,,15802.0,2026-06-18T18:00:00.000000
sz002164,sz,,12.86,12.73,12.73,13.1,12.73,0.13,1.02,,,,,,,,,,,22518.0,2026-06-18T18:00:00.000000
sz002165,sz,,6.76,7.26,7.26,7.26,6.76,-0.5,-6.89,,,,,,,,,,,59805.0,2026-06-18T18:00:00.000000
sz002166,sz,,7.2,7.3,7.3,7.36,7.18,-0.1,-1.37,,,,,,,,,,,5195.0,2026-06-18T18:00:00.000000
sz002167,sz,,16.13,16.13,16.13,16.13,16.13,0.0,0.0,,,,,,,,,,,45614.0,2026-06-18T18:00:00.000000
sz002168,sz,,3.69,3.78,3.78,3.78,3.66,-0.09,-2.38,,,,,,,,,,,1645.0,2026-06-18T18:00:00.000000
sz002169,sz,,14.23,14.83,14.83,14.85,14.17,-0.6,-4.05,,,,,,,,,,,66570.0,2026-06-18T18:00:00.000000
sz002170,sz,,10.82,11.07,11.07,11.13,10.78,-0.25,-2.26,,,,,,,,,,,22855.0,2026-06-18T18:00:00.000000
sz002171,sz,,15.38,14.85,14.85,15.96,14.65,0.53,3.57,,,,,,,,,,,323911.0,2026-06-18T18:00:00.000000
sz002172,sz,,3.0,3.0,3.0,3.05,2.96,0.0,0.0,,,,,,,,,,,3434.0,2026-06-18T18:00:00.000000
sz002173,sz,,17.1,17.31,17.31,17.65,17.01,-0.21,-1.21,,,,,,,,,,,28230.0,2026-06-18T18:00:00.000000
sz002174,sz,,11.62,11.63,11.63,11.92,11.47,-0.01,-0.09,,,,,,,,,,,37713.0,2026-06-18T18:00:00.000000
sz002175,sz,,2.05,2.05,2.05,2.1,1.99,0.0,0.0,,,,,,,,,,,7065.0,2026-06-18T18:00:00.000000
sz002176,sz,,11.1,11.42,11.42,11.57,11.04,-0.32,-2.8,,,,,,,,,,,132421.0,2026-06-18T18:00:00.000000
sz002177,sz,,6.16,6.48,6.48,6.5,6.1,-0.32,-4.94,,,,,,,,,,,37766.0,2026-06-18T18:00:00.000000
sz002178,sz,,4.93,5.1,5.1,5.1,4.93,-0.17,-3.33,,,,,,,,,,,6110.0,2026-06-18T18:00:00.000000
sz002179,sz,,40.78,38.96,38.96,41.25,38.52,1.82,4.67,,,,,,,,,,,309271.0,2026-06-18T18:00:00.000000
sz002180,sz,,14.12,14.53,14.53,15.18,14.12,-0.41,-2.82,,,,,,,,,,,28096.0,2026-06-18T18:00:00.000000
sz002181,sz,,11.07,11.34,11.34,11.51,11.02,-0.27,-2.38,,,,,,,,,,,76901.0,2026-06-18T18:00:00.000000
sz002182,sz,,13.6,13.7,13.7,14.06,13.49,-0.1,-0.73,,,,,,,,,,,25874.0,2026-06-18T18:00:00.000000
sz002183,sz,,5.67,5.61,5.61,5.75,5.54,0.06,1.07,,,,,,,,,,,51275.0,2026-06-18T18:00:00.000000
sz002184,sz,,10.4,10.42,10.42,10.56,10.2,-0.02,-0.19,,,,,,,,,,,5780.0,2026-06-18T18:00:00.000000
sz002185,sz,,19.61,19.3,19.3,19.94,19.05,0.31,1.61,,,,,,,,,,,923921.0,2026-06-18T18:00:00.000000
sz002186,sz,,8.79,8.77,8.77,8.87,8.6,0.02,0.23,,,,,,,,,,,1980.0,2026-06-18T18:00:00.000000
sz002187,sz,,5.01,4.98,4.98,5.06,4.9,0.03,0.6,,,,,,,,,,,4854.0,2026-06-18T18:00:00.000000
sz002188,sz,,5.29,5.31,5.31,5.34,5.15,-0.02,-0.38,,,,,,,,,,,5733.0,2026-06-18T18:00:00.000000
sz002189,sz,,19.88,20.66,20.66,20.68,19.87,-0.78,-3.78,,,,,,,,,,,9865.0,2026-06-18T18:00:00.000000
sz002190,sz,,26.46,26.8,26.8,26.82,26.45,-0.34,-1.27,,,,,,,,,,,17053.0,2026-06-18T18:00:00.000000
sz002191,sz,,4.02,3.95,3.95,4.03,3.89,0.07,1.77,,,,,,,,,,,13766.0,2026-06-18T18:00:00.000000
sz002192,sz,,87.09,86.2,86.2,90.86,85.2,0.89,1.03,,,,,,,,,,,250519.0,2026-06-18T18:00:00.000000
sz002193,sz,,4.75,4.94,4.94,5.02,4.75,-0.19,-3.85,,,,,,,,,,,2379.0,2026-06-18T18:00:00.000000
sz002194,sz,,12.5,12.52,12.52,12.7,12.3,-0.02,-0.16,,,,,,,,,,,55249.0,2026-06-18T18:00:00.000000
sz002195,sz,,7.12,7.15,7.15,7.23,7.08,-0.03,-0.42,,,,,,,,,,,65855.0,2026-06-18T18:00:00.000000
sz002196,sz,,12.97,12.29,12.29,13.39,12.22,0.68,5.53,,,,,,,,,,,58672.0,2026-06-18T18:00:00.000000
sz002197,sz,,6.24,6.21,6.21,6.32,6.1,0.03,0.48,,,,,,,,,,,9444.0,2026-06-18T18:00:00.000000
sz002198,sz,,3.33,3.43,3.43,3.48,3.31,-0.1,-2.92,,,,,,,,,,,3298.0,2026-06-18T18:00:00.000000
sz002199,sz,,13.03,13.06,13.06,13.39,13.02,-0.03,-0.23,,,,,,,,,,,4260.0,2026-06-18T18:00:00.000000
sz002200,sz,,6.27,6.69,6.69,6.85,6.26,-0.42,-6.28,,,,,,,,,,,3559.0,2026-06-18T18:00:00.000000
sz002201,sz,,12.24,12.5,12.5,12.66,11.95,-0.26,-2.08,,,,,,,,,,,98834.0,2026-06-18T18:00:00.000000
sz002202,sz,,22.49,21.89,21.89,23.05,21.83,0.6,2.74,,,,,,,,,,,324813.0,2026-06-18T18:00:00.000000
sz002203,sz,,25.52,22.95,22.95,25.52,22.74,2.57,11.2,,,,,,,,,,,194230.0,2026-06-18T18:00:00.000000
sz002204,sz,,5.45,5.58,5.58,5.58,5.44,-0.13,-2.33,,,,,,,,,,,9928.0,2026-06-18T18:00:00.000000
sz002205,sz,,11.01,10.99,10.99,11.13,10.72,0.02,0.18,,,,,,,,,,,3294.0,2026-06-18T18:00:00.000000
sz002206,sz,,5.4,5.46,5.46,5.46,5.31,-0.06,-1.1,,,,,,,,,,,6428.0,2026-06-18T18:00:00.000000
sz002207,sz,,6.93,7.54,7.54,7.54,6.92,-0.61,-8.09,,,,,,,,,,,22373.0,2026-06-18T18:00:00.000000
sz002208,sz,,18.77,17.31,17.31,19.24,17.3,1.46,8.43,,,,,,,,,,,219810.0,2026-06-18T18:00:00.000000
sz002209,sz,,11.0,10.98,10.98,11.08,10.86,0.02,0.18,,,,,,,,,,,4848.0,2026-06-18T18:00:00.000000
sz002210,sz,,2.34,2.4,2.4,2.41,2.33,-0.06,-2.5,,,,,,,,,,,14203.0,2026-06-18T18:00:00.000000
sz002211,sz,,3.82,3.66,3.66,3.82,3.64,0.16,4.37,,,,,,,,,,,2417.0,2026-06-18T18:00:00.000000
sz002212,sz,,6.15,6.2,6.2,6.29,6.1,-0.05,-0.81,,,,,,,,,,,14254.0,2026-06-18T18:00:00.000000
sz002213,sz,,40.07,39.92,39.92,40.85,39.42,0.15,0.38,,,,,,,,,,,107290.0,2026-06-18T18:00:00.000000
sz002214,sz,,15.71,15.6,15.6,16.11,15.6,0.11,0.71,,,,,,,,,,,7253.0,2026-06-18T18:00:00.000000
sz002215,sz,,9.18,9.44,9.44,9.45,9.15,-0.26,-2.75,,,,,,,,,,,15940.0,2026-06-18T18:00:00.000000
sz002216,sz,,11.66,11.67,11.67,11.79,11.6,-0.01,-0.09,,,,,,,,,,,6556.0,2026-06-18T18:00:00.000000
sz002217,sz,,2.53,2.63,2.63,2.63,2.51,-0.1,-3.8,,,,,,,,,,,101678.0,2026-06-18T18:00:00.000000
sz002218,sz,,4.09,4.23,4.23,4.23,4.08,-0.14,-3.31,,,,,,,,,,,18658.0,2026-06-18T18:00:00.000000
sz002219,sz,,1.93,1.85,1.85,1.98,1.83,0.08,4.32,,,,,,,,,,,17504.0,2026-06-18T18:00:00.000000
sz002221,sz,,5.88,5.89,5.89,5.95,5.78,-0.01,-0.17,,,,,,,,,,,8736.0,2026-06-18T18:00:00.000000
sz002222,sz,,103.0,102.44,102.44,103.58,100.88,0.56,0.55,,,,,,,,,,,373590.0,2026-06-18T18:00:00.000000
sz002223,sz,,24.72,25.22,25.22,25.79,24.7,-0.5,-1.98,,,,,,,,,,,30111.0,2026-06-18T18:00:00.000000
sz002224,sz,,3.49,3.53,3.53,3.54,3.46,-0.04,-1.13,,,,,,,,,,,3023.0,2026-06-18T18:00:00.000000
sz002225,sz,,4.21,4.34,4.34,4.43,4.18,-0.13,-3.0,,,,,,,,,,,38160.0,2026-06-18T18:00:00.000000
sz002226,sz,,4.95,5.01,5.01,5.02,4.91,-0.06,-1.2,,,,,,,,,,,9083.0,2026-06-18T18:00:00.000000
sz002227,sz,,6.72,6.97,6.97,7.21,6.71,-0.25,-3.59,,,,,,,,,,,4786.0,2026-06-18T18:00:00.000000
sz002228,sz,,3.15,3.18,3.18,3.19,3.09,-0.03,-0.94,,,,,,,,,,,5336.0,2026-06-18T18:00:00.000000
sz002229,sz,,12.45,12.57,12.57,12.8,12.25,-0.12,-0.95,,,,,,,,,,,49926.0,2026-06-18T18:00:00.000000
sz002230,sz,,42.61,41.33,41.33,43.6,40.95,1.28,3.1,,,,,,,,,,,282510.0,2026-06-18T18:00:00.000000
sz002232,sz,,14.91,14.87,14.87,14.97,14.65,0.04,0.27,,,,,,,,,,,4608.0,2026-06-18T18:00:00.000000
sz002233,sz,,7.52,7.51,7.51,7.6,7.44,0.01,0.13,,,,,,,,,,,6923.0,2026-06-18T18:00:00.000000
sz002234,sz,,6.7,6.8,6.8,6.82,6.59,-0.1,-1.47,,,,,,,,,,,3227.0,2026-06-18T18:00:00.000000
sz002235,sz,,8.29,8.71,8.71,8.73,8.08,-0.42,-4.82,,,,,,,,,,,44000.0,2026-06-18T18:00:00.000000
sz002236,sz,,16.27,16.3,16.3,16.45,16.11,-0.03,-0.18,,,,,,,,,,,48576.0,2026-06-18T18:00:00.000000
sz002237,sz,,14.43,14.51,14.51,14.99,14.16,-0.08,-0.55,,,,,,,,,,,52596.0,2026-06-18T18:00:00.000000
sz002238,sz,,5.83,5.74,5.74,5.94,5.66,0.09,1.57,,,,,,,,,,,4961.0,2026-06-18T18:00:00.000000
sz002239,sz,,2.42,2.44,2.44,2.45,2.41,-0.02,-0.82,,,,,,,,,,,9660.0,2026-06-18T18:00:00.000000
sz002240,sz,,45.74,47.0,47.0,49.08,45.57,-1.26,-2.68,,,,,,,,,,,378575.0,2026-06-18T18:00:00.000000
sz002241,sz,,23.92,23.5,23.5,24.11,23.35,0.42,1.79,,,,,,,,,,,220878.0,2026-06-18T18:00:00.000000
sz002242,sz,,8.35,8.42,8.42,8.47,8.3,-0.07,-0.83,,,,,,,,,,,4185.0,2026-06-18T18:00:00.000000
sz002243,sz,,7.04,7.2,7.2,7.3,6.98,-0.16,-2.22,,,,,,,,,,,12903.0,2026-06-18T18:00:00.000000
sz002244,sz,,8.37,8.55,8.55,8.59,8.2,-0.18,-2.11,,,,,,,,,,,19612.0,2026-06-18T18:00:00.000000
sz002245,sz,,20.4,20.61,20.61,21.1,19.51,-0.21,-1.02,,,,,,,,,,,297898.0,2026-06-18T18:00:00.000000
sz002246,sz,,20.13,20.32,20.32,20.68,19.93,-0.19,-0.94,,,,,,,,,,,26432.0,2026-06-18T18:00:00.000000
sz002247,sz,,2.26,2.24,2.24,2.29,2.19,0.02,0.89,,,,,,,,,,,4691.0,2026-06-18T18:00:00.000000
sz002248,sz,,9.86,9.49,9.49,10.12,9.37,0.37,3.9,,,,,,,,,,,16961.0,2026-06-18T18:00:00.000000
sz002249,sz,,8.11,8.09,8.09,8.23,8.03,0.02,0.25,,,,,,,,,,,26274.0,2026-06-18T18:00:00.000000
sz002250,sz,,13.92,13.8,13.8,14.01,13.63,0.12,0.87,,,,,,,,,,,15542.0,2026-06-18T18:00:00.000000
sz002251,sz,,3.83,3.9,3.9,3.92,3.76,-0.07,-1.79,,,,,,,,,,,53500.0,2026-06-18T18:00:00.000000
sz002252,sz,,4.65,4.67,4.67,4.75,4.64,-0.02,-0.43,,,,,,,,,,,23473.0,2026-06-18T18:00:00.000000
sz002253,sz,,11.04,11.11,11.11,11.24,10.91,-0.07,-0.63,,,,,,,,,,,4888.0,2026-06-18T18:00:00.000000
sz002254,sz,,18.7,18.58,18.58,18.91,17.21,0.12,0.65,,,,,,,,,,,206436.0,2026-06-18T18:00:00.000000
sz002255,sz,,9.36,9.5,9.5,9.63,9.3,-0.14,-1.47,,,,,,,,,,,17290.0,2026-06-18T18:00:00.000000
sz002256,sz,,4.02,4.16,4.16,4.19,3.98,-0.14,-3.37,,,,,,,,,,,28537.0,2026-06-18T18:00:00.000000
sz002258,sz,,12.94,13.55,13.55,13.63,12.6,-0.61,-4.5,,,,,,,,,,,43639.0,2026-06-18T18:00:00.000000
sz002259,sz,,4.26,4.36,4.36,4.48,4.22,-0.1,-2.29,,,,,,,,,,,11350.0,2026-06-18T18:00:00.000000
sz002261,sz,,30.54,29.86,29.86,30.76,29.48,0.68,2.28,,,,,,,,,,,236396.0,2026-06-18T18:00:00.000000
sz002262,sz,,18.69,18.68,18.68,19.14,18.44,0.01,0.05,,,,,,,,,,,18737.0,2026-06-18T18:00:00.000000
sz002263,sz,,4.19,4.28,4.28,4.29,4.16,-0.09,-2.1,,,,,,,,,,,79754.0,2026-06-18T18:00:00.000000
sz002264,sz,,5.9,6.05,6.05,6.1,5.87,-0.15,-2.48,,,,,,,,,,,14149.0,2026-06-18T18:00:00.000000
sz002265,sz,,18.99,19.25,19.25,19.4,18.92,-0.26,-1.35,,,,,,,,,,,13846.0,2026-06-18T18:00:00.000000
sz002266,sz,,4.87,4.89,4.89,5.01,4.85,-0.02,-0.41,,,,,,,,,,,31927.0,2026-06-18T18:00:00.000000
sz002267,sz,,6.94,6.91,6.91,6.98,6.85,0.03,0.43,,,,,,,,,,,3332.0,2026-06-18T18:00:00.000000
sz002268,sz,,13.22,13.26,13.26,13.46,13.04,-0.04,-0.3,,,,,,,,,,,9346.0,2026-06-18T18:00:00.000000
sz002269,sz,,1.4,1.4,1.4,1.42,1.36,0.0,0.0,,,,,,,,,,,5194.0,2026-06-18T18:00:00.000000
sz002270,sz,,21.42,21.91,21.91,22.2,21.36,-0.49,-2.24,,,,,,,,,,,51908.0,2026-06-18T18:00:00.000000
sz002271,sz,,12.13,12.54,12.54,12.58,12.03,-0.41,-3.27,,,,,,,,,,,49021.0,2026-06-18T18:00:00.000000
sz002272,sz,,21.2,20.85,20.85,21.71,20.85,0.35,1.68,,,,,,,,,,,100959.0,2026-06-18T18:00:00.000000
sz002273,sz,,36.94,35.75,35.75,37.41,35.6,1.19,3.33,,,,,,,,,,,277126.0,2026-06-18T18:00:00.000000
sz002274,sz,,4.93,5.04,5.04,5.06,4.9,-0.11,-2.18,,,,,,,,,,,7775.0,2026-06-18T18:00:00.000000
sz002275,sz,,12.33,12.24,12.24,12.42,12.14,0.09,0.74,,,,,,,,,,,1491.0,2026-06-18T18:00:00.000000
sz002276,sz,,10.76,10.9,10.9,10.94,10.71,-0.14,-1.28,,,,,,,,,,,14300.0,2026-06-18T18:00:00.000000
sz002277,sz,,6.11,6.16,6.16,6.29,6.0,-0.05,-0.81,,,,,,,,,,,14991.0,2026-06-18T18:00:00.000000
sz002278,sz,,8.25,8.2,8.2,8.36,8.12,0.05,0.61,,,,,,,,,,,5851.0,2026-06-18T18:00:00.000000
sz002279,sz,,6.37,6.39,6.39,6.5,6.26,-0.02,-0.31,,,,,,,,,,,13467.0,2026-06-18T18:00:00.000000
sz002281,sz,,266.2,241.99,241.99,266.2,240.0,24.21,10.0,,,,,,,,,,,1047780.0,2026-06-18T18:00:00.000000
sz002282,sz,,5.86,5.86,5.86,5.94,5.77,0.0,0.0,,,,,,,,,,,2266.0,2026-06-18T18:00:00.000000
sz002283,sz,,11.07,10.09,10.09,11.07,9.98,0.98,9.71,,,,,,,,,,,47166.0,2026-06-18T18:00:00.000000
sz002284,sz,,10.54,10.73,10.73,10.83,10.49,-0.19,-1.77,,,,,,,,,,,11997.0,2026-06-18T18:00:00.000000
sz002285,sz,,2.25,2.31,2.31,2.34,2.24,-0.06,-2.6,,,,,,,,,,,9985.0,2026-06-18T18:00:00.000000
sz002286,sz,,8.92,9.01,9.01,9.16,8.86,-0.09,-1.0,,,,,,,,,,,6923.0,2026-06-18T18:00:00.000000
sz002287,sz,,19.61,19.81,19.81,19.9,19.4,-0.2,-1.01,,,,,,,,,,,2864.0,2026-06-18T18:00:00.000000
sz002289,sz,,42.76,41.63,41.63,43.33,40.43,1.13,2.71,,,,,,,,,,,8393.0,2026-06-18T18:00:00.000000
sz002290,sz,,89.19,82.73,82.73,89.89,82.3,6.46,7.81,,,,,,,,,,,102303.0,2026-06-18T18:00:00.000000
sz002291,sz,,5.19,5.19,5.19,5.28,5.1,0.0,0.0,,,,,,,,,,,11458.0,2026-06-18T18:00:00.000000
sz002292,sz,,6.51,6.45,6.45,6.54,6.34,0.06,0.93,,,,,,,,,,,17652.0,2026-06-18T18:00:00.000000
sz002293,sz,,10.15,10.06,10.06,10.35,10.01,0.09,0.89,,,,,,,,,,,5018.0,2026-06-18T18:00:00.000000
sz002294,sz,,30.38,30.23,30.23,30.96,29.9,0.15,0.5,,,,,,,,,,,54797.0,2026-06-18T18:00:00.000000
sz002295,sz,,9.69,9.66,9.66,10.06,9.55,0.03,0.31,,,,,,,,,,,4823.0,2026-06-18T18:00:00.000000
sz002296,sz,,9.4,9.4,9.4,9.53,9.3,0.0,0.0,,,,,,,,,,,5686.0,2026-06-18T18:00:00.000000
sz002297,sz,,28.36,25.7,25.7,28.36,25.59,2.66,10.35,,,,,,,,,,,329250.0,2026-06-18T18:00:00.000000
sz002298,sz,,8.15,8.25,8.25,8.31,8.13,-0.1,-1.21,,,,,,,,,,,16090.0,2026-06-18T18:00:00.000000
sz002299,sz,,16.14,16.12,16.12,16.28,15.95,0.02,0.12,,,,,,,,,,,10886.0,2026-06-18T18:00:00.000000
sz002300,sz,,7.31,7.42,7.42,7.45,7.28,-0.11,-1.48,,,,,,,,,,,10059.0,2026-06-18T18:00:00.000000
sz002301,sz,,7.69,7.8,7.8,8.01,7.66,-0.11,-1.41,,,,,,,,,,,15808.0,2026-06-18T18:00:00.000000
sz002302,sz,,4.65,4.72,4.72,4.73,4.63,-0.07,-1.48,,,,,,,,,,,2993.0,2026-06-18T18:00:00.000000
sz002303,sz,,3.65,3.78,3.78,3.91,3.65,-0.13,-3.44,,,,,,,,,,,29886.0,2026-06-18T18:00:00.000000
sz002304,sz,,41.03,41.95,41.95,42.0,40.74,-0.92,-2.19,,,,,,,,,,,27436.0,2026-06-18T18:00:00.000000
sz002305,sz,,2.12,2.15,2.15,2.19,2.12,-0.03,-1.4,,,,,,,,,,,3952.0,2026-06-18T18:00:00.000000
sz002306,sz,,2.04,2.1,2.1,2.1,2.03,-0.06,-2.86,,,,,,,,,,,1936.0,2026-06-18T18:00:00.000000
sz002307,sz,,3.65,3.72,3.72,3.73,3.63,-0.07,-1.88,,,,,,,,,,,4579.0,2026-06-18T18:00:00.000000
sz002309,sz,,3.06,3.17,3.17,3.18,3.06,-0.11,-3.47,,,,,,,,,,,38874.0,2026-06-18T18:00:00.000000
sz002310,sz,,2.33,2.4,2.4,2.41,2.32,-0.07,-2.92,,,,,,,,,,,23130.0,2026-06-18T18:00:00.000000
sz002311,sz,,41.2,41.58,41.58,41.87,41.2,-0.38,-0.91,,,,,,,,,,,45207.0,2026-06-18T18:00:00.000000
sz002312,sz,,8.42,8.56,8.56,8.62,8.38,-0.14,-1.64,,,,,,,,,,,21139.0,2026-06-18T18:00:00.000000
sz002313,sz,,8.0,8.22,8.22,8.22,7.9,-0.22,-2.68,,,,,,,,,,,6495.0,2026-06-18T18:00:00.000000
sz002314,sz,,2.07,2.13,2.13,2.14,2.06,-0.06,-2.82,,,,,,,,,,,6618.0,2026-06-18T18:00:00.000000
sz002315,sz,,24.8,24.45,24.45,25.13,24.22,0.35,1.43,,,,,,,,,,,13909.0,2026-06-18T18:00:00.000000
sz002316,sz,,4.4,4.22,4.22,4.43,4.14,0.18,4.27,,,,,,,,,,,9132.0,2026-06-18T18:00:00.000000
sz002317,sz,,22.9,20.9,20.9,22.9,20.48,2.0,9.57,,,,,,,,,,,67813.0,2026-06-18T18:00:00.000000
sz002318,sz,,25.12,23.99,23.99,25.16,23.72,1.13,4.71,,,,,,,,,,,41553.0,2026-06-18T18:00:00.000000
sz002319,sz,,11.03,11.3,11.3,11.45,11.03,-0.27,-2.39,,,,,,,,,,,8766.0,2026-06-18T18:00:00.000000
sz002320,sz,,6.77,6.82,6.82,6.93,6.73,-0.05,-0.73,,,,,,,,,,,11361.0,2026-06-18T18:00:00.000000
sz002321,sz,,1.75,1.75,1.75,1.76,1.71,0.0,0.0,,,,,,,,,,,3336.0,2026-06-18T18:00:00.000000
sz002322,sz,,10.26,10.4,10.4,10.4,10.15,-0.14,-1.35,,,,,,,,,,,2389.0,2026-06-18T18:00:00.000000
sz002323,sz,,1.3,1.37,1.37,1.37,1.3,-0.07,-5.11,,,,,,,,,,,10363.0,2026-06-18T18:00:00.000000
sz002324,sz,,13.1,13.17,13.17,13.45,13.06,-0.07,-0.53,,,,,,,,,,,28010.0,2026-06-18T18:00:00.000000
sz002326,sz,,23.21,22.6,22.6,23.73,21.76,0.61,2.7,,,,,,,,,,,145172.0,2026-06-18T18:00:00.000000
sz002327,sz,,6.35,6.45,6.45,6.45,6.33,-0.1,-1.55,,,,,,,,,,,3680.0,2026-06-18T18:00:00.000000
sz002328,sz,,7.93,8.0,8.0,8.07,7.91,-0.07,-0.88,,,,,,,,,,,15582.0,2026-06-18T18:00:00.000000
sz002329,sz,,2.88,2.94,2.94,2.98,2.84,-0.06,-2.04,,,,,,,,,,,9644.0,2026-06-18T18:00:00.000000
sz002330,sz,,3.68,3.68,3.68,3.73,3.64,0.0,0.0,,,,,,,,,,,2976.0,2026-06-18T18:00:00.000000
sz002331,sz,,8.09,7.92,7.92,8.24,7.82,0.17,2.15,,,,,,,,,,,10006.0,2026-06-18T18:00:00.000000
sz002332,sz,,8.28,8.31,8.31,8.36,8.22,-0.03,-0.36,,,,,,,,,,,4814.0,2026-06-18T18:00:00.000000
sz002333,sz,,4.89,4.86,4.86,4.91,4.81,0.03,0.62,,,,,,,,,,,1167.0,2026-06-18T18:00:00.000000
sz002334,sz,,8.41,8.46,8.46,8.64,8.36,-0.05,-0.59,,,,,,,,,,,23507.0,2026-06-18T18:00:00.000000
sz002335,sz,,39.38,39.09,39.09,39.86,38.87,0.29,0.74,,,,,,,,,,,134904.0,2026-06-18T18:00:00.000000
sz002337,sz,,4.83,4.83,4.83,4.87,4.72,0.0,0.0,,,,,,,,,,,3621.0,2026-06-18T18:00:00.000000
sz002338,sz,,54.0,54.45,54.45,54.69,53.8,-0.45,-0.83,,,,,,,,,,,30700.0,2026-06-18T18:00:00.000000
sz002339,sz,,7.45,7.59,7.59,7.63,7.42,-0.14,-1.84,,,,,,,,,,,9138.0,2026-06-18T18:00:00.000000
sz002340,sz,,7.42,7.4,7.4,7.55,7.21,0.02,0.27,,,,,,,,,,,147941.0,2026-06-18T18:00:00.000000
sz002342,sz,,9.97,10.32,10.32,10.32,9.95,-0.35,-3.39,,,,,,,,,,,60487.0,2026-06-18T18:00:00.000000
sz002343,sz,,4.74,4.69,4.69,4.81,4.6,0.05,1.07,,,,,,,,,,,4463.0,2026-06-18T18:00:00.000000
sz002344,sz,,3.71,3.69,3.69,3.76,3.61,0.02,0.54,,,,,,,,,,,4838.0,2026-06-18T18:00:00.000000
sz002345,sz,,9.63,9.78,9.78,9.8,9.55,-0.15,-1.53,,,,,,,,,,,14509.0,2026-06-18T18:00:00.000000
sz002346,sz,,18.43,18.75,18.75,19.0,18.18,-0.32,-1.71,,,,,,,,,,,13246.0,2026-06-18T18:00:00.000000
sz002347,sz,,6.37,6.35,6.35,6.45,6.25,0.02,0.31,,,,,,,,,,,6686.0,2026-06-18T18:00:00.000000
sz002348,sz,,11.35,12.01,12.01,12.15,11.32,-0.66,-5.5,,,,,,,,,,,68467.0,2026-06-18T18:00:00.000000
sz002349,sz,,6.31,6.33,6.33,6.45,6.27,-0.02,-0.32,,,,,,,,,,,3692.0,2026-06-18T18:00:00.000000
sz002350,sz,,14.88,15.14,15.14,15.45,14.56,-0.26,-1.72,,,,,,,,,,,26532.0,2026-06-18T18:00:00.000000
sz002351,sz,,10.0,9.99,9.99,10.08,9.86,0.01,0.1,,,,,,,,,,,5755.0,2026-06-18T18:00:00.000000
sz002352,sz,,31.55,32.14,32.14,32.14,31.36,-0.59,-1.84,,,,,,,,,,,82402.0,2026-06-18T18:00:00.000000
sz002353,sz,,164.22,160.49,160.49,172.77,159.28,3.73,2.32,,,,,,,,,,,318969.0,2026-06-18T18:00:00.000000
sz002354,sz,,7.73,7.15,7.15,7.73,6.97,0.58,8.11,,,,,,,,,,,277130.0,2026-06-18T18:00:00.000000
sz002355,sz,,4.69,4.78,4.78,4.8,4.67,-0.09,-1.88,,,,,,,,,,,9796.0,2026-06-18T18:00:00.000000
sz002356,sz,,3.04,3.13,3.13,3.15,3.03,-0.09,-2.88,,,,,,,,,,,8025.0,2026-06-18T18:00:00.000000
sz002357,sz,,10.1,9.64,9.64,10.27,9.43,0.46,4.77,,,,,,,,,,,13032.0,2026-06-18T18:00:00.000000
sz002358,sz,,5.83,5.99,5.99,5.99,5.8,-0.16,-2.67,,,,,,,,,,,10741.0,2026-06-18T18:00:00.000000
sz002360,sz,,5.33,5.28,5.28,5.41,5.21,0.05,0.95,,,,,,,,,,,3984.0,2026-06-18T18:00:00.000000
sz002361,sz,,15.16,15.34,15.34,15.85,14.75,-0.18,-1.17,,,,,,,,,,,220308.0,2026-06-18T18:00:00.000000
sz002362,sz,,17.1,18.35,18.35,18.35,16.75,-1.25,-6.81,,,,,,,,,,,27274.0,2026-06-18T18:00:00.000000
sz002363,sz,,6.53,6.57,6.57,6.62,6.44,-0.04,-0.61,,,,,,,,,,,3821.0,2026-06-18T18:00:00.000000
sz002364,sz,,54.16,51.7,51.7,54.51,51.5,2.46,4.76,,,,,,,,,,,202180.0,2026-06-18T18:00:00.000000
sz002365,sz,,10.67,10.73,10.73,10.91,10.61,-0.06,-0.56,,,,,,,,,,,6440.0,2026-06-18T18:00:00.000000
sz002366,sz,,5.95,6.11,6.11,6.11,5.93,-0.16,-2.62,,,,,,,,,,,20566.0,2026-06-18T18:00:00.000000
sz002367,sz,,5.44,5.25,5.25,5.71,5.19,0.19,3.62,,,,,,,,,,,14844.0,2026-06-18T18:00:00.000000
sz002368,sz,,17.04,17.0,17.0,17.43,16.9,0.04,0.24,,,,,,,,,,,21442.0,2026-06-18T18:00:00.000000
sz002369,sz,,5.98,5.96,5.96,6.05,5.89,0.02,0.34,,,,,,,,,,,7390.0,2026-06-18T18:00:00.000000
sz002370,sz,,5.03,5.12,5.12,5.17,5.0,-0.09,-1.76,,,,,,,,,,,8120.0,2026-06-18T18:00:00.000000
sz002371,sz,,721.04,704.98,704.98,733.88,703.7,16.06,2.28,,,,,,,,,,,752853.0,2026-06-18T18:00:00.000000
sz002372,sz,,8.64,8.71,8.71,8.76,8.57,-0.07,-0.8,,,,,,,,,,,4942.0,2026-06-18T18:00:00.000000
sz002373,sz,,7.76,7.78,7.78,8.08,7.74,-0.02,-0.26,,,,,,,,,,,30184.0,2026-06-18T18:00:00.000000
sz002374,sz,,3.16,3.2,3.2,3.2,3.07,-0.04,-1.25,,,,,,,,,,,6900.0,2026-06-18T18:00:00.000000
sz002375,sz,,3.6,3.65,3.65,3.67,3.59,-0.05,-1.37,,,,,,,,,,,5439.0,2026-06-18T18:00:00.000000
sz002376,sz,,6.05,6.07,6.07,6.15,5.97,-0.02,-0.33,,,,,,,,,,,5379.0,2026-06-18T18:00:00.000000
sz002377,sz,,2.7,2.63,2.63,2.74,2.55,0.07,2.66,,,,,,,,,,,7724.0,2026-06-18T18:00:00.000000
sz002378,sz,,37.11,34.06,34.06,37.81,33.63,3.05,8.95,,,,,,,,,,,502529.0,2026-06-18T18:00:00.000000
sz002379,sz,,16.72,16.86,16.86,17.46,16.26,-0.14,-0.83,,,,,,,,,,,59147.0,2026-06-18T18:00:00.000000
sz002380,sz,,38.48,38.08,38.08,40.1,37.71,0.4,1.05,,,,,,,,,,,53069.0,2026-06-18T18:00:00.000000
sz002381,sz,,5.35,5.36,5.36,5.46,5.3,-0.01,-0.19,,,,,,,,,,,2348.0,2026-06-18T18:00:00.000000
sz002382,sz,,5.6,5.46,5.46,5.66,5.33,0.14,2.56,,,,,,,,,,,10994.0,2026-06-18T18:00:00.000000
sz002383,sz,,7.09,7.15,7.15,7.23,7.04,-0.06,-0.84,,,,,,,,,,,6824.0,2026-06-18T18:00:00.000000
sz002384,sz,,273.0,256.92,256.92,277.6,255.15,16.08,6.26,,,,,,,,,,,2131119.0,2026-06-18T18:00:00.000000
sz002385,sz,,2.89,2.93,2.93,2.94,2.88,-0.04,-1.37,,,,,,,,,,,20146.0,2026-06-18T18:00:00.000000
sz002386,sz,,5.51,5.62,5.62,5.62,5.46,-0.11,-1.96,,,,,,,,,,,11403.0,2026-06-18T18:00:00.000000
sz002387,sz,,8.3,8.75,8.75,8.76,8.28,-0.45,-5.14,,,,,,,,,,,31095.0,2026-06-18T18:00:00.000000
sz002388,sz,,5.47,5.4,5.4,5.54,5.29,0.07,1.3,,,,,,,,,,,14939.0,2026-06-18T18:00:00.000000
sz002389,sz,,18.61,18.91,18.91,19.03,18.55,-0.3,-1.59,,,,,,,,,,,27852.0,2026-06-18T18:00:00.000000
sz002390,sz,,2.76,2.78,2.78,2.81,2.75,-0.02,-0.72,,,,,,,,,,,4875.0,2026-06-18T18:00:00.000000
sz002391,sz,,5.08,5.12,5.12,5.13,5.01,-0.04,-0.78,,,,,,,,,,,2978.0,2026-06-18T18:00:00.000000
sz002392,sz,,8.81,8.01,8.01,8.81,8.01,0.8,9.99,,,,,,,,,,,31059.0,2026-06-18T18:00:00.000000
sz002393,sz,,14.15,14.16,14.16,14.33,13.99,-0.01,-0.07,,,,,,,,,,,2315.0,2026-06-18T18:00:00.000000
sz002394,sz,,9.35,9.15,9.15,9.43,9.04,0.2,2.19,,,,,,,,,,,7684.0,2026-06-18T18:00:00.000000
sz002395,sz,,12.97,12.96,12.96,13.11,12.71,0.01,0.08,,,,,,,,,,,5951.0,2026-06-18T18:00:00.000000
sz002396,sz,,19.94,19.79,19.79,20.79,19.71,0.15,0.76,,,,,,,,,,,50375.0,2026-06-18T18:00:00.000000
sz002397,sz,,4.21,4.3,4.3,4.34,4.14,-0.09,-2.09,,,,,,,,,,,6318.0,2026-06-18T18:00:00.000000
sz002398,sz,,3.99,4.02,4.02,4.04,3.95,-0.03,-0.75,,,,,,,,,,,4465.0,2026-06-18T18:00:00.000000
sz002399,sz,,8.77,8.9,8.9,9.05,8.73,-0.13,-1.46,,,,,,,,,,,6003.0,2026-06-18T18:00:00.000000
sz002400,sz,,6.99,7.0,7.0,7.12,6.91,-0.01,-0.14,,,,,,,,,,,38961.0,2026-06-18T18:00:00.000000
sz002401,sz,,12.99,13.05,13.05,13.27,12.91,-0.06,-0.46,,,,,,,,,,,5406.0,2026-06-18T18:00:00.000000
sz002402,sz,,24.78,25.0,25.0,25.15,24.64,-0.22,-0.88,,,,,,,,,,,55404.0,2026-06-18T18:00:00.000000
sz002403,sz,,9.65,9.89,9.89,10.04,9.62,-0.24,-2.43,,,,,,,,,,,4547.0,2026-06-18T18:00:00.000000
sz002404,sz,,6.16,6.72,6.72,6.76,6.16,-0.56,-8.33,,,,,,,,,,,32960.0,2026-06-18T18:00:00.000000
sz002405,sz,,7.1,7.18,7.18,7.24,7.03,-0.08,-1.11,,,,,,,,,,,39319.0,2026-06-18T18:00:00.000000
sz002406,sz,,7.21,7.3,7.3,7.34,7.16,-0.09,-1.23,,,,,,,,,,,15241.0,2026-06-18T18:00:00.000000
sz002407,sz,,38.78,38.14,38.14,39.04,37.07,0.64,1.68,,,,,,,,,,,685576.0,2026-06-18T18:00:00.000000
sz002408,sz,,5.05,5.08,5.08,5.15,4.99,-0.03,-0.59,,,,,,,,,,,17666.0,2026-06-18T18:00:00.000000
sz002409,sz,,150.16,146.44,146.44,151.6,143.85,3.72,2.54,,,,,,,,,,,469393.0,2026-06-18T18:00:00.000000
sz002410,sz,,8.78,8.78,8.78,8.92,8.66,0.0,0.0,,,,,,,,,,,20789.0,2026-06-18T18:00:00.000000
sz002412,sz,,5.93,5.9,5.9,5.96,5.79,0.03,0.51,,,,,,,,,,,3600.0,2026-06-18T18:00:00.000000
sz002413,sz,,10.23,10.22,10.22,10.38,10.06,0.01,0.1,,,,,,,,,,,48813.0,2026-06-18T18:00:00.000000
sz002414,sz,,13.66,13.57,13.57,13.89,13.52,0.09,0.66,,,,,,,,,,,70662.0,2026-06-18T18:00:00.000000
sz002415,sz,,32.3,32.07,32.07,32.74,31.45,0.23,0.72,,,,,,,,,,,263993.0,2026-06-18T18:00:00.000000
sz002416,sz,,10.69,10.78,10.78,10.88,10.54,-0.09,-0.83,,,,,,,,,,,23605.0,2026-06-18T18:00:00.000000
sz002418,sz,,4.24,4.2,4.2,4.35,4.17,0.04,0.95,,,,,,,,,,,19378.0,2026-06-18T18:00:00.000000
sz002419,sz,,4.6,4.46,4.46,4.83,4.37,0.14,3.14,,,,,,,,,,,14031.0,2026-06-18T18:00:00.000000
sz002420,sz,,5.44,5.46,5.46,5.51,5.39,-0.02,-0.37,,,,,,,,,,,5117.0,2026-06-18T18:00:00.000000
sz002421,sz,,3.83,3.81,3.81,3.91,3.67,0.02,0.52,,,,,,,,,,,163826.0,2026-06-18T18:00:00.000000
sz002422,sz,,35.92,35.43,35.43,37.48,34.58,0.49,1.38,,,,,,,,,,,83915.0,2026-06-18T18:00:00.000000
sz002423,sz,,8.81,9.02,9.02,9.03,8.8,-0.21,-2.33,,,,,,,,,,,9874.0,2026-06-18T18:00:00.000000
sz002424,sz,,4.26,4.31,4.31,4.32,4.23,-0.05,-1.16,,,,,,,,,,,4064.0,2026-06-18T18:00:00.000000
sz002425,sz,,2.74,2.71,2.71,2.76,2.67,0.03,1.11,,,,,,,,,,,4826.0,2026-06-18T18:00:00.000000
sz002426,sz,,4.13,4.09,4.09,4.15,3.94,0.04,0.98,,,,,,,,,,,88851.0,2026-06-18T18:00:00.000000
sz002427,sz,,4.24,4.34,4.34,4.35,4.22,-0.1,-2.3,,,,,,,,,,,5450.0,2026-06-18T18:00:00.000000
sz002428,sz,,100.44,99.26,99.26,103.8,97.0,1.18,1.19,,,,,,,,,,,945543.0,2026-06-18T18:00:00.000000
sz002429,sz,,11.88,11.8,11.8,12.1,11.72,0.08,0.68,,,,,,,,,,,98976.0,2026-06-18T18:00:00.000000
sz002430,sz,,26.0,26.46,26.46,26.46,25.49,-0.46,-1.74,,,,,,,,,,,52702.0,2026-06-18T18:00:00.000000
sz002431,sz,,1.42,1.46,1.46,1.47,1.42,-0.04,-2.74,,,,,,,,,,,3402.0,2026-06-18T18:00:00.000000
sz002432,sz,,73.51,66.77,66.77,73.51,66.56,6.74,10.09,,,,,,,,,,,157671.0,2026-06-18T18:00:00.000000
sz002434,sz,,6.78,6.88,6.88,7.0,6.71,-0.1,-1.45,,,,,,,,,,,12450.0,2026-06-18T18:00:00.000000
sz002436,sz,,52.06,46.9,46.9,52.58,45.58,5.16,11.0,,,,,,,,,,,1177022.0,2026-06-18T18:00:00.000000
sz002437,sz,,2.58,2.56,2.56,2.62,2.53,0.02,0.78,,,,,,,,,,,12682.0,2026-06-18T18:00:00.000000
sz002438,sz,,15.46,15.6,15.6,15.95,15.31,-0.14,-0.9,,,,,,,,,,,15153.0,2026-06-18T18:00:00.000000
sz002439,sz,,12.96,12.95,12.95,13.11,12.75,0.01,0.08,,,,,,,,,,,31447.0,2026-06-18T18:00:00.000000
sz002440,sz,,9.99,10.14,10.14,10.19,9.74,-0.15,-1.48,,,,,,,,,,,58615.0,2026-06-18T18:00:00.000000
sz002441,sz,,8.59,8.64,8.64,8.84,8.46,-0.05,-0.58,,,,,,,,,,,6451.0,2026-06-18T18:00:00.000000
sz002442,sz,,5.48,4.98,4.98,5.48,4.97,0.5,10.04,,,,,,,,,,,21006.0,2026-06-18T18:00:00.000000
sz002443,sz,,11.47,11.6,11.6,11.72,11.08,-0.13,-1.12,,,,,,,,,,,31460.0,2026-06-18T18:00:00.000000
sz002444,sz,,29.58,29.83,29.83,30.02,29.3,-0.25,-0.84,,,,,,,,,,,37822.0,2026-06-18T18:00:00.000000
sz002445,sz,,3.18,3.17,3.17,3.2,3.11,0.01,0.32,,,,,,,,,,,20359.0,2026-06-18T18:00:00.000000
sz002446,sz,,11.72,11.82,11.82,12.03,11.58,-0.1,-0.85,,,,,,,,,,,108558.0,2026-06-18T18:00:00.000000
sz002448,sz,,13.25,13.05,13.05,13.46,13.0,0.2,1.53,,,,,,,,,,,21194.0,2026-06-18T18:00:00.000000
sz002449,sz,,7.98,8.08,8.08,8.09,7.7,-0.1,-1.24,,,,,,,,,,,28358.0,2026-06-18T18:00:00.000000
sz002451,sz,,7.63,7.7,7.7,7.74,7.57,-0.07,-0.91,,,,,,,,,,,6198.0,2026-06-18T18:00:00.000000
sz002452,sz,,11.05,11.15,11.15,11.32,10.89,-0.1,-0.9,,,,,,,,,,,17598.0,2026-06-18T18:00:00.000000
sz002453,sz,,4.98,5.07,5.07,5.07,4.89,-0.09,-1.78,,,,,,,,,,,6823.0,2026-06-18T18:00:00.000000
sz002454,sz,,5.32,5.4,5.4,5.45,5.3,-0.08,-1.48,,,,,,,,,,,4938.0,2026-06-18T18:00:00.000000
sz002455,sz,,7.73,7.94,7.94,7.97,7.68,-0.21,-2.64,,,,,,,,,,,29160.0,2026-06-18T18:00:00.000000
sz002456,sz,,9.3,9.51,9.51,9.55,9.28,-0.21,-2.21,,,,,,,,,,,103583.0,2026-06-18T18:00:00.000000
sz002457,sz,,13.09,13.26,13.26,13.4,12.89,-0.17,-1.28,,,,,,,,,,,41253.0,2026-06-18T18:00:00.000000
sz002458,sz,,8.2,8.12,8.12,8.32,8.07,0.08,0.99,,,,,,,,,,,12620.0,2026-06-18T18:00:00.000000
sz002459,sz,,8.33,8.51,8.51,8.51,8.27,-0.18,-2.12,,,,,,,,,,,41473.0,2026-06-18T18:00:00.000000
sz002460,sz,,69.36,70.5,70.5,71.66,68.82,-1.14,-1.62,,,,,,,,,,,438257.0,2026-06-18T18:00:00.000000
sz002461,sz,,8.25,8.58,8.58,8.58,8.21,-0.33,-3.85,,,,,,,,,,,11595.0,2026-06-18T18:00:00.000000
sz002462,sz,,12.54,13.43,13.43,13.43,12.5,-0.89,-6.63,,,,,,,,,,,12690.0,2026-06-18T18:00:00.000000
sz002463,sz,,147.9,146.0,146.0,149.36,142.81,1.9,1.3,,,,,,,,,,,1227173.0,2026-06-18T18:00:00.000000
sz002465,sz,,13.68,13.61,13.61,13.96,13.37,0.07,0.51,,,,,,,,,,,118709.0,2026-06-18T18:00:00.000000
sz002466,sz,,62.18,62.82,62.82,64.09,61.61,-0.64,-1.02,,,,,,,,,,,467529.0,2026-06-18T18:00:00.000000
sz002467,sz,,5.19,5.17,5.17,5.21,5.08,0.02,0.39,,,,,,,,,,,16142.0,2026-06-18T18:00:00.000000
sz002468,sz,,13.28,13.48,13.48,13.53,13.24,-0.2,-1.48,,,,,,,,,,,22855.0,2026-06-18T18:00:00.000000
sz002469,sz,,6.43,6.79,6.79,6.79,6.41,-0.36,-5.3,,,,,,,,,,,11879.0,2026-06-18T18:00:00.000000
sz002470,sz,,2.07,2.11,2.11,2.12,2.05,-0.04,-1.9,,,,,,,,,,,23950.0,2026-06-18T18:00:00.000000
sz002471,sz,,6.89,6.95,6.95,7.0,6.77,-0.06,-0.86,,,,,,,,,,,43934.0,2026-06-18T18:00:00.000000
sz002472,sz,,43.78,41.6,41.6,44.85,41.44,2.18,5.24,,,,,,,,,,,232141.0,2026-06-18T18:00:00.000000
sz002474,sz,,6.31,6.69,6.69,6.74,6.25,-0.38,-5.68,,,,,,,,,,,17689.0,2026-06-18T18:00:00.000000
sz002475,sz,,69.93,67.0,67.0,70.77,66.41,2.93,4.37,,,,,,,,,,,1585536.0,2026-06-18T18:00:00.000000
sz002476,sz,,5.27,5.39,5.39,5.46,5.22,-0.12,-2.23,,,,,,,,,,,5563.0,2026-06-18T18:00:00.000000
sz002478,sz,,6.92,7.05,7.05,7.17,6.88,-0.13,-1.84,,,,,,,,,,,12477.0,2026-06-18T18:00:00.000000
sz002479,sz,,4.58,4.71,4.71,4.73,4.54,-0.13,-2.76,,,,,,,,,,,7935.0,2026-06-18T18:00:00.000000
sz002480,sz,,5.69,5.63,5.63,5.93,5.6,0.06,1.07,,,,,,,,,,,8815.0,2026-06-18T18:00:00.000000
sz002481,sz,,3.96,3.9,3.9,4.24,3.82,0.06,1.54,,,,,,,,,,,6791.0,2026-06-18T18:00:00.000000
sz002482,sz,,1.38,1.37,1.37,1.48,1.34,0.01,0.73,,,,,,,,,,,17361.0,2026-06-18T18:00:00.000000
sz002483,sz,,5.24,5.25,5.25,5.32,5.2,-0.01,-0.19,,,,,,,,,,,3542.0,2026-06-18T18:00:00.000000
sz002484,sz,,108.06,104.01,104.01,111.11,104.01,4.05,3.89,,,,,,,,,,,550086.0,2026-06-18T18:00:00.000000
sz002485,sz,,4.91,4.7,4.7,4.91,4.67,0.21,4.47,,,,,,,,,,,3591.0,2026-06-18T18:00:00.000000
sz002486,sz,,2.39,2.22,2.22,2.46,2.18,0.17,7.66,,,,,,,,,,,24570.0,2026-06-18T18:00:00.000000
sz002487,sz,,58.32,60.0,60.0,60.98,58.21,-1.68,-2.8,,,,,,,,,,,134848.0,2026-06-18T18:00:00.000000
sz002488,sz,,9.45,9.58,9.58,9.7,9.35,-0.13,-1.36,,,,,,,,,,,18035.0,2026-06-18T18:00:00.000000
sz002489,sz,,3.04,3.18,3.18,3.18,3.03,-0.14,-4.4,,,,,,,,,,,12270.0,2026-06-18T18:00:00.000000
sz002490,sz,,7.03,7.28,7.28,7.29,6.96,-0.25,-3.43,,,,,,,,,,,29114.0,2026-06-18T18:00:00.000000
sz002491,sz,,31.58,30.01,30.01,31.58,30.01,1.57,5.23,,,,,,,,,,,172539.0,2026-06-18T18:00:00.000000
sz002492,sz,,5.63,5.6,5.6,5.68,5.47,0.03,0.54,,,,,,,,,,,3775.0,2026-06-18T18:00:00.000000
sz002493,sz,,11.21,11.84,11.84,12.15,11.14,-0.63,-5.32,,,,,,,,,,,87090.0,2026-06-18T18:00:00.000000
sz002494,sz,,4.7,4.68,4.68,4.75,4.61,0.02,0.43,,,,,,,,,,,5383.0,2026-06-18T18:00:00.000000
sz002495,sz,,2.18,2.18,2.18,2.2,2.13,0.0,0.0,,,,,,,,,,,3588.0,2026-06-18T18:00:00.000000
sz002496,sz,,2.22,2.43,2.43,2.51,2.19,-0.21,-8.64,,,,,,,,,,,21356.0,2026-06-18T18:00:00.000000
sz002497,sz,,22.18,22.75,22.75,23.0,21.91,-0.57,-2.51,,,,,,,,,,,75352.0,2026-06-18T18:00:00.000000
sz002498,sz,,7.43,7.5,7.5,7.56,7.35,-0.07,-0.93,,,,,,,,,,,47136.0,2026-06-18T18:00:00.000000
sz002500,sz,,5.08,5.21,5.21,5.23,5.05,-0.13,-2.5,,,,,,,,,,,16176.0,2026-06-18T18:00:00.000000
sz002501,sz,,1.39,1.43,1.43,1.45,1.38,-0.04,-2.8,,,,,,,,,,,5061.0,2026-06-18T18:00:00.000000
sz002506,sz,,3.07,3.16,3.16,3.17,3.05,-0.09,-2.85,,,,,,,,,,,91996.0,2026-06-18T18:00:00.000000
sz002507,sz,,11.41,11.55,11.55,11.55,11.37,-0.14,-1.21,,,,,,,,,,,7488.0,2026-06-18T18:00:00.000000
sz002508,sz,,15.52,15.61,15.61,15.66,15.39,-0.09,-0.58,,,,,,,,,,,7411.0,2026-06-18T18:00:00.000000
sz002510,sz,,6.18,6.06,6.06,6.3,5.96,0.12,1.98,,,,,,,,,,,15294.0,2026-06-18T18:00:00.000000
sz002511,sz,,6.83,6.88,6.88,6.93,6.78,-0.05,-0.73,,,,,,,,,,,8118.0,2026-06-18T18:00:00.000000
sz002512,sz,,3.97,4.06,4.06,4.12,3.97,-0.09,-2.22,,,,,,,,,,,12512.0,2026-06-18T18:00:00.000000
sz002513,sz,,5.16,5.15,5.15,5.21,5.0,0.01,0.19,,,,,,,,,,,6917.0,2026-06-18T18:00:00.000000
sz002514,sz,,2.9,3.01,3.01,3.05,2.9,-0.11,-3.65,,,,,,,,,,,12897.0,2026-06-18T18:00:00.000000
sz002515,sz,,9.63,9.01,9.01,9.68,9.01,0.62,6.88,,,,,,,,,,,116668.0,2026-06-18T18:00:00.000000
sz002516,sz,,6.08,6.07,6.07,6.3,5.88,0.01,0.16,,,,,,,,,,,26283.0,2026-06-18T18:00:00.000000
sz002517,sz,,14.5,14.56,14.56,14.98,14.45,-0.06,-0.41,,,,,,,,,,,59163.0,2026-06-18T18:00:00.000000
sz002518,sz,,52.18,52.07,52.07,52.6,51.5,0.11,0.21,,,,,,,,,,,64345.0,2026-06-18T18:00:00.000000
sz002519,sz,,6.27,6.31,6.31,6.41,6.2,-0.04,-0.63,,,,,,,,,,,17540.0,2026-06-18T18:00:00.000000
sz002520,sz,,6.98,6.86,6.86,7.05,6.8,0.12,1.75,,,,,,,,,,,34707.0,2026-06-18T18:00:00.000000
sz002521,sz,,6.87,6.97,6.97,7.04,6.81,-0.1,-1.43,,,,,,,,,,,3947.0,2026-06-18T18:00:00.000000
sz002522,sz,,7.02,7.19,7.19,7.19,6.83,-0.17,-2.36,,,,,,,,,,,46417.0,2026-06-18T18:00:00.000000
sz002523,sz,,3.26,3.2,3.2,3.34,3.15,0.06,1.88,,,,,,,,,,,9571.0,2026-06-18T18:00:00.000000
sz002524,sz,,3.4,3.4,3.4,3.45,3.31,0.0,0.0,,,,,,,,,,,4079.0,2026-06-18T18:00:00.000000
sz002526,sz,,2.76,2.82,2.82,2.83,2.74,-0.06,-2.13,,,,,,,,,,,6253.0,2026-06-18T18:00:00.000000
sz002527,sz,,14.65,13.79,13.79,15.2,13.71,0.86,6.24,,,,,,,,,,,48557.0,2026-06-18T18:00:00.000000
sz002528,sz,,4.71,4.59,4.59,4.8,4.51,0.12,2.61,,,,,,,,,,,5843.0,2026-06-18T18:00:00.000000
sz002529,sz,,7.78,8.17,8.17,8.35,7.7,-0.39,-4.77,,,,,,,,,,,8051.0,2026-06-18T18:00:00.000000
sz002530,sz,,7.22,7.34,7.34,7.43,7.18,-0.12,-1.63,,,,,,,,,,,9754.0,2026-06-18T18:00:00.000000
sz002531,sz,,9.07,9.16,9.16,9.32,9.02,-0.09,-0.98,,,,,,,,,,,29449.0,2026-06-18T18:00:00.000000
sz002532,sz,,12.05,12.46,12.46,12.59,11.93,-0.41,-3.29,,,,,,,,,,,127852.0,2026-06-18T18:00:00.000000
sz002533,sz,,11.24,11.4,11.4,11.48,11.21,-0.16,-1.4,,,,,,,,,,,10775.0,2026-06-18T18:00:00.000000
sz002534,sz,,21.71,21.4,21.4,21.8,21.17,0.31,1.45,,,,,,,,,,,35432.0,2026-06-18T18:00:00.000000
sz002535,sz,,2.35,2.35,2.35,2.37,2.29,0.0,0.0,,,,,,,,,,,4566.0,2026-06-18T18:00:00.000000
sz002536,sz,,45.71,44.85,44.85,46.83,44.5,0.86,1.92,,,,,,,,,,,155124.0,2026-06-18T18:00:00.000000
sz002537,sz,,5.8,5.9,5.9,5.94,5.77,-0.1,-1.69,,,,,,,,,,,11711.0,2026-06-18T18:00:00.000000
sz002538,sz,,5.64,5.8,5.8,5.85,5.64,-0.16,-2.76,,,,,,,,,,,6106.0,2026-06-18T18:00:00.000000
sz002539,sz,,11.45,11.77,11.77,12.01,11.4,-0.32,-2.72,,,,,,,,,,,19724.0,2026-06-18T18:00:00.000000
sz002540,sz,,5.08,5.04,5.04,5.11,4.97,0.04,0.79,,,,,,,,,,,4006.0,2026-06-18T18:00:00.000000
sz002541,sz,,16.6,16.5,16.5,16.89,16.23,0.1,0.61,,,,,,,,,,,19828.0,2026-06-18T18:00:00.000000
sz002542,sz,,1.4,1.48,1.48,1.48,1.4,-0.08,-5.41,,,,,,,,,,,3747.0,2026-06-18T18:00:00.000000
sz002543,sz,,6.51,6.61,6.61,6.61,6.48,-0.1,-1.51,,,,,,,,,,,2075.0,2026-06-18T18:00:00.000000
sz002544,sz,,19.53,19.74,19.74,20.03,19.46,-0.21,-1.06,,,,,,,,,,,26060.0,2026-06-18T18:00:00.000000
sz002545,sz,,18.47,18.37,18.37,19.1,18.07,0.1,0.54,,,,,,,,,,,44391.0,2026-06-18T18:00:00.000000
sz002546,sz,,6.7,6.75,6.75,6.82,6.67,-0.05,-0.74,,,,,,,,,,,8015.0,2026-06-18T18:00:00.000000
sz002547,sz,,2.93,3.05,3.05,3.08,2.93,-0.12,-3.93,,,,,,,,,,,10030.0,2026-06-18T18:00:00.000000
sz002548,sz,,3.83,3.88,3.88,3.9,3.77,-0.05,-1.29,,,,,,,,,,,8671.0,2026-06-18T18:00:00.000000
sz002549,sz,,16.22,16.88,16.88,16.88,16.08,-0.66,-3.91,,,,,,,,,,,63503.0,2026-06-18T18:00:00.000000
sz002550,sz,,5.85,5.76,5.76,5.94,5.69,0.09,1.56,,,,,,,,,,,7047.0,2026-06-18T18:00:00.000000
sz002551,sz,,2.82,2.82,2.82,2.85,2.76,0.0,0.0,,,,,,,,,,,3182.0,2026-06-18T18:00:00.000000
sz002552,sz,,72.39,69.5,69.5,74.48,67.56,2.89,4.16,,,,,,,,,,,124881.0,2026-06-18T18:00:00.000000
sz002553,sz,,17.21,17.3,17.3,17.53,16.91,-0.09,-0.52,,,,,,,,,,,12628.0,2026-06-18T18:00:00.000000
sz002554,sz,,3.23,3.23,3.23,3.3,3.2,0.0,0.0,,,,,,,,,,,7176.0,2026-06-18T18:00:00.000000
sz002555,sz,,17.47,17.39,17.39,17.81,17.23,0.08,0.46,,,,,,,,,,,53792.0,2026-06-18T18:00:00.000000
sz002556,sz,,4.9,4.93,4.93,4.94,4.85,-0.03,-0.61,,,,,,,,,,,3155.0,2026-06-18T18:00:00.000000
sz002557,sz,,18.83,19.31,19.31,19.31,18.8,-0.48,-2.49,,,,,,,,,,,13424.0,2026-06-18T18:00:00.000000
sz002558,sz,,23.9,24.09,24.09,24.75,23.79,-0.19,-0.79,,,,,,,,,,,102105.0,2026-06-18T18:00:00.000000
sz002559,sz,,10.85,10.49,10.49,10.94,10.35,0.36,3.43,,,,,,,,,,,48149.0,2026-06-18T18:00:00.000000
sz002560,sz,,8.21,8.28,8.28,8.31,8.15,-0.07,-0.85,,,,,,,,,,,26621.0,2026-06-18T18:00:00.000000
sz002561,sz,,6.68,6.76,6.76,6.78,6.61,-0.08,-1.18,,,,,,,,,,,2255.0,2026-06-18T18:00:00.000000
sz002562,sz,,4.64,4.7,4.7,4.73,4.63,-0.06,-1.28,,,,,,,,,,,7767.0,2026-06-18T18:00:00.000000
sz002563,sz,,5.24,5.24,5.24,5.31,5.18,0.0,0.0,,,,,,,,,,,8208.0,2026-06-18T18:00:00.000000
sz002564,sz,,4.67,4.81,4.81,4.95,4.63,-0.14,-2.91,,,,,,,,,,,13644.0,2026-06-18T18:00:00.000000
sz002565,sz,,12.96,13.26,13.26,13.3,12.77,-0.3,-2.26,,,,,,,,,,,135934.0,2026-06-18T18:00:00.000000
sz002566,sz,,6.44,6.47,6.47,6.58,6.37,-0.03,-0.46,,,,,,,,,,,2991.0,2026-06-18T18:00:00.000000
sz002567,sz,,3.23,3.33,3.33,3.34,3.22,-0.1,-3.0,,,,,,,,,,,5083.0,2026-06-18T18:00:00.000000
sz002568,sz,,16.54,17.48,17.48,17.73,16.54,-0.94,-5.38,,,,,,,,,,,31706.0,2026-06-18T18:00:00.000000
sz002569,sz,,16.48,16.0,16.0,16.49,15.9,0.48,3.0,,,,,,,,,,,2764.0,2026-06-18T18:00:00.000000
sz002570,sz,,4.72,4.77,4.77,4.79,4.68,-0.05,-1.05,,,,,,,,,,,9606.0,2026-06-18T18:00:00.000000
sz002571,sz,,10.85,11.1,11.1,11.24,10.82,-0.25,-2.25,,,,,,,,,,,10115.0,2026-06-18T18:00:00.000000
sz002572,sz,,8.04,8.1,8.1,8.15,7.93,-0.06,-0.74,,,,,,,,,,,7177.0,2026-06-18T18:00:00.000000
sz002573,sz,,3.16,3.18,3.18,3.2,3.14,-0.02,-0.63,,,,,,,,,,,2016.0,2026-06-18T18:00:00.000000
sz002574,sz,,4.55,4.57,4.57,4.62,4.5,-0.02,-0.44,,,,,,,,,,,2084.0,2026-06-18T18:00:00.000000
sz002575,sz,,5.9,5.97,5.97,6.06,5.87,-0.07,-1.17,,,,,,,,,,,21542.0,2026-06-18T18:00:00.000000
sz002576,sz,,15.41,15.57,15.57,15.69,15.35,-0.16,-1.03,,,,,,,,,,,5895.0,2026-06-18T18:00:00.000000
sz002577,sz,,19.52,18.05,18.05,19.91,17.95,1.47,8.14,,,,,,,,,,,27955.0,2026-06-18T18:00:00.000000
sz002578,sz,,3.52,3.62,3.62,3.67,3.5,-0.1,-2.76,,,,,,,,,,,10481.0,2026-06-18T18:00:00.000000
sz002579,sz,,20.32,19.01,19.01,20.32,18.98,1.31,6.89,,,,,,,,,,,142212.0,2026-06-18T18:00:00.000000
sz002580,sz,,20.6,21.5,21.5,21.59,20.5,-0.9,-4.19,,,,,,,,,,,114177.0,2026-06-18T18:00:00.000000
sz002581,sz,,3.93,4.13,4.13,4.13,3.88,-0.2,-4.84,,,,,,,,,,,7727.0,2026-06-18T18:00:00.000000
sz002582,sz,,9.01,9.05,9.05,9.13,8.91,-0.04,-0.44,,,,,,,,,,,10070.0,2026-06-18T18:00:00.000000
sz002583,sz,,8.7,8.78,8.78,8.85,8.55,-0.08,-0.91,,,,,,,,,,,22986.0,2026-06-18T18:00:00.000000
sz002584,sz,,8.86,8.36,8.36,9.0,8.28,0.5,5.98,,,,,,,,,,,68499.0,2026-06-18T18:00:00.000000
sz002585,sz,,14.85,14.79,14.79,15.15,14.4,0.06,0.41,,,,,,,,,,,281344.0,2026-06-18T18:00:00.000000
sz002586,sz,,3.55,3.69,3.69,3.69,3.51,-0.14,-3.79,,,,,,,,,,,3195.0,2026-06-18T18:00:00.000000
sz002587,sz,,7.11,6.87,6.87,7.15,6.75,0.24,3.49,,,,,,,,,,,25272.0,2026-06-18T18:00:00.000000
sz002588,sz,,8.42,8.49,8.49,8.57,8.4,-0.07,-0.82,,,,,,,,,,,6319.0,2026-06-18T18:00:00.000000
sz002589,sz,,2.64,2.59,2.59,2.68,2.57,0.05,1.93,,,,,,,,,,,6057.0,2026-06-18T18:00:00.000000
sz002590,sz,,10.91,10.94,10.94,11.04,10.79,-0.03,-0.27,,,,,,,,,,,6966.0,2026-06-18T18:00:00.000000
sz002591,sz,,6.92,7.0,7.0,7.09,6.81,-0.08,-1.14,,,,,,,,,,,6461.0,2026-06-18T18:00:00.000000
sz002592,sz,,6.26,6.34,6.34,6.42,6.2,-0.08,-1.26,,,,,,,,,,,1797.0,2026-06-18T18:00:00.000000
sz002593,sz,,4.33,4.37,4.37,4.37,4.3,-0.04,-0.92,,,,,,,,,,,4975.0,2026-06-18T18:00:00.000000
sz002594,sz,,88.13,87.0,87.0,89.33,86.08,1.13,1.3,,,,,,,,,,,382017.0,2026-06-18T18:00:00.000000
sz002595,sz,,50.48,49.53,49.53,51.68,49.22,0.95,1.92,,,,,,,,,,,39675.0,2026-06-18T18:00:00.000000
sz002596,sz,,3.23,3.32,3.32,3.33,3.13,-0.09,-2.71,,,,,,,,,,,13471.0,2026-06-18T18:00:00.000000
sz002597,sz,,20.9,20.95,20.95,21.01,20.33,-0.05,-0.24,,,,,,,,,,,16476.0,2026-06-18T18:00:00.000000
sz002598,sz,,6.96,7.1,7.1,7.1,6.87,-0.14,-1.97,,,,,,,,,,,1768.0,2026-06-18T18:00:00.000000
sz002599,sz,,5.54,5.58,5.58,5.63,5.44,-0.04,-0.72,,,,,,,,,,,4410.0,2026-06-18T18:00:00.000000
sz002600,sz,,16.82,15.8,15.8,17.24,15.76,1.02,6.46,,,,,,,,,,,610404.0,2026-06-18T18:00:00.000000
sz002601,sz,,15.48,15.1,15.1,15.75,14.64,0.38,2.52,,,,,,,,,,,116301.0,2026-06-18T18:00:00.000000
sz002602,sz,,12.94,13.0,13.0,13.28,12.85,-0.06,-0.46,,,,,,,,,,,141213.0,2026-06-18T18:00:00.000000
sz002603,sz,,15.02,14.93,14.93,15.2,14.78,0.09,0.6,,,,,,,,,,,14260.0,2026-06-18T18:00:00.000000
sz002605,sz,,18.34,18.2,18.2,18.54,18.07,0.14,0.77,,,,,,,,,,,7274.0,2026-06-18T18:00:00.000000
sz002606,sz,,13.98,13.86,13.86,14.15,13.72,0.12,0.87,,,,,,,,,,,33860.0,2026-06-18T18:00:00.000000
sz002607,sz,,1.9,1.93,1.93,1.96,1.88,-0.03,-1.55,,,,,,,,,,,35184.0,2026-06-18T18:00:00.000000
sz002608,sz,,8.35,8.78,8.78,8.84,8.23,-0.43,-4.9,,,,,,,,,,,71728.0,2026-06-18T18:00:00.000000
sz002609,sz,,7.41,7.51,7.51,7.53,7.37,-0.1,-1.33,,,,,,,,,,,3157.0,2026-06-18T18:00:00.000000
sz002611,sz,,18.74,18.18,18.18,19.17,18.18,0.56,3.08,,,,,,,,,,,110903.0,2026-06-18T18:00:00.000000
sz002612,sz,,11.78,11.66,11.66,11.97,11.55,0.12,1.03,,,,,,,,,,,4812.0,2026-06-18T18:00:00.000000
sz002613,sz,,4.71,4.9,4.9,4.9,4.65,-0.19,-3.88,,,,,,,,,,,67697.0,2026-06-18T18:00:00.000000
sz002614,sz,,4.69,4.69,4.69,4.73,4.63,0.0,0.0,,,,,,,,,,,2877.0,2026-06-18T18:00:00.000000
sz002615,sz,,6.93,7.34,7.34,7.43,6.9,-0.41,-5.59,,,,,,,,,,,15034.0,2026-06-18T18:00:00.000000
sz002616,sz,,4.55,4.8,4.8,4.81,4.5,-0.25,-5.21,,,,,,,,,,,10277.0,2026-06-18T18:00:00.000000
sz002617,sz,,9.0,9.12,9.12,9.33,8.84,-0.12,-1.32,,,,,,,,,,,168796.0,2026-06-18T18:00:00.000000
sz002620,sz,,5.59,5.98,5.98,5.98,5.59,-0.39,-6.52,,,,,,,,,,,10216.0,2026-06-18T18:00:00.000000
sz002622,sz,,2.26,2.25,2.25,2.27,2.19,0.01,0.44,,,,,,,,,,,5202.0,2026-06-18T18:00:00.000000
sz002623,sz,,16.92,17.74,17.74,17.93,16.91,-0.82,-4.62,,,,,,,,,,,10102.0,2026-06-18T18:00:00.000000
sz002624,sz,,12.0,12.52,12.52,12.8,11.96,-0.52,-4.15,,,,,,,,,,,140794.0,2026-06-18T18:00:00.000000
sz002625,sz,,34.15,34.8,34.8,36.19,34.12,-0.65,-1.87,,,,,,,,,,,303149.0,2026-06-18T18:00:00.000000
sz002626,sz,,13.78,13.87,13.87,14.02,13.73,-0.09,-0.65,,,,,,,,,,,4718.0,2026-06-18T18:00:00.000000
sz002627,sz,,6.21,6.3,6.3,6.37,6.18,-0.09,-1.43,,,,,,,,,,,7435.0,2026-06-18T18:00:00.000000
sz002628,sz,,4.92,4.81,4.81,5.03,4.7,0.11,2.29,,,,,,,,,,,14783.0,2026-06-18T18:00:00.000000
sz002629,sz,,4.63,4.6,4.6,4.68,4.51,0.03,0.65,,,,,,,,,,,6460.0,2026-06-18T18:00:00.000000
sz002630,sz,,1.97,2.07,2.07,2.08,1.96,-0.1,-4.83,,,,,,,,,,,4773.0,2026-06-18T18:00:00.000000
sz002631,sz,,7.79,8.02,8.02,8.49,7.77,-0.23,-2.87,,,,,,,,,,,49799.0,2026-06-18T18:00:00.000000
sz002632,sz,,9.76,9.88,9.88,10.02,9.53,-0.12,-1.21,,,,,,,,,,,14619.0,2026-06-18T18:00:00.000000
sz002633,sz,,16.19,16.2,16.2,16.35,15.92,-0.01,-0.06,,,,,,,,,,,2584.0,2026-06-18T18:00:00.000000
sz002634,sz,,4.95,5.13,5.13,5.15,4.95,-0.18,-3.51,,,,,,,,,,,3260.0,2026-06-18T18:00:00.000000
sz002635,sz,,18.2,18.3,18.3,18.5,18.03,-0.1,-0.55,,,,,,,,,,,41183.0,2026-06-18T18:00:00.000000
sz002636,sz,,104.41,94.54,94.54,105.28,93.31,9.87,10.44,,,,,,,,,,,406936.0,2026-06-18T18:00:00.000000
sz002637,sz,,10.78,11.88,11.88,11.88,10.69,-1.1,-9.26,,,,,,,,,,,43112.0,2026-06-18T18:00:00.000000
sz002638,sz,,4.08,3.98,3.98,4.17,3.87,0.1,2.51,,,,,,,,,,,18429.0,2026-06-18T18:00:00.000000
sz002639,sz,,14.33,14.49,14.49,14.74,14.1,-0.16,-1.1,,,,,,,,,,,45565.0,2026-06-18T18:00:00.000000
sz002640,sz,,3.25,3.44,3.44,3.47,3.25,-0.19,-5.52,,,,,,,,,,,30930.0,2026-06-18T18:00:00.000000
sz002641,sz,,4.09,4.28,4.28,4.28,4.09,-0.19,-4.44,,,,,,,,,,,10421.0,2026-06-18T18:00:00.000000
sz002642,sz,,6.98,7.01,7.01,7.14,6.82,-0.03,-0.43,,,,,,,,,,,11169.0,2026-06-18T18:00:00.000000
sz002643,sz,,17.72,17.56,17.56,17.87,17.26,0.16,0.91,,,,,,,,,,,59752.0,2026-06-18T18:00:00.000000
sz002644,sz,,7.33,7.52,7.52,7.62,7.31,-0.19,-2.53,,,,,,,,,,,2740.0,2026-06-18T18:00:00.000000
sz002645,sz,,36.1,33.64,33.64,36.61,33.56,2.46,7.31,,,,,,,,,,,260105.0,2026-06-18T18:00:00.000000
sz002646,sz,,6.59,6.63,6.63,6.65,6.49,-0.04,-0.6,,,,,,,,,,,3334.0,2026-06-18T18:00:00.000000
sz002647,sz,,11.24,11.3,11.3,11.7,10.81,-0.06,-0.53,,,,,,,,,,,40657.0,2026-06-18T18:00:00.000000
sz002648,sz,,21.65,22.41,22.41,22.52,21.46,-0.76,-3.39,,,,,,,,,,,115684.0,2026-06-18T18:00:00.000000
sz002649,sz,,8.82,8.78,8.78,8.96,8.68,0.04,0.46,,,,,,,,,,,8504.0,2026-06-18T18:00:00.000000
sz002650,sz,,7.08,7.18,7.18,7.18,6.9,-0.1,-1.39,,,,,,,,,,,2912.0,2026-06-18T18:00:00.000000
sz002651,sz,,7.91,7.9,7.9,8.04,7.79,0.01,0.13,,,,,,,,,,,4653.0,2026-06-18T18:00:00.000000
sz002652,sz,,4.65,4.64,4.64,4.73,4.45,0.01,0.22,,,,,,,,,,,16732.0,2026-06-18T18:00:00.000000
sz002653,sz,,49.03,47.9,47.9,50.37,47.55,1.13,2.36,,,,,,,,,,,17681.0,2026-06-18T18:00:00.000000
sz002654,sz,,17.27,16.89,16.89,17.63,16.68,0.38,2.25,,,,,,,,,,,128628.0,2026-06-18T18:00:00.000000
sz002655,sz,,42.61,40.4,40.4,42.61,39.2,2.21,5.47,,,,,,,,,,,161578.0,2026-06-18T18:00:00.000000
sz002656,sz,,3.17,3.26,3.26,3.29,3.16,-0.09,-2.76,,,,,,,,,,,4036.0,2026-06-18T18:00:00.000000
sz002657,sz,,19.82,20.43,20.43,20.51,19.7,-0.61,-2.99,,,,,,,,,,,48169.0,2026-06-18T18:00:00.000000
sz002658,sz,,7.92,7.91,7.91,7.98,7.75,0.01,0.13,,,,,,,,,,,7150.0,2026-06-18T18:00:00.000000
sz002659,sz,,4.0,4.01,4.01,4.04,3.92,-0.01,-0.25,,,,,,,,,,,3770.0,2026-06-18T18:00:00.000000
sz002660,sz,,7.05,6.99,6.99,7.13,6.88,0.06,0.86,,,,,,,,,,,3407.0,2026-06-18T18:00:00.000000
sz002661,sz,,7.28,7.2,7.2,7.31,7.1,0.08,1.11,,,,,,,,,,,1842.0,2026-06-18T18:00:00.000000
sz002662,sz,,3.82,3.63,3.63,3.83,3.55,0.19,5.23,,,,,,,,,,,14872.0,2026-06-18T18:00:00.000000
sz002663,sz,,1.57,1.61,1.61,1.62,1.55,-0.04,-2.48,,,,,,,,,,,6002.0,2026-06-18T18:00:00.000000
sz002664,sz,,19.61,19.39,19.39,19.77,19.25,0.22,1.13,,,,,,,,,,,13772.0,2026-06-18T18:00:00.000000
sz002666,sz,,4.21,4.25,4.25,4.26,4.15,-0.04,-0.94,,,,,,,,,,,3615.0,2026-06-18T18:00:00.000000
sz002667,sz,,14.63,14.63,14.63,14.63,14.63,0.0,0.0,,,,,,,,,,,2110.0,2026-06-18T18:00:00.000000
sz002668,sz,,9.85,10.04,10.04,10.1,9.8,-0.19,-1.89,,,,,,,,,,,13213.0,2026-06-18T18:00:00.000000
sz002669,sz,,17.73,17.39,17.39,17.85,16.94,0.34,1.96,,,,,,,,,,,86872.0,2026-06-18T18:00:00.000000
sz002670,sz,,11.38,11.78,11.78,11.9,11.3,-0.4,-3.4,,,,,,,,,,,33965.0,2026-06-18T18:00:00.000000
sz002671,sz,,3.92,3.94,3.94,3.97,3.86,-0.02,-0.51,,,,,,,,,,,3946.0,2026-06-18T18:00:00.000000
sz002672,sz,,3.41,3.61,3.61,3.64,3.37,-0.2,-5.54,,,,,,,,,,,10422.0,2026-06-18T18:00:00.000000
sz002673,sz,,6.43,6.56,6.56,6.57,6.4,-0.13,-1.98,,,,,,,,,,,18743.0,2026-06-18T18:00:00.000000
sz002674,sz,,17.9,16.02,16.02,17.9,16.01,1.88,11.74,,,,,,,,,,,40618.0,2026-06-18T18:00:00.000000
sz002675,sz,,12.72,12.64,12.64,12.85,12.56,0.08,0.63,,,,,,,,,,,7939.0,2026-06-18T18:00:00.000000
sz002676,sz,,5.16,5.4,5.4,5.41,5.13,-0.24,-4.44,,,,,,,,,,,8663.0,2026-06-18T18:00:00.000000
sz002677,sz,,6.18,6.28,6.28,6.3,6.14,-0.1,-1.59,,,,,,,,,,,3576.0,2026-06-18T18:00:00.000000
sz002678,sz,,4.7,4.87,4.87,4.9,4.64,-0.17,-3.49,,,,,,,,,,,9592.0,2026-06-18T18:00:00.000000
sz002679,sz,,8.33,8.41,8.41,8.44,8.17,-0.08,-0.95,,,,,,,,,,,2336.0,2026-06-18T18:00:00.000000
sz002681,sz,,4.97,4.86,4.86,5.03,4.67,0.11,2.26,,,,,,,,,,,28782.0,2026-06-18T18:00:00.000000
sz002682,sz,,4.66,4.69,4.69,4.72,4.57,-0.03,-0.64,,,,,,,,,,,7164.0,2026-06-18T18:00:00.000000
sz002683,sz,,29.88,30.08,30.08,30.6,29.43,-0.2,-0.66,,,,,,,,,,,29345.0,2026-06-18T18:00:00.000000
sz002685,sz,,7.14,6.61,6.61,7.32,6.56,0.53,8.02,,,,,,,,,,,75932.0,2026-06-18T18:00:00.000000
sz002686,sz,,5.66,5.72,5.72,5.75,5.58,-0.06,-1.05,,,,,,,,,,,4801.0,2026-06-18T18:00:00.000000
sz002687,sz,,4.16,4.16,4.16,4.2,4.05,0.0,0.0,,,,,,,,,,,3744.0,2026-06-18T18:00:00.000000
sz002688,sz,,4.91,4.98,4.98,5.02,4.9,-0.07,-1.41,,,,,,,,,,,2533.0,2026-06-18T18:00:00.000000
sz002689,sz,,2.73,2.77,2.77,2.79,2.7,-0.04,-1.44,,,,,,,,,,,1548.0,2026-06-18T18:00:00.000000
sz002690,sz,,14.8,15.05,15.05,15.34,14.8,-0.25,-1.66,,,,,,,,,,,7333.0,2026-06-18T18:00:00.000000
sz002691,sz,,4.46,4.64,4.64,4.65,4.44,-0.18,-3.88,,,,,,,,,,,2100.0,2026-06-18T18:00:00.000000
sz002692,sz,,4.05,4.12,4.12,4.12,3.98,-0.07,-1.7,,,,,,,,,,,6760.0,2026-06-18T18:00:00.000000
sz002693,sz,,8.72,8.76,8.76,8.88,8.56,-0.04,-0.46,,,,,,,,,,,10389.0,2026-06-18T18:00:00.000000
sz002694,sz,,2.23,2.33,2.33,2.34,2.2,-0.1,-4.29,,,,,,,,,,,1380.0,2026-06-18T18:00:00.000000
sz002695,sz,,11.38,11.2,11.2,11.44,10.96,0.18,1.61,,,,,,,,,,,6757.0,2026-06-18T18:00:00.000000
sz002696,sz,,5.33,5.48,5.48,5.5,5.23,-0.15,-2.74,,,,,,,,,,,7699.0,2026-06-18T18:00:00.000000
sz002697,sz,,4.4,4.4,4.4,4.42,4.33,0.0,0.0,,,,,,,,,,,5631.0,2026-06-18T18:00:00.000000
sz002698,sz,,11.59,11.14,11.14,11.92,11.07,0.45,4.04,,,,,,,,,,,24276.0,2026-06-18T18:00:00.000000
sz002700,sz,,8.98,9.56,9.56,9.61,8.75,-0.58,-6.07,,,,,,,,,,,22371.0,2026-06-18T18:00:00.000000
sz002701,sz,,4.48,4.51,4.51,4.58,4.42,-0.03,-0.67,,,,,,,,,,,16457.0,2026-06-18T18:00:00.000000
sz002702,sz,,4.79,4.8,4.8,4.83,4.74,-0.01,-0.21,,,,,,,,,,,5351.0,2026-06-18T18:00:00.000000
sz002703,sz,,15.64,15.84,15.84,15.97,15.5,-0.2,-1.26,,,,,,,,,,,49243.0,2026-06-18T18:00:00.000000
sz002705,sz,,11.31,11.68,11.68,11.71,11.3,-0.37,-3.17,,,,,,,,,,,10084.0,2026-06-18T18:00:00.000000
sz002706,sz,,12.3,12.0,12.0,12.54,11.92,0.3,2.5,,,,,,,,,,,50819.0,2026-06-18T18:00:00.000000
sz002707,sz,,5.23,5.25,5.25,5.29,5.17,-0.02,-0.38,,,,,,,,,,,5681.0,2026-06-18T18:00:00.000000
sz002708,sz,,15.18,14.17,14.17,15.42,14.16,1.01,7.13,,,,,,,,,,,69068.0,2026-06-18T18:00:00.000000
sz002709,sz,,51.61,52.5,52.5,53.85,51.14,-0.89,-1.7,,,,,,,,,,,555143.0,2026-06-18T18:00:00.000000
sz002712,sz,,4.5,4.49,4.49,4.59,4.41,0.01,0.22,,,,,,,,,,,6759.0,2026-06-18T18:00:00.000000
sz002713,sz,,10.87,10.6,10.6,10.87,10.56,0.27,2.55,,,,,,,,,,,8997.0,2026-06-18T18:00:00.000000
sz002714,sz,,33.63,34.76,34.76,34.93,33.52,-1.13,-3.25,,,,,,,,,,,211289.0,2026-06-18T18:00:00.000000
sz002715,sz,,13.98,13.67,13.67,14.22,13.55,0.31,2.27,,,,,,,,,,,4476.0,2026-06-18T18:00:00.000000
sz002716,sz,,9.14,9.19,9.19,9.38,9.02,-0.05,-0.54,,,,,,,,,,,80704.0,2026-06-18T18:00:00.000000
sz002717,sz,,1.02,1.02,1.02,1.05,1.02,0.0,0.0,,,,,,,,,,,9673.0,2026-06-18T18:00:00.000000
sz002718,sz,,109.7,114.66,114.66,115.48,108.0,-4.96,-4.33,,,,,,,,,,,23986.0,2026-06-18T18:00:00.000000
sz002719,sz,,6.91,7.06,7.06,7.12,6.79,-0.15,-2.12,,,,,,,,,,,3291.0,2026-06-18T18:00:00.000000
sz002721,sz,,2.33,2.35,2.35,2.37,2.3,-0.02,-0.85,,,,,,,,,,,7052.0,2026-06-18T18:00:00.000000
sz002722,sz,,12.55,12.5,12.5,12.65,12.37,0.05,0.4,,,,,,,,,,,3340.0,2026-06-18T18:00:00.000000
sz002723,sz,,8.69,8.04,8.04,8.93,7.99,0.65,8.08,,,,,,,,,,,27705.0,2026-06-18T18:00:00.000000
sz002724,sz,,5.05,5.12,5.12,5.13,5.02,-0.07,-1.37,,,,,,,,,,,3138.0,2026-06-18T18:00:00.000000
sz002725,sz,,13.3,13.52,13.52,13.95,13.25,-0.22,-1.63,,,,,,,,,,,16997.0,2026-06-18T18:00:00.000000
sz002726,sz,,1.5,1.49,1.49,1.55,1.42,0.01,0.67,,,,,,,,,,,4681.0,2026-06-18T18:00:00.000000
sz002727,sz,,10.71,10.69,10.69,10.8,10.58,0.02,0.19,,,,,,,,,,,4587.0,2026-06-18T18:00:00.000000
sz002728,sz,,0.0,0.0,0.0,0.0,0.0,0.0,0,,,,,,,,,,,0.0,2026-06-18T18:00:00.000000
sz002729,sz,,0.0,0.0,0.0,0.0,0.0,0.0,0,,,,,,,,,,,0.0,2026-06-18T18:00:00.000000
sz002730,sz,,0.0,0.0,0.0,0.0,0.0,0.0,0,,,,,,,,,,,0.0,2026-06-18T18:00:00.000000
sz002731,sz,,0.0,0.0,0.0,0.0,0.0,0.0,0,,,,,,,,,,,0.0,2026-06-18T18:00:00.000000
sz002732,sz,,0.0,0.0,0.0,0.0,0.0,0.0,0,,,,,,,,,,,0.0,2026-06-18T18:00:00.000000
sz002733,sz,,0.0,0.0,0.0,0.0,0.0,0.0,0,,,,,,,,,,,0.0,2026-06-18T18:00:00.000000
sz002734,sz,,0.0,0.0,0.0,0.0,0.0,0.0,0,,,,,,,,,,,0.0,2026-06-18T18:00:00.000000
sz002735,sz,,0.0,0.0,0.0,0.0,0.0,0.0,0,,,,,,,,,,,0.0,2026-06-18T18:00:00.000000
sz002736,sz,,0.0,0.0,0.0,0.0,0.0,0.0,0,,,,,,,,,,,0.0,2026-06-18T18:00:00.000000
sz002737,sz,,0.0,0.0,0.0,0.0,0.0,0.0,0,,,,,,,,,,,0.0,2026-06-18T18:00:00.000000
sz002738,sz,,0.0,0.0,0.0,0.0,0.0,0.0,0,,,,,,,,,,,0.0,2026-06-18T18:00:00.000000
sz002739,sz,,0.0,0.0,0.0,0.0,0.0,0.0,0,,,,,,,,,,,0.0,2026-06-18T18:00:00.000000
sz002741,sz,,0.0,0.0,0.0,0.0,0.0,0.0,0,,,,,,,,,,,0.0,2026-06-18T18:00:00.000000
sz002742,sz,,0.0,0.0,0.0,0.0,0.0,0.0,0,,,,,,,,,,,0.0,2026-06-18T18:00:00.000000
sz002743,sz,,0.0,0.0,0.0,0.0,0.0,0.0,0,,,,,,,,,,,0.0,2026-06-18T18:00:00.000000
sz002745,sz,,0.0,0.0,0.0,0.0,0.0,0.0,0,,,,,,,,,,,0.0,2026-06-18T18:00:00.000000
sz002746,sz,,0.0,0.0,0.0,0.0,0.0,0.0,0,,,,,,,,,,,0.0,2026-06-18T18:00:00.000000
sz002747,sz,,0.0,0.0,0.0,0.0,0.0,0.0,0,,,,,,,,,,,0.0,2026-06-18T18:00:00.000000
sz002748,sz,,0.0,0.0,0.0,0.0,0.0,0.0,0,,,,,,,,,,,0.0,2026-06-18T18:00:00.000000
sz002749,sz,,0.0,0.0,0.0,0.0,0.0,0.0,0,,,,,,,,,,,0.0,2026-06-18T18:00:00.000000
sz002752,sz,,0.0,0.0,0.0,0.0,0.0,0.0,0,,,,,,,,,,,0.0,2026-06-18T18:00:00.000000
sz002753,sz,,0.0,0.0,0.0,0.0,0.0,0.0,0,,,,,,,,,,,0.0,2026-06-18T18:00:00.000000
sz002755,sz,,0.0,0.0,0.0,0.0,0.0,0.0,0,,,,,,,,,,,0.0,2026-06-18T18:00:00.000000
sz002756,sz,,0.0,0.0,0.0,0.0,0.0,0.0,0,,,,,,,,,,,0.0,2026-06-18T18:00:00.000000
sz002757,sz,,0.0,0.0,0.0,0.0,0.0,0.0,0,,,,,,,,,,,0.0,2026-06-18T18:00:00.000000
sz002758,sz,,0.0,0.0,0.0,0.0,0.0,0.0,0,,,,,,,,,,,0.0,2026-06-18T18:00:00.000000
sz002759,sz,,0.0,0.0,0.0,0.0,0.0,0.0,0,,,,,,,,,,,0.0,2026-06-18T18:00:00.000000
sz002760,sz,,0.0,0.0,0.0,0.0,0.0,0.0,0,,,,,,,,,,,0.0,2026-06-18T18:00:00.000000
sz002761,sz,,0.0,0.0,0.0,0.0,0.0,0.0,0,,,,,,,,,,,0.0,2026-06-18T18:00:00.000000
sz002762,sz,,0.0,0.0,0.0,0.0,0.0,0.0,0,,,,,,,,,,,0.0,2026-06-18T18:00:00.000000
sz002763,sz,,0.0,0.0,0.0,0.0,0.0,0.0,0,,,,,,,,,,,0.0,2026-06-18T18:00:00.000000
sz002765,sz,,0.0,0.0,0.0,0.0,0.0,0.0,0,,,,,,,,,,,0.0,2026-06-18T18:00:00.000000
sz002766,sz,,0.0,0.0,0.0,0.0,0.0,0.0,0,,,,,,,,,,,0.0,2026-06-18T18:00:00.000000
sz002767,sz,,0.0,0.0,0.0,0.0,0.0,0.0,0,,,,,,,,,,,0.0,2026-06-18T18:00:00.000000
sz002768,sz,,0.0,0.0,0.0,0.0,0.0,0.0,0,,,,,,,,,,,0.0,2026-06-18T18:00:00.000000
sz002769,sz,,0.0,0.0,0.0,0.0,0.0,0.0,0,,,,,,,,,,,0.0,2026-06-18T18:00:00.000000
sz002771,sz,,0.0,0.0,0.0,0.0,0.0,0.0,0,,,,,,,,,,,0.0,2026-06-18T18:00:00.000000
sz002772,sz,,0.0,0.0,0.0,0.0,0.0,0.0,0,,,,,,,,,,,0.0,2026-06-18T18:00:00.000000
sz002773,sz,,0.0,0.0,0.0,0.0,0.0,0.0,0,,,,,,,,,,,0.0,2026-06-18T18:00:00.000000
sz002774,sz,,0.0,0.0,0.0,0.0,0.0,0.0,0,,,,,,,,,,,0.0,2026-06-18T18:00:00.000000
sz002775,sz,,4.11,3.97,3.97,4.11,3.88,0.14,3.53,,,,,,,,,,,11712.0,2026-06-18T18:00:00.000000
sz002777,sz,,13.12,13.11,13.11,13.28,12.84,0.01,0.08,,,,,,,,,,,6375.0,2026-06-18T18:00:00.000000
sz002778,sz,,17.25,16.35,16.35,18.0,15.95,0.9,5.5,,,,,,,,,,,9737.0,2026-06-18T18:00:00.000000
sz002779,sz,,82.8,84.44,84.44,84.44,81.81,-1.64,-1.94,,,,,,,,,,,23792.0,2026-06-18T18:00:00.000000
sz002780,sz,,12.97,13.13,13.13,13.13,12.86,-0.16,-1.22,,,,,,,,,,,4502.0,2026-06-18T18:00:00.000000
sz002782,sz,,24.37,24.57,24.57,24.84,24.2,-0.2,-0.81,,,,,,,,,,,46981.0,2026-06-18T18:00:00.000000
sz002783,sz,,7.31,7.33,7.33,7.42,7.14,-0.02,-0.27,,,,,,,,,,,4985.0,2026-06-18T18:00:00.000000
sz002785,sz,,40.88,38.95,38.95,42.7,38.8,1.93,4.96,,,,,,,,,,,44855.0,2026-06-18T18:00:00.000000
sz002786,sz,,8.09,8.35,8.35,8.36,7.97,-0.26,-3.11,,,,,,,,,,,15335.0,2026-06-18T18:00:00.000000
sz002787,sz,,28.85,29.49,29.49,29.8,28.35,-0.64,-2.17,,,,,,,,,,,52862.0,2026-06-18T18:00:00.000000
sz002788,sz,,10.93,10.92,10.92,11.09,10.75,0.01,0.09,,,,,,,,,,,10589.0,2026-06-18T18:00:00.000000
sz002789,sz,,14.87,14.87,14.87,14.87,14.87,0.0,0.0,,,,,,,,,,,334.0,2026-06-18T18:00:00.000000
sz002790,sz,,5.72,5.82,5.82,5.86,5.69,-0.1,-1.72,,,,,,,,,,,2820.0,2026-06-18T18:00:00.000000
sz002791,sz,,14.09,14.01,14.01,14.29,13.7,0.08,0.57,,,,,,,,,,,7509.0,2026-06-18T18:00:00.000000
sz002792,sz,,37.11,36.44,36.44,37.73,35.75,0.67,1.84,,,,,,,,,,,97581.0,2026-06-18T18:00:00.000000
sz002793,sz,,4.0,3.93,3.93,4.05,3.9,0.07,1.78,,,,,,,,,,,5077.0,2026-06-18T18:00:00.000000
sz002795,sz,,7.32,7.51,7.51,7.67,7.24,-0.19,-2.53,,,,,,,,,,,14196.0,2026-06-18T18:00:00.000000
sz002796,sz,,41.76,42.55,42.55,42.87,41.39,-0.79,-1.86,,,,,,,,,,,36258.0,2026-06-18T18:00:00.000000
sz002797,sz,,6.31,6.49,6.49,6.5,6.3,-0.18,-2.77,,,,,,,,,,,42963.0,2026-06-18T18:00:00.000000
sz002798,sz,,5.95,5.8,5.8,5.96,5.7,0.15,2.59,,,,,,,,,,,9657.0,2026-06-18T18:00:00.000000
sz002799,sz,,6.6,6.65,6.65,6.68,6.5,-0.05,-0.75,,,,,,,,,,,3857.0,2026-06-18T18:00:00.000000
sz002800,sz,,14.48,14.26,14.26,14.7,14.11,0.22,1.54,,,,,,,,,,,4675.0,2026-06-18T18:00:00.000000
sz002801,sz,,31.04,30.53,30.53,31.13,30.24,0.51,1.67,,,,,,,,,,,4787.0,2026-06-18T18:00:00.000000
sz002802,sz,,11.7,11.68,11.68,11.86,11.51,0.02,0.17,,,,,,,,,,,3437.0,2026-06-18T18:00:00.000000
sz002803,sz,,23.9,22.7,22.7,24.13,22.55,1.2,5.29,,,,,,,,,,,35804.0,2026-06-18T18:00:00.000000
sz002805,sz,,26.88,25.61,25.61,26.88,25.3,1.27,4.96,,,,,,,,,,,82842.0,2026-06-18T18:00:00.000000
sz002806,sz,,21.51,20.95,20.95,22.18,20.83,0.56,2.67,,,,,,,,,,,66014.0,2026-06-18T18:00:00.000000
sz002807,sz,,3.92,3.95,3.95,3.96,3.89,-0.03,-0.76,,,,,,,,,,,9238.0,2026-06-18T18:00:00.000000
sz002808,sz,,0.0,0.0,0.0,0.0,0.0,0.0,0,,,,,,,,,,,0.0,2026-06-18T18:00:00.000000
sz002809,sz,,8.08,8.15,8.15,8.23,7.91,-0.07,-0.86,,,,,,,,,,,7858.0,2026-06-18T18:00:00.000000
sz002810,sz,,23.7,24.5,24.5,24.6,23.1,-0.8,-3.27,,,,,,,,,,,27587.0,2026-06-18T18:00:00.000000
sz002811,sz,,11.74,11.82,11.82,11.99,11.53,-0.08,-0.68,,,,,,,,,,,5251.0,2026-06-18T18:00:00.000000
sz002812,sz,,67.7,69.78,69.78,70.6,67.6,-2.08,-2.98,,,,,,,,,,,237239.0,2026-06-18T18:00:00.000000
sz002813,sz,,20.47,20.32,20.32,20.57,19.93,0.15,0.74,,,,,,,,,,,3404.0,2026-06-18T18:00:00.000000
sz002815,sz,,19.72,19.6,19.6,19.99,19.37,0.12,0.61,,,,,,,,,,,170472.0,2026-06-18T18:00:00.000000
sz002816,sz,,28.46,27.17,27.17,28.46,26.82,1.29,4.75,,,,,,,,,,,12445.0,2026-06-18T18:00:00.000000
sz002817,sz,,6.17,6.17,6.17,6.22,6.0,0.0,0.0,,,,,,,,,,,3414.0,2026-06-18T18:00:00.000000
sz002818,sz,,11.24,11.25,11.25,11.37,11.05,-0.01,-0.09,,,,,,,,,,,4426.0,2026-06-18T18:00:00.000000
sz002819,sz,,21.84,21.31,21.31,22.18,21.1,0.53,2.49,,,,,,,,,,,8706.0,2026-06-18T18:00:00.000000
sz002820,sz,,8.86,8.84,8.84,8.99,8.71,0.02,0.23,,,,,,,,,,,4243.0,2026-06-18T18:00:00.000000
sz002821,sz,,123.82,114.8,114.8,124.78,113.6,9.02,7.86,,,,,,,,,,,86956.0,2026-06-18T18:00:00.000000
sz002822,sz,,2.5,2.56,2.56,2.56,2.46,-0.06,-2.34,,,,,,,,,,,3119.0,2026-06-18T18:00:00.000000
sz002823,sz,,16.81,17.04,17.04,17.18,16.66,-0.23,-1.35,,,,,,,,,,,19973.0,2026-06-18T18:00:00.000000
sz002824,sz,,37.92,35.6,35.6,38.35,35.2,2.32,6.52,,,,,,,,,,,115204.0,2026-06-18T18:00:00.000000
sz002825,sz,,8.84,9.33,9.33,9.35,8.75,-0.49,-5.25,,,,,,,,,,,6947.0,2026-06-18T18:00:00.000000
sz002826,sz,,16.83,16.51,16.51,16.95,16.23,0.32,1.94,,,,,,,,,,,7181.0,2026-06-18T18:00:00.000000
sz002827,sz,,25.78,25.29,25.29,25.92,24.89,0.49,1.94,,,,,,,,,,,10007.0,2026-06-18T18:00:00.000000
sz002828,sz,,9.26,9.89,9.89,10.08,8.95,-0.63,-6.37,,,,,,,,,,,33875.0,2026-06-18T18:00:00.000000
sz002829,sz,,18.65,19.12,19.12,19.41,18.59,-0.47,-2.46,,,,,,,,,,,15586.0,2026-06-18T18:00:00.000000
sz002830,sz,,14.68,14.65,14.65,14.91,13.58,0.03,0.2,,,,,,,,,,,13367.0,2026-06-18T18:00:00.000000
sz002831,sz,,32.33,30.85,30.85,32.33,30.7,1.48,4.8,,,,,,,,,,,52132.0,2026-06-18T18:00:00.000000
sz002832,sz,,20.8,20.97,20.97,21.18,20.53,-0.17,-0.81,,,,,,,,,,,20826.0,2026-06-18T18:00:00.000000
sz002833,sz,,17.83,17.46,17.46,18.0,17.46,0.37,2.12,,,,,,,,,,,9757.0,2026-06-18T18:00:00.000000
sz002835,sz,,12.35,12.36,12.36,12.57,12.17,-0.01,-0.08,,,,,,,,,,,2168.0,2026-06-18T18:00:00.000000
sz002836,sz,,10.11,10.1,10.1,10.25,10.0,0.01,0.1,,,,,,,,,,,2169.0,2026-06-18T18:00:00.000000
sz002837,sz,,74.37,75.03,75.03,76.13,73.54,-0.66,-0.88,,,,,,,,,,,412475.0,2026-06-18T18:00:00.000000
sz002838,sz,,35.29,34.5,34.5,35.85,34.31,0.79,2.29,,,,,,,,,,,30110.0,2026-06-18T18:00:00.000000
sz002839,sz,,4.12,4.2,4.2,4.22,4.12,-0.08,-1.9,,,,,,,,,,,8052.0,2026-06-18T18:00:00.000000
sz002840,sz,,8.08,7.9,7.9,8.15,7.8,0.18,2.28,,,,,,,,,,,11428.0,2026-06-18T18:00:00.000000
sz002841,sz,,34.92,34.99,34.99,35.53,34.5,-0.07,-0.2,,,,,,,,,,,14022.0,2026-06-18T18:00:00.000000
sz002842,sz,,47.72,41.8,41.8,47.72,40.88,5.92,14.16,,,,,,,,,,,387036.0,2026-06-18T18:00:00.000000
sz002843,sz,,22.19,22.12,22.12,22.7,21.95,0.07,0.32,,,,,,,,,,,28598.0,2026-06-18T18:00:00.000000
sz002845,sz,,15.85,16.0,16.0,16.07,15.69,-0.15,-0.94,,,,,,,,,,,23364.0,2026-06-18T18:00:00.000000
sz002846,sz,,12.3,12.48,12.48,12.63,12.25,-0.18,-1.44,,,,,,,,,,,9501.0,2026-06-18T18:00:00.000000
sz002847,sz,,48.03,48.87,48.87,49.48,47.76,-0.84,-1.72,,,,,,,,,,,12577.0,2026-06-18T18:00:00.000000
sz002848,sz,,13.99,13.94,13.94,14.19,13.4,0.05,0.36,,,,,,,,,,,14570.0,2026-06-18T18:00:00.000000
sz002849,sz,,17.9,17.74,17.74,18.11,17.34,0.16,0.9,,,,,,,,,,,15557.0,2026-06-18T18:00:00.000000
sz002850,sz,,203.81,204.0,204.0,208.48,201.97,-0.19,-0.09,,,,,,,,,,,106527.0,2026-06-18T18:00:00.000000
sz002851,sz,,179.5,176.75,176.75,182.6,172.88,2.75,1.56,,,,,,,,,,,572734.0,2026-06-18T18:00:00.000000
sz002852,sz,,7.66,7.49,7.49,7.73,7.34,0.17,2.27,,,,,,,,,,,3596.0,2026-06-18T18:00:00.000000
sz002853,sz,,22.76,22.96,22.96,22.96,22.11,-0.2,-0.87,,,,,,,,,,,6013.0,2026-06-18T18:00:00.000000
sz002855,sz,,10.62,10.89,10.89,10.89,10.58,-0.27,-2.48,,,,,,,,,,,3635.0,2026-06-18T18:00:00.000000
sz002856,sz,,19.8,19.8,19.8,19.8,19.8,0.0,0.0,,,,,,,,,,,1404.0,2026-06-18T18:00:00.000000
sz002857,sz,,17.2,17.39,17.39,17.54,16.79,-0.19,-1.09,,,,,,,,,,,5125.0,2026-06-18T18:00:00.000000
sz002858,sz,,12.44,12.41,12.41,12.76,12.18,0.03,0.24,,,,,,,,,,,12495.0,2026-06-18T18:00:00.000000
sz002859,sz,,99.73,90.64,90.64,99.73,90.6,9.09,10.03,,,,,,,,,,,249811.0,2026-06-18T18:00:00.000000
sz002860,sz,,14.56,13.95,13.95,15.26,13.7,0.61,4.37,,,,,,,,,,,54580.0,2026-06-18T18:00:00.000000
sz002861,sz,,18.7,18.1,18.1,19.3,17.87,0.6,3.31,,,,,,,,,,,21125.0,2026-06-18T18:00:00.000000
sz002862,sz,,14.04,14.14,14.14,14.22,13.83,-0.1,-0.71,,,,,,,,,,,4837.0,2026-06-18T18:00:00.000000
sz002863,sz,,4.61,4.65,4.65,4.68,4.54,-0.04,-0.86,,,,,,,,,,,4505.0,2026-06-18T18:00:00.000000
sz002864,sz,,26.34,26.82,26.82,26.95,26.2,-0.48,-1.79,,,,,,,,,,,4701.0,2026-06-18T18:00:00.000000
sz002865,sz,,63.88,66.28,66.28,66.3,63.5,-2.4,-3.62,,,,,,,,,,,137350.0,2026-06-18T18:00:00.000000
sz002866,sz,,17.97,18.08,18.08,18.09,17.77,-0.11,-0.61,,,,,,,,,,,11126.0,2026-06-18T18:00:00.000000
sz002867,sz,,11.83,11.95,11.95,12.0,11.71,-0.12,-1.0,,,,,,,,,,,7059.0,2026-06-18T18:00:00.000000
sz002868,sz,,24.83,25.53,25.53,25.53,24.7,-0.7,-2.74,,,,,,,,,,,4445.0,2026-06-18T18:00:00.000000
sz002869,sz,,18.34,18.75,18.75,18.82,18.23,-0.41,-2.19,,,,,,,,,,,5546.0,2026-06-18T18:00:00.000000
sz002870,sz,,39.34,40.38,40.38,41.11,39.2,-1.04,-2.58,,,,,,,,,,,18590.0,2026-06-18T18:00:00.000000
sz002871,sz,,20.19,19.74,19.74,21.21,19.6,0.45,2.28,,,,,,,,,,,14474.0,2026-06-18T18:00:00.000000
sz002872,sz,,4.93,5.04,5.04,5.04,4.92,-0.11,-2.18,,,,,,,,,,,1243.0,2026-06-18T18:00:00.000000
sz002873,sz,,7.75,7.77,7.77,7.86,7.58,-0.02,-0.26,,,,,,,,,,,4603.0,2026-06-18T18:00:00.000000
sz002875,sz,,16.01,16.52,16.52,16.69,15.7,-0.51,-3.09,,,,,,,,,,,13127.0,2026-06-18T18:00:00.000000
sz002876,sz,,33.1,32.3,32.3,33.15,31.82,0.8,2.48,,,,,,,,,,,34942.0,2026-06-18T18:00:00.000000
sz002877,sz,,7.51,7.67,7.67,7.67,7.46,-0.16,-2.09,,,,,,,,,,,5729.0,2026-06-18T18:00:00.000000
sz002878,sz,,12.8,12.8,12.8,12.99,12.53,0.0,0.0,,,,,,,,,,,11781.0,2026-06-18T18:00:00.000000
sz002879,sz,,14.47,14.47,14.47,14.57,14.15,0.0,0.0,,,,,,,,,,,6232.0,2026-06-18T18:00:00.000000
sz002880,sz,,22.18,22.08,22.08,22.64,21.98,0.1,0.45,,,,,,,,,,,2268.0,2026-06-18T18:00:00.000000
sz002881,sz,,43.68,41.6,41.6,44.33,41.03,2.08,5.0,,,,,,,,,,,52967.0,2026-06-18T18:00:00.000000
sz002882,sz,,21.28,21.5,21.5,21.88,21.21,-0.22,-1.02,,,,,,,,,,,9873.0,2026-06-18T18:00:00.000000
sz002883,sz,,8.7,8.56,8.56,8.7,8.46,0.14,1.64,,,,,,,,,,,1209.0,2026-06-18T18:00:00.000000
sz002884,sz,,15.56,15.83,15.83,15.84,15.5,-0.27,-1.71,,,,,,,,,,,4260.0,2026-06-18T18:00:00.000000
sz002885,sz,,42.61,42.36,42.36,43.31,42.0,0.25,0.59,,,,,,,,,,,102806.0,2026-06-18T18:00:00.000000
sz002886,sz,,32.19,31.2,31.2,32.82,31.01,0.99,3.17,,,,,,,,,,,75599.0,2026-06-18T18:00:00.000000
sz002887,sz,,11.54,11.41,11.41,11.79,11.2,0.13,1.14,,,,,,,,,,,3540.0,2026-06-18T18:00:00.000000
sz002888,sz,,21.79,20.45,20.45,21.95,20.09,1.34,6.55,,,,,,,,,,,14667.0,2026-06-18T18:00:00.000000
sz002889,sz,,10.93,10.98,10.98,11.06,10.71,-0.05,-0.46,,,,,,,,,,,1732.0,2026-06-18T18:00:00.000000
sz002890,sz,,14.59,14.68,14.68,14.91,14.57,-0.09,-0.61,,,,,,,,,,,2372.0,2026-06-18T18:00:00.000000
sz002891,sz,,27.61,28.16,28.16,28.2,27.5,-0.55,-1.95,,,,,,,,,,,11622.0,2026-06-18T18:00:00.000000
sz002892,sz,,10.21,10.19,10.19,10.31,10.01,0.02,0.2,,,,,,,,,,,10282.0,2026-06-18T18:00:00.000000
sz002893,sz,,10.19,10.0,10.0,10.58,9.67,0.19,1.9,,,,,,,,,,,18419.0,2026-06-18T18:00:00.000000
sz002895,sz,,29.17,30.0,30.0,30.55,29.09,-0.83,-2.77,,,,,,,,,,,31212.0,2026-06-18T18:00:00.000000
sz002896,sz,,82.3,79.72,79.72,83.35,79.72,2.58,3.24,,,,,,,,,,,144659.0,2026-06-18T18:00:00.000000
sz002897,sz,,96.8,87.7,87.7,96.8,87.0,9.1,10.38,,,,,,,,,,,122582.0,2026-06-18T18:00:00.000000
sz002898,sz,,0.0,0.0,0.0,0.0,0.0,0.0,0,,,,,,,,,,,0.0,2026-06-18T18:00:00.000000
sz002899,sz,,22.52,22.96,22.96,23.47,22.51,-0.44,-1.92,,,,,,,,,,,11012.0,2026-06-18T18:00:00.000000
sz002900,sz,,9.87,10.04,10.04,10.15,9.83,-0.17,-1.69,,,,,,,,,,,2379.0,2026-06-18T18:00:00.000000
sz002901,sz,,42.27,41.67,41.67,42.48,41.67,0.6,1.44,,,,,,,,,,,7031.0,2026-06-18T18:00:00.000000
sz002902,sz,,36.77,34.8,34.8,37.15,34.21,1.97,5.66,,,,,,,,,,,145437.0,2026-06-18T18:00:00.000000
sz002903,sz,,54.25,53.0,53.0,54.9,52.5,1.25,2.36,,,,,,,,,,,56552.0,2026-06-18T18:00:00.000000
sz002905,sz,,7.21,7.2,7.2,7.3,7.1,0.01,0.14,,,,,,,,,,,3011.0,2026-06-18T18:00:00.000000
sz002907,sz,,13.3,12.07,12.07,13.3,12.01,1.23,10.19,,,,,,,,,,,15372.0,2026-06-18T18:00:00.000000
sz002908,sz,,6.88,6.9,6.9,7.0,6.8,-0.02,-0.29,,,,,,,,,,,3139.0,2026-06-18T18:00:00.000000
sz002920,sz,,87.75,87.43,87.43,88.3,86.38,0.32,0.37,,,,,,,,,,,63898.0,2026-06-18T18:00:00.000000
sz002921,sz,,23.86,23.77,23.77,24.46,23.0,0.09,0.38,,,,,,,,,,,11574.0,2026-06-18T18:00:00.000000
sz002922,sz,,36.41,36.84,36.84,37.59,36.08,-0.43,-1.17,,,,,,,,,,,84119.0,2026-06-18T18:00:00.000000
sz002923,sz,,9.78,9.83,9.83,9.95,9.59,-0.05,-0.51,,,,,,,,,,,4411.0,2026-06-18T18:00:00.000000
sz002935,sz,,21.52,21.82,21.82,22.11,21.51,-0.3,-1.37,,,,,,,,,,,21266.0,2026-06-18T18:00:00.000000
sz002936,sz,,1.71,1.74,1.74,1.75,1.71,-0.03,-1.72,,,,,,,,,,,12261.0,2026-06-18T18:00:00.000000
sz002937,sz,,42.6,40.6,40.6,43.28,40.3,2.0,4.93,,,,,,,,,,,75722.0,2026-06-18T18:00:00.000000
sz002948,sz,,5.53,5.75,5.75,5.76,5.52,-0.22,-3.83,,,,,,,,,,,24754.0,2026-06-18T18:00:00.000000
sz002962,sz,,17.29,18.4,18.4,18.4,17.26,-1.11,-6.03,,,,,,,,,,,61990.0,2026-06-18T18:00:00.000000
sz002977,sz,,24.51,25.5,25.5,25.5,24.32,-0.99,-3.88,,,,,,,,,,,3284.0,2026-06-18T18:00:00.000000
sz002978,sz,,27.11,26.7,26.7,27.47,26.41,0.41,1.54,,,,,,,,,,,8937.0,2026-06-18T18:00:00.000000
sz002979,sz,,55.33,55.77,55.77,55.99,54.0,-0.44,-0.79,,,,,,,,,,,72486.0,2026-06-18T18:00:00.000000
sz002980,sz,,131.35,126.01,126.01,135.95,126.0,5.34,4.24,,,,,,,,,,,141272.0,2026-06-18T18:00:00.000000
sz002981,sz,,21.23,21.9,21.9,21.9,21.1,-0.67,-3.06,,,,,,,,,,,11684.0,2026-06-18T18:00:00.000000
sz002982,sz,,11.46,12.17,12.17,12.2,11.4,-0.71,-5.83,,,,,,,,,,,12440.0,2026-06-18T18:00:00.000000
sz002983,sz,,25.78,26.06,26.06,26.39,25.59,-0.28,-1.07,,,,,,,,,,,10455.0,2026-06-18T18:00:00.000000
sz002984,sz,,14.39,14.83,14.83,14.93,14.35,-0.44,-2.97,,,,,,,,,,,16226.0,2026-06-18T18:00:00.000000
sz002985,sz,,30.42,30.21,30.21,30.92,29.72,0.21,0.7,,,,,,,,,,,20649.0,2026-06-18T18:00:00.000000
sz002986,sz,,11.29,11.56,11.56,11.59,11.06,-0.27,-2.34,,,,,,,,,,,7423.0,2026-06-18T18:00:00.000000
sz002987,sz,,11.2,11.42,11.42,11.48,11.0,-0.22,-1.93,,,,,,,,,,,18844.0,2026-06-18T18:00:00.000000
sz002988,sz,,24.17,24.58,24.58,24.94,24.02,-0.41,-1.67,,,,,,,,,,,7526.0,2026-06-18T18:00:00.000000
sz002989,sz,,37.37,35.7,35.7,37.37,34.81,1.67,4.68,,,,,,,,,,,76129.0,2026-06-18T18:00:00.000000
sz002990,sz,,55.78,55.02,55.02,59.22,55.02,0.76,1.38,,,,,,,,,,,100602.0,2026-06-18T18:00:00.000000
sz002991,sz,,40.18,40.83,40.83,40.88,40.04,-0.65,-1.59,,,,,,,,,,,3042.0,2026-06-18T18:00:00.000000
sz002992,sz,,45.92,46.5,46.5,47.58,45.6,-0.58,-1.25,,,,,,,,,,,18160.0,2026-06-18T18:00:00.000000
sz002993,sz,,68.47,72.39,72.39,73.7,68.19,-3.92,-5.42,,,,,,,,,,,82487.0,2026-06-18T18:00:00.000000
sz002995,sz,,20.3,20.5,20.5,20.96,20.04,-0.2,-0.98,,,,,,,,,,,20612.0,2026-06-18T18:00:00.000000
sz002996,sz,,6.27,6.3,6.3,6.42,6.23,-0.03,-0.48,,,,,,,,,,,5380.0,2026-06-18T18:00:00.000000
sz002997,sz,,30.77,30.99,30.99,31.65,30.6,-0.22,-0.71,,,,,,,,,,,12231.0,2026-06-18T18:00:00.000000
sz002998,sz,,7.05,7.15,7.15,7.2,7.04,-0.1,-1.4,,,,,,,,,,,7339.0,2026-06-18T18:00:00.000000
sz002999,sz,,5.65,5.65,5.65,5.7,5.55,0.0,0.0,,,,,,,,,,,2932.0,2026-06-18T18:00:00.000000
sz003000,sz,,9.7,10.15,10.15,10.15,9.63,-0.45,-4.43,,,,,,,,,,,6853.0,2026-06-18T18:00:00.000000
sz003001,sz,,14.23,14.3,14.3,14.49,13.92,-0.07,-0.49,,,,,,,,,,,5826.0,2026-06-18T18:00:00.000000
sz003002,sz,,21.31,21.15,21.15,21.5,20.52,0.16,0.76,,,,,,,,,,,6746.0,2026-06-18T18:00:00.000000
sz003003,sz,,10.75,10.73,10.73,10.94,10.62,0.02,0.19,,,,,,,,,,,4566.0,2026-06-18T18:00:00.000000
sz003004,sz,,69.14,67.61,67.61,70.5,65.25,1.53,2.26,,,,,,,,,,,42319.0,2026-06-18T18:00:00.000000
sz003005,sz,,14.24,14.16,14.16,14.35,13.85,0.08,0.56,,,,,,,,,,,2832.0,2026-06-18T18:00:00.000000
sz003006,sz,,14.81,15.1,15.1,15.18,14.66,-0.29,-1.92,,,,,,,,,,,6081.0,2026-06-18T18:00:00.000000
sz003007,sz,,40.9,40.03,40.03,41.24,39.86,0.87,2.17,,,,,,,,,,,10251.0,2026-06-18T18:00:00.000000
sz003008,sz,,18.07,18.17,18.17,18.26,17.85,-0.1,-0.55,,,,,,,,,,,2648.0,2026-06-18T18:00:00.000000
sz003009,sz,,60.28,61.0,61.0,61.5,58.16,-0.72,-1.18,,,,,,,,,,,52417.0,2026-06-18T18:00:00.000000
sz003010,sz,,23.68,23.7,23.7,24.19,23.57,-0.02,-0.08,,,,,,,,,,,8632.0,2026-06-18T18:00:00.000000
sz003011,sz,,20.68,18.79,18.79,20.79,18.11,1.89,10.06,,,,,,,,,,,18900.0,2026-06-18T18:00:00.000000
sz003012,sz,,4.66,4.65,4.65,4.7,4.57,0.01,0.22,,,,,,,,,,,4628.0,2026-06-18T18:00:00.000000
sz003013,sz,,15.67,16.03,16.03,16.03,15.38,-0.36,-2.25,,,,,,,,,,,6555.0,2026-06-18T18:00:00.000000
sz003015,sz,,12.56,12.85,12.85,12.85,12.48,-0.29,-2.26,,,,,,,,,,,10744.0,2026-06-18T18:00:00.000000
sz003016,sz,,6.61,6.62,6.62,6.7,6.52,-0.01,-0.15,,,,,,,,,,,2368.0,2026-06-18T18:00:00.000000
sz003017,sz,,26.0,26.21,26.21,26.42,25.88,-0.21,-0.8,,,,,,,,,,,3338.0,2026-06-18T18:00:00.000000
sz003018,sz,,65.92,62.3,62.3,68.09,61.91,3.62,5.81,,,,,,,,,,,118849.0,2026-06-18T18:00:00.000000
sz003019,sz,,32.95,34.51,34.51,35.21,32.8,-1.56,-4.52,,,,,,,,,,,37979.0,2026-06-18T18:00:00.000000
sz003020,sz,,15.35,15.08,15.08,15.75,15.02,0.27,1.79,,,,,,,,,,,4267.0,2026-06-18T18:00:00.000000
sz003021,sz,,98.23,95.92,95.92,99.49,95.36,2.31,2.41,,,,,,,,,,,51499.0,2026-06-18T18:00:00.000000
sz003022,sz,,28.19,28.3,28.3,28.59,27.81,-0.11,-0.39,,,,,,,,,,,71563.0,2026-06-18T18:00:00.000000
sz003023,sz,,21.82,21.58,21.58,22.05,21.36,0.24,1.11,,,,,,,,,,,5662.0,2026-06-18T18:00:00.000000
sz003025,sz,,17.0,16.6,16.6,17.23,16.3,0.4,2.41,,,,,,,,,,,30237.0,2026-06-18T18:00:00.000000
sz003026,sz,,37.86,35.87,35.87,40.1,35.22,1.99,5.55,,,,,,,,,,,112987.0,2026-06-18T18:00:00.000000
sz003027,sz,,18.94,19.62,19.62,19.62,18.92,-0.68,-3.47,,,,,,,,,,,6227.0,2026-06-18T18:00:00.000000
sz003028,sz,,24.55,24.95,24.95,24.95,24.3,-0.4,-1.6,,,,,,,,,,,2376.0,2026-06-18T18:00:00.000000
sz003029,sz,,17.28,17.27,17.27,17.56,17.01,0.01,0.06,,,,,,,,,,,3819.0,2026-06-18T18:00:00.000000
sz003030,sz,,22.91,22.8,22.8,23.13,22.01,0.11,0.48,,,,,,,,,,,7701.0,2026-06-18T18:00:00.000000
sz003031,sz,,176.29,160.58,160.58,176.29,160.5,15.71,9.78,,,,,,,,,,,269347.0,2026-06-18T18:00:00.000000
sz003032,sz,,6.11,6.3,6.3,6.3,6.07,-0.19,-3.02,,,,,,,,,,,5727.0,2026-06-18T18:00:00.000000
sz003033,sz,,52.44,51.47,51.47,52.95,50.81,0.97,1.88,,,,,,,,,,,7051.0,2026-06-18T18:00:00.000000
sz003035,sz,,6.09,6.21,6.21,6.26,6.04,-0.12,-1.93,,,,,,,,,,,24357.0,2026-06-18T18:00:00.000000
sz003036,sz,,98.8,97.0,97.0,103.28,94.36,1.8,1.86,,,,,,,,,,,143488.0,2026-06-18T18:00:00.000000
sz003037,sz,,5.88,6.01,6.01,6.06,5.83,-0.13,-2.16,,,,,,,,,,,3516.0,2026-06-18T18:00:00.000000
sz003038,sz,,11.96,12.1,12.1,12.22,11.81,-0.14,-1.16,,,,,,,,,,,4855.0,2026-06-18T18:00:00.000000
sz003039,sz,,12.18,12.29,12.29,12.29,12.02,-0.11,-0.9,,,,,,,,,,,3403.0,2026-06-18T18:00:00.000000
sz003040,sz,,11.73,11.89,11.89,12.03,11.66,-0.16,-1.35,,,,,,,,,,,9288.0,2026-06-18T18:00:00.000000
sz003041,sz,,45.38,45.4,45.4,46.55,44.62,-0.02,-0.04,,,,,,,,,,,11641.0,2026-06-18T18:00:00.000000
sz003042,sz,,13.02,13.01,13.01,13.17,12.8,0.01,0.08,,,,,,,,,,,4543.0,2026-06-18T18:00:00.000000
sz003043,sz,,82.21,79.83,79.83,83.41,79.3,2.38,2.98,,,,,,,,,,,52396.0,2026-06-18T18:00:00.000000
sz003816,sz,,4.08,4.18,4.18,4.22,4.06,-0.1,-2.39,,,,,,,,,,,58069.0,2026-06-18T18:00:00.000000
sz300001,sz,,40.21,38.41,38.41,41.6,37.9,1.8,4.69,,,,,,,,,,,162229.0,2026-06-18T18:00:00.000000
sz300002,sz,,7.28,7.33,7.33,7.42,7.19,-0.05,-0.68,,,,,,,,,,,27888.0,2026-06-18T18:00:00.000000
sz300003,sz,,11.82,11.75,11.75,12.03,11.71,0.07,0.6,,,,,,,,,,,27763.0,2026-06-18T18:00:00.000000
sz300004,sz,,12.3,12.02,12.02,12.69,11.94,0.28,2.33,,,,,,,,,,,21248.0,2026-06-18T18:00:00.000000
sz300005,sz,,17.06,17.4,17.4,17.55,16.59,-0.34,-1.95,,,,,,,,,,,83756.0,2026-06-18T18:00:00.000000
sz300006,sz,,4.92,4.95,4.95,5.08,4.81,-0.03,-0.61,,,,,,,,,,,9634.0,2026-06-18T18:00:00.000000
sz300007,sz,,39.93,38.72,38.72,40.16,38.26,1.21,3.12,,,,,,,,,,,55165.0,2026-06-18T18:00:00.000000
sz300008,sz,,6.65,6.83,6.83,6.83,6.64,-0.18,-2.64,,,,,,,,,,,35683.0,2026-06-18T18:00:00.000000
sz300009,sz,,7.67,7.63,7.63,7.79,7.53,0.04,0.52,,,,,,,,,,,9806.0,2026-06-18T18:00:00.000000
sz300010,sz,,2.44,2.48,2.48,2.55,2.44,-0.04,-1.61,,,,,,,,,,,9333.0,2026-06-18T18:00:00.000000
sz300011,sz,,5.96,6.26,6.26,6.48,5.95,-0.3,-4.79,,,,,,,,,,,11044.0,2026-06-18T18:00:00.000000
sz300012,sz,,14.38,13.97,13.97,14.48,13.81,0.41,2.93,,,,,,,,,,,44373.0,2026-06-18T18:00:00.000000
sz300013,sz,,4.11,3.9,3.9,4.15,3.81,0.21,5.38,,,,,,,,,,,15771.0,2026-06-18T18:00:00.000000
sz300014,sz,,66.66,66.63,66.63,68.8,65.64,0.03,0.05,,,,,,,,,,,719744.0,2026-06-18T18:00:00.000000
sz300015,sz,,8.27,8.26,8.26,8.38,8.22,0.01,0.12,,,,,,,,,,,54607.0,2026-06-18T18:00:00.000000
sz300016,sz,,7.66,7.52,7.52,7.77,7.49,0.14,1.86,,,,,,,,,,,8944.0,2026-06-18T18:00:00.000000
sz300017,sz,,14.88,14.47,14.47,15.09,14.23,0.41,2.83,,,,,,,,,,,232967.0,2026-06-18T18:00:00.000000
sz300018,sz,,12.54,12.33,12.33,12.65,12.15,0.21,1.7,,,,,,,,,,,18596.0,2026-06-18T18:00:00.000000
sz300019,sz,,18.1,18.5,18.5,18.6,18.04,-0.4,-2.16,,,,,,,,,,,22838.0,2026-06-18T18:00:00.000000
sz300020,sz,,3.3,3.35,3.35,3.36,3.29,-0.05,-1.49,,,,,,,,,,,2387.0,2026-06-18T18:00:00.000000
sz300021,sz,,3.68,3.68,3.68,3.71,3.62,0.0,0.0,,,,,,,,,,,2937.0,2026-06-18T18:00:00.000000
sz300022,sz,,7.44,7.54,7.54,7.56,7.33,-0.1,-1.33,,,,,,,,,,,7497.0,2026-06-18T18:00:00.000000
sz300024,sz,,17.85,17.6,17.6,18.11,17.36,0.25,1.42,,,,,,,,,,,202919.0,2026-06-18T18:00:00.000000
sz300025,sz,,4.52,4.51,4.51,4.61,4.45,0.01,0.22,,,,,,,,,,,5277.0,2026-06-18T18:00:00.000000
sz300026,sz,,3.02,3.01,3.01,3.05,2.99,0.01,0.33,,,,,,,,,,,6515.0,2026-06-18T18:00:00.000000
sz300027,sz,,1.75,1.77,1.77,1.78,1.74,-0.02,-1.13,,,,,,,,,,,7419.0,2026-06-18T18:00:00.000000
sz300029,sz,,0.2,0.2,0.2,0.25,0.18,0.0,0.0,,,,,,,,,,,1755.0,2026-06-18T18:00:00.000000
sz300030,sz,,6.22,6.19,6.19,6.33,6.12,0.03,0.48,,,,,,,,,,,4001.0,2026-06-18T18:00:00.000000
sz300031,sz,,30.62,28.31,28.31,31.6,27.6,2.31,8.16,,,,,,,,,,,172176.0,2026-06-18T18:00:00.000000
sz300032,sz,,4.06,4.14,4.14,4.18,4.04,-0.08,-1.93,,,,,,,,,,,7989.0,2026-06-18T18:00:00.000000
sz300033,sz,,214.69,217.4,217.4,219.0,212.58,-2.71,-1.25,,,,,,,,,,,286437.0,2026-06-18T18:00:00.000000
sz300034,sz,,18.7,18.03,18.03,18.96,17.88,0.67,3.72,,,,,,,,,,,37380.0,2026-06-18T18:00:00.000000
sz300035,sz,,17.37,17.58,17.58,17.92,17.3,-0.21,-1.19,,,,,,,,,,,32072.0,2026-06-18T18:00:00.000000
sz300036,sz,,12.12,12.43,12.43,12.61,12.11,-0.31,-2.49,,,,,,,,,,,18949.0,2026-06-18T18:00:00.000000
sz300037,sz,,83.29,85.66,85.66,85.8,80.76,-2.37,-2.77,,,,,,,,,,,390436.0,2026-06-18T18:00:00.000000
sz300039,sz,,4.26,4.35,4.35,4.36,4.25,-0.09,-2.07,,,,,,,,,,,5817.0,2026-06-18T18:00:00.000000
sz300040,sz,,6.4,6.79,6.79,6.82,6.36,-0.39,-5.74,,,,,,,,,,,41729.0,2026-06-18T18:00:00.000000
sz300041,sz,,14.5,14.42,14.42,14.68,14.26,0.08,0.55,,,,,,,,,,,65978.0,2026-06-18T18:00:00.000000
sz300042,sz,,70.35,67.01,67.01,72.22,67.01,3.34,4.98,,,,,,,,,,,223865.0,2026-06-18T18:00:00.000000
sz300043,sz,,4.24,4.19,4.19,4.28,4.13,0.05,1.19,,,,,,,,,,,11599.0,2026-06-18T18:00:00.000000
sz300044,sz,,5.45,5.41,5.41,5.54,5.41,0.04,0.74,,,,,,,,,,,5733.0,2026-06-18T18:00:00.000000
sz300045,sz,,18.25,18.18,18.18,18.56,17.88,0.07,0.39,,,,,,,,,,,33684.0,2026-06-18T18:00:00.000000
sz300046,sz,,30.87,31.0,31.0,31.3,30.55,-0.13,-0.42,,,,,,,,,,,25258.0,2026-06-18T18:00:00.000000
sz300047,sz,,9.89,9.86,9.86,10.04,9.78,0.03,0.3,,,,,,,,,,,12304.0,2026-06-18T18:00:00.000000
sz300048,sz,,5.07,5.1,5.1,5.15,5.01,-0.03,-0.59,,,,,,,,,,,7081.0,2026-06-18T18:00:00.000000
sz300049,sz,,40.25,41.0,41.0,41.82,40.19,-0.75,-1.83,,,,,,,,,,,25971.0,2026-06-18T18:00:00.000000
sz300050,sz,,6.74,6.9,6.9,6.99,6.7,-0.16,-2.32,,,,,,,,,,,16518.0,2026-06-18T18:00:00.000000
sz300051,sz,,9.34,9.73,9.73,9.73,9.3,-0.39,-4.01,,,,,,,,,,,20769.0,2026-06-18T18:00:00.000000
sz300052,sz,,11.88,12.28,12.28,12.52,11.88,-0.4,-3.26,,,,,,,,,,,23526.0,2026-06-18T18:00:00.000000
sz300053,sz,,16.42,16.36,16.36,16.65,16.0,0.06,0.37,,,,,,,,,,,46182.0,2026-06-18T18:00:00.000000
sz300054,sz,,92.18,90.6,90.6,92.69,89.57,1.58,1.74,,,,,,,,,,,449299.0,2026-06-18T18:00:00.000000
sz300055,sz,,7.61,7.6,7.6,7.78,7.41,0.01,0.13,,,,,,,,,,,14654.0,2026-06-18T18:00:00.000000
sz300056,sz,,8.27,8.09,8.09,8.48,7.92,0.18,2.22,,,,,,,,,,,25648.0,2026-06-18T18:00:00.000000
sz300057,sz,,9.33,9.14,9.14,9.37,8.98,0.19,2.08,,,,,,,,,,,73802.0,2026-06-18T18:00:00.000000
sz300058,sz,,15.25,14.85,14.85,15.6,14.65,0.4,2.69,,,,,,,,,,,481511.0,2026-06-18T18:00:00.000000
sz300059,sz,,18.6,18.95,18.95,19.12,18.53,-0.35,-1.85,,,,,,,,,,,618062.0,2026-06-18T18:00:00.000000
sz300061,sz,,7.49,7.69,7.69,7.69,7.46,-0.2,-2.6,,,,,,,,,,,13432.0,2026-06-18T18:00:00.000000
sz300062,sz,,6.08,6.2,6.2,6.2,6.01,-0.12,-1.94,,,,,,,,,,,9522.0,2026-06-18T18:00:00.000000
sz300063,sz,,9.45,9.39,9.39,9.63,9.23,0.06,0.64,,,,,,,,,,,27051.0,2026-06-18T18:00:00.000000
sz300065,sz,,18.8,18.81,18.81,19.15,18.53,-0.01,-0.05,,,,,,,,,,,61439.0,2026-06-18T18:00:00.000000
sz300066,sz,,6.95,6.21,6.21,6.97,6.18,0.74,11.92,,,,,,,,,,,89723.0,2026-06-18T18:00:00.000000
sz300067,sz,,5.59,5.52,5.52,5.73,5.42,0.07,1.27,,,,,,,,,,,30950.0,2026-06-18T18:00:00.000000
sz300068,sz,,4.15,4.3,4.3,4.53,4.14,-0.15,-3.49,,,,,,,,,,,34622.0,2026-06-18T18:00:00.000000
sz300069,sz,,33.98,35.8,35.8,35.8,33.6,-1.82,-5.08,,,,,,,,,,,46193.0,2026-06-18T18:00:00.000000
sz300070,sz,,3.37,3.41,3.41,3.45,3.35,-0.04,-1.17,,,,,,,,,,,10460.0,2026-06-18T18:00:00.000000
sz300071,sz,,3.8,3.8,3.8,3.83,3.66,0.0,0.0,,,,,,,,,,,9986.0,2026-06-18T18:00:00.000000
sz300072,sz,,3.42,3.45,3.45,3.45,3.38,-0.03,-0.87,,,,,,,,,,,10271.0,2026-06-18T18:00:00.000000
sz300073,sz,,51.79,52.15,52.15,52.8,51.36,-0.36,-0.69,,,,,,,,,,,62798.0,2026-06-18T18:00:00.000000
sz300074,sz,,3.72,3.7,3.7,3.77,3.61,0.02,0.54,,,,,,,,,,,7571.0,2026-06-18T18:00:00.000000
sz300075,sz,,11.25,11.29,11.29,11.55,11.16,-0.04,-0.35,,,,,,,,,,,10983.0,2026-06-18T18:00:00.000000
sz300076,sz,,4.73,4.83,4.83,4.96,4.59,-0.1,-2.07,,,,,,,,,,,5853.0,2026-06-18T18:00:00.000000
sz300077,sz,,23.33,23.2,23.2,23.77,22.83,0.13,0.56,,,,,,,,,,,90763.0,2026-06-18T18:00:00.000000
sz300078,sz,,3.18,3.16,3.16,3.19,3.09,0.02,0.63,,,,,,,,,,,6352.0,2026-06-18T18:00:00.000000
sz300079,sz,,4.51,4.55,4.55,4.61,4.47,-0.04,-0.88,,,,,,,,,,,11179.0,2026-06-18T18:00:00.000000
sz300080,sz,,3.78,3.86,3.86,3.87,3.73,-0.08,-2.07,,,,,,,,,,,6296.0,2026-06-18T18:00:00.000000
sz300081,sz,,3.92,4.03,4.03,4.07,3.92,-0.11,-2.73,,,,,,,,,,,3656.0,2026-06-18T18:00:00.000000
sz300082,sz,,9.32,9.71,9.71,9.84,9.23,-0.39,-4.02,,,,,,,,,,,17379.0,2026-06-18T18:00:00.000000
sz300083,sz,,11.7,11.2,11.2,11.91,11.14,0.5,4.46,,,,,,,,,,,132190.0,2026-06-18T18:00:00.000000
sz300084,sz,,11.8,11.62,11.62,11.88,11.51,0.18,1.55,,,,,,,,,,,13394.0,2026-06-18T18:00:00.000000
sz300085,sz,,26.96,27.61,27.61,27.73,26.83,-0.65,-2.35,,,,,,,,,,,87771.0,2026-06-18T18:00:00.000000
sz300086,sz,,6.05,6.05,6.05,6.18,5.97,0.0,0.0,,,,,,,,,,,7085.0,2026-06-18T18:00:00.000000
sz300087,sz,,6.81,6.81,6.81,6.92,6.72,0.0,0.0,,,,,,,,,,,6478.0,2026-06-18T18:00:00.000000
sz300088,sz,,10.37,10.5,10.5,10.97,9.77,-0.13,-1.24,,,,,,,,,,,671217.0,2026-06-18T18:00:00.000000
sz300091,sz,,2.69,2.68,2.68,2.76,2.67,0.01,0.37,,,,,,,,,,,3385.0,2026-06-18T18:00:00.000000
sz300092,sz,,12.8,12.73,12.73,12.9,12.46,0.07,0.55,,,,,,,,,,,4222.0,2026-06-18T18:00:00.000000
sz300093,sz,,23.15,24.15,24.15,24.25,22.94,-1.0,-4.14,,,,,,,,,,,22255.0,2026-06-18T18:00:00.000000
sz300094,sz,,2.65,2.7,2.7,2.7,2.63,-0.05,-1.85,,,,,,,,,,,6902.0,2026-06-18T18:00:00.000000
sz300095,sz,,8.87,8.75,8.75,8.96,8.63,0.12,1.37,,,,,,,,,,,7030.0,2026-06-18T18:00:00.000000
sz300096,sz,,9.8,9.97,9.97,9.97,9.61,-0.17,-1.71,,,,,,,,,,,6830.0,2026-06-18T18:00:00.000000
sz300097,sz,,9.51,9.8,9.8,9.8,9.35,-0.29,-2.96,,,,,,,,,,,10907.0,2026-06-18T18:00:00.000000
sz300098,sz,,4.96,4.96,4.96,5.02,4.92,0.0,0.0,,,,,,,,,,,16005.0,2026-06-18T18:00:00.000000
sz300099,sz,,7.3,7.83,7.83,7.96,7.2,-0.53,-6.77,,,,,,,,,,,49771.0,2026-06-18T18:00:00.000000
sz300100,sz,,31.69,28.29,28.29,32.42,28.02,3.4,12.02,,,,,,,,,,,89875.0,2026-06-18T18:00:00.000000
sz300101,sz,,16.19,16.17,16.17,16.53,16.01,0.02,0.12,,,,,,,,,,,13800.0,2026-06-18T18:00:00.000000
sz300102,sz,,24.62,24.54,24.54,24.9,24.07,0.08,0.33,,,,,,,,,,,82805.0,2026-06-18T18:00:00.000000
sz300103,sz,,8.65,8.19,8.19,8.9,8.05,0.46,5.62,,,,,,,,,,,13205.0,2026-06-18T18:00:00.000000
sz300105,sz,,7.02,7.01,7.01,7.1,6.89,0.01,0.14,,,,,,,,,,,18235.0,2026-06-18T18:00:00.000000
sz300106,sz,,11.08,11.29,11.29,11.41,10.96,-0.21,-1.86,,,,,,,,,,,8088.0,2026-06-18T18:00:00.000000
sz300107,sz,,5.97,6.18,6.18,6.21,5.95,-0.21,-3.4,,,,,,,,,,,4675.0,2026-06-18T18:00:00.000000
sz300109,sz,,18.62,17.32,17.32,18.9,17.31,1.3,7.51,,,,,,,,,,,33295.0,2026-06-18T18:00:00.000000
sz300110,sz,,2.59,2.56,2.56,2.61,2.52,0.03,1.17,,,,,,,,,,,4273.0,2026-06-18T18:00:00.000000
sz300111,sz,,3.08,3.08,3.08,3.13,3.04,0.0,0.0,,,,,,,,,,,7064.0,2026-06-18T18:00:00.000000
sz300112,sz,,6.58,6.54,6.54,6.68,6.42,0.04,0.61,,,,,,,,,,,4716.0,2026-06-18T18:00:00.000000
sz300113,sz,,20.18,19.88,19.88,20.48,19.64,0.3,1.51,,,,,,,,,,,52859.0,2026-06-18T18:00:00.000000
sz300115,sz,,31.19,30.51,30.51,31.78,30.5,0.68,2.23,,,,,,,,,,,135032.0,2026-06-18T18:00:00.000000
sz300118,sz,,13.31,13.6,13.6,13.65,13.29,-0.29,-2.13,,,,,,,,,,,63655.0,2026-06-18T18:00:00.000000
sz300119,sz,,15.2,15.3,15.3,15.43,15.07,-0.1,-0.65,,,,,,,,,,,2845.0,2026-06-18T18:00:00.000000
sz300120,sz,,8.51,9.23,9.23,9.23,8.48,-0.72,-7.8,,,,,,,,,,,67466.0,2026-06-18T18:00:00.000000
sz300121,sz,,11.97,12.28,12.28,12.48,11.91,-0.31,-2.52,,,,,,,,,,,23795.0,2026-06-18T18:00:00.000000
sz300122,sz,,12.21,12.6,12.6,12.69,12.2,-0.39,-3.1,,,,,,,,,,,31512.0,2026-06-18T18:00:00.000000
sz300123,sz,,4.06,4.13,4.13,4.18,4.05,-0.07,-1.69,,,,,,,,,,,11830.0,2026-06-18T18:00:00.000000
sz300124,sz,,71.18,69.58,69.58,72.36,69.25,1.6,2.3,,,,,,,,,,,276309.0,2026-06-18T18:00:00.000000
sz300125,sz,,9.94,9.6,9.6,10.08,9.43,0.34,3.54,,,,,,,,,,,6171.0,2026-06-18T18:00:00.000000
sz300126,sz,,6.14,6.16,6.16,6.25,6.0,-0.02,-0.32,,,,,,,,,,,4468.0,2026-06-18T18:00:00.000000
sz300127,sz,,30.16,29.03,29.03,30.58,28.86,1.13,3.89,,,,,,,,,,,30621.0,2026-06-18T18:00:00.000000
sz300128,sz,,6.18,6.09,6.09,6.52,6.05,0.09,1.48,,,,,,,,,,,38722.0,2026-06-18T18:00:00.000000
sz300129,sz,,9.21,9.26,9.26,9.47,9.18,-0.05,-0.54,,,,,,,,,,,13344.0,2026-06-18T18:00:00.000000
sz300130,sz,,20.73,21.55,21.55,22.05,20.66,-0.82,-3.81,,,,,,,,,,,46804.0,2026-06-18T18:00:00.000000
sz300131,sz,,18.86,18.75,18.75,19.17,18.25,0.11,0.59,,,,,,,,,,,132028.0,2026-06-18T18:00:00.000000
sz300132,sz,,5.99,6.08,6.08,6.1,5.93,-0.09,-1.48,,,,,,,,,,,7915.0,2026-06-18T18:00:00.000000
sz300133,sz,,7.36,7.31,7.31,7.48,7.25,0.05,0.68,,,,,,,,,,,60158.0,2026-06-18T18:00:00.000000
sz300134,sz,,10.02,10.03,10.03,10.22,9.9,-0.01,-0.1,,,,,,,,,,,9883.0,2026-06-18T18:00:00.000000
sz300135,sz,,3.19,3.26,3.26,3.27,3.15,-0.07,-2.15,,,,,,,,,,,6246.0,2026-06-18T18:00:00.000000
sz300136,sz,,107.45,102.5,102.5,110.8,101.58,4.95,4.83,,,,,,,,,,,1299100.0,2026-06-18T18:00:00.000000
sz300137,sz,,17.57,17.01,17.01,17.73,16.93,0.56,3.29,,,,,,,,,,,37910.0,2026-06-18T18:00:00.000000
sz300138,sz,,9.71,9.72,9.72,9.88,9.65,-0.01,-0.1,,,,,,,,,,,3831.0,2026-06-18T18:00:00.000000
sz300139,sz,,42.78,43.5,43.5,44.3,42.32,-0.72,-1.66,,,,,,,,,,,102616.0,2026-06-18T18:00:00.000000
sz300140,sz,,5.25,5.4,5.4,5.4,5.22,-0.15,-2.78,,,,,,,,,,,6975.0,2026-06-18T18:00:00.000000
sz300141,sz,,10.22,10.28,10.28,10.43,10.18,-0.06,-0.58,,,,,,,,,,,4714.0,2026-06-18T18:00:00.000000
sz300142,sz,,12.44,11.99,11.99,12.56,11.93,0.45,3.75,,,,,,,,,,,84646.0,2026-06-18T18:00:00.000000
sz300143,sz,,6.97,6.89,6.89,7.06,6.88,0.08,1.16,,,,,,,,,,,6170.0,2026-06-18T18:00:00.000000
sz300144,sz,,6.09,6.13,6.13,6.16,6.05,-0.04,-0.65,,,,,,,,,,,15317.0,2026-06-18T18:00:00.000000
sz300145,sz,,5.64,5.54,5.54,5.84,5.4,0.1,1.81,,,,,,,,,,,114357.0,2026-06-18T18:00:00.000000
sz300146,sz,,9.82,9.69,9.69,9.87,9.57,0.13,1.34,,,,,,,,,,,11219.0,2026-06-18T18:00:00.000000
sz300147,sz,,9.9,9.12,9.12,10.0,9.04,0.78,8.55,,,,,,,,,,,13300.0,2026-06-18T18:00:00.000000
sz300148,sz,,3.24,3.25,3.25,3.28,3.18,-0.01,-0.31,,,,,,,,,,,5480.0,2026-06-18T18:00:00.000000
sz300149,sz,,7.65,7.55,7.55,7.77,7.46,0.1,1.32,,,,,,,,,,,8697.0,2026-06-18T18:00:00.000000
sz300150,sz,,4.14,4.1,4.1,4.17,4.01,0.04,0.98,,,,,,,,,,,3726.0,2026-06-18T18:00:00.000000
sz300151,sz,,22.77,23.48,23.48,23.51,22.5,-0.71,-3.02,,,,,,,,,,,47618.0,2026-06-18T18:00:00.000000
sz300152,sz,,1.7,1.74,1.74,1.76,1.7,-0.04,-2.3,,,,,,,,,,,3045.0,2026-06-18T18:00:00.000000
sz300153,sz,,25.55,25.23,25.23,25.6,25.05,0.32,1.27,,,,,,,,,,,20732.0,2026-06-18T18:00:00.000000
sz300154,sz,,9.04,9.15,9.15,9.31,9.04,-0.11,-1.2,,,,,,,,,,,6644.0,2026-06-18T18:00:00.000000
sz300155,sz,,4.28,4.16,4.16,4.37,4.1,0.12,2.88,,,,,,,,,,,6128.0,2026-06-18T18:00:00.000000
sz300157,sz,,4.05,4.06,4.06,4.09,3.95,-0.01,-0.25,,,,,,,,,,,11681.0,2026-06-18T18:00:00.000000
sz300158,sz,,4.81,4.81,4.81,4.89,4.67,0.0,0.0,,,,,,,,,,,4347.0,2026-06-18T18:00:00.000000
sz300159,sz,,0.0,0.0,0.0,0.0,0.0,0.0,0,,,,,,,,,,,0.0,2026-06-18T18:00:00.000000
sz300160,sz,,4.52,4.65,4.65,4.68,4.5,-0.13,-2.8,,,,,,,,,,,4254.0,2026-06-18T18:00:00.000000
sz300161,sz,,32.68,31.07,31.07,33.48,30.91,1.61,5.18,,,,,,,,,,,23738.0,2026-06-18T18:00:00.000000
sz300162,sz,,11.15,11.08,11.08,11.29,10.85,0.07,0.63,,,,,,,,,,,70511.0,2026-06-18T18:00:00.000000
sz300163,sz,,6.29,6.25,6.25,6.34,6.13,0.04,0.64,,,,,,,,,,,12700.0,2026-06-18T18:00:00.000000
sz300164,sz,,8.96,8.89,8.89,9.13,8.72,0.07,0.79,,,,,,,,,,,42512.0,2026-06-18T18:00:00.000000
sz300165,sz,,6.07,6.24,6.24,6.35,6.02,-0.17,-2.72,,,,,,,,,,,14373.0,2026-06-18T18:00:00.000000
sz300166,sz,,18.7,15.65,15.65,18.7,15.65,3.05,19.49,,,,,,,,,,,348730.0,2026-06-18T18:00:00.000000
sz300167,sz,,4.54,4.62,4.62,4.69,4.53,-0.08,-1.73,,,,,,,,,,,2548.0,2026-06-18T18:00:00.000000
sz300168,sz,,4.82,4.81,4.81,4.87,4.74,0.01,0.21,,,,,,,,,,,7947.0,2026-06-18T18:00:00.000000
sz300169,sz,,5.12,5.2,5.2,5.32,5.06,-0.08,-1.54,,,,,,,,,,,6706.0,2026-06-18T18:00:00.000000
sz300170,sz,,17.88,17.44,17.44,18.28,17.35,0.44,2.52,,,,,,,,,,,117754.0,2026-06-18T18:00:00.000000
sz300171,sz,,11.33,11.4,11.4,11.58,11.23,-0.07,-0.61,,,,,,,,,,,7379.0,2026-06-18T18:00:00.000000
sz300172,sz,,4.43,4.58,4.58,4.58,4.43,-0.15,-3.28,,,,,,,,,,,8093.0,2026-06-18T18:00:00.000000
sz300173,sz,,3.61,3.7,3.7,3.7,3.6,-0.09,-2.43,,,,,,,,,,,2454.0,2026-06-18T18:00:00.000000
sz300174,sz,,28.66,27.88,27.88,30.2,27.5,0.78,2.8,,,,,,,,,,,163809.0,2026-06-18T18:00:00.000000
sz300175,sz,,4.99,5.03,5.03,5.13,4.98,-0.04,-0.8,,,,,,,,,,,4139.0,2026-06-18T18:00:00.000000
sz300176,sz,,5.17,5.14,5.14,5.2,5.09,0.03,0.58,,,,,,,,,,,4172.0,2026-06-18T18:00:00.000000
sz300177,sz,,6.78,7.0,7.0,7.01,6.77,-0.22,-3.14,,,,,,,,,,,8141.0,2026-06-18T18:00:00.000000
sz300179,sz,,47.9,46.75,46.75,51.78,46.46,1.15,2.46,,,,,,,,,,,426520.0,2026-06-18T18:00:00.000000
sz300180,sz,,4.44,4.64,4.64,4.65,4.44,-0.2,-4.31,,,,,,,,,,,24321.0,2026-06-18T18:00:00.000000
sz300181,sz,,12.83,13.0,13.0,13.12,12.74,-0.17,-1.31,,,,,,,,,,,15745.0,2026-06-18T18:00:00.000000
sz300182,sz,,5.46,5.46,5.46,5.59,5.42,0.0,0.0,,,,,,,,,,,59091.0,2026-06-18T18:00:00.000000
sz300183,sz,,11.16,11.07,11.07,11.25,11.0,0.09,0.81,,,,,,,,,,,7278.0,2026-06-18T18:00:00.000000
sz300184,sz,,17.18,17.06,17.06,17.44,16.8,0.12,0.7,,,,,,,,,,,197200.0,2026-06-18T18:00:00.000000
sz300185,sz,,2.78,2.75,2.75,2.78,2.69,0.03,1.09,,,,,,,,,,,26481.0,2026-06-18T18:00:00.000000
sz300187,sz,,4.92,5.01,5.01,5.03,4.89,-0.09,-1.8,,,,,,,,,,,5033.0,2026-06-18T18:00:00.000000
sz300188,sz,,10.21,10.18,10.18,10.33,10.17,0.03,0.29,,,,,,,,,,,7587.0,2026-06-18T18:00:00.000000
sz300189,sz,,4.79,4.73,4.73,4.82,4.58,0.06,1.27,,,,,,,,,,,23532.0,2026-06-18T18:00:00.000000
sz300190,sz,,4.18,4.3,4.3,4.3,4.14,-0.12,-2.79,,,,,,,,,,,11246.0,2026-06-18T18:00:00.000000
sz300191,sz,,29.82,29.36,29.36,30.28,29.13,0.46,1.57,,,,,,,,,,,20016.0,2026-06-18T18:00:00.000000
sz300192,sz,,16.61,16.86,16.86,16.97,16.43,-0.25,-1.48,,,,,,,,,,,13054.0,2026-06-18T18:00:00.000000
sz300193,sz,,8.16,8.37,8.37,8.43,8.1,-0.21,-2.51,,,,,,,,,,,6773.0,2026-06-18T18:00:00.000000
sz300194,sz,,3.5,3.52,3.52,3.55,3.46,-0.02,-0.57,,,,,,,,,,,2838.0,2026-06-18T18:00:00.000000
sz300195,sz,,5.35,5.37,5.37,5.44,5.26,-0.02,-0.37,,,,,,,,,,,4139.0,2026-06-18T18:00:00.000000
sz300196,sz,,29.86,29.88,29.88,30.5,28.57,-0.02,-0.07,,,,,,,,,,,170624.0,2026-06-18T18:00:00.000000
sz300197,sz,,2.27,2.29,2.29,2.32,2.19,-0.02,-0.87,,,,,,,,,,,39556.0,2026-06-18T18:00:00.000000
sz300198,sz,,2.33,2.36,2.36,2.41,2.32,-0.03,-1.27,,,,,,,,,,,2608.0,2026-06-18T18:00:00.000000
sz300199,sz,,22.0,21.99,21.99,22.4,21.61,0.01,0.05,,,,,,,,,,,66576.0,2026-06-18T18:00:00.000000
sz300200,sz,,9.49,9.72,9.72,9.77,9.43,-0.23,-2.37,,,,,,,,,,,11676.0,2026-06-18T18:00:00.000000
sz300201,sz,,18.79,18.66,18.66,19.23,18.33,0.13,0.7,,,,,,,,,,,71877.0,2026-06-18T18:00:00.000000
sz300203,sz,,13.05,13.26,13.26,13.38,12.89,-0.21,-1.58,,,,,,,,,,,15800.0,2026-06-18T18:00:00.000000
sz300204,sz,,20.5,19.98,19.98,21.68,19.71,0.52,2.6,,,,,,,,,,,61966.0,2026-06-18T18:00:00.000000
sz300205,sz,,5.41,5.58,5.58,5.58,5.37,-0.17,-3.05,,,,,,,,,,,1638.0,2026-06-18T18:00:00.000000
sz300206,sz,,13.57,13.38,13.38,13.72,13.33,0.19,1.42,,,,,,,,,,,12539.0,2026-06-18T18:00:00.000000
sz300207,sz,,20.8,20.96,20.96,21.2,20.6,-0.16,-0.76,,,,,,,,,,,92724.0,2026-06-18T18:00:00.000000
sz300209,sz,,28.68,28.63,28.63,30.0,27.62,0.05,0.17,,,,,,,,,,,230886.0,2026-06-18T18:00:00.000000
sz300210,sz,,9.48,9.7,9.7,9.7,9.37,-0.22,-2.27,,,,,,,,,,,11933.0,2026-06-18T18:00:00.000000
sz300211,sz,,7.93,7.84,7.84,8.03,7.8,0.09,1.15,,,,,,,,,,,3081.0,2026-06-18T18:00:00.000000
sz300212,sz,,10.38,9.99,9.99,10.7,9.93,0.39,3.9,,,,,,,,,,,26788.0,2026-06-18T18:00:00.000000
sz300215,sz,,6.87,7.06,7.06,7.08,6.82,-0.19,-2.69,,,,,,,,,,,9915.0,2026-06-18T18:00:00.000000
sz300217,sz,,0.0,0.0,0.0,0.0,0.0,0.0,0,,,,,,,,,,,0.0,2026-06-18T18:00:00.000000
sz300218,sz,,0.0,0.0,0.0,0.0,0.0,0.0,0,,,,,,,,,,,0.0,2026-06-18T18:00:00.000000
sz300219,sz,,0.0,0.0,0.0,0.0,0.0,0.0,0,,,,,,,,,,,0.0,2026-06-18T18:00:00.000000
sz300220,sz,,0.0,0.0,0.0,0.0,0.0,0.0,0,,,,,,,,,,,0.0,2026-06-18T18:00:00.000000
sz300228,sz,,0.0,0.0,0.0,0.0,0.0,0.0,0,,,,,,,,,,,0.0,2026-06-18T18:00:00.000000
sz300229,sz,,0.0,0.0,0.0,0.0,0.0,0.0,0,,,,,,,,,,,0.0,2026-06-18T18:00:00.000000
sz300242,sz,,0.0,0.0,0.0,0.0,0.0,0.0,0,,,,,,,,,,,0.0,2026-06-18T18:00:00.000000
sz300243,sz,,0.0,0.0,0.0,0.0,0.0,0.0,0,,,,,,,,,,,0.0,2026-06-18T18:00:00.000000
sz300244,sz,,0.0,0.0,0.0,0.0,0.0,0.0,0,,,,,,,,,,,0.0,2026-06-18T18:00:00.000000
sz300245,sz,,0.0,0.0,0.0,0.0,0.0,0.0,0,,,,,,,,,,,0.0,2026-06-18T18:00:00.000000
sz300246,sz,,18.99,18.51,18.51,19.33,18.25,0.48,2.59,,,,,,,,,,,25456.0,2026-06-18T18:00:00.000000
sz300247,sz,,3.85,4.01,4.01,4.03,3.85,-0.16,-3.99,,,,,,,,,,,7666.0,2026-06-18T18:00:00.000000
sz300248,sz,,8.29,8.4,8.4,8.53,8.24,-0.11,-1.31,,,,,,,,,,,6356.0,2026-06-18T18:00:00.000000
sz300249,sz,,17.36,17.35,17.35,18.01,17.32,0.01,0.06,,,,,,,,,,,52688.0,2026-06-18T18:00:00.000000
sz300250,sz,,15.58,15.27,15.27,15.82,15.21,0.31,2.03,,,,,,,,,,,6304.0,2026-06-18T18:00:00.000000
sz300251,sz,,11.32,11.37,11.37,11.43,11.18,-0.05,-0.44,,,,,,,,,,,33525.0,2026-06-18T18:00:00.000000
sz300252,sz,,17.89,17.73,17.73,18.11,17.55,0.16,0.9,,,,,,,,,,,97843.0,2026-06-18T18:00:00.000000
sz300253,sz,,7.14,7.02,7.02,7.33,6.98,0.12,1.71,,,,,,,,,,,44388.0,2026-06-18T18:00:00.000000
sz300254,sz,,8.88,9.0,9.0,9.12,8.74,-0.12,-1.33,,,,,,,,,,,8247.0,2026-06-18T18:00:00.000000
sz300255,sz,,25.85,25.73,25.73,27.25,24.6,0.12,0.47,,,,,,,,,,,140010.0,2026-06-18T18:00:00.000000
sz300256,sz,,2.83,2.93,2.93,2.95,2.82,-0.1,-3.41,,,,,,,,,,,10832.0,2026-06-18T18:00:00.000000
sz300257,sz,,27.96,29.14,29.14,29.36,27.84,-1.18,-4.05,,,,,,,,,,,31814.0,2026-06-18T18:00:00.000000
sz300258,sz,,12.49,12.43,12.43,12.75,12.43,0.06,0.48,,,,,,,,,,,18931.0,2026-06-18T18:00:00.000000
sz300259,sz,,5.6,5.74,5.74,5.83,5.58,-0.14,-2.44,,,,,,,,,,,20562.0,2026-06-18T18:00:00.000000
sz300260,sz,,82.97,76.51,76.51,83.33,75.75,6.46,8.44,,,,,,,,,,,261973.0,2026-06-18T18:00:00.000000
sz300261,sz,,4.6,4.64,4.64,4.7,4.55,-0.04,-0.86,,,,,,,,,,,5298.0,2026-06-18T18:00:00.000000
sz300263,sz,,16.26,16.65,16.65,17.19,15.91,-0.39,-2.34,,,,,,,,,,,213351.0,2026-06-18T18:00:00.000000
sz300264,sz,,8.81,8.71,8.71,9.02,8.65,0.1,1.15,,,,,,,,,,,19308.0,2026-06-18T18:00:00.000000
sz300265,sz,,23.99,23.4,23.4,24.36,23.25,0.59,2.52,,,,,,,,,,,144548.0,2026-06-18T18:00:00.000000
sz300266,sz,,2.0,1.99,1.99,2.01,1.97,0.01,0.5,,,,,,,,,,,1855.0,2026-06-18T18:00:00.000000
sz300267,sz,,3.32,3.4,3.4,3.44,3.3,-0.08,-2.35,,,,,,,,,,,12921.0,2026-06-18T18:00:00.000000
sz300268,sz,,11.08,11.12,11.12,11.18,10.84,-0.04,-0.36,,,,,,,,,,,1956.0,2026-06-18T18:00:00.000000
sz300269,sz,,4.88,5.1,5.1,5.12,4.85,-0.22,-4.31,,,,,,,,,,,12053.0,2026-06-18T18:00:00.000000
sz300270,sz,,11.65,11.99,11.99,12.05,11.57,-0.34,-2.84,,,,,,,,,,,9141.0,2026-06-18T18:00:00.000000
sz300271,sz,,5.29,5.26,5.26,5.34,5.17,0.03,0.57,,,,,,,,,,,4262.0,2026-06-18T18:00:00.000000
sz300272,sz,,5.83,5.75,5.75,5.92,5.53,0.08,1.39,,,,,,,,,,,7833.0,2026-06-18T18:00:00.000000
sz300274,sz,,146.98,148.16,148.16,151.68,145.25,-1.18,-0.8,,,,,,,,,,,904425.0,2026-06-18T18:00:00.000000
sz300275,sz,,8.66,8.71,8.71,8.83,8.61,-0.05,-0.57,,,,,,,,,,,6736.0,2026-06-18T18:00:00.000000
sz300276,sz,,7.91,7.73,7.73,8.04,7.65,0.18,2.33,,,,,,,,,,,51469.0,2026-06-18T18:00:00.000000
sz300277,sz,,14.7,14.71,14.71,15.13,14.6,-0.01,-0.07,,,,,,,,,,,37110.0,2026-06-18T18:00:00.000000
sz300278,sz,,4.36,4.39,4.39,4.45,4.32,-0.03,-0.68,,,,,,,,,,,8200.0,2026-06-18T18:00:00.000000
sz300279,sz,,6.95,7.31,7.31,7.33,6.87,-0.36,-4.92,,,,,,,,,,,12011.0,2026-06-18T18:00:00.000000
sz300281,sz,,6.86,6.8,6.8,6.93,6.72,0.06,0.88,,,,,,,,,,,7727.0,2026-06-18T18:00:00.000000
sz300283,sz,,22.25,21.7,21.7,22.5,20.61,0.55,2.53,,,,,,,,,,,235432.0,2026-06-18T18:00:00.000000
sz300284,sz,,5.55,5.52,5.52,5.61,5.44,0.03,0.54,,,,,,,,,,,5160.0,2026-06-18T18:00:00.000000
sz300285,sz,,89.53,82.2,82.2,91.88,82.2,7.33,8.92,,,,,,,,,,,1373385.0,2026-06-18T18:00:00.000000
sz300286,sz,,28.09,28.69,28.69,29.3,28.0,-0.6,-2.09,,,,,,,,,,,22958.0,2026-06-18T18:00:00.000000
sz300287,sz,,3.53,3.51,3.51,3.56,3.45,0.02,0.57,,,,,,,,,,,8098.0,2026-06-18T18:00:00.000000
sz300288,sz,,9.38,9.42,9.42,9.58,9.31,-0.04,-0.42,,,,,,,,,,,4030.0,2026-06-18T18:00:00.000000
sz300289,sz,,5.87,5.78,5.78,5.88,5.66,0.09,1.56,,,,,,,,,,,5527.0,2026-06-18T18:00:00.000000
sz300290,sz,,9.5,9.56,9.56,9.74,9.47,-0.06,-0.63,,,,,,,,,,,15184.0,2026-06-18T18:00:00.000000
sz300291,sz,,5.05,5.08,5.08,5.24,4.99,-0.03,-0.59,,,,,,,,,,,14560.0,2026-06-18T18:00:00.000000
sz300292,sz,,6.41,6.39,6.39,6.7,6.38,0.02,0.31,,,,,,,,,,,106612.0,2026-06-18T18:00:00.000000
sz300293,sz,,17.8,17.48,17.48,18.42,16.97,0.32,1.83,,,,,,,,,,,21265.0,2026-06-18T18:00:00.000000
sz300294,sz,,15.68,15.76,15.76,16.1,15.5,-0.08,-0.51,,,,,,,,,,,9990.0,2026-06-18T18:00:00.000000
sz300295,sz,,10.73,10.78,10.78,11.05,10.67,-0.05,-0.46,,,,,,,,,,,3152.0,2026-06-18T18:00:00.000000
sz300296,sz,,6.72,6.85,6.85,6.92,6.7,-0.13,-1.9,,,,,,,,,,,73628.0,2026-06-18T18:00:00.000000
sz300298,sz,,14.29,14.45,14.45,14.65,14.28,-0.16,-1.11,,,,,,,,,,,5779.0,2026-06-18T18:00:00.000000
sz300299,sz,,5.09,5.08,5.08,5.14,4.99,0.01,0.2,,,,,,,,,,,6350.0,2026-06-18T18:00:00.000000
sz300300,sz,,8.37,8.69,8.69,8.73,8.35,-0.32,-3.68,,,,,,,,,,,29169.0,2026-06-18T18:00:00.000000
sz300301,sz,,3.16,3.26,3.26,3.27,3.12,-0.1,-3.07,,,,,,,,,,,3959.0,2026-06-18T18:00:00.000000
sz300302,sz,,50.9,50.63,50.63,52.15,49.71,0.27,0.53,,,,,,,,,,,310357.0,2026-06-18T18:00:00.000000
sz300303,sz,,9.62,9.69,9.69,9.83,9.56,-0.07,-0.72,,,,,,,,,,,95979.0,2026-06-18T18:00:00.000000
sz300304,sz,,18.28,17.49,17.49,18.79,17.48,0.79,4.52,,,,,,,,,,,88960.0,2026-06-18T18:00:00.000000
sz300305,sz,,7.86,7.99,7.99,8.04,7.69,-0.13,-1.63,,,,,,,,,,,26176.0,2026-06-18T18:00:00.000000
sz300306,sz,,10.1,10.24,10.24,10.3,10.0,-0.14,-1.37,,,,,,,,,,,2662.0,2026-06-18T18:00:00.000000
sz300307,sz,,8.14,7.81,7.81,8.68,7.8,0.33,4.23,,,,,,,,,,,58996.0,2026-06-18T18:00:00.000000
sz300308,sz,,1367.88,1270.0,1270.0,1368.5,1268.73,97.88,7.71,,,,,,,,,,,3817655.0,2026-06-18T18:00:00.000000
sz300310,sz,,4.66,4.68,4.68,4.74,4.6,-0.02,-0.43,,,,,,,,,,,10784.0,2026-06-18T18:00:00.000000
sz300311,sz,,5.2,5.25,5.25,5.3,5.15,-0.05,-0.95,,,,,,,,,,,4510.0,2026-06-18T18:00:00.000000
sz300313,sz,,0.0,0.0,0.0,0.0,0.0,0.0,0,,,,,,,,,,,0.0,2026-06-18T18:00:00.000000
sz300314,sz,,9.65,9.61,9.61,10.2,9.61,0.04,0.42,,,,,,,,,,,4663.0,2026-06-18T18:00:00.000000
sz300315,sz,,4.0,4.04,4.04,4.07,3.94,-0.04,-0.99,,,,,,,,,,,19713.0,2026-06-18T18:00:00.000000
sz300316,sz,,53.89,51.52,51.52,55.65,51.3,2.37,4.6,,,,,,,,,,,258651.0,2026-06-18T18:00:00.000000
sz300317,sz,,4.47,4.79,4.79,4.83,4.41,-0.32,-6.68,,,,,,,,,,,34045.0,2026-06-18T18:00:00.000000
sz300318,sz,,4.45,4.47,4.47,4.56,4.43,-0.02,-0.45,,,,,,,,,,,2682.0,2026-06-18T18:00:00.000000
sz300319,sz,,27.76,22.99,22.99,27.76,22.91,4.77,20.75,,,,,,,,,,,458003.0,2026-06-18T18:00:00.000000
sz300320,sz,,9.52,8.8,8.8,9.65,8.66,0.72,8.18,,,,,,,,,,,26201.0,2026-06-18T18:00:00.000000
sz300321,sz,,49.52,44.49,44.49,50.0,42.4,5.03,11.31,,,,,,,,,,,51162.0,2026-06-18T18:00:00.000000
sz300322,sz,,30.73,30.18,30.18,31.41,29.55,0.55,1.82,,,,,,,,,,,147809.0,2026-06-18T18:00:00.000000
sz300323,sz,,16.13,16.47,16.47,16.66,16.01,-0.34,-2.06,,,,,,,,,,,157081.0,2026-06-18T18:00:00.000000
sz300324,sz,,4.0,3.95,3.95,4.12,3.9,0.05,1.27,,,,,,,,,,,20235.0,2026-06-18T18:00:00.000000
sz300326,sz,,6.2,6.28,6.28,6.31,6.16,-0.08,-1.27,,,,,,,,,,,3159.0,2026-06-18T18:00:00.000000
sz300327,sz,,28.8,28.08,28.08,29.0,28.05,0.72,2.56,,,,,,,,,,,63917.0,2026-06-18T18:00:00.000000
sz300328,sz,,18.77,19.57,19.57,19.9,18.66,-0.8,-4.09,,,,,,,,,,,112385.0,2026-06-18T18:00:00.000000
sz300329,sz,,11.92,12.28,12.28,12.37,11.86,-0.36,-2.93,,,,,,,,,,,5322.0,2026-06-18T18:00:00.000000
sz300331,sz,,69.32,71.39,71.39,72.48,68.01,-2.07,-2.9,,,,,,,,,,,146974.0,2026-06-18T18:00:00.000000
sz300332,sz,,4.31,4.35,4.35,4.38,4.25,-0.04,-0.92,,,,,,,,,,,6772.0,2026-06-18T18:00:00.000000
sz300333,sz,,9.02,9.38,9.38,9.55,8.99,-0.36,-3.84,,,,,,,,,,,14538.0,2026-06-18T18:00:00.000000
sz300334,sz,,12.13,12.01,12.01,12.65,11.88,0.12,1.0,,,,,,,,,,,35241.0,2026-06-18T18:00:00.000000
sz300335,sz,,5.19,5.2,5.2,5.22,5.1,-0.01,-0.19,,,,,,,,,,,6189.0,2026-06-18T18:00:00.000000
sz300337,sz,,12.86,12.4,12.4,13.15,12.15,0.46,3.71,,,,,,,,,,,49434.0,2026-06-18T18:00:00.000000
sz300338,sz,,3.23,3.32,3.32,3.39,3.15,-0.09,-2.71,,,,,,,,,,,2692.0,2026-06-18T18:00:00.000000
sz300339,sz,,40.21,39.73,39.73,40.8,39.4,0.48,1.21,,,,,,,,,,,96768.0,2026-06-18T18:00:00.000000
sz300340,sz,,9.15,9.31,9.31,9.35,9.08,-0.16,-1.72,,,,,,,,,,,5052.0,2026-06-18T18:00:00.000000
sz300341,sz,,15.56,15.27,15.27,16.29,15.15,0.29,1.9,,,,,,,,,,,22023.0,2026-06-18T18:00:00.000000
sz300342,sz,,44.74,44.19,44.19,45.7,43.01,0.55,1.24,,,,,,,,,,,140504.0,2026-06-18T18:00:00.000000
sz300343,sz,,5.93,6.19,6.19,6.26,5.89,-0.26,-4.2,,,,,,,,,,,25013.0,2026-06-18T18:00:00.000000
sz300345,sz,,5.75,6.0,6.0,6.0,5.71,-0.25,-4.17,,,,,,,,,,,11181.0,2026-06-18T18:00:00.000000
sz300346,sz,,64.9,64.58,64.58,65.2,63.02,0.32,0.5,,,,,,,,,,,392415.0,2026-06-18T18:00:00.000000
sz300347,sz,,40.12,40.0,40.0,40.88,39.3,0.12,0.3,,,,,,,,,,,77707.0,2026-06-18T18:00:00.000000
sz300348,sz,,9.55,9.71,9.71,9.8,9.5,-0.16,-1.65,,,,,,,,,,,13676.0,2026-06-18T18:00:00.000000
sz300349,sz,,12.38,12.78,12.78,13.0,12.38,-0.4,-3.13,,,,,,,,,,,20537.0,2026-06-18T18:00:00.000000
sz300350,sz,,4.17,4.2,4.2,4.23,4.1,-0.03,-0.71,,,,,,,,,,,5055.0,2026-06-18T18:00:00.000000
sz300351,sz,,19.43,19.93,19.93,20.5,19.1,-0.5,-2.51,,,,,,,,,,,104004.0,2026-06-18T18:00:00.000000
sz300352,sz,,2.94,2.84,2.84,3.08,2.84,0.1,3.52,,,,,,,,,,,14216.0,2026-06-18T18:00:00.000000
sz300353,sz,,22.67,22.02,22.02,22.85,21.98,0.65,2.95,,,,,,,,,,,69157.0,2026-06-18T18:00:00.000000
sz300354,sz,,35.41,34.74,34.74,36.16,34.37,0.67,1.93,,,,,,,,,,,14615.0,2026-06-18T18:00:00.000000
sz300355,sz,,2.89,2.91,2.91,2.92,2.86,-0.02,-0.69,,,,,,,,,,,4436.0,2026-06-18T18:00:00.000000
sz300357,sz,,21.25,20.69,20.69,21.57,20.65,0.56,2.71,,,,,,,,,,,12603.0,2026-06-18T18:00:00.000000
sz300358,sz,,8.05,8.11,8.11,8.2,8.0,-0.06,-0.74,,,,,,,,,,,11719.0,2026-06-18T18:00:00.000000
sz300359,sz,,3.75,3.73,3.73,3.8,3.66,0.02,0.54,,,,,,,,,,,4228.0,2026-06-18T18:00:00.000000
sz300360,sz,,12.15,12.25,12.25,12.38,12.06,-0.1,-0.82,,,,,,,,,,,5386.0,2026-06-18T18:00:00.000000
sz300363,sz,,14.28,14.16,14.16,14.52,13.98,0.12,0.85,,,,,,,,,,,14442.0,2026-06-18T18:00:00.000000
sz300364,sz,,25.06,23.39,23.39,25.28,22.98,1.67,7.14,,,,,,,,,,,174004.0,2026-06-18T18:00:00.000000
sz300365,sz,,5.07,4.8,4.8,5.24,4.74,0.27,5.63,,,,,,,,,,,15264.0,2026-06-18T18:00:00.000000
sz300366,sz,,5.1,5.23,5.23,5.23,5.08,-0.13,-2.49,,,,,,,,,,,3115.0,2026-06-18T18:00:00.000000
sz300368,sz,,8.6,8.88,8.88,8.95,8.6,-0.28,-3.15,,,,,,,,,,,16621.0,2026-06-18T18:00:00.000000
sz300369,sz,,5.77,5.81,5.81,5.9,5.66,-0.04,-0.69,,,,,,,,,,,16042.0,2026-06-18T18:00:00.000000
sz300370,sz,,2.21,2.16,2.16,2.23,2.11,0.05,2.31,,,,,,,,,,,5050.0,2026-06-18T18:00:00.000000
sz300371,sz,,10.43,10.43,10.43,10.59,10.2,0.0,0.0,,,,,,,,,,,2442.0,2026-06-18T18:00:00.000000
sz300373,sz,,123.13,113.5,113.5,126.12,111.88,9.63,8.48,,,,,,,,,,,448465.0,2026-06-18T18:00:00.000000
sz300374,sz,,11.61,12.2,12.2,12.28,11.43,-0.59,-4.84,,,,,,,,,,,16187.0,2026-06-18T18:00:00.000000
sz300375,sz,,4.56,4.84,4.84,4.88,4.44,-0.28,-5.79,,,,,,,,,,,15531.0,2026-06-18T18:00:00.000000
sz300376,sz,,6.04,6.25,6.25,6.32,6.02,-0.21,-3.36,,,,,,,,,,,36882.0,2026-06-18T18:00:00.000000
sz300377,sz,,16.16,16.01,16.01,16.3,15.81,0.15,0.94,,,,,,,,,,,72555.0,2026-06-18T18:00:00.000000
sz300378,sz,,38.16,37.03,37.03,38.95,36.92,1.13,3.05,,,,,,,,,,,46435.0,2026-06-18T18:00:00.000000
sz300380,sz,,30.43,30.75,30.75,31.06,30.21,-0.32,-1.04,,,,,,,,,,,6853.0,2026-06-18T18:00:00.000000
sz300381,sz,,5.89,5.73,5.73,6.09,5.69,0.16,2.79,,,,,,,,,,,6841.0,2026-06-18T18:00:00.000000
sz300382,sz,,16.13,15.55,15.55,16.66,15.36,0.58,3.73,,,,,,,,,,,74252.0,2026-06-18T18:00:00.000000
sz300383,sz,,12.9,12.56,12.56,13.06,12.51,0.34,2.71,,,,,,,,,,,109514.0,2026-06-18T18:00:00.000000
sz300384,sz,,12.67,12.15,12.15,13.06,12.14,0.52,4.28,,,,,,,,,,,12297.0,2026-06-18T18:00:00.000000
sz300385,sz,,13.41,13.2,13.2,14.05,12.93,0.21,1.59,,,,,,,,,,,11454.0,2026-06-18T18:00:00.000000
sz300386,sz,,11.68,12.0,12.0,12.28,11.6,-0.32,-2.67,,,,,,,,,,,31730.0,2026-06-18T18:00:00.000000
sz300387,sz,,7.17,7.18,7.18,7.22,7.02,-0.01,-0.14,,,,,,,,,,,3654.0,2026-06-18T18:00:00.000000
sz300388,sz,,6.9,6.95,6.95,6.95,6.77,-0.05,-0.72,,,,,,,,,,,3599.0,2026-06-18T18:00:00.000000
sz300389,sz,,13.32,13.48,13.48,13.5,13.2,-0.16,-1.19,,,,,,,,,,,5836.0,2026-06-18T18:00:00.000000
sz300390,sz,,89.0,91.26,91.26,94.2,88.39,-2.26,-2.48,,,,,,,,,,,538642.0,2026-06-18T18:00:00.000000
sz300393,sz,,7.93,8.2,8.2,8.21,7.9,-0.27,-3.29,,,,,,,,,,,23384.0,2026-06-18T18:00:00.000000
sz300394,sz,,336.6,325.0,325.0,340.49,324.0,11.6,3.57,,,,,,,,,,,1649704.0,2026-06-18T18:00:00.000000
sz300395,sz,,135.75,133.37,133.37,137.68,131.5,2.38,1.78,,,,,,,,,,,591831.0,2026-06-18T18:00:00.000000
sz300396,sz,,6.66,6.77,6.77,6.9,6.64,-0.11,-1.62,,,,,,,,,,,1943.0,2026-06-18T18:00:00.000000
sz300397,sz,,16.01,15.93,15.93,16.33,15.73,0.08,0.5,,,,,,,,,,,98590.0,2026-06-18T18:00:00.000000
sz300398,sz,,46.1,46.6,46.6,47.36,45.54,-0.5,-1.07,,,,,,,,,,,305667.0,2026-06-18T18:00:00.000000
sz300399,sz,,19.01,19.43,19.43,19.7,18.84,-0.42,-2.16,,,,,,,,,,,11674.0,2026-06-18T18:00:00.000000
sz300400,sz,,44.64,43.73,43.73,45.58,43.13,0.91,2.08,,,,,,,,,,,74684.0,2026-06-18T18:00:00.000000
sz300401,sz,,16.56,17.26,17.26,17.75,16.4,-0.7,-4.06,,,,,,,,,,,83374.0,2026-06-18T18:00:00.000000
sz300402,sz,,17.41,16.78,16.78,17.99,16.65,0.63,3.75,,,,,,,,,,,18176.0,2026-06-18T18:00:00.000000
sz300403,sz,,10.5,10.01,10.01,10.6,10.01,0.49,4.9,,,,,,,,,,,14571.0,2026-06-18T18:00:00.000000
sz300404,sz,,8.67,8.55,8.55,8.83,8.49,0.12,1.4,,,,,,,,,,,8395.0,2026-06-18T18:00:00.000000
sz300405,sz,,5.67,5.71,5.71,5.76,5.55,-0.04,-0.7,,,,,,,,,,,5954.0,2026-06-18T18:00:00.000000
sz300406,sz,,11.34,11.35,11.35,11.52,11.2,-0.01,-0.09,,,,,,,,,,,3301.0,2026-06-18T18:00:00.000000
sz300407,sz,,11.55,11.61,11.61,12.03,11.4,-0.06,-0.52,,,,,,,,,,,6657.0,2026-06-18T18:00:00.000000
sz300408,sz,,157.89,155.47,155.47,166.66,154.23,2.42,1.56,,,,,,,,,,,1237076.0,2026-06-18T18:00:00.000000
sz300409,sz,,22.0,22.16,22.16,22.31,21.77,-0.16,-0.72,,,,,,,,,,,47510.0,2026-06-18T18:00:00.000000
sz300410,sz,,12.89,13.13,13.13,13.18,12.78,-0.24,-1.83,,,,,,,,,,,60876.0,2026-06-18T18:00:00.000000
sz300411,sz,,8.82,9.2,9.2,9.74,8.82,-0.38,-4.13,,,,,,,,,,,51086.0,2026-06-18T18:00:00.000000
sz300412,sz,,4.16,4.15,4.15,4.26,4.09,0.01,0.24,,,,,,,,,,,5188.0,2026-06-18T18:00:00.000000
sz300413,sz,,15.54,15.58,15.58,15.83,15.44,-0.04,-0.26,,,,,,,,,,,21934.0,2026-06-18T18:00:00.000000
sz300414,sz,,12.04,11.83,11.83,12.12,11.7,0.21,1.78,,,,,,,,,,,6194.0,2026-06-18T18:00:00.000000
sz300415,sz,,21.05,21.01,21.01,21.4,20.83,0.04,0.19,,,,,,,,,,,12717.0,2026-06-18T18:00:00.000000
sz300416,sz,,19.91,19.3,19.3,20.13,19.11,0.61,3.16,,,,,,,,,,,63133.0,2026-06-18T18:00:00.000000
sz300417,sz,,11.03,10.85,10.85,11.15,10.68,0.18,1.66,,,,,,,,,,,5522.0,2026-06-18T18:00:00.000000
sz300418,sz,,43.0,38.75,38.75,45.71,38.58,4.25,10.97,,,,,,,,,,,562380.0,2026-06-18T18:00:00.000000
sz300419,sz,,6.91,7.16,7.16,7.16,6.9,-0.25,-3.49,,,,,,,,,,,4603.0,2026-06-18T18:00:00.000000
sz300420,sz,,7.49,6.83,6.83,7.76,6.41,0.66,9.66,,,,,,,,,,,234715.0,2026-06-18T18:00:00.000000
sz300421,sz,,20.29,20.01,20.01,20.67,19.82,0.28,1.4,,,,,,,,,,,16324.0,2026-06-18T18:00:00.000000
sz300422,sz,,4.79,4.78,4.78,4.87,4.69,0.01,0.21,,,,,,,,,,,4419.0,2026-06-18T18:00:00.000000
sz300423,sz,,5.81,5.89,5.89,5.9,5.77,-0.08,-1.36,,,,,,,,,,,4836.0,2026-06-18T18:00:00.000000
sz300424,sz,,18.26,18.69,18.69,19.02,18.24,-0.43,-2.3,,,,,,,,,,,22540.0,2026-06-18T18:00:00.000000
sz300425,sz,,3.94,4.01,4.01,4.04,3.92,-0.07,-1.75,,,,,,,,,,,3729.0,2026-06-18T18:00:00.000000
sz300426,sz,,5.48,5.54,5.54,5.6,5.32,-0.06,-1.08,,,,,,,,,,,3752.0,2026-06-18T18:00:00.000000
sz300427,sz,,7.01,7.07,7.07,7.16,6.93,-0.06,-0.85,,,,,,,,,,,11922.0,2026-06-18T18:00:00.000000
sz300428,sz,,19.95,19.96,19.96,20.41,19.91,-0.01,-0.05,,,,,,,,,,,14883.0,2026-06-18T18:00:00.000000
sz300429,sz,,15.7,15.86,15.86,16.16,15.51,-0.16,-1.01,,,,,,,,,,,53472.0,2026-06-18T18:00:00.000000
sz300430,sz,,4.88,4.96,4.96,5.18,4.86,-0.08,-1.61,,,,,,,,,,,6385.0,2026-06-18T18:00:00.000000
sz300432,sz,,22.86,22.8,22.8,23.58,22.67,0.06,0.26,,,,,,,,,,,85328.0,2026-06-18T18:00:00.000000
sz300433,sz,,55.77,51.24,51.24,58.01,51.24,4.53,8.84,,,,,,,,,,,1193660.0,2026-06-18T18:00:00.000000
sz300434,sz,,8.99,8.85,8.85,9.06,8.77,0.14,1.58,,,,,,,,,,,7138.0,2026-06-18T18:00:00.000000
sz300435,sz,,23.95,21.08,21.08,24.77,21.0,2.87,13.61,,,,,,,,,,,90429.0,2026-06-18T18:00:00.000000
sz300436,sz,,88.15,87.57,87.57,89.98,86.16,0.58,0.66,,,,,,,,,,,52504.0,2026-06-18T18:00:00.000000
sz300437,sz,,11.49,11.55,11.55,11.75,11.33,-0.06,-0.52,,,,,,,,,,,11703.0,2026-06-18T18:00:00.000000
sz300438,sz,,81.2,77.39,77.39,84.82,77.01,3.81,4.92,,,,,,,,,,,266323.0,2026-06-18T18:00:00.000000
sz300439,sz,,8.37,8.37,8.37,8.46,8.3,0.0,0.0,,,,,,,,,,,2140.0,2026-06-18T18:00:00.000000
sz300440,sz,,19.48,19.2,19.2,19.66,18.51,0.28,1.46,,,,,,,,,,,26177.0,2026-06-18T18:00:00.000000
sz300441,sz,,6.05,6.1,6.1,6.18,5.99,-0.05,-0.82,,,,,,,,,,,3070.0,2026-06-18T18:00:00.000000
sz300442,sz,,85.18,81.15,81.15,85.23,80.92,4.03,4.97,,,,,,,,,,,390181.0,2026-06-18T18:00:00.000000
sz300443,sz,,22.6,22.73,22.73,23.07,22.42,-0.13,-0.57,,,,,,,,,,,12421.0,2026-06-18T18:00:00.000000
sz300444,sz,,13.07,13.1,13.1,13.35,12.91,-0.03,-0.23,,,,,,,,,,,38709.0,2026-06-18T18:00:00.000000
sz300445,sz,,23.37,23.63,23.63,23.96,23.09,-0.26,-1.1,,,,,,,,,,,12816.0,2026-06-18T18:00:00.000000
sz300446,sz,,15.71,15.72,15.72,15.95,15.52,-0.01,-0.06,,,,,,,,,,,10884.0,2026-06-18T18:00:00.000000
sz300447,sz,,16.33,16.34,16.34,16.58,16.08,-0.01,-0.06,,,,,,,,,,,9935.0,2026-06-18T18:00:00.000000
sz300448,sz,,6.83,6.91,6.91,6.98,6.74,-0.08,-1.16,,,,,,,,,,,10899.0,2026-06-18T18:00:00.000000
sz300449,sz,,9.03,8.33,8.33,9.16,8.21,0.7,8.4,,,,,,,,,,,41052.0,2026-06-18T18:00:00.000000
sz300450,sz,,46.73,48.09,48.09,48.96,46.3,-1.36,-2.83,,,,,,,,,,,414629.0,2026-06-18T18:00:00.000000
sz300451,sz,,3.46,3.45,3.45,3.54,3.43,0.01,0.29,,,,,,,,,,,8918.0,2026-06-18T18:00:00.000000
sz300452,sz,,11.91,11.78,11.78,12.08,11.64,0.13,1.1,,,,,,,,,,,3907.0,2026-06-18T18:00:00.000000
sz300453,sz,,9.4,9.64,9.64,9.8,9.35,-0.24,-2.49,,,,,,,,,,,11003.0,2026-06-18T18:00:00.000000
sz300454,sz,,101.21,100.0,100.0,104.33,99.6,1.21,1.21,,,,,,,,,,,98587.0,2026-06-18T18:00:00.000000
sz300455,sz,,22.54,22.52,22.52,23.1,22.15,0.02,0.09,,,,,,,,,,,18976.0,2026-06-18T18:00:00.000000
sz300456,sz,,42.82,42.33,42.33,43.26,42.21,0.49,1.16,,,,,,,,,,,135224.0,2026-06-18T18:00:00.000000
sz300457,sz,,23.48,25.01,25.01,25.07,23.26,-1.53,-6.12,,,,,,,,,,,72341.0,2026-06-18T18:00:00.000000
sz300458,sz,,35.64,35.28,35.28,36.5,34.92,0.36,1.02,,,,,,,,,,,158642.0,2026-06-18T18:00:00.000000
sz300459,sz,,3.52,3.45,3.45,3.54,3.39,0.07,2.03,,,,,,,,,,,33373.0,2026-06-18T18:00:00.000000
sz300460,sz,,9.65,9.41,9.41,9.7,9.25,0.24,2.55,,,,,,,,,,,7106.0,2026-06-18T18:00:00.000000
sz300461,sz,,41.6,42.35,42.35,43.33,41.52,-0.75,-1.77,,,,,,,,,,,19223.0,2026-06-18T18:00:00.000000
sz300462,sz,,11.14,11.01,11.01,11.21,10.8,0.13,1.18,,,,,,,,,,,1261.0,2026-06-18T18:00:00.000000
sz300463,sz,,8.39,8.38,8.38,8.53,8.29,0.01,0.12,,,,,,,,,,,5559.0,2026-06-18T18:00:00.000000
sz300464,sz,,8.4,8.46,8.46,8.61,8.18,-0.06,-0.71,,,,,,,,,,,9997.0,2026-06-18T18:00:00.000000
sz300465,sz,,15.42,16.01,16.01,16.57,15.37,-0.59,-3.69,,,,,,,,,,,44480.0,2026-06-18T18:00:00.000000
sz300466,sz,,7.57,7.5,7.5,7.63,7.43,0.07,0.93,,,,,,,,,,,4437.0,2026-06-18T18:00:00.000000
sz300467,sz,,35.75,33.54,33.54,36.54,32.92,2.21,6.59,,,,,,,,,,,30032.0,2026-06-18T18:00:00.000000
sz300468,sz,,23.23,23.43,23.43,23.95,23.19,-0.2,-0.85,,,,,,,,,,,64267.0,2026-06-18T18:00:00.000000
sz300469,sz,,51.7,52.0,52.0,54.37,50.8,-0.3,-0.58,,,,,,,,,,,29406.0,2026-06-18T18:00:00.000000
sz300470,sz,,30.2,30.48,30.48,30.68,29.99,-0.28,-0.92,,,,,,,,,,,6045.0,2026-06-18T18:00:00.000000
sz300471,sz,,9.02,9.1,9.1,9.17,8.9,-0.08,-0.88,,,,,,,,,,,4957.0,2026-06-18T18:00:00.000000
sz300472,sz,,7.75,7.99,7.99,8.0,7.71,-0.24,-3.0,,,,,,,,,,,2926.0,2026-06-18T18:00:00.000000
sz300473,sz,,30.16,31.0,31.0,31.08,30.1,-0.84,-2.71,,,,,,,,,,,14469.0,2026-06-18T18:00:00.000000
sz300474,sz,,55.52,53.51,53.51,56.27,53.42,2.01,3.76,,,,,,,,,,,75487.0,2026-06-18T18:00:00.000000
sz300475,sz,,254.87,250.0,250.0,258.78,245.5,4.87,1.95,,,,,,,,,,,1472749.0,2026-06-18T18:00:00.000000
sz300476,sz,,369.0,368.0,368.0,372.58,358.94,1.0,0.27,,,,,,,,,,,1658216.0,2026-06-18T18:00:00.000000
sz300477,sz,,2.31,2.36,2.36,2.38,2.31,-0.05,-2.12,,,,,,,,,,,4399.0,2026-06-18T18:00:00.000000
sz300478,sz,,39.96,39.0,39.0,40.68,38.92,0.96,2.46,,,,,,,,,,,19511.0,2026-06-18T18:00:00.000000
sz300479,sz,,14.44,14.3,14.3,14.63,14.19,0.14,0.98,,,,,,,,,,,5085.0,2026-06-18T18:00:00.000000
sz300480,sz,,37.1,37.16,37.16,38.15,36.55,-0.06,-0.16,,,,,,,,,,,83589.0,2026-06-18T18:00:00.000000
sz300481,sz,,18.64,19.27,19.27,19.77,18.6,-0.63,-3.27,,,,,,,,,,,46340.0,2026-06-18T18:00:00.000000
sz300482,sz,,19.35,19.8,19.8,19.9,18.82,-0.45,-2.27,,,,,,,,,,,50303.0,2026-06-18T18:00:00.000000
sz300483,sz,,19.47,19.31,19.31,19.94,19.09,0.16,0.83,,,,,,,,,,,22922.0,2026-06-18T18:00:00.000000
sz300484,sz,,14.81,14.61,14.61,14.83,14.41,0.2,1.37,,,,,,,,,,,5248.0,2026-06-18T18:00:00.000000
sz300485,sz,,8.15,8.12,8.12,8.31,8.03,0.03,0.37,,,,,,,,,,,3648.0,2026-06-18T18:00:00.000000
sz300486,sz,,23.18,23.3,23.3,23.79,22.52,-0.12,-0.52,,,,,,,,,,,38523.0,2026-06-18T18:00:00.000000
sz300487,sz,,55.56,55.4,55.4,56.7,54.54,0.16,0.29,,,,,,,,,,,28322.0,2026-06-18T18:00:00.000000
sz300488,sz,,41.68,44.53,44.53,45.0,39.01,-2.85,-6.4,,,,,,,,,,,84955.0,2026-06-18T18:00:00.000000
sz300489,sz,,225.5,210.16,210.16,231.5,210.16,15.34,7.3,,,,,,,,,,,205349.0,2026-06-18T18:00:00.000000
sz300490,sz,,14.92,14.71,14.71,15.07,14.6,0.21,1.43,,,,,,,,,,,24521.0,2026-06-18T18:00:00.000000
sz300491,sz,,38.88,35.0,35.0,39.85,34.66,3.88,11.09,,,,,,,,,,,67818.0,2026-06-18T18:00:00.000000
sz300492,sz,,36.18,37.22,37.22,37.7,36.06,-1.04,-2.79,,,,,,,,,,,6275.0,2026-06-18T18:00:00.000000
sz300493,sz,,14.6,14.31,14.31,14.78,14.11,0.29,2.03,,,,,,,,,,,20947.0,2026-06-18T18:00:00.000000
sz300494,sz,,8.99,8.94,8.94,9.22,8.64,0.05,0.56,,,,,,,,,,,9105.0,2026-06-18T18:00:00.000000
sz300496,sz,,65.86,61.48,61.48,66.44,61.08,4.38,7.12,,,,,,,,,,,180863.0,2026-06-18T18:00:00.000000
sz300497,sz,,19.48,18.22,18.22,19.98,17.98,1.26,6.92,,,,,,,,,,,140484.0,2026-06-18T18:00:00.000000
sz300498,sz,,12.36,12.75,12.75,12.75,12.35,-0.39,-3.06,,,,,,,,,,,54971.0,2026-06-18T18:00:00.000000
sz300499,sz,,38.86,38.68,38.68,39.58,38.39,0.18,0.47,,,,,,,,,,,83318.0,2026-06-18T18:00:00.000000
sz300500,sz,,9.63,9.64,9.64,9.78,9.45,-0.01,-0.1,,,,,,,,,,,2757.0,2026-06-18T18:00:00.000000
sz300501,sz,,13.27,12.81,12.81,13.3,12.4,0.46,3.59,,,,,,,,,,,7166.0,2026-06-18T18:00:00.000000
sz300502,sz,,581.48,552.66,552.66,588.0,551.18,28.82,5.21,,,,,,,,,,,2473983.0,2026-06-18T18:00:00.000000
sz300503,sz,,88.28,80.11,80.11,88.8,79.59,8.17,10.2,,,,,,,,,,,297262.0,2026-06-18T18:00:00.000000
sz300504,sz,,18.34,18.45,18.45,18.86,18.04,-0.11,-0.6,,,,,,,,,,,15437.0,2026-06-18T18:00:00.000000
sz300505,sz,,21.34,21.88,21.88,22.29,21.23,-0.54,-2.47,,,,,,,,,,,56020.0,2026-06-18T18:00:00.000000
sz300506,sz,,4.89,4.97,4.97,5.03,4.82,-0.08,-1.61,,,,,,,,,,,10344.0,2026-06-18T18:00:00.000000
sz300507,sz,,7.55,7.59,7.59,7.72,7.45,-0.04,-0.53,,,,,,,,,,,10273.0,2026-06-18T18:00:00.000000
sz300508,sz,,58.69,55.89,55.89,60.15,55.2,2.8,5.01,,,,,,,,,,,33793.0,2026-06-18T18:00:00.000000
sz300509,sz,,8.92,8.94,8.94,9.1,8.87,-0.02,-0.22,,,,,,,,,,,3653.0,2026-06-18T18:00:00.000000
sz300510,sz,,3.34,3.34,3.34,3.39,3.29,0.0,0.0,,,,,,,,,,,4629.0,2026-06-18T18:00:00.000000
sz300511,sz,,5.35,5.43,5.43,5.47,5.28,-0.08,-1.47,,,,,,,,,,,8679.0,2026-06-18T18:00:00.000000
sz300512,sz,,7.29,7.31,7.31,7.38,7.16,-0.02,-0.27,,,,,,,,,,,2143.0,2026-06-18T18:00:00.000000
sz300513,sz,,7.32,7.24,7.24,7.42,7.2,0.08,1.1,,,,,,,,,,,4208.0,2026-06-18T18:00:00.000000
sz300514,sz,,9.83,9.85,9.85,10.03,9.66,-0.02,-0.2,,,,,,,,,,,3106.0,2026-06-18T18:00:00.000000
sz300515,sz,,14.49,14.53,14.53,14.61,14.31,-0.04,-0.28,,,,,,,,,,,3514.0,2026-06-18T18:00:00.000000
sz300516,sz,,36.26,36.03,36.03,37.2,35.34,0.23,0.64,,,,,,,,,,,26748.0,2026-06-18T18:00:00.000000
sz300517,sz,,9.74,9.67,9.67,10.07,9.42,0.07,0.72,,,,,,,,,,,6054.0,2026-06-18T18:00:00.000000
sz300518,sz,,30.14,30.41,30.41,30.91,29.41,-0.27,-0.89,,,,,,,,,,,39875.0,2026-06-18T18:00:00.000000
sz300519,sz,,12.42,12.43,12.43,12.63,12.28,-0.01,-0.08,,,,,,,,,,,2328.0,2026-06-18T18:00:00.000000
sz300520,sz,,29.75,28.93,28.93,30.25,28.93,0.82,2.83,,,,,,,,,,,42460.0,2026-06-18T18:00:00.000000
sz300521,sz,,28.89,30.6,30.6,31.0,28.62,-1.71,-5.59,,,,,,,,,,,30509.0,2026-06-18T18:00:00.000000
sz300522,sz,,19.21,16.9,16.9,19.21,16.83,2.31,13.67,,,,,,,,,,,89588.0,2026-06-18T18:00:00.000000
sz300523,sz,,19.86,20.18,20.18,20.48,19.86,-0.32,-1.59,,,,,,,,,,,6103.0,2026-06-18T18:00:00.000000
sz300525,sz,,8.62,8.87,8.87,8.89,8.6,-0.25,-2.82,,,,,,,,,,,16116.0,2026-06-18T18:00:00.000000
sz300527,sz,,7.2,7.33,7.33,7.35,7.18,-0.13,-1.77,,,,,,,,,,,3843.0,2026-06-18T18:00:00.000000
sz300528,sz,,14.38,14.23,14.23,14.44,13.87,0.15,1.05,,,,,,,,,,,11143.0,2026-06-18T18:00:00.000000
sz300530,sz,,18.16,18.53,18.53,18.71,18.04,-0.37,-2.0,,,,,,,,,,,4018.0,2026-06-18T18:00:00.000000
sz300531,sz,,15.5,15.56,15.56,15.75,15.31,-0.06,-0.39,,,,,,,,,,,13257.0,2026-06-18T18:00:00.000000
sz300532,sz,,6.69,6.71,6.71,6.75,6.58,-0.02,-0.3,,,,,,,,,,,4053.0,2026-06-18T18:00:00.000000
sz300533,sz,,14.36,14.34,14.34,14.57,14.03,0.02,0.14,,,,,,,,,,,9323.0,2026-06-18T18:00:00.000000
sz300534,sz,,7.33,7.39,7.39,7.44,7.25,-0.06,-0.81,,,,,,,,,,,3123.0,2026-06-18T18:00:00.000000
sz300535,sz,,14.55,14.5,14.5,14.86,14.2,0.05,0.34,,,,,,,,,,,2962.0,2026-06-18T18:00:00.000000
sz300536,sz,,9.52,9.68,9.68,9.85,9.38,-0.16,-1.65,,,,,,,,,,,10509.0,2026-06-18T18:00:00.000000
sz300537,sz,,28.92,29.05,29.05,29.45,28.42,-0.13,-0.45,,,,,,,,,,,69753.0,2026-06-18T18:00:00.000000
sz300538,sz,,18.01,18.12,18.12,18.58,17.9,-0.11,-0.61,,,,,,,,,,,20354.0,2026-06-18T18:00:00.000000
sz300541,sz,,10.27,10.25,10.25,10.42,10.23,0.02,0.2,,,,,,,,,,,6790.0,2026-06-18T18:00:00.000000
sz300542,sz,,12.14,12.2,12.2,12.4,12.06,-0.06,-0.49,,,,,,,,,,,4259.0,2026-06-18T18:00:00.000000
sz300543,sz,,7.9,7.9,7.9,8.03,7.74,0.0,0.0,,,,,,,,,,,4289.0,2026-06-18T18:00:00.000000
sz300545,sz,,37.56,37.8,37.8,38.2,37.2,-0.24,-0.63,,,,,,,,,,,41117.0,2026-06-18T18:00:00.000000
sz300546,sz,,16.27,16.46,16.46,16.64,16.19,-0.19,-1.15,,,,,,,,,,,5363.0,2026-06-18T18:00:00.000000
sz300547,sz,,34.75,35.17,35.17,35.97,34.69,-0.42,-1.19,,,,,,,,,,,37107.0,2026-06-18T18:00:00.000000
sz300548,sz,,281.99,266.3,266.3,287.18,266.3,15.69,5.89,,,,,,,,,,,749289.0,2026-06-18T18:00:00.000000
sz300549,sz,,14.34,14.16,14.16,14.42,14.0,0.18,1.27,,,,,,,,,,,2729.0,2026-06-18T18:00:00.000000
sz300550,sz,,14.95,14.59,14.59,15.02,14.45,0.36,2.47,,,,,,,,,,,10932.0,2026-06-18T18:00:00.000000
sz300551,sz,,11.06,11.21,11.21,11.44,11.03,-0.15,-1.34,,,,,,,,,,,7605.0,2026-06-18T18:00:00.000000
sz300552,sz,,26.55,26.73,26.73,26.95,26.14,-0.18,-0.67,,,,,,,,,,,12824.0,2026-06-18T18:00:00.000000
sz300553,sz,,77.6,71.37,71.37,79.59,69.4,6.23,8.73,,,,,,,,,,,59674.0,2026-06-18T18:00:00.000000
sz300554,sz,,31.76,30.01,30.01,32.14,29.5,1.75,5.83,,,,,,,,,,,48972.0,2026-06-18T18:00:00.000000
sz300555,sz,,13.76,13.87,13.87,14.32,13.3,-0.11,-0.79,,,,,,,,,,,4105.0,2026-06-18T18:00:00.000000
sz300556,sz,,19.27,19.18,19.18,19.97,18.65,0.09,0.47,,,,,,,,,,,20257.0,2026-06-18T18:00:00.000000
sz300557,sz,,32.87,30.88,30.88,33.35,29.91,1.99,6.44,,,,,,,,,,,45000.0,2026-06-18T18:00:00.000000
sz300558,sz,,54.98,49.99,49.99,57.13,48.29,4.99,9.98,,,,,,,,,,,184067.0,2026-06-18T18:00:00.000000
sz300559,sz,,11.19,10.96,10.96,11.23,10.68,0.23,2.1,,,,,,,,,,,9029.0,2026-06-18T18:00:00.000000
sz300560,sz,,18.75,16.98,16.98,18.87,16.86,1.77,10.42,,,,,,,,,,,53006.0,2026-06-18T18:00:00.000000
sz300561,sz,,12.73,13.15,13.15,13.23,12.69,-0.42,-3.19,,,,,,,,,,,22872.0,2026-06-18T18:00:00.000000
sz300562,sz,,12.45,12.43,12.43,12.63,12.34,0.02,0.16,,,,,,,,,,,8332.0,2026-06-18T18:00:00.000000
sz300563,sz,,29.22,29.23,29.23,29.59,28.69,-0.01,-0.03,,,,,,,,,,,11775.0,2026-06-18T18:00:00.000000
sz300564,sz,,12.22,12.49,12.49,12.66,12.21,-0.27,-2.16,,,,,,,,,,,5274.0,2026-06-18T18:00:00.000000
sz300565,sz,,12.0,12.4,12.4,12.47,12.0,-0.4,-3.23,,,,,,,,,,,15891.0,2026-06-18T18:00:00.000000
sz300566,sz,,34.41,34.23,34.23,34.76,33.08,0.18,0.53,,,,,,,,,,,124060.0,2026-06-18T18:00:00.000000
sz300567,sz,,213.86,211.59,211.59,218.35,209.0,2.27,1.07,,,,,,,,,,,217498.0,2026-06-18T18:00:00.000000
sz300568,sz,,20.18,20.07,20.07,20.54,19.7,0.11,0.55,,,,,,,,,,,194516.0,2026-06-18T18:00:00.000000
sz300569,sz,,4.81,4.9,4.9,4.9,4.78,-0.09,-1.84,,,,,,,,,,,6842.0,2026-06-18T18:00:00.000000
sz300570,sz,,268.6,265.0,265.0,269.02,254.0,3.6,1.36,,,,,,,,,,,786052.0,2026-06-18T18:00:00.000000
sz300571,sz,,46.1,44.9,44.9,47.46,44.01,1.2,2.67,,,,,,,,,,,127065.0,2026-06-18T18:00:00.000000
sz300572,sz,,26.82,26.8,26.8,27.24,26.46,0.02,0.07,,,,,,,,,,,12294.0,2026-06-18T18:00:00.000000
sz300573,sz,,36.44,36.52,36.52,37.2,36.21,-0.08,-0.22,,,,,,,,,,,19864.0,2026-06-18T18:00:00.000000
sz300575,sz,,5.25,5.33,5.33,5.4,5.2,-0.08,-1.5,,,,,,,,,,,6893.0,2026-06-18T18:00:00.000000
sz300576,sz,,49.77,50.64,50.64,51.22,48.98,-0.87,-1.72,,,,,,,,,,,125813.0,2026-06-18T18:00:00.000000
sz300577,sz,,15.2,15.39,15.39,15.4,15.13,-0.19,-1.23,,,,,,,,,,,2423.0,2026-06-18T18:00:00.000000
sz300578,sz,,20.9,19.53,19.53,21.48,19.18,1.37,7.01,,,,,,,,,,,32160.0,2026-06-18T18:00:00.000000
sz300579,sz,,22.63,22.15,22.15,23.22,21.78,0.48,2.17,,,,,,,,,,,15181.0,2026-06-18T18:00:00.000000
sz300580,sz,,22.76,22.85,22.85,23.22,22.41,-0.09,-0.39,,,,,,,,,,,31899.0,2026-06-18T18:00:00.000000
sz300581,sz,,11.94,12.18,12.18,12.3,11.85,-0.24,-1.97,,,,,,,,,,,23398.0,2026-06-18T18:00:00.000000
sz300582,sz,,14.34,14.89,14.89,14.94,14.28,-0.55,-3.69,,,,,,,,,,,17269.0,2026-06-18T18:00:00.000000
sz300583,sz,,11.46,11.39,11.39,11.66,11.3,0.07,0.61,,,,,,,,,,,3067.0,2026-06-18T18:00:00.000000
sz300584,sz,,41.0,38.5,38.5,42.97,38.5,2.5,6.49,,,,,,,,,,,75732.0,2026-06-18T18:00:00.000000
sz300585,sz,,17.92,17.89,17.89,18.36,17.51,0.03,0.17,,,,,,,,,,,8912.0,2026-06-18T18:00:00.000000
sz300586,sz,,15.2,14.7,14.7,15.39,14.24,0.5,3.4,,,,,,,,,,,100095.0,2026-06-18T18:00:00.000000
sz300587,sz,,4.52,4.6,4.6,4.66,4.46,-0.08,-1.74,,,,,,,,,,,13122.0,2026-06-18T18:00:00.000000
sz300588,sz,,24.29,22.58,22.58,25.57,22.4,1.71,7.57,,,,,,,,,,,35650.0,2026-06-18T18:00:00.000000
sz300589,sz,,12.76,13.0,13.0,13.03,12.66,-0.24,-1.85,,,,,,,,,,,19691.0,2026-06-18T18:00:00.000000
sz300590,sz,,15.61,15.59,15.59,15.85,15.44,0.02,0.13,,,,,,,,,,,25687.0,2026-06-18T18:00:00.000000
sz300591,sz,,7.4,7.16,7.16,7.49,7.06,0.24,3.35,,,,,,,,,,,14236.0,2026-06-18T18:00:00.000000
sz300592,sz,,12.16,12.51,12.51,12.54,12.09,-0.35,-2.8,,,,,,,,,,,15318.0,2026-06-18T18:00:00.000000
sz300593,sz,,37.05,37.7,37.7,37.88,36.72,-0.65,-1.72,,,,,,,,,,,117359.0,2026-06-18T18:00:00.000000
sz300594,sz,,14.93,15.45,15.45,15.67,14.91,-0.52,-3.37,,,,,,,,,,,2911.0,2026-06-18T18:00:00.000000
sz300595,sz,,11.02,11.19,11.19,11.28,11.0,-0.17,-1.52,,,,,,,,,,,7682.0,2026-06-18T18:00:00.000000
sz300596,sz,,48.55,45.06,45.06,49.7,44.98,3.49,7.75,,,,,,,,,,,58086.0,2026-06-18T18:00:00.000000
sz300597,sz,,7.8,7.85,7.85,7.94,7.69,-0.05,-0.64,,,,,,,,,,,4125.0,2026-06-18T18:00:00.000000
sz300598,sz,,30.66,30.75,30.75,31.31,30.12,-0.09,-0.29,,,,,,,,,,,12929.0,2026-06-18T18:00:00.000000
sz300599,sz,,12.48,12.4,12.4,12.5,11.79,0.08,0.65,,,,,,,,,,,22872.0,2026-06-18T18:00:00.000000
sz300600,sz,,10.13,10.41,10.41,10.53,10.01,-0.28,-2.69,,,,,,,,,,,6390.0,2026-06-18T18:00:00.000000
sz300601,sz,,11.52,11.47,11.47,11.77,11.42,0.05,0.44,,,,,,,,,,,15834.0,2026-06-18T18:00:00.000000
sz300602,sz,,49.52,49.06,49.06,50.48,48.4,0.46,0.94,,,,,,,,,,,126908.0,2026-06-18T18:00:00.000000
sz300603,sz,,8.66,8.4,8.4,8.97,8.37,0.26,3.1,,,,,,,,,,,19550.0,2026-06-18T18:00:00.000000
sz300604,sz,,264.1,263.0,263.0,271.21,261.56,1.1,0.42,,,,,,,,,,,584097.0,2026-06-18T18:00:00.000000
sz300605,sz,,10.07,9.96,9.96,10.37,9.84,0.11,1.1,,,,,,,,,,,5987.0,2026-06-18T18:00:00.000000
sz300606,sz,,51.59,46.1,46.1,51.88,45.91,5.49,11.91,,,,,,,,,,,64065.0,2026-06-18T18:00:00.000000
sz300607,sz,,38.81,37.45,37.45,39.48,37.08,1.36,3.63,,,,,,,,,,,173503.0,2026-06-18T18:00:00.000000
sz300608,sz,,12.02,11.84,11.84,12.16,11.7,0.18,1.52,,,,,,,,,,,21281.0,2026-06-18T18:00:00.000000
sz300609,sz,,33.74,31.63,31.63,34.55,30.88,2.11,6.67,,,,,,,,,,,21608.0,2026-06-18T18:00:00.000000
sz300610,sz,,10.44,10.47,10.47,10.6,10.33,-0.03,-0.29,,,,,,,,,,,3573.0,2026-06-18T18:00:00.000000
sz300611,sz,,26.12,25.89,25.89,26.49,25.25,0.23,0.89,,,,,,,,,,,15167.0,2026-06-18T18:00:00.000000
sz300612,sz,,11.91,11.75,11.75,12.11,11.62,0.16,1.36,,,,,,,,,,,5878.0,2026-06-18T18:00:00.000000
sz300613,sz,,68.61,68.21,68.21,69.48,67.4,0.4,0.59,,,,,,,,,,,90015.0,2026-06-18T18:00:00.000000
sz300614,sz,,10.89,11.01,11.01,11.16,10.61,-0.12,-1.09,,,,,,,,,,,3843.0,2026-06-18T18:00:00.000000
sz300615,sz,,10.81,10.68,10.68,10.86,10.53,0.13,1.22,,,,,,,,,,,4782.0,2026-06-18T18:00:00.000000
sz300616,sz,,13.4,12.66,12.66,13.83,12.5,0.74,5.85,,,,,,,,,,,17660.0,2026-06-18T18:00:00.000000
sz300617,sz,,58.28,59.9,59.9,60.65,57.99,-1.62,-2.7,,,,,,,,,,,45092.0,2026-06-18T18:00:00.000000
sz300618,sz,,38.23,37.84,37.84,38.92,37.44,0.39,1.03,,,,,,,,,,,30386.0,2026-06-18T18:00:00.000000
sz300619,sz,,39.44,39.33,39.33,40.18,38.94,0.11,0.28,,,,,,,,,,,18084.0,2026-06-18T18:00:00.000000
sz300620,sz,,390.8,390.5,390.5,396.2,382.26,0.3,0.08,,,,,,,,,,,521045.0,2026-06-18T18:00:00.000000
sz300621,sz,,6.79,6.82,6.82,6.92,6.62,-0.03,-0.44,,,,,,,,,,,3159.0,2026-06-18T18:00:00.000000
sz300622,sz,,15.42,15.6,15.6,15.74,15.18,-0.18,-1.15,,,,,,,,,,,10474.0,2026-06-18T18:00:00.000000
sz300623,sz,,37.49,36.5,36.5,38.44,36.22,0.99,2.71,,,,,,,,,,,197151.0,2026-06-18T18:00:00.000000
sz300624,sz,,56.6,53.21,53.21,59.13,52.5,3.39,6.37,,,,,,,,,,,86927.0,2026-06-18T18:00:00.000000
sz300625,sz,,9.6,9.65,9.65,9.76,9.48,-0.05,-0.52,,,,,,,,,,,2107.0,2026-06-18T18:00:00.000000
sz300626,sz,,40.58,39.52,39.52,42.01,38.51,1.06,2.68,,,,,,,,,,,94587.0,2026-06-18T18:00:00.000000
sz300627,sz,,29.28,29.6,29.6,29.87,28.82,-0.32,-1.08,,,,,,,,,,,29827.0,2026-06-18T18:00:00.000000
sz300628,sz,,33.2,33.7,33.7,33.75,33.15,-0.5,-1.48,,,,,,,,,,,27224.0,2026-06-18T18:00:00.000000
sz300629,sz,,21.09,21.13,21.13,21.55,20.9,-0.04,-0.19,,,,,,,,,,,15335.0,2026-06-18T18:00:00.000000
sz300631,sz,,25.53,25.79,25.79,26.35,25.28,-0.26,-1.01,,,,,,,,,,,7452.0,2026-06-18T18:00:00.000000
sz300632,sz,,31.48,29.1,29.1,31.85,29.0,2.38,8.18,,,,,,,,,,,154961.0,2026-06-18T18:00:00.000000
sz300633,sz,,19.05,19.23,19.23,19.51,18.9,-0.18,-0.94,,,,,,,,,,,7362.0,2026-06-18T18:00:00.000000
sz300634,sz,,22.24,21.69,21.69,22.62,21.48,0.55,2.54,,,,,,,,,,,34441.0,2026-06-18T18:00:00.000000
sz300635,sz,,13.28,13.78,13.78,14.09,13.2,-0.5,-3.63,,,,,,,,,,,11008.0,2026-06-18T18:00:00.000000
sz300636,sz,,6.56,6.5,6.5,6.66,6.43,0.06,0.92,,,,,,,,,,,2777.0,2026-06-18T18:00:00.000000
sz300637,sz,,10.29,10.31,10.31,10.58,10.14,-0.02,-0.19,,,,,,,,,,,8460.0,2026-06-18T18:00:00.000000
sz300638,sz,,20.3,19.97,19.97,20.54,19.92,0.33,1.65,,,,,,,,,,,22229.0,2026-06-18T18:00:00.000000
sz300639,sz,,5.34,5.25,5.25,5.38,5.21,0.09,1.71,,,,,,,,,,,5534.0,2026-06-18T18:00:00.000000
sz300640,sz,,5.71,5.77,5.77,5.82,5.66,-0.06,-1.04,,,,,,,,,,,4209.0,2026-06-18T18:00:00.000000
sz300641,sz,,18.4,18.71,18.71,19.1,18.32,-0.31,-1.66,,,,,,,,,,,49131.0,2026-06-18T18:00:00.000000
sz300642,sz,,12.57,12.52,12.52,12.76,12.29,0.05,0.4,,,,,,,,,,,3494.0,2026-06-18T18:00:00.000000
sz300643,sz,,18.52,18.08,18.08,18.77,17.9,0.44,2.43,,,,,,,,,,,11987.0,2026-06-18T18:00:00.000000
sz300644,sz,,25.76,25.6,25.6,26.22,25.22,0.16,0.62,,,,,,,,,,,6484.0,2026-06-18T18:00:00.000000
sz300645,sz,,12.71,12.8,12.8,12.9,12.5,-0.09,-0.7,,,,,,,,,,,5028.0,2026-06-18T18:00:00.000000
sz300647,sz,,6.23,6.1,6.1,6.31,5.96,0.13,2.13,,,,,,,,,,,10556.0,2026-06-18T18:00:00.000000
sz300648,sz,,47.33,49.0,49.0,49.42,47.14,-1.67,-3.41,,,,,,,,,,,12883.0,2026-06-18T18:00:00.000000
sz300649,sz,,27.94,27.16,27.16,28.38,26.75,0.78,2.87,,,,,,,,,,,15179.0,2026-06-18T18:00:00.000000
sz300650,sz,,13.07,12.95,12.95,13.64,12.71,0.12,0.93,,,,,,,,,,,15240.0,2026-06-18T18:00:00.000000
sz300651,sz,,20.04,20.52,20.52,20.84,19.96,-0.48,-2.34,,,,,,,,,,,14368.0,2026-06-18T18:00:00.000000
sz300652,sz,,39.59,39.4,39.4,39.99,38.8,0.19,0.48,,,,,,,,,,,7745.0,2026-06-18T18:00:00.000000
sz300653,sz,,14.95,14.36,14.36,15.75,14.24,0.59,4.11,,,,,,,,,,,10099.0,2026-06-18T18:00:00.000000
sz300654,sz,,9.63,9.15,9.15,9.79,9.04,0.48,5.25,,,,,,,,,,,17389.0,2026-06-18T18:00:00.000000
sz300655,sz,,16.41,16.66,16.66,17.15,16.28,-0.25,-1.5,,,,,,,,,,,151583.0,2026-06-18T18:00:00.000000
sz300656,sz,,38.8,39.0,39.0,39.88,37.54,-0.2,-0.51,,,,,,,,,,,26626.0,2026-06-18T18:00:00.000000
sz300657,sz,,47.55,48.78,48.78,51.0,47.55,-1.23,-2.52,,,,,,,,,,,345770.0,2026-06-18T18:00:00.000000
sz300658,sz,,12.54,12.35,12.35,12.65,12.04,0.19,1.54,,,,,,,,,,,15320.0,2026-06-18T18:00:00.000000
sz300659,sz,,10.27,10.11,10.11,10.53,9.9,0.16,1.58,,,,,,,,,,,7302.0,2026-06-18T18:00:00.000000
sz300660,sz,,30.49,30.04,30.04,30.86,29.61,0.45,1.5,,,,,,,,,,,26740.0,2026-06-18T18:00:00.000000
sz300661,sz,,132.77,132.67,132.67,134.8,129.64,0.1,0.08,,,,,,,,,,,196642.0,2026-06-18T18:00:00.000000
sz300662,sz,,18.39,18.8,18.8,19.31,18.35,-0.41,-2.18,,,,,,,,,,,10092.0,2026-06-18T18:00:00.000000
sz300663,sz,,7.1,7.24,7.24,7.29,7.05,-0.14,-1.93,,,,,,,,,,,10469.0,2026-06-18T18:00:00.000000
sz300664,sz,,4.51,4.7,4.7,4.71,4.48,-0.19,-4.04,,,,,,,,,,,6256.0,2026-06-18T18:00:00.000000
sz300665,sz,,0.0,0.0,0.0,0.0,0.0,0.0,0,,,,,,,,,,,0.0,2026-06-18T18:00:00.000000
sz300666,sz,,311.2,301.58,301.58,325.68,300.6,9.62,3.19,,,,,,,,,,,801617.0,2026-06-18T18:00:00.000000
sz300667,sz,,19.31,19.21,19.21,19.68,18.99,0.1,0.52,,,,,,,,,,,21693.0,2026-06-18T18:00:00.000000
sz300668,sz,,62.75,63.8,63.8,64.77,61.59,-1.05,-1.65,,,,,,,,,,,33974.0,2026-06-18T18:00:00.000000
sz300669,sz,,31.79,29.2,29.2,32.35,29.0,2.59,8.87,,,,,,,,,,,12952.0,2026-06-18T18:00:00.000000
sz300670,sz,,5.81,5.96,5.96,5.96,5.75,-0.15,-2.52,,,,,,,,,,,7190.0,2026-06-18T18:00:00.000000
sz300671,sz,,60.47,54.0,54.0,62.05,53.91,6.47,11.98,,,,,,,,,,,186716.0,2026-06-18T18:00:00.000000
sz300672,sz,,330.55,322.05,322.05,342.21,318.5,8.5,2.64,,,,,,,,,,,402620.0,2026-06-18T18:00:00.000000
sz300673,sz,,12.8,13.17,13.17,13.4,12.72,-0.37,-2.81,,,,,,,,,,,4351.0,2026-06-18T18:00:00.000000
sz300674,sz,,16.01,16.14,16.14,16.29,15.88,-0.13,-0.81,,,,,,,,,,,13058.0,2026-06-18T18:00:00.000000
sz300675,sz,,12.82,12.81,12.81,13.02,12.52,0.01,0.08,,,,,,,,,,,3027.0,2026-06-18T18:00:00.000000
sz300676,sz,,35.52,34.33,34.33,36.13,34.0,1.19,3.47,,,,,,,,,,,37835.0,2026-06-18T18:00:00.000000
sz300677,sz,,40.23,41.32,41.32,41.32,40.1,-1.09,-2.64,,,,,,,,,,,51296.0,2026-06-18T18:00:00.000000
sz300678,sz,,23.77,23.53,23.53,24.15,23.25,0.24,1.02,,,,,,,,,,,16083.0,2026-06-18T18:00:00.000000
sz300679,sz,,72.19,66.25,66.25,74.2,66.0,5.94,8.97,,,,,,,,,,,291000.0,2026-06-18T18:00:00.000000
sz300680,sz,,26.16,25.9,25.9,26.5,25.63,0.26,1.0,,,,,,,,,,,20018.0,2026-06-18T18:00:00.000000
sz300681,sz,,31.8,32.03,32.03,33.27,31.71,-0.23,-0.72,,,,,,,,,,,33305.0,2026-06-18T18:00:00.000000
sz300682,sz,,11.13,11.24,11.24,11.31,11.03,-0.11,-0.98,,,,,,,,,,,15743.0,2026-06-18T18:00:00.000000
sz300683,sz,,24.22,24.2,24.2,24.75,23.58,0.02,0.08,,,,,,,,,,,9445.0,2026-06-18T18:00:00.000000
sz300684,sz,,60.43,58.8,58.8,61.16,58.35,1.63,2.77,,,,,,,,,,,82491.0,2026-06-18T18:00:00.000000
sz300685,sz,,16.75,16.7,16.7,17.06,16.37,0.05,0.3,,,,,,,,,,,16622.0,2026-06-18T18:00:00.000000
sz300686,sz,,19.35,19.16,19.16,19.61,18.8,0.19,0.99,,,,,,,,,,,19905.0,2026-06-18T18:00:00.000000
sz300687,sz,,27.37,27.0,27.0,28.38,26.68,0.37,1.37,,,,,,,,,,,68103.0,2026-06-18T18:00:00.000000
sz300688,sz,,29.93,29.8,29.8,30.58,29.6,0.13,0.44,,,,,,,,,,,17141.0,2026-06-18T18:00:00.000000
sz300689,sz,,63.0,60.27,60.27,63.68,60.0,2.73,4.53,,,,,,,,,,,20824.0,2026-06-18T18:00:00.000000
sz300690,sz,,23.88,24.38,24.38,24.38,23.66,-0.5,-2.05,,,,,,,,,,,7510.0,2026-06-18T18:00:00.000000
sz300691,sz,,16.76,16.7,16.7,17.02,16.33,0.06,0.36,,,,,,,,,,,13995.0,2026-06-18T18:00:00.000000
sz300692,sz,,7.58,7.54,7.54,7.85,7.33,0.04,0.53,,,,,,,,,,,10521.0,2026-06-18T18:00:00.000000
sz300693,sz,,48.38,48.0,48.0,49.4,47.76,0.38,0.79,,,,,,,,,,,66896.0,2026-06-18T18:00:00.000000
sz300694,sz,,9.97,10.07,10.07,10.15,9.88,-0.1,-0.99,,,,,,,,,,,5359.0,2026-06-18T18:00:00.000000
sz300695,sz,,56.3,55.0,55.0,56.59,54.12,1.3,2.36,,,,,,,,,,,6161.0,2026-06-18T18:00:00.000000
sz300696,sz,,33.66,33.14,33.14,33.98,32.69,0.52,1.57,,,,,,,,,,,31931.0,2026-06-18T18:00:00.000000
sz300697,sz,,19.01,17.1,17.1,19.49,17.05,1.91,11.17,,,,,,,,,,,78304.0,2026-06-18T18:00:00.000000
sz300698,sz,,31.99,31.8,31.8,32.43,31.38,0.19,0.6,,,,,,,,,,,6154.0,2026-06-18T18:00:00.000000
sz300699,sz,,28.54,28.7,28.7,29.08,28.21,-0.16,-0.56,,,,,,,,,,,50902.0,2026-06-18T18:00:00.000000
sz300700,sz,,24.55,22.46,22.46,25.0,22.29,2.09,9.31,,,,,,,,,,,54503.0,2026-06-18T18:00:00.000000
sz300701,sz,,10.05,10.24,10.24,10.25,9.98,-0.19,-1.86,,,,,,,,,,,3757.0,2026-06-18T18:00:00.000000
sz300702,sz,,20.13,19.34,19.34,20.38,18.98,0.79,4.08,,,,,,,,,,,11452.0,2026-06-18T18:00:00.000000
sz300703,sz,,14.18,14.34,14.34,14.46,13.84,-0.16,-1.12,,,,,,,,,,,7105.0,2026-06-18T18:00:00.000000
sz300705,sz,,10.14,10.23,10.23,10.4,10.12,-0.09,-0.88,,,,,,,,,,,4474.0,2026-06-18T18:00:00.000000
sz300706,sz,,75.01,74.0,74.0,78.96,72.12,1.01,1.36,,,,,,,,,,,195635.0,2026-06-18T18:00:00.000000
sz300707,sz,,12.2,12.01,12.01,12.29,11.96,0.19,1.58,,,,,,,,,,,4932.0,2026-06-18T18:00:00.000000
sz300708,sz,,8.43,8.5,8.5,8.55,8.36,-0.07,-0.82,,,,,,,,,,,19216.0,2026-06-18T18:00:00.000000
sz300709,sz,,63.06,61.0,61.0,65.5,60.5,2.06,3.38,,,,,,,,,,,111210.0,2026-06-18T18:00:00.000000
sz300710,sz,,34.73,36.36,36.36,38.17,34.51,-1.63,-4.48,,,,,,,,,,,27462.0,2026-06-18T18:00:00.000000
sz300711,sz,,17.8,17.5,17.5,17.99,17.23,0.3,1.71,,,,,,,,,,,6230.0,2026-06-18T18:00:00.000000
sz300712,sz,,21.99,22.25,22.25,22.48,21.88,-0.26,-1.17,,,,,,,,,,,4735.0,2026-06-18T18:00:00.000000
sz300713,sz,,13.96,13.96,13.96,14.39,13.5,0.0,0.0,,,,,,,,,,,7458.0,2026-06-18T18:00:00.000000
sz300715,sz,,18.6,19.77,19.77,19.77,18.01,-1.17,-5.92,,,,,,,,,,,54732.0,2026-06-18T18:00:00.000000
sz300716,sz,,21.53,19.98,19.98,22.0,19.7,1.55,7.76,,,,,,,,,,,15008.0,2026-06-18T18:00:00.000000
sz300717,sz,,16.8,16.84,16.84,17.05,16.55,-0.04,-0.24,,,,,,,,,,,2884.0,2026-06-18T18:00:00.000000
sz300718,sz,,67.65,66.51,66.51,68.08,66.07,1.14,1.71,,,,,,,,,,,50856.0,2026-06-18T18:00:00.000000
sz300719,sz,,12.86,13.03,13.03,13.18,12.67,-0.17,-1.3,,,,,,,,,,,8198.0,2026-06-18T18:00:00.000000
sz300720,sz,,81.6,84.33,84.33,85.49,79.88,-2.73,-3.24,,,,,,,,,,,112824.0,2026-06-18T18:00:00.000000
sz300721,sz,,28.05,29.32,29.32,29.49,27.88,-1.27,-4.33,,,,,,,,,,,67499.0,2026-06-18T18:00:00.000000
sz300722,sz,,23.23,23.61,23.61,23.83,23.1,-0.38,-1.61,,,,,,,,,,,8809.0,2026-06-18T18:00:00.000000
sz300723,sz,,33.42,32.6,32.6,34.17,32.14,0.82,2.52,,,,,,,,,,,33407.0,2026-06-18T18:00:00.000000
sz300724,sz,,72.88,73.38,73.38,73.9,72.56,-0.5,-0.68,,,,,,,,,,,78668.0,2026-06-18T18:00:00.000000
sz300725,sz,,33.21,31.99,31.99,33.67,31.78,1.22,3.81,,,,,,,,,,,25518.0,2026-06-18T18:00:00.000000
sz300726,sz,,85.41,83.0,83.0,89.2,83.0,2.41,2.9,,,,,,,,,,,278620.0,2026-06-18T18:00:00.000000
sz300727,sz,,34.89,36.05,36.05,36.7,34.8,-1.16,-3.22,,,,,,,,,,,59426.0,2026-06-18T18:00:00.000000
sz300729,sz,,10.35,10.35,10.35,10.44,10.26,0.0,0.0,,,,,,,,,,,1706.0,2026-06-18T18:00:00.000000
sz300730,sz,,14.29,12.51,12.51,14.56,12.49,1.78,14.23,,,,,,,,,,,32402.0,2026-06-18T18:00:00.000000
sz300731,sz,,63.4,59.93,59.93,64.38,59.55,3.47,5.79,,,,,,,,,,,67645.0,2026-06-18T18:00:00.000000
sz300732,sz,,6.08,6.07,6.07,6.16,6.0,0.01,0.16,,,,,,,,,,,2856.0,2026-06-18T18:00:00.000000
sz300733,sz,,14.83,14.92,14.92,15.5,14.38,-0.09,-0.6,,,,,,,,,,,22702.0,2026-06-18T18:00:00.000000
sz300735,sz,,23.19,24.35,24.35,24.35,23.16,-1.16,-4.76,,,,,,,,,,,122521.0,2026-06-18T18:00:00.000000
sz300736,sz,,35.58,34.88,34.88,36.08,34.03,0.7,2.01,,,,,,,,,,,27801.0,2026-06-18T18:00:00.000000
sz300737,sz,,7.68,7.92,7.92,8.1,7.6,-0.24,-3.03,,,,,,,,,,,84154.0,2026-06-18T18:00:00.000000
sz300738,sz,,21.12,20.2,20.2,21.29,20.08,0.92,4.55,,,,,,,,,,,175186.0,2026-06-18T18:00:00.000000
sz300739,sz,,33.99,32.3,32.3,34.54,31.45,1.69,5.23,,,,,,,,,,,112107.0,2026-06-18T18:00:00.000000
sz300740,sz,,22.75,22.3,22.3,22.98,22.11,0.45,2.02,,,,,,,,,,,26867.0,2026-06-18T18:00:00.000000
sz300741,sz,,14.01,13.91,13.91,14.09,13.75,0.1,0.72,,,,,,,,,,,2475.0,2026-06-18T18:00:00.000000
sz300743,sz,,15.91,16.01,16.01,16.08,15.75,-0.1,-0.62,,,,,,,,,,,2967.0,2026-06-18T18:00:00.000000
sz300745,sz,,44.92,43.9,43.9,45.3,43.38,1.02,2.32,,,,,,,,,,,22061.0,2026-06-18T18:00:00.000000
sz300746,sz,,11.14,11.16,11.16,11.4,11.03,-0.02,-0.18,,,,,,,,,,,3171.0,2026-06-18T18:00:00.000000
sz300747,sz,,54.05,54.94,54.94,57.1,53.82,-0.89,-1.62,,,,,,,,,,,213255.0,2026-06-18T18:00:00.000000
sz300748,sz,,33.43,32.3,32.3,34.0,32.12,1.13,3.5,,,,,,,,,,,166488.0,2026-06-18T18:00:00.000000
sz300749,sz,,22.55,20.98,20.98,22.88,20.62,1.57,7.48,,,,,,,,,,,24996.0,2026-06-18T18:00:00.000000
sz300750,sz,,391.55,400.39,400.39,409.89,389.92,-8.84,-2.21,,,,,,,,,,,1532744.0,2026-06-18T18:00:00.000000
sz300751,sz,,220.64,220.95,220.95,226.81,216.5,-0.31,-0.14,,,,,,,,,,,233868.0,2026-06-18T18:00:00.000000
sz300752,sz,,14.5,14.24,14.24,14.79,13.8,0.26,1.83,,,,,,,,,,,22778.0,2026-06-18T18:00:00.000000
sz300753,sz,,20.71,20.62,20.62,21.49,20.5,0.09,0.44,,,,,,,,,,,7074.0,2026-06-18T18:00:00.000000
sz300755,sz,,14.9,14.92,14.92,15.03,14.45,-0.02,-0.13,,,,,,,,,,,7640.0,2026-06-18T18:00:00.000000
sz300756,sz,,33.41,33.59,33.59,34.17,32.37,-0.18,-0.54,,,,,,,,,,,21008.0,2026-06-18T18:00:00.000000
sz300757,sz,,666.0,647.89,647.89,668.46,641.11,18.11,2.8,,,,,,,,,,,514367.0,2026-06-18T18:00:00.000000
sz300758,sz,,12.95,13.16,13.16,13.35,12.81,-0.21,-1.6,,,,,,,,,,,19264.0,2026-06-18T18:00:00.000000
sz300759,sz,,22.71,22.02,22.02,22.94,21.86,0.69,3.13,,,,,,,,,,,94437.0,2026-06-18T18:00:00.000000
sz300760,sz,,140.01,143.35,143.35,145.25,140.01,-3.34,-2.33,,,,,,,,,,,148582.0,2026-06-18T18:00:00.000000
sz300761,sz,,17.19,17.36,17.36,17.44,17.02,-0.17,-0.98,,,,,,,,,,,10393.0,2026-06-18T18:00:00.000000
sz300762,sz,,40.9,37.71,37.71,41.8,37.71,3.19,8.46,,,,,,,,,,,225565.0,2026-06-18T18:00:00.000000
sz300763,sz,,92.06,92.25,92.25,94.6,91.63,-0.19,-0.21,,,,,,,,,,,106928.0,2026-06-18T18:00:00.000000
sz300765,sz,,23.95,24.36,24.36,24.99,23.81,-0.41,-1.68,,,,,,,,,,,36375.0,2026-06-18T18:00:00.000000
sz300766,sz,,24.08,24.48,24.48,24.51,23.8,-0.4,-1.63,,,,,,,,,,,42295.0,2026-06-18T18:00:00.000000
sz300767,sz,,22.89,22.0,22.0,23.4,21.51,0.89,4.05,,,,,,,,,,,41864.0,2026-06-18T18:00:00.000000
sz300768,sz,,14.67,14.31,14.31,14.82,14.29,0.36,2.52,,,,,,,,,,,8151.0,2026-06-18T18:00:00.000000
sz300769,sz,,68.22,67.65,67.65,69.68,65.96,0.57,0.84,,,,,,,,,,,247057.0,2026-06-18T18:00:00.000000
sz300770,sz,,33.76,33.9,33.9,34.23,33.66,-0.14,-0.41,,,,,,,,,,,3481.0,2026-06-18T18:00:00.000000
sz300771,sz,,11.36,11.48,11.48,11.55,11.25,-0.12,-1.05,,,,,,,,,,,3614.0,2026-06-18T18:00:00.000000
sz300772,sz,,12.12,12.33,12.33,12.45,12.04,-0.21,-1.7,,,,,,,,,,,19217.0,2026-06-18T18:00:00.000000
sz300773,sz,,24.21,24.65,24.65,24.68,24.1,-0.44,-1.78,,,,,,,,,,,73050.0,2026-06-18T18:00:00.000000
sz300774,sz,,13.57,12.94,12.94,13.64,12.81,0.63,4.87,,,,,,,,,,,20656.0,2026-06-18T18:00:00.000000
sz300775,sz,,22.91,22.9,22.9,23.36,22.65,0.01,0.04,,,,,,,,,,,34490.0,2026-06-18T18:00:00.000000
sz300776,sz,,169.41,169.16,169.16,172.39,166.0,0.25,0.15,,,,,,,,,,,256503.0,2026-06-18T18:00:00.000000
sz300777,sz,,29.4,28.74,28.74,30.17,28.4,0.66,2.3,,,,,,,,,,,47677.0,2026-06-18T18:00:00.000000
sz300778,sz,,9.85,10.05,10.05,10.07,9.78,-0.2,-1.99,,,,,,,,,,,3844.0,2026-06-18T18:00:00.000000
sz300779,sz,,61.24,60.92,60.92,62.82,59.84,0.32,0.53,,,,,,,,,,,56762.0,2026-06-18T18:00:00.000000
sz300780,sz,,31.68,31.78,31.78,32.43,31.01,-0.1,-0.31,,,,,,,,,,,30065.0,2026-06-18T18:00:00.000000
sz300781,sz,,29.03,28.22,28.22,29.54,27.81,0.81,2.87,,,,,,,,,,,12966.0,2026-06-18T18:00:00.000000
sz300782,sz,,106.1,99.74,99.74,109.01,99.2,6.36,6.38,,,,,,,,,,,436737.0,2026-06-18T18:00:00.000000
sz300783,sz,,16.36,16.55,16.55,16.68,16.28,-0.19,-1.15,,,,,,,,,,,6609.0,2026-06-18T18:00:00.000000
sz300784,sz,,47.4,46.45,46.45,47.8,45.01,0.95,2.05,,,,,,,,,,,6425.0,2026-06-18T18:00:00.000000
sz300785,sz,,40.47,39.8,39.8,40.92,39.16,0.67,1.68,,,,,,,,,,,30037.0,2026-06-18T18:00:00.000000
sz300786,sz,,21.2,21.87,21.87,22.09,20.96,-0.67,-3.06,,,,,,,,,,,28341.0,2026-06-18T18:00:00.000000
sz300787,sz,,9.58,9.56,9.56,9.71,9.41,0.02,0.21,,,,,,,,,,,5041.0,2026-06-18T18:00:00.000000
sz300788,sz,,24.71,24.7,24.7,24.91,24.21,0.01,0.04,,,,,,,,,,,4938.0,2026-06-18T18:00:00.000000
sz300789,sz,,19.17,18.99,18.99,19.45,18.81,0.18,0.95,,,,,,,,,,,3621.0,2026-06-18T18:00:00.000000
sz300790,sz,,28.2,28.02,28.02,28.9,27.63,0.18,0.64,,,,,,,,,,,135744.0,2026-06-18T18:00:00.000000
sz300791,sz,,16.45,16.66,16.66,16.78,16.41,-0.21,-1.26,,,,,,,,,,,1954.0,2026-06-18T18:00:00.000000
sz300792,sz,,29.88,29.65,29.65,30.1,28.78,0.23,0.78,,,,,,,,,,,13770.0,2026-06-18T18:00:00.000000
sz300793,sz,,12.45,12.22,12.22,12.59,12.06,0.23,1.88,,,,,,,,,,,8004.0,2026-06-18T18:00:00.000000
sz300795,sz,,9.03,9.06,9.06,9.19,8.86,-0.03,-0.33,,,,,,,,,,,3945.0,2026-06-18T18:00:00.000000
sz300796,sz,,6.78,6.86,6.86,7.06,6.76,-0.08,-1.17,,,,,,,,,,,3146.0,2026-06-18T18:00:00.000000
sz300797,sz,,14.36,13.96,13.96,14.42,13.83,0.4,2.87,,,,,,,,,,,5795.0,2026-06-18T18:00:00.000000
sz300798,sz,,7.1,7.22,7.22,7.33,7.08,-0.12,-1.66,,,,,,,,,,,9690.0,2026-06-18T18:00:00.000000
sz300800,sz,,9.81,9.81,9.81,9.94,9.68,0.0,0.0,,,,,,,,,,,2876.0,2026-06-18T18:00:00.000000
sz300801,sz,,27.2,27.78,27.78,27.98,27.0,-0.58,-2.09,,,,,,,,,,,18246.0,2026-06-18T18:00:00.000000
sz300802,sz,,27.98,26.47,26.47,28.08,25.89,1.51,5.7,,,,,,,,,,,80991.0,2026-06-18T18:00:00.000000
sz300803,sz,,95.76,97.7,97.7,98.71,95.0,-1.94,-1.99,,,,,,,,,,,220327.0,2026-06-18T18:00:00.000000
sz300804,sz,,36.43,36.43,36.43,38.03,36.38,0.0,0.0,,,,,,,,,,,5209.0,2026-06-18T18:00:00.000000
sz300805,sz,,7.9,7.85,7.85,8.05,7.75,0.05,0.64,,,,,,,,,,,3960.0,2026-06-18T18:00:00.000000
sz300806,sz,,101.5,100.0,100.0,105.48,98.52,1.5,1.5,,,,,,,,,,,332255.0,2026-06-18T18:00:00.000000
sz300807,sz,,38.98,39.41,39.41,39.52,38.64,-0.43,-1.09,,,,,,,,,,,7075.0,2026-06-18T18:00:00.000000
sz300808,sz,,22.73,23.48,23.48,23.78,22.5,-0.75,-3.19,,,,,,,,,,,6417.0,2026-06-18T18:00:00.000000
sz300809,sz,,31.97,30.61,30.61,32.2,30.61,1.36,4.44,,,,,,,,,,,27198.0,2026-06-18T18:00:00.000000
sz300810,sz,,26.03,26.21,26.21,26.74,25.92,-0.18,-0.69,,,,,,,,,,,6845.0,2026-06-18T18:00:00.000000
sz300811,sz,,107.18,95.6,95.6,108.99,94.5,11.58,12.11,,,,,,,,,,,277695.0,2026-06-18T18:00:00.000000
sz300812,sz,,29.58,29.56,29.56,30.0,29.12,0.02,0.07,,,,,,,,,,,57509.0,2026-06-18T18:00:00.000000
sz300813,sz,,19.58,19.42,19.42,19.94,19.24,0.16,0.82,,,,,,,,,,,3050.0,2026-06-18T18:00:00.000000
sz300814,sz,,191.3,180.3,180.3,194.9,178.12,11.0,6.1,,,,,,,,,,,215767.0,2026-06-18T18:00:00.000000
sz300815,sz,,18.55,18.5,18.5,18.77,18.33,0.05,0.27,,,,,,,,,,,5849.0,2026-06-18T18:00:00.000000
sz300816,sz,,83.06,81.9,81.9,85.48,81.69,1.16,1.42,,,,,,,,,,,17225.0,2026-06-18T18:00:00.000000
sz300817,sz,,17.96,17.66,17.66,18.35,17.59,0.3,1.7,,,,,,,,,,,4640.0,2026-06-18T18:00:00.000000
sz300818,sz,,22.4,22.4,22.4,23.45,22.11,0.0,0.0,,,,,,,,,,,6460.0,2026-06-18T18:00:00.000000
sz300819,sz,,71.15,69.65,69.65,71.91,66.13,1.5,2.15,,,,,,,,,,,45792.0,2026-06-18T18:00:00.000000
sz300820,sz,,73.09,72.95,72.95,73.09,70.06,0.14,0.19,,,,,,,,,,,40294.0,2026-06-18T18:00:00.000000
sz300821,sz,,19.82,20.2,20.2,20.59,19.72,-0.38,-1.88,,,,,,,,,,,207878.0,2026-06-18T18:00:00.000000
sz300822,sz,,12.89,13.01,13.01,13.19,12.8,-0.12,-0.92,,,,,,,,,,,2745.0,2026-06-18T18:00:00.000000
sz300823,sz,,15.47,15.56,15.56,15.76,15.28,-0.09,-0.58,,,,,,,,,,,5747.0,2026-06-18T18:00:00.000000
sz300824,sz,,7.77,7.8,7.8,7.89,7.69,-0.03,-0.38,,,,,,,,,,,2671.0,2026-06-18T18:00:00.000000
sz300825,sz,,16.9,16.75,16.75,17.46,16.09,0.15,0.9,,,,,,,,,,,87278.0,2026-06-18T18:00:00.000000
sz300826,sz,,15.02,14.55,14.55,15.07,14.53,0.47,3.23,,,,,,,,,,,11450.0,2026-06-18T18:00:00.000000
sz300827,sz,,30.1,30.18,30.18,30.33,29.65,-0.08,-0.27,,,,,,,,,,,42514.0,2026-06-18T18:00:00.000000
sz300828,sz,,21.62,19.85,19.85,21.78,19.64,1.77,8.92,,,,,,,,,,,27316.0,2026-06-18T18:00:00.000000
sz300829,sz,,15.1,15.0,15.0,15.18,14.7,0.1,0.67,,,,,,,,,,,6178.0,2026-06-18T18:00:00.000000
sz300830,sz,,8.85,8.81,8.81,8.92,8.63,0.04,0.45,,,,,,,,,,,10463.0,2026-06-18T18:00:00.000000
sz300831,sz,,19.73,19.51,19.51,19.85,19.01,0.22,1.13,,,,,,,,,,,22215.0,2026-06-18T18:00:00.000000
sz300832,sz,,42.0,42.94,42.94,43.09,41.71,-0.94,-2.19,,,,,,,,,,,30867.0,2026-06-18T18:00:00.000000
sz300833,sz,,32.2,32.51,32.51,32.84,32.05,-0.31,-0.95,,,,,,,,,,,1791.0,2026-06-18T18:00:00.000000
sz300834,sz,,47.11,49.98,49.98,50.11,45.43,-2.87,-5.74,,,,,,,,,,,31770.0,2026-06-18T18:00:00.000000
sz300835,sz,,208.08,192.28,192.28,212.0,191.0,15.8,8.22,,,,,,,,,,,139487.0,2026-06-18T18:00:00.000000
sz300836,sz,,75.44,74.14,74.14,75.5,73.7,1.3,1.75,,,,,,,,,,,13332.0,2026-06-18T18:00:00.000000
sz300837,sz,,26.24,26.5,26.5,26.57,25.86,-0.26,-0.98,,,,,,,,,,,3921.0,2026-06-18T18:00:00.000000
sz300838,sz,,14.31,14.69,14.69,14.69,14.18,-0.38,-2.59,,,,,,,,,,,5457.0,2026-06-18T18:00:00.000000
sz300839,sz,,14.12,14.1,14.1,14.5,13.7,0.02,0.14,,,,,,,,,,,10570.0,2026-06-18T18:00:00.000000
sz300840,sz,,21.51,21.06,21.06,21.7,20.92,0.45,2.14,,,,,,,,,,,12161.0,2026-06-18T18:00:00.000000
sz300841,sz,,46.34,45.81,45.81,46.75,45.26,0.53,1.16,,,,,,,,,,,8433.0,2026-06-18T18:00:00.000000
sz300842,sz,,86.2,78.73,78.73,90.53,78.0,7.47,9.49,,,,,,,,,,,99301.0,2026-06-18T18:00:00.000000
sz300843,sz,,126.8,121.63,121.63,128.88,118.27,5.17,4.25,,,,,,,,,,,112028.0,2026-06-18T18:00:00.000000
sz300844,sz,,23.83,24.52,24.52,24.95,23.83,-0.69,-2.81,,,,,,,,,,,4945.0,2026-06-18T18:00:00.000000
sz300845,sz,,13.55,12.9,12.9,13.61,12.71,0.65,5.04,,,,,,,,,,,10315.0,2026-06-18T18:00:00.000000
sz300846,sz,,22.82,22.35,22.35,23.15,22.11,0.47,2.1,,,,,,,,,,,69507.0,2026-06-18T18:00:00.000000
sz300847,sz,,14.03,14.35,14.35,14.35,13.97,-0.32,-2.23,,,,,,,,,,,4164.0,2026-06-18T18:00:00.000000
sz300848,sz,,14.88,14.57,14.57,15.2,14.39,0.31,2.13,,,,,,,,,,,11987.0,2026-06-18T18:00:00.000000
sz300849,sz,,22.2,22.16,22.16,22.82,21.85,0.04,0.18,,,,,,,,,,,7791.0,2026-06-18T18:00:00.000000
sz300850,sz,,28.2,28.88,28.88,29.27,28.17,-0.68,-2.35,,,,,,,,,,,32256.0,2026-06-18T18:00:00.000000
sz300851,sz,,23.7,23.73,23.73,24.09,23.25,-0.03,-0.13,,,,,,,,,,,2780.0,2026-06-18T18:00:00.000000
sz300852,sz,,62.28,59.5,59.5,62.82,59.08,2.78,4.67,,,,,,,,,,,81963.0,2026-06-18T18:00:00.000000
sz300853,sz,,30.19,29.27,29.27,31.68,28.5,0.92,3.14,,,,,,,,,,,41892.0,2026-06-18T18:00:00.000000
sz300854,sz,,25.8,25.23,25.23,26.4,24.31,0.57,2.26,,,,,,,,,,,30412.0,2026-06-18T18:00:00.000000
sz300855,sz,,33.73,32.31,32.31,34.04,32.14,1.42,4.39,,,,,,,,,,,29620.0,2026-06-18T18:00:00.000000
sz300856,sz,,11.04,11.4,11.4,11.51,10.99,-0.36,-3.16,,,,,,,,,,,14117.0,2026-06-18T18:00:00.000000
sz300857,sz,,277.76,268.0,268.0,282.58,267.5,9.76,3.64,,,,,,,,,,,878104.0,2026-06-18T18:00:00.000000
sz300862,sz,,21.57,21.76,21.76,22.38,21.4,-0.19,-0.87,,,,,,,,,,,19100.0,2026-06-18T18:00:00.000000
sz300863,sz,,67.35,68.77,68.77,69.98,66.49,-1.42,-2.06,,,,,,,,,,,65921.0,2026-06-18T18:00:00.000000
sz300864,sz,,20.52,21.4,21.4,21.66,20.5,-0.88,-4.11,,,,,,,,,,,12190.0,2026-06-18T18:00:00.000000
sz300865,sz,,24.3,24.58,24.58,25.03,23.91,-0.28,-1.14,,,,,,,,,,,3938.0,2026-06-18T18:00:00.000000
sz300866,sz,,117.11,113.36,113.36,118.0,112.51,3.75,3.31,,,,,,,,,,,55116.0,2026-06-18T18:00:00.000000
sz300867,sz,,19.68,19.8,19.8,20.05,19.33,-0.12,-0.61,,,,,,,,,,,10041.0,2026-06-18T18:00:00.000000
sz300875,sz,,30.68,30.55,30.55,31.28,30.09,0.13,0.43,,,,,,,,,,,7371.0,2026-06-18T18:00:00.000000
sz300876,sz,,16.4,16.84,16.84,17.2,16.31,-0.44,-2.61,,,,,,,,,,,4890.0,2026-06-18T18:00:00.000000
sz300877,sz,,28.49,26.28,26.28,28.77,25.6,2.21,8.41,,,,,,,,,,,11281.0,2026-06-18T18:00:00.000000
sz300878,sz,,30.5,30.95,30.95,31.57,30.3,-0.45,-1.45,,,,,,,,,,,6069.0,2026-06-18T18:00:00.000000
sz300887,sz,,7.83,7.84,7.84,8.01,7.75,-0.01,-0.13,,,,,,,,,,,5079.0,2026-06-18T18:00:00.000000
sz300888,sz,,27.43,27.33,27.33,27.8,26.89,0.1,0.37,,,,,,,,,,,9244.0,2026-06-18T18:00:00.000000
sz300889,sz,,23.93,24.1,24.1,24.23,23.6,-0.17,-0.71,,,,,,,,,,,13993.0,2026-06-18T18:00:00.000000
sz300890,sz,,34.25,34.46,34.46,34.92,34.01,-0.21,-0.61,,,,,,,,,,,21785.0,2026-06-18T18:00:00.000000
sz300891,sz,,6.76,6.7,6.7,6.93,6.6,0.06,0.9,,,,,,,,,,,4747.0,2026-06-18T18:00:00.000000
sz300892,sz,,20.65,20.77,20.77,21.0,20.49,-0.12,-0.58,,,,,,,,,,,2407.0,2026-06-18T18:00:00.000000
sz300893,sz,,18.35,19.3,19.3,19.3,18.11,-0.95,-4.92,,,,,,,,,,,9096.0,2026-06-18T18:00:00.000000
sz300894,sz,,12.04,11.7,11.7,12.49,11.53,0.34,2.91,,,,,,,,,,,27133.0,2026-06-18T18:00:00.000000
sz300895,sz,,56.53,56.31,56.31,57.68,55.56,0.22,0.39,,,,,,,,,,,39388.0,2026-06-18T18:00:00.000000
sz300896,sz,,91.36,90.55,90.55,92.91,89.8,0.81,0.89,,,,,,,,,,,30993.0,2026-06-18T18:00:00.000000
sz300897,sz,,15.15,15.9,15.9,15.9,15.07,-0.75,-4.72,,,,,,,,,,,6093.0,2026-06-18T18:00:00.000000
sz300898,sz,,19.52,19.62,19.62,19.96,19.48,-0.1,-0.51,,,,,,,,,,,2694.0,2026-06-18T18:00:00.000000
sz300899,sz,,29.75,29.63,29.63,30.4,29.18,0.12,0.4,,,,,,,,,,,2580.0,2026-06-18T18:00:00.000000
sz300900,sz,,35.18,33.25,33.25,35.54,32.86,1.93,5.8,,,,,,,,,,,85245.0,2026-06-18T18:00:00.000000
sz300901,sz,,14.78,14.85,14.85,15.1,14.51,-0.07,-0.47,,,,,,,,,,,2953.0,2026-06-18T18:00:00.000000
sz300902,sz,,17.95,17.22,17.22,18.16,16.63,0.73,4.24,,,,,,,,,,,13431.0,2026-06-18T18:00:00.000000
sz300903,sz,,101.58,99.92,99.92,105.0,97.49,1.66,1.66,,,,,,,,,,,369278.0,2026-06-18T18:00:00.000000
sz300904,sz,,44.8,45.0,45.0,45.53,44.0,-0.2,-0.44,,,,,,,,,,,3608.0,2026-06-18T18:00:00.000000
sz300905,sz,,59.09,58.99,58.99,59.48,57.9,0.1,0.17,,,,,,,,,,,30770.0,2026-06-18T18:00:00.000000
sz300906,sz,,27.23,27.06,27.06,27.75,26.81,0.17,0.63,,,,,,,,,,,3466.0,2026-06-18T18:00:00.000000
sz300907,sz,,44.06,45.65,45.65,46.83,43.8,-1.59,-3.48,,,,,,,,,,,21516.0,2026-06-18T18:00:00.000000
sz300908,sz,,22.89,22.8,22.8,23.05,22.45,0.09,0.39,,,,,,,,,,,2741.0,2026-06-18T18:00:00.000000
sz300909,sz,,54.14,51.14,51.14,55.48,50.5,3.0,5.87,,,,,,,,,,,35881.0,2026-06-18T18:00:00.000000
sz300910,sz,,29.04,29.11,29.11,29.52,28.05,-0.07,-0.24,,,,,,,,,,,23014.0,2026-06-18T18:00:00.000000
sz300911,sz,,21.27,21.54,21.54,22.3,21.2,-0.27,-1.25,,,,,,,,,,,13855.0,2026-06-18T18:00:00.000000
sz300912,sz,,27.34,27.62,27.62,28.55,27.12,-0.28,-1.01,,,,,,,,,,,16312.0,2026-06-18T18:00:00.000000
sz300913,sz,,58.93,56.95,56.95,59.14,56.36,1.98,3.48,,,,,,,,,,,87410.0,2026-06-18T18:00:00.000000
sz300915,sz,,20.75,20.92,20.92,21.09,20.46,-0.17,-0.81,,,,,,,,,,,1774.0,2026-06-18T18:00:00.000000
sz300916,sz,,25.41,24.5,24.5,25.69,24.4,0.91,3.71,,,,,,,,,,,11302.0,2026-06-18T18:00:00.000000
sz300917,sz,,25.53,25.5,25.5,25.85,25.02,0.03,0.12,,,,,,,,,,,12458.0,2026-06-18T18:00:00.000000
sz300918,sz,,12.16,12.3,12.3,12.5,12.08,-0.14,-1.14,,,,,,,,,,,8640.0,2026-06-18T18:00:00.000000
sz300919,sz,,48.64,48.98,48.98,49.62,48.07,-0.34,-0.69,,,,,,,,,,,56324.0,2026-06-18T18:00:00.000000
sz300920,sz,,39.12,38.01,38.01,40.33,33.8,1.11,2.92,,,,,,,,,,,14564.0,2026-06-18T18:00:00.000000
sz300921,sz,,22.26,21.75,21.75,22.7,21.13,0.51,2.34,,,,,,,,,,,42272.0,2026-06-18T18:00:00.000000
sz300922,sz,,21.03,21.94,21.94,22.06,20.86,-0.91,-4.15,,,,,,,,,,,14109.0,2026-06-18T18:00:00.000000
sz300923,sz,,23.24,23.88,23.88,24.09,22.85,-0.64,-2.68,,,,,,,,,,,5621.0,2026-06-18T18:00:00.000000
sz300925,sz,,17.64,17.83,17.83,18.06,17.31,-0.19,-1.07,,,,,,,,,,,22929.0,2026-06-18T18:00:00.000000
sz300926,sz,,19.43,20.01,20.01,20.01,19.34,-0.58,-2.9,,,,,,,,,,,9297.0,2026-06-18T18:00:00.000000
sz300927,sz,,22.95,24.0,24.0,24.0,22.73,-1.05,-4.38,,,,,,,,,,,14499.0,2026-06-18T18:00:00.000000
sz300928,sz,,31.01,29.96,29.96,31.05,29.83,1.05,3.5,,,,,,,,,,,5363.0,2026-06-18T18:00:00.000000
sz300929,sz,,10.62,10.6,10.6,10.75,10.26,0.02,0.19,,,,,,,,,,,3821.0,2026-06-18T18:00:00.000000
sz300930,sz,,35.4,33.01,33.01,36.0,32.77,2.39,7.24,,,,,,,,,,,19193.0,2026-06-18T18:00:00.000000
sz300931,sz,,16.25,16.69,16.69,16.69,15.93,-0.44,-2.64,,,,,,,,,,,13859.0,2026-06-18T18:00:00.000000
sz300932,sz,,9.13,9.18,9.18,9.23,9.03,-0.05,-0.54,,,,,,,,,,,7389.0,2026-06-18T18:00:00.000000
sz300933,sz,,6.53,6.6,6.6,6.62,6.49,-0.07,-1.06,,,,,,,,,,,5957.0,2026-06-18T18:00:00.000000
sz300935,sz,,32.77,31.83,31.83,34.25,31.47,0.94,2.95,,,,,,,,,,,10564.0,2026-06-18T18:00:00.000000
sz300936,sz,,124.1,121.21,121.21,126.0,121.11,2.89,2.38,,,,,,,,,,,46038.0,2026-06-18T18:00:00.000000
sz300937,sz,,20.61,20.8,20.8,20.98,20.4,-0.19,-0.91,,,,,,,,,,,3473.0,2026-06-18T18:00:00.000000
sz300938,sz,,45.4,44.18,44.18,47.34,43.8,1.22,2.76,,,,,,,,,,,97911.0,2026-06-18T18:00:00.000000
sz300939,sz,,69.82,69.61,69.61,73.0,68.76,0.21,0.3,,,,,,,,,,,66977.0,2026-06-18T18:00:00.000000
sz300940,sz,,16.05,16.48,16.48,16.53,15.98,-0.43,-2.61,,,,,,,,,,,8340.0,2026-06-18T18:00:00.000000
sz300941,sz,,14.92,15.2,15.2,15.25,14.8,-0.28,-1.84,,,,,,,,,,,4403.0,2026-06-18T18:00:00.000000
sz300942,sz,,6.12,6.09,6.09,6.18,6.02,0.03,0.49,,,,,,,,,,,3129.0,2026-06-18T18:00:00.000000
sz300943,sz,,41.4,34.22,34.22,41.4,34.1,7.18,20.98,,,,,,,,,,,86091.0,2026-06-18T18:00:00.000000
sz300945,sz,,11.85,11.85,11.85,12.18,11.76,0.0,0.0,,,,,,,,,,,5864.0,2026-06-18T18:00:00.000000
sz300946,sz,,46.65,47.38,47.38,47.48,46.12,-0.73,-1.54,,,,,,,,,,,7147.0,2026-06-18T18:00:00.000000
sz300947,sz,,13.52,13.44,13.44,13.73,13.2,0.08,0.6,,,,,,,,,,,4111.0,2026-06-18T18:00:00.000000
sz300948,sz,,25.49,25.5,25.5,26.35,24.5,-0.01,-0.04,,,,,,,,,,,21261.0,2026-06-18T18:00:00.000000
sz300949,sz,,21.93,21.73,21.73,22.2,21.31,0.2,0.92,,,,,,,,,,,2523.0,2026-06-18T18:00:00.000000
sz300950,sz,,17.52,17.41,17.41,17.64,17.12,0.11,0.63,,,,,,,,,,,3265.0,2026-06-18T18:00:00.000000
sz300951,sz,,49.5,45.05,45.05,52.25,44.22,4.45,9.88,,,,,,,,,,,45223.0,2026-06-18T18:00:00.000000
sz300952,sz,,19.2,19.78,19.78,19.91,19.1,-0.58,-2.93,,,,,,,,,,,13126.0,2026-06-18T18:00:00.000000
sz300953,sz,,145.0,142.93,142.93,146.55,141.8,2.07,1.45,,,,,,,,,,,116600.0,2026-06-18T18:00:00.000000
sz300955,sz,,40.04,41.7,41.7,42.19,39.0,-1.66,-3.98,,,,,,,,,,,12852.0,2026-06-18T18:00:00.000000
sz300956,sz,,12.57,12.23,12.23,12.69,12.1,0.34,2.78,,,,,,,,,,,12700.0,2026-06-18T18:00:00.000000
sz300957,sz,,33.28,33.38,33.38,33.75,32.96,-0.1,-0.3,,,,,,,,,,,19400.0,2026-06-18T18:00:00.000000
sz300958,sz,,11.37,11.53,11.53,11.58,11.22,-0.16,-1.39,,,,,,,,,,,3328.0,2026-06-18T18:00:00.000000
sz300959,sz,,159.8,155.68,155.68,165.75,154.18,4.12,2.65,,,,,,,,,,,82731.0,2026-06-18T18:00:00.000000
sz300960,sz,,16.65,16.79,16.79,17.02,16.52,-0.14,-0.83,,,,,,,,,,,2569.0,2026-06-18T18:00:00.000000
sz300961,sz,,10.83,10.99,10.99,11.08,10.61,-0.16,-1.46,,,,,,,,,,,5006.0,2026-06-18T18:00:00.000000
sz300962,sz,,12.86,12.99,12.99,13.11,12.83,-0.13,-1.0,,,,,,,,,,,2972.0,2026-06-18T18:00:00.000000
sz300963,sz,,14.24,14.22,14.22,14.47,13.9,0.02,0.14,,,,,,,,,,,12221.0,2026-06-18T18:00:00.000000
sz300964,sz,,115.25,113.23,113.23,116.68,111.01,2.02,1.78,,,,,,,,,,,70015.0,2026-06-18T18:00:00.000000
sz300965,sz,,46.76,46.45,46.45,47.67,45.88,0.31,0.67,,,,,,,,,,,4415.0,2026-06-18T18:00:00.000000
sz300966,sz,,26.69,25.96,25.96,27.23,25.35,0.73,2.81,,,,,,,,,,,5914.0,2026-06-18T18:00:00.000000
sz300967,sz,,16.5,17.57,17.57,17.67,16.26,-1.07,-6.09,,,,,,,,,,,20257.0,2026-06-18T18:00:00.000000
sz300968,sz,,10.8,10.98,10.98,11.07,10.69,-0.18,-1.64,,,,,,,,,,,6803.0,2026-06-18T18:00:00.000000
sz300969,sz,,101.2,100.0,100.0,104.98,98.5,1.2,1.2,,,,,,,,,,,45387.0,2026-06-18T18:00:00.000000
sz300970,sz,,20.75,20.67,20.67,21.01,20.59,0.08,0.39,,,,,,,,,,,6994.0,2026-06-18T18:00:00.000000
sz300971,sz,,20.11,19.92,19.92,20.18,19.7,0.19,0.95,,,,,,,,,,,5445.0,2026-06-18T18:00:00.000000
sz300972,sz,,175.05,178.34,178.34,181.01,174.9,-3.29,-1.84,,,,,,,,,,,33847.0,2026-06-18T18:00:00.000000
sz300973,sz,,24.3,24.93,24.93,25.04,24.22,-0.63,-2.53,,,,,,,,,,,5229.0,2026-06-18T18:00:00.000000
sz300975,sz,,43.3,40.65,40.65,44.55,40.5,2.65,6.52,,,,,,,,,,,488770.0,2026-06-18T18:00:00.000000
sz300976,sz,,94.2,87.9,87.9,97.0,87.9,6.3,7.17,,,,,,,,,,,74287.0,2026-06-18T18:00:00.000000
sz300977,sz,,17.58,17.31,17.31,17.98,17.31,0.27,1.56,,,,,,,,,,,5019.0,2026-06-18T18:00:00.000000
sz300978,sz,,8.73,8.75,8.75,8.9,8.68,-0.02,-0.23,,,,,,,,,,,2132.0,2026-06-18T18:00:00.000000
sz300979,sz,,31.26,31.35,31.35,31.75,31.18,-0.09,-0.29,,,,,,,,,,,6586.0,2026-06-18T18:00:00.000000
sz300980,sz,,27.31,26.98,26.98,27.7,26.5,0.33,1.22,,,,,,,,,,,9750.0,2026-06-18T18:00:00.000000
sz300981,sz,,10.46,10.62,10.62,10.71,10.45,-0.16,-1.51,,,,,,,,,,,3914.0,2026-06-18T18:00:00.000000
sz300982,sz,,16.88,17.08,17.08,17.25,16.72,-0.2,-1.17,,,,,,,,,,,5477.0,2026-06-18T18:00:00.000000
sz300983,sz,,38.6,36.68,36.68,39.09,35.8,1.92,5.23,,,,,,,,,,,15267.0,2026-06-18T18:00:00.000000
sz300984,sz,,57.69,59.43,59.43,59.51,57.39,-1.74,-2.93,,,,,,,,,,,16732.0,2026-06-18T18:00:00.000000
sz300985,sz,,33.55,33.2,33.2,34.19,32.66,0.35,1.05,,,,,,,,,,,15387.0,2026-06-18T18:00:00.000000
sz300986,sz,,18.72,18.63,18.63,19.04,18.51,0.09,0.48,,,,,,,,,,,19116.0,2026-06-18T18:00:00.000000
sz300987,sz,,13.4,13.29,13.29,13.57,13.06,0.11,0.83,,,,,,,,,,,4250.0,2026-06-18T18:00:00.000000
sz300988,sz,,17.73,17.52,17.52,17.96,17.17,0.21,1.2,,,,,,,,,,,8248.0,2026-06-18T18:00:00.000000
sz300989,sz,,13.47,13.37,13.37,13.65,13.01,0.1,0.75,,,,,,,,,,,4930.0,2026-06-18T18:00:00.000000
sz300990,sz,,99.24,93.27,93.27,100.4,93.03,5.97,6.4,,,,,,,,,,,88753.0,2026-06-18T18:00:00.000000
sz300991,sz,,38.5,40.04,40.04,40.04,38.5,-1.54,-3.85,,,,,,,,,,,11247.0,2026-06-18T18:00:00.000000
sz300992,sz,,25.3,25.21,25.21,25.93,24.69,0.09,0.36,,,,,,,,,,,5039.0,2026-06-18T18:00:00.000000
sz300993,sz,,10.54,10.88,10.88,10.92,10.43,-0.34,-3.12,,,,,,,,,,,5718.0,2026-06-18T18:00:00.000000
sz300994,sz,,11.37,11.42,11.42,11.58,11.25,-0.05,-0.44,,,,,,,,,,,2461.0,2026-06-18T18:00:00.000000
sz300995,sz,,30.25,30.6,30.6,31.09,30.17,-0.35,-1.14,,,,,,,,,,,3793.0,2026-06-18T18:00:00.000000
sz300996,sz,,11.3,11.1,11.1,11.62,10.9,0.2,1.8,,,,,,,,,,,9129.0,2026-06-18T18:00:00.000000
sz300997,sz,,15.61,15.93,15.93,15.99,15.52,-0.32,-2.01,,,,,,,,,,,11387.0,2026-06-18T18:00:00.000000
sz300998,sz,,29.75,32.55,32.55,37.45,29.46,-2.8,-8.6,,,,,,,,,,,75921.0,2026-06-18T18:00:00.000000
sz300999,sz,,24.38,24.58,24.58,24.66,24.31,-0.2,-0.81,,,,,,,,,,,19147.0,2026-06-18T18:00:00.000000
sz301000,sz,,33.55,33.92,33.92,34.5,33.28,-0.37,-1.09,,,,,,,,,,,34770.0,2026-06-18T18:00:00.000000
sz301001,sz,,23.68,23.81,23.81,24.11,23.24,-0.13,-0.55,,,,,,,,,,,2570.0,2026-06-18T18:00:00.000000
sz301002,sz,,44.41,44.2,44.2,45.9,43.26,0.21,0.48,,,,,,,,,,,21785.0,2026-06-18T18:00:00.000000
sz301003,sz,,57.72,56.5,56.5,58.58,56.45,1.22,2.16,,,,,,,,,,,18191.0,2026-06-18T18:00:00.000000
sz301004,sz,,34.31,34.29,34.29,34.85,33.8,0.02,0.06,,,,,,,,,,,1936.0,2026-06-18T18:00:00.000000
sz301005,sz,,105.35,96.21,96.21,105.82,95.65,9.14,9.5,,,,,,,,,,,157953.0,2026-06-18T18:00:00.000000
sz301006,sz,,13.45,13.56,13.56,13.77,13.27,-0.11,-0.81,,,,,,,,,,,2499.0,2026-06-18T18:00:00.000000
sz301007,sz,,34.45,34.02,34.02,34.8,33.52,0.43,1.26,,,,,,,,,,,12839.0,2026-06-18T18:00:00.000000
sz301008,sz,,24.79,25.08,25.08,25.43,24.66,-0.29,-1.16,,,,,,,,,,,6703.0,2026-06-18T18:00:00.000000
sz301009,sz,,8.96,8.72,8.72,9.44,8.61,0.24,2.75,,,,,,,,,,,6905.0,2026-06-18T18:00:00.000000
sz301010,sz,,17.23,17.28,17.28,17.73,17.08,-0.05,-0.29,,,,,,,,,,,3681.0,2026-06-18T18:00:00.000000
sz301011,sz,,15.43,15.83,15.83,15.83,15.24,-0.4,-2.53,,,,,,,,,,,2613.0,2026-06-18T18:00:00.000000
sz301012,sz,,27.59,27.88,27.88,28.26,27.35,-0.29,-1.04,,,,,,,,,,,20153.0,2026-06-18T18:00:00.000000
sz301013,sz,,68.62,63.0,63.0,75.18,63.0,5.62,8.92,,,,,,,,,,,379056.0,2026-06-18T18:00:00.000000
sz301015,sz,,21.28,20.76,20.76,21.65,20.11,0.52,2.5,,,,,,,,,,,19038.0,2026-06-18T18:00:00.000000
sz301016,sz,,14.26,14.42,14.42,14.63,14.24,-0.16,-1.11,,,,,,,,,,,3386.0,2026-06-18T18:00:00.000000
sz301017,sz,,13.1,13.29,13.29,13.4,13.02,-0.19,-1.43,,,,,,,,,,,6057.0,2026-06-18T18:00:00.000000
sz301018,sz,,116.31,114.51,114.51,121.86,114.03,1.8,1.57,,,,,,,,,,,256645.0,2026-06-18T18:00:00.000000
sz301019,sz,,19.68,20.11,20.11,20.17,19.6,-0.43,-2.14,,,,,,,,,,,3289.0,2026-06-18T18:00:00.000000
sz301020,sz,,25.49,25.36,25.36,26.05,25.08,0.13,0.51,,,,,,,,,,,12735.0,2026-06-18T18:00:00.000000
sz301021,sz,,124.34,115.67,115.67,127.5,112.66,8.67,7.5,,,,,,,,,,,121281.0,2026-06-18T18:00:00.000000
sz301022,sz,,25.13,24.55,24.55,25.23,24.08,0.58,2.36,,,,,,,,,,,3819.0,2026-06-18T18:00:00.000000
sz301023,sz,,30.99,30.28,30.28,31.3,29.51,0.71,2.34,,,,,,,,,,,8937.0,2026-06-18T18:00:00.000000
sz301024,sz,,45.6,43.0,43.0,47.0,42.55,2.6,6.05,,,,,,,,,,,4252.0,2026-06-18T18:00:00.000000
sz301025,sz,,8.68,8.64,8.64,8.81,8.48,0.04,0.46,,,,,,,,,,,4023.0,2026-06-18T18:00:00.000000
sz301026,sz,,23.75,23.8,23.8,24.68,23.56,-0.05,-0.21,,,,,,,,,,,18700.0,2026-06-18T18:00:00.000000
sz301027,sz,,19.92,19.1,19.1,20.46,18.58,0.82,4.29,,,,,,,,,,,15496.0,2026-06-18T18:00:00.000000
sz301028,sz,,17.62,17.88,17.88,17.92,17.43,-0.26,-1.45,,,,,,,,,,,11911.0,2026-06-18T18:00:00.000000
sz301029,sz,,32.81,32.47,32.47,33.18,31.75,0.34,1.05,,,,,,,,,,,85185.0,2026-06-18T18:00:00.000000
sz301030,sz,,10.55,10.75,10.75,11.03,10.38,-0.2,-1.86,,,,,,,,,,,9657.0,2026-06-18T18:00:00.000000
sz301031,sz,,129.79,124.85,124.85,131.0,121.78,4.94,3.96,,,,,,,,,,,74217.0,2026-06-18T18:00:00.000000
sz301032,sz,,10.27,10.35,10.35,10.42,10.22,-0.08,-0.77,,,,,,,,,,,3155.0,2026-06-18T18:00:00.000000
sz301033,sz,,48.9,48.72,48.72,49.57,48.1,0.18,0.37,,,,,,,,,,,4856.0,2026-06-18T18:00:00.000000
sz301035,sz,,49.81,50.49,50.49,50.85,48.7,-0.68,-1.35,,,,,,,,,,,7983.0,2026-06-18T18:00:00.000000
sz301036,sz,,22.6,23.03,23.03,23.48,22.5,-0.43,-1.87,,,,,,,,,,,3398.0,2026-06-18T18:00:00.000000
sz301037,sz,,12.87,13.0,13.0,13.17,12.64,-0.13,-1.0,,,,,,,,,,,2964.0,2026-06-18T18:00:00.000000
sz301038,sz,,18.58,18.56,18.56,18.8,18.1,0.02,0.11,,,,,,,,,,,6911.0,2026-06-18T18:00:00.000000
sz301039,sz,,7.27,7.3,7.3,7.32,7.11,-0.03,-0.41,,,,,,,,,,,12518.0,2026-06-18T18:00:00.000000
sz301040,sz,,27.77,29.01,29.01,29.3,27.68,-1.24,-4.27,,,,,,,,,,,7052.0,2026-06-18T18:00:00.000000
sz301041,sz,,37.11,36.0,36.0,37.66,35.31,1.11,3.08,,,,,,,,,,,50007.0,2026-06-18T18:00:00.000000
sz301042,sz,,78.08,76.49,76.49,78.7,75.0,1.59,2.08,,,,,,,,,,,22520.0,2026-06-18T18:00:00.000000
sz301043,sz,,44.68,44.79,44.79,45.64,44.17,-0.11,-0.25,,,,,,,,,,,3698.0,2026-06-18T18:00:00.000000
sz301045,sz,,64.36,62.3,62.3,65.5,60.79,2.06,3.31,,,,,,,,,,,31449.0,2026-06-18T18:00:00.000000
sz301046,sz,,28.7,29.43,29.43,29.43,28.11,-0.73,-2.48,,,,,,,,,,,15944.0,2026-06-18T18:00:00.000000
sz301047,sz,,60.59,59.54,59.54,61.46,58.72,1.05,1.76,,,,,,,,,,,6001.0,2026-06-18T18:00:00.000000
sz301048,sz,,8.99,9.0,9.0,9.03,8.88,-0.01,-0.11,,,,,,,,,,,3131.0,2026-06-18T18:00:00.000000
sz301049,sz,,19.1,19.28,19.28,19.53,19.0,-0.18,-0.93,,,,,,,,,,,2404.0,2026-06-18T18:00:00.000000
sz301050,sz,,34.99,34.9,34.9,35.66,34.41,0.09,0.26,,,,,,,,,,,15605.0,2026-06-18T18:00:00.000000
sz301051,sz,,15.85,16.31,16.31,16.48,15.84,-0.46,-2.82,,,,,,,,,,,9991.0,2026-06-18T18:00:00.000000
sz301052,sz,,24.77,24.89,24.89,25.28,24.14,-0.12,-0.48,,,,,,,,,,,6730.0,2026-06-18T18:00:00.000000
sz301053,sz,,42.77,41.03,41.03,43.04,41.0,1.74,4.24,,,,,,,,,,,16658.0,2026-06-18T18:00:00.000000
sz301055,sz,,38.96,39.88,39.88,40.54,38.6,-0.92,-2.31,,,,,,,,,,,29474.0,2026-06-18T18:00:00.000000
sz301056,sz,,11.94,11.99,11.99,12.25,11.86,-0.05,-0.42,,,,,,,,,,,3384.0,2026-06-18T18:00:00.000000
sz301057,sz,,26.4,26.5,26.5,26.64,25.67,-0.1,-0.38,,,,,,,,,,,7937.0,2026-06-18T18:00:00.000000
sz301058,sz,,8.21,8.4,8.4,8.43,8.18,-0.19,-2.26,,,,,,,,,,,6350.0,2026-06-18T18:00:00.000000
sz301059,sz,,12.25,12.66,12.66,12.66,12.08,-0.41,-3.24,,,,,,,,,,,10338.0,2026-06-18T18:00:00.000000
sz301060,sz,,8.66,8.46,8.46,8.75,8.42,0.2,2.36,,,,,,,,,,,5431.0,2026-06-18T18:00:00.000000
sz301061,sz,,36.16,36.88,36.88,36.88,36.04,-0.72,-1.95,,,,,,,,,,,6262.0,2026-06-18T18:00:00.000000
sz301062,sz,,6.17,6.12,6.12,6.31,6.05,0.05,0.82,,,,,,,,,,,2754.0,2026-06-18T18:00:00.000000
sz301063,sz,,18.14,18.02,18.02,18.36,17.79,0.12,0.67,,,,,,,,,,,2810.0,2026-06-18T18:00:00.000000
sz301065,sz,,18.46,18.75,18.75,18.75,18.28,-0.29,-1.55,,,,,,,,,,,2669.0,2026-06-18T18:00:00.000000
sz301066,sz,,12.98,13.08,13.08,13.3,12.5,-0.1,-0.76,,,,,,,,,,,7935.0,2026-06-18T18:00:00.000000
sz301067,sz,,35.46,36.41,36.41,36.41,35.35,-0.95,-2.61,,,,,,,,,,,11311.0,2026-06-18T18:00:00.000000
sz301068,sz,,27.48,26.99,26.99,28.06,26.83,0.49,1.82,,,,,,,,,,,3951.0,2026-06-18T18:00:00.000000
sz301069,sz,,22.26,22.62,22.62,22.62,22.0,-0.36,-1.59,,,,,,,,,,,34261.0,2026-06-18T18:00:00.000000
sz301070,sz,,87.16,81.95,81.95,89.3,81.22,5.21,6.36,,,,,,,,,,,49316.0,2026-06-18T18:00:00.000000
sz301071,sz,,76.6,74.24,74.24,80.51,74.24,2.36,3.18,,,,,,,,,,,230020.0,2026-06-18T18:00:00.000000
sz301072,sz,,40.61,37.56,37.56,40.8,37.56,3.05,8.12,,,,,,,,,,,25318.0,2026-06-18T18:00:00.000000
sz301073,sz,,19.56,19.61,19.61,19.82,19.45,-0.05,-0.25,,,,,,,,,,,5922.0,2026-06-18T18:00:00.000000
sz301075,sz,,67.11,67.11,67.11,68.36,65.92,0.0,0.0,,,,,,,,,,,5622.0,2026-06-18T18:00:00.000000
sz301076,sz,,28.5,28.69,28.69,29.17,28.1,-0.19,-0.66,,,,,,,,,,,16581.0,2026-06-18T18:00:00.000000
sz301077,sz,,23.29,23.35,23.35,23.68,23.04,-0.06,-0.26,,,,,,,,,,,4262.0,2026-06-18T18:00:00.000000
sz301078,sz,,7.44,7.67,7.67,7.68,7.39,-0.23,-3.0,,,,,,,,,,,15592.0,2026-06-18T18:00:00.000000
sz301079,sz,,35.06,35.0,35.0,35.86,34.35,0.06,0.17,,,,,,,,,,,14567.0,2026-06-18T18:00:00.000000
sz301080,sz,,40.39,38.5,38.5,41.47,38.07,1.89,4.91,,,,,,,,,,,19042.0,2026-06-18T18:00:00.000000
sz301081,sz,,14.66,14.7,14.7,14.95,14.51,-0.04,-0.27,,,,,,,,,,,8220.0,2026-06-18T18:00:00.000000
sz301082,sz,,9.78,9.83,9.83,9.96,9.7,-0.05,-0.51,,,,,,,,,,,5117.0,2026-06-18T18:00:00.000000
sz301083,sz,,13.91,14.0,14.0,14.12,13.73,-0.09,-0.64,,,,,,,,,,,2746.0,2026-06-18T18:00:00.000000
sz301085,sz,,66.15,64.22,64.22,66.92,64.16,1.93,3.01,,,,,,,,,,,21014.0,2026-06-18T18:00:00.000000
sz301086,sz,,213.0,210.79,210.79,217.8,207.0,2.21,1.05,,,,,,,,,,,83918.0,2026-06-18T18:00:00.000000
sz301087,sz,,44.9,44.67,44.67,45.42,44.24,0.23,0.51,,,,,,,,,,,6661.0,2026-06-18T18:00:00.000000
sz301088,sz,,12.74,12.96,12.96,13.08,12.68,-0.22,-1.7,,,,,,,,,,,1503.0,2026-06-18T18:00:00.000000
sz301089,sz,,21.82,21.77,21.77,22.2,21.28,0.05,0.23,,,,,,,,,,,3958.0,2026-06-18T18:00:00.000000
sz301090,sz,,6.83,6.83,6.83,7.04,6.76,0.0,0.0,,,,,,,,,,,4459.0,2026-06-18T18:00:00.000000
sz301091,sz,,17.59,17.74,17.74,17.9,17.38,-0.15,-0.85,,,,,,,,,,,8321.0,2026-06-18T18:00:00.000000
sz301092,sz,,52.53,51.16,51.16,52.58,46.82,1.37,2.68,,,,,,,,,,,42369.0,2026-06-18T18:00:00.000000
sz301093,sz,,129.87,129.37,129.37,131.66,127.58,0.5,0.39,,,,,,,,,,,39200.0,2026-06-18T18:00:00.000000
sz301095,sz,,102.5,99.98,99.98,103.69,97.0,2.52,2.52,,,,,,,,,,,119096.0,2026-06-18T18:00:00.000000
sz301096,sz,,55.72,54.6,54.6,57.44,54.5,1.12,2.05,,,,,,,,,,,12942.0,2026-06-18T18:00:00.000000
sz301097,sz,,37.59,36.4,36.4,37.69,35.73,1.19,3.27,,,,,,,,,,,4289.0,2026-06-18T18:00:00.000000
sz301098,sz,,8.93,8.46,8.46,9.22,8.46,0.47,5.56,,,,,,,,,,,18045.0,2026-06-18T18:00:00.000000
sz301099,sz,,93.32,91.78,91.78,95.34,90.6,1.54,1.68,,,,,,,,,,,164580.0,2026-06-18T18:00:00.000000
sz301100,sz,,14.77,14.98,14.98,15.13,14.67,-0.21,-1.4,,,,,,,,,,,2396.0,2026-06-18T18:00:00.000000
sz301101,sz,,29.59,29.9,29.9,30.15,29.44,-0.31,-1.04,,,,,,,,,,,6767.0,2026-06-18T18:00:00.000000
sz301102,sz,,10.0,10.1,10.1,10.17,9.94,-0.1,-0.99,,,,,,,,,,,2322.0,2026-06-18T18:00:00.000000
sz301103,sz,,15.68,15.8,15.8,15.95,15.6,-0.12,-0.76,,,,,,,,,,,1917.0,2026-06-18T18:00:00.000000
sz301105,sz,,47.95,49.38,49.38,49.6,47.4,-1.43,-2.9,,,,,,,,,,,3029.0,2026-06-18T18:00:00.000000
sz301106,sz,,23.33,23.74,23.74,24.15,23.06,-0.41,-1.73,,,,,,,,,,,12013.0,2026-06-18T18:00:00.000000
sz301107,sz,,24.5,24.76,24.76,25.0,23.88,-0.26,-1.05,,,,,,,,,,,12234.0,2026-06-18T18:00:00.000000
sz301108,sz,,25.65,25.7,25.7,26.58,25.2,-0.05,-0.19,,,,,,,,,,,6887.0,2026-06-18T18:00:00.000000
sz301109,sz,,13.47,13.55,13.55,13.72,13.36,-0.08,-0.59,,,,,,,,,,,6597.0,2026-06-18T18:00:00.000000
sz301110,sz,,39.47,39.67,39.67,39.98,38.48,-0.2,-0.5,,,,,,,,,,,11357.0,2026-06-18T18:00:00.000000
sz301111,sz,,27.95,31.01,31.01,31.29,26.75,-3.06,-9.87,,,,,,,,,,,54834.0,2026-06-18T18:00:00.000000
sz301112,sz,,30.92,30.6,30.6,31.5,30.4,0.32,1.05,,,,,,,,,,,3271.0,2026-06-18T18:00:00.000000
sz301113,sz,,15.82,15.94,15.94,16.21,15.51,-0.12,-0.75,,,,,,,,,,,2234.0,2026-06-18T18:00:00.000000
sz301115,sz,,32.4,32.85,32.85,33.02,31.7,-0.45,-1.37,,,,,,,,,,,13879.0,2026-06-18T18:00:00.000000
sz301116,sz,,9.11,9.16,9.16,9.24,9.01,-0.05,-0.55,,,,,,,,,,,3588.0,2026-06-18T18:00:00.000000
sz301117,sz,,25.8,25.19,25.19,26.35,24.95,0.61,2.42,,,,,,,,,,,10562.0,2026-06-18T18:00:00.000000
sz301118,sz,,28.8,29.48,29.48,29.98,28.49,-0.68,-2.31,,,,,,,,,,,14302.0,2026-06-18T18:00:00.000000
sz301119,sz,,26.56,25.45,25.45,27.31,24.95,1.11,4.36,,,,,,,,,,,12938.0,2026-06-18T18:00:00.000000
sz301120,sz,,19.54,19.61,19.61,20.04,19.32,-0.07,-0.36,,,,,,,,,,,24334.0,2026-06-18T18:00:00.000000
sz301121,sz,,37.52,37.36,37.36,38.45,37.0,0.16,0.43,,,,,,,,,,,5176.0,2026-06-18T18:00:00.000000
sz301122,sz,,26.03,24.53,24.53,27.3,24.5,1.5,6.11,,,,,,,,,,,13952.0,2026-06-18T18:00:00.000000
sz301123,sz,,125.0,116.86,116.86,129.39,115.0,8.14,6.97,,,,,,,,,,,183897.0,2026-06-18T18:00:00.000000
sz301125,sz,,16.45,15.57,15.57,16.52,15.18,0.88,5.65,,,,,,,,,,,9784.0,2026-06-18T18:00:00.000000
sz301126,sz,,9.26,9.37,9.37,9.41,9.1,-0.11,-1.17,,,,,,,,,,,3295.0,2026-06-18T18:00:00.000000
sz301127,sz,,14.78,13.27,13.27,14.88,13.27,1.51,11.38,,,,,,,,,,,52373.0,2026-06-18T18:00:00.000000
sz301128,sz,,188.2,176.99,176.99,189.8,175.13,11.21,6.33,,,,,,,,,,,157534.0,2026-06-18T18:00:00.000000
sz301129,sz,,23.22,23.05,23.05,23.41,22.7,0.17,0.74,,,,,,,,,,,3656.0,2026-06-18T18:00:00.000000
sz301130,sz,,24.9,24.99,24.99,25.33,24.51,-0.09,-0.36,,,,,,,,,,,2440.0,2026-06-18T18:00:00.000000
sz301131,sz,,34.8,34.85,34.85,35.25,34.1,-0.05,-0.14,,,,,,,,,,,3684.0,2026-06-18T18:00:00.000000
sz301132,sz,,46.97,44.58,44.58,47.93,44.1,2.39,5.36,,,,,,,,,,,52049.0,2026-06-18T18:00:00.000000
sz301133,sz,,39.0,40.86,40.86,40.86,37.5,-1.86,-4.55,,,,,,,,,,,16945.0,2026-06-18T18:00:00.000000
sz301135,sz,,17.22,17.43,17.43,17.63,17.15,-0.21,-1.2,,,,,,,,,,,5304.0,2026-06-18T18:00:00.000000
sz301136,sz,,12.13,12.26,12.26,12.39,11.99,-0.13,-1.06,,,,,,,,,,,6146.0,2026-06-18T18:00:00.000000
sz301137,sz,,37.8,38.9,38.9,39.31,37.77,-1.1,-2.83,,,,,,,,,,,19376.0,2026-06-18T18:00:00.000000
sz301138,sz,,28.77,27.8,27.8,28.82,27.59,0.97,3.49,,,,,,,,,,,4160.0,2026-06-18T18:00:00.000000
sz301139,sz,,4.18,4.34,4.34,4.52,4.18,-0.16,-3.69,,,,,,,,,,,6203.0,2026-06-18T18:00:00.000000
sz301141,sz,,50.0,48.07,48.07,51.47,47.9,1.93,4.01,,,,,,,,,,,22469.0,2026-06-18T18:00:00.000000
sz301148,sz,,56.19,54.1,54.1,57.17,50.16,2.09,3.86,,,,,,,,,,,19856.0,2026-06-18T18:00:00.000000
sz301149,sz,,11.81,11.74,11.74,11.98,11.61,0.07,0.6,,,,,,,,,,,8216.0,2026-06-18T18:00:00.000000
sz301150,sz,,63.98,59.28,59.28,65.7,59.21,4.7,7.93,,,,,,,,,,,232597.0,2026-06-18T18:00:00.000000
sz301151,sz,,20.69,19.74,19.74,20.87,19.35,0.95,4.81,,,,,,,,,,,14696.0,2026-06-18T18:00:00.000000
sz301152,sz,,26.18,26.19,26.19,26.83,25.95,-0.01,-0.04,,,,,,,,,,,11279.0,2026-06-18T18:00:00.000000
sz301153,sz,,17.95,18.44,18.44,18.5,17.85,-0.49,-2.66,,,,,,,,,,,9703.0,2026-06-18T18:00:00.000000
sz301155,sz,,45.67,45.62,45.62,46.66,45.01,0.05,0.11,,,,,,,,,,,13864.0,2026-06-18T18:00:00.000000
sz301156,sz,,11.9,11.92,11.92,12.1,11.7,-0.02,-0.17,,,,,,,,,,,2882.0,2026-06-18T18:00:00.000000
sz301157,sz,,71.0,70.72,70.72,71.5,69.51,0.28,0.4,,,,,,,,,,,9586.0,2026-06-18T18:00:00.000000
sz301158,sz,,14.91,14.47,14.47,15.24,14.41,0.44,3.04,,,,,,,,,,,7877.0,2026-06-18T18:00:00.000000
sz301159,sz,,32.36,32.0,32.0,32.74,31.42,0.36,1.12,,,,,,,,,,,4269.0,2026-06-18T18:00:00.000000
sz301160,sz,,46.99,43.7,43.7,47.98,43.5,3.29,7.53,,,,,,,,,,,39758.0,2026-06-18T18:00:00.000000
sz301161,sz,,35.55,35.5,35.5,35.88,34.23,0.05,0.14,,,,,,,,,,,36437.0,2026-06-18T18:00:00.000000
sz301162,sz,,40.77,41.63,41.63,41.69,40.51,-0.86,-2.07,,,,,,,,,,,10433.0,2026-06-18T18:00:00.000000
sz301163,sz,,23.4,23.43,23.43,23.81,22.9,-0.03,-0.13,,,,,,,,,,,2579.0,2026-06-18T18:00:00.000000
sz301165,sz,,67.8,64.9,64.9,68.77,64.81,2.9,4.47,,,,,,,,,,,84102.0,2026-06-18T18:00:00.000000
sz301166,sz,,25.93,25.73,25.73,26.16,25.25,0.2,0.78,,,,,,,,,,,2485.0,2026-06-18T18:00:00.000000
sz301167,sz,,13.45,13.47,13.47,13.61,13.21,-0.02,-0.15,,,,,,,,,,,3206.0,2026-06-18T18:00:00.000000
sz301168,sz,,44.88,43.94,43.94,46.38,43.62,0.94,2.14,,,,,,,,,,,12378.0,2026-06-18T18:00:00.000000
sz301169,sz,,78.6,79.11,79.11,81.43,78.59,-0.51,-0.64,,,,,,,,,,,13026.0,2026-06-18T18:00:00.000000
sz301170,sz,,23.19,23.27,23.27,23.48,22.91,-0.08,-0.34,,,,,,,,,,,2075.0,2026-06-18T18:00:00.000000
sz301171,sz,,38.2,37.14,37.14,38.98,36.2,1.06,2.85,,,,,,,,,,,219343.0,2026-06-18T18:00:00.000000
sz301172,sz,,31.81,31.57,31.57,31.98,31.29,0.24,0.76,,,,,,,,,,,13212.0,2026-06-18T18:00:00.000000
sz301173,sz,,32.19,32.66,32.66,32.72,31.91,-0.47,-1.44,,,,,,,,,,,1765.0,2026-06-18T18:00:00.000000
sz301175,sz,,5.24,5.26,5.26,5.3,5.21,-0.02,-0.38,,,,,,,,,,,6784.0,2026-06-18T18:00:00.000000
sz301176,sz,,78.64,78.29,78.29,79.6,76.91,0.35,0.45,,,,,,,,,,,109432.0,2026-06-18T18:00:00.000000
sz301177,sz,,26.72,26.98,26.98,27.28,26.51,-0.26,-0.96,,,,,,,,,,,3164.0,2026-06-18T18:00:00.000000
sz301178,sz,,44.19,43.91,43.91,45.79,43.28,0.28,0.64,,,,,,,,,,,25893.0,2026-06-18T18:00:00.000000
sz301179,sz,,21.51,21.08,21.08,21.55,20.76,0.43,2.04,,,,,,,,,,,12424.0,2026-06-18T18:00:00.000000
sz301180,sz,,13.92,13.96,13.96,14.3,13.69,-0.04,-0.29,,,,,,,,,,,6476.0,2026-06-18T18:00:00.000000
sz301181,sz,,27.18,26.9,26.9,28.21,26.8,0.28,1.04,,,,,,,,,,,6183.0,2026-06-18T18:00:00.000000
sz301182,sz,,101.0,97.47,97.47,101.28,95.3,3.53,3.62,,,,,,,,,,,45534.0,2026-06-18T18:00:00.000000
sz301183,sz,,262.36,253.01,253.01,264.58,250.13,9.35,3.7,,,,,,,,,,,183413.0,2026-06-18T18:00:00.000000
sz301185,sz,,16.54,16.71,16.71,16.95,16.38,-0.17,-1.02,,,,,,,,,,,3664.0,2026-06-18T18:00:00.000000
sz301186,sz,,41.2,43.0,43.0,43.0,41.14,-1.8,-4.19,,,,,,,,,,,9241.0,2026-06-18T18:00:00.000000
sz301187,sz,,16.26,16.38,16.38,16.75,16.21,-0.12,-0.73,,,,,,,,,,,3195.0,2026-06-18T18:00:00.000000
sz301188,sz,,66.86,67.9,67.9,69.97,66.22,-1.04,-1.53,,,,,,,,,,,169851.0,2026-06-18T18:00:00.000000
sz301189,sz,,67.02,65.5,65.5,69.3,64.5,1.52,2.32,,,,,,,,,,,44077.0,2026-06-18T18:00:00.000000
sz301190,sz,,18.23,18.51,18.51,18.8,18.14,-0.28,-1.51,,,,,,,,,,,3901.0,2026-06-18T18:00:00.000000
sz301191,sz,,110.98,105.31,105.31,114.92,103.67,5.67,5.38,,,,,,,,,,,79037.0,2026-06-18T18:00:00.000000
sz301192,sz,,21.12,21.17,21.17,21.4,20.69,-0.05,-0.24,,,,,,,,,,,2519.0,2026-06-18T18:00:00.000000
sz301193,sz,,20.34,23.09,23.09,23.09,20.19,-2.75,-11.91,,,,,,,,,,,26565.0,2026-06-18T18:00:00.000000
sz301195,sz,,33.99,34.39,34.39,34.53,33.43,-0.4,-1.16,,,,,,,,,,,9620.0,2026-06-18T18:00:00.000000
sz301196,sz,,196.4,190.0,190.0,201.98,188.0,6.4,3.37,,,,,,,,,,,131599.0,2026-06-18T18:00:00.000000
sz301197,sz,,31.37,31.79,31.79,32.1,30.7,-0.42,-1.32,,,,,,,,,,,13165.0,2026-06-18T18:00:00.000000
sz301198,sz,,14.25,14.25,14.25,14.65,14.03,0.0,0.0,,,,,,,,,,,6691.0,2026-06-18T18:00:00.000000
sz301199,sz,,18.85,18.83,18.83,19.14,18.5,0.02,0.11,,,,,,,,,,,2736.0,2026-06-18T18:00:00.000000
sz301200,sz,,337.0,328.0,328.0,341.5,322.0,9.0,2.74,,,,,,,,,,,137463.0,2026-06-18T18:00:00.000000
sz301201,sz,,35.72,35.1,35.1,36.13,34.8,0.62,1.77,,,,,,,,,,,14735.0,2026-06-18T18:00:00.000000
sz301202,sz,,37.0,36.6,36.6,37.5,36.53,0.4,1.09,,,,,,,,,,,4848.0,2026-06-18T18:00:00.000000
sz301203,sz,,42.66,43.55,43.55,43.58,42.28,-0.89,-2.04,,,,,,,,,,,3188.0,2026-06-18T18:00:00.000000
sz301205,sz,,361.02,340.98,340.98,374.5,332.3,20.04,5.88,,,,,,,,,,,533192.0,2026-06-18T18:00:00.000000
sz301206,sz,,23.74,23.52,23.52,23.89,23.19,0.22,0.94,,,,,,,,,,,2279.0,2026-06-18T18:00:00.000000
sz301207,sz,,16.48,16.33,16.33,16.71,16.12,0.15,0.92,,,,,,,,,,,5853.0,2026-06-18T18:00:00.000000
sz301208,sz,,29.82,28.7,28.7,30.58,28.61,1.12,3.9,,,,,,,,,,,6492.0,2026-06-18T18:00:00.000000
sz301209,sz,,61.1,58.45,58.45,62.97,58.0,2.65,4.53,,,,,,,,,,,21525.0,2026-06-18T18:00:00.000000
sz301210,sz,,31.77,31.16,31.16,32.13,30.7,0.61,1.96,,,,,,,,,,,16441.0,2026-06-18T18:00:00.000000
sz301211,sz,,9.35,9.29,9.29,9.45,9.15,0.06,0.65,,,,,,,,,,,2007.0,2026-06-18T18:00:00.000000
sz301212,sz,,24.9,25.22,25.22,26.04,24.67,-0.32,-1.27,,,,,,,,,,,4665.0,2026-06-18T18:00:00.000000
sz301213,sz,,52.3,47.02,47.02,52.5,46.81,5.28,11.23,,,,,,,,,,,28583.0,2026-06-18T18:00:00.000000
sz301215,sz,,5.35,5.31,5.31,5.51,5.31,0.04,0.75,,,,,,,,,,,6238.0,2026-06-18T18:00:00.000000
sz301216,sz,,24.33,24.6,24.6,25.14,23.99,-0.27,-1.1,,,,,,,,,,,33472.0,2026-06-18T18:00:00.000000
sz301217,sz,,200.0,179.3,179.3,202.15,178.01,20.7,11.54,,,,,,,,,,,833354.0,2026-06-18T18:00:00.000000
sz301218,sz,,44.58,44.9,44.9,45.87,43.33,-0.32,-0.71,,,,,,,,,,,28839.0,2026-06-18T18:00:00.000000
sz301219,sz,,59.95,58.56,58.56,61.49,58.11,1.39,2.37,,,,,,,,,,,65699.0,2026-06-18T18:00:00.000000
sz301220,sz,,35.7,36.78,36.78,36.78,35.44,-1.08,-2.94,,,,,,,,,,,4538.0,2026-06-18T18:00:00.000000
sz301221,sz,,30.15,30.51,30.51,30.83,29.9,-0.36,-1.18,,,,,,,,,,,5597.0,2026-06-18T18:00:00.000000
sz301222,sz,,33.95,32.86,32.86,36.35,32.74,1.09,3.32,,,,,,,,,,,36211.0,2026-06-18T18:00:00.000000
sz301223,sz,,16.38,16.07,16.07,16.5,15.88,0.31,1.93,,,,,,,,,,,3142.0,2026-06-18T18:00:00.000000
sz301225,sz,,87.9,88.7,88.7,90.0,86.98,-0.8,-0.9,,,,,,,,,,,14137.0,2026-06-18T18:00:00.000000
sz301226,sz,,34.72,34.75,34.75,35.51,34.2,-0.03,-0.09,,,,,,,,,,,8567.0,2026-06-18T18:00:00.000000
sz301227,sz,,28.5,27.72,27.72,29.0,26.82,0.78,2.81,,,,,,,,,,,8961.0,2026-06-18T18:00:00.000000
sz301228,sz,,79.94,83.84,83.84,83.84,79.51,-3.9,-4.65,,,,,,,,,,,43361.0,2026-06-18T18:00:00.000000
sz301229,sz,,13.34,13.35,13.35,13.52,13.14,-0.01,-0.07,,,,,,,,,,,3112.0,2026-06-18T18:00:00.000000
sz301230,sz,,34.58,33.4,33.4,34.95,33.25,1.18,3.53,,,,,,,,,,,20398.0,2026-06-18T18:00:00.000000
sz301231,sz,,34.64,32.9,32.9,35.8,32.2,1.74,5.29,,,,,,,,,,,30343.0,2026-06-18T18:00:00.000000
sz301232,sz,,141.56,130.14,130.14,145.5,128.0,11.42,8.78,,,,,,,,,,,144239.0,2026-06-18T18:00:00.000000
sz301233,sz,,38.29,37.11,37.11,38.42,36.76,1.18,3.18,,,,,,,,,,,7178.0,2026-06-18T18:00:00.000000
sz301234,sz,,38.34,38.79,38.79,39.61,37.9,-0.45,-1.16,,,,,,,,,,,7494.0,2026-06-18T18:00:00.000000
sz301235,sz,,66.37,66.81,66.81,69.49,65.7,-0.44,-0.66,,,,,,,,,,,34288.0,2026-06-18T18:00:00.000000
sz301236,sz,,38.56,38.18,38.18,39.18,37.54,0.38,1.0,,,,,,,,,,,108911.0,2026-06-18T18:00:00.000000
sz301237,sz,,70.45,72.55,72.55,72.55,69.36,-2.1,-2.89,,,,,,,,,,,11935.0,2026-06-18T18:00:00.000000
sz301238,sz,,25.52,25.8,25.8,26.35,25.4,-0.28,-1.09,,,,,,,,,,,69339.0,2026-06-18T18:00:00.000000
sz301239,sz,,32.65,32.32,32.32,33.31,32.11,0.33,1.02,,,,,,,,,,,6083.0,2026-06-18T18:00:00.000000
sz301246,sz,,27.65,27.73,27.73,28.28,27.31,-0.08,-0.29,,,,,,,,,,,28277.0,2026-06-18T18:00:00.000000
sz301248,sz,,73.33,73.47,73.47,75.22,72.71,-0.14,-0.19,,,,,,,,,,,43149.0,2026-06-18T18:00:00.000000
sz301251,sz,,54.26,53.97,53.97,54.87,53.21,0.29,0.54,,,,,,,,,,,29151.0,2026-06-18T18:00:00.000000
sz301252,sz,,44.08,41.17,41.17,44.7,41.0,2.91,7.07,,,,,,,,,,,25956.0,2026-06-18T18:00:00.000000
sz301255,sz,,23.84,23.62,23.62,24.13,23.35,0.22,0.93,,,,,,,,,,,3140.0,2026-06-18T18:00:00.000000
sz301256,sz,,11.26,11.59,11.59,11.64,11.23,-0.33,-2.85,,,,,,,,,,,8190.0,2026-06-18T18:00:00.000000
sz301257,sz,,40.38,39.55,39.55,41.17,39.24,0.83,2.1,,,,,,,,,,,6644.0,2026-06-18T18:00:00.000000
sz301258,sz,,24.06,24.34,24.34,24.45,23.73,-0.28,-1.15,,,,,,,,,,,1731.0,2026-06-18T18:00:00.000000
sz301259,sz,,25.02,25.11,25.11,25.67,24.74,-0.09,-0.36,,,,,,,,,,,8549.0,2026-06-18T18:00:00.000000
sz301260,sz,,15.41,15.34,15.34,15.82,15.04,0.07,0.46,,,,,,,,,,,5034.0,2026-06-18T18:00:00.000000
sz301261,sz,,90.9,88.11,88.11,92.13,87.81,2.79,3.17,,,,,,,,,,,38642.0,2026-06-18T18:00:00.000000
sz301262,sz,,19.62,19.45,19.45,19.98,19.32,0.17,0.87,,,,,,,,,,,5180.0,2026-06-18T18:00:00.000000
sz301263,sz,,20.27,19.39,19.39,20.6,19.18,0.88,4.54,,,,,,,,,,,16378.0,2026-06-18T18:00:00.000000
sz301265,sz,,28.12,26.9,26.9,28.46,26.6,1.22,4.54,,,,,,,,,,,26359.0,2026-06-18T18:00:00.000000
sz301266,sz,,25.61,26.17,26.17,26.83,25.53,-0.56,-2.14,,,,,,,,,,,22161.0,2026-06-18T18:00:00.000000
sz301267,sz,,16.18,16.2,16.2,16.5,16.06,-0.02,-0.12,,,,,,,,,,,5546.0,2026-06-18T18:00:00.000000
sz301268,sz,,16.32,16.19,16.19,16.33,16.0,0.13,0.8,,,,,,,,,,,5419.0,2026-06-18T18:00:00.000000
sz301269,sz,,104.0,104.0,104.0,105.0,102.9,0.0,0.0,,,,,,,,,,,138972.0,2026-06-18T18:00:00.000000
sz301270,sz,,28.48,29.24,29.24,29.48,28.01,-0.76,-2.6,,,,,,,,,,,7919.0,2026-06-18T18:00:00.000000
sz301272,sz,,36.29,36.26,36.26,37.31,35.72,0.03,0.08,,,,,,,,,,,2899.0,2026-06-18T18:00:00.000000
sz301273,sz,,32.22,32.61,32.61,32.82,32.0,-0.39,-1.2,,,,,,,,,,,4952.0,2026-06-18T18:00:00.000000
sz301275,sz,,44.8,45.91,45.91,45.92,44.58,-1.11,-2.42,,,,,,,,,,,34861.0,2026-06-18T18:00:00.000000
sz301276,sz,,24.06,25.55,25.55,25.68,24.0,-1.49,-5.83,,,,,,,,,,,21876.0,2026-06-18T18:00:00.000000
sz301277,sz,,9.0,8.97,8.97,9.13,8.86,0.03,0.33,,,,,,,,,,,2073.0,2026-06-18T18:00:00.000000
sz301278,sz,,31.7,32.65,32.65,32.91,31.6,-0.95,-2.91,,,,,,,,,,,5133.0,2026-06-18T18:00:00.000000
sz301279,sz,,24.06,24.4,24.4,24.74,23.5,-0.34,-1.39,,,,,,,,,,,9479.0,2026-06-18T18:00:00.000000
sz301280,sz,,50.82,48.0,48.0,51.59,47.1,2.82,5.88,,,,,,,,,,,36667.0,2026-06-18T18:00:00.000000
sz301281,sz,,50.07,49.98,49.98,50.97,49.3,0.09,0.18,,,,,,,,,,,15934.0,2026-06-18T18:00:00.000000
sz301282,sz,,29.98,29.12,29.12,30.09,28.89,0.86,2.95,,,,,,,,,,,41503.0,2026-06-18T18:00:00.000000
sz301283,sz,,27.77,26.38,26.38,28.44,26.2,1.39,5.27,,,,,,,,,,,6220.0,2026-06-18T18:00:00.000000
sz301285,sz,,135.3,127.93,127.93,137.11,125.99,7.37,5.76,,,,,,,,,,,67951.0,2026-06-18T18:00:00.000000
sz301286,sz,,59.25,60.0,60.0,61.52,59.0,-0.75,-1.25,,,,,,,,,,,17699.0,2026-06-18T18:00:00.000000
sz301287,sz,,34.85,34.2,34.2,35.21,33.88,0.65,1.9,,,,,,,,,,,2072.0,2026-06-18T18:00:00.000000
sz301288,sz,,17.91,18.58,18.58,18.65,17.7,-0.67,-3.61,,,,,,,,,,,3635.0,2026-06-18T18:00:00.000000
sz301289,sz,,50.1,49.92,49.92,50.93,49.67,0.18,0.36,,,,,,,,,,,3468.0,2026-06-18T18:00:00.000000
sz301290,sz,,29.11,29.75,29.75,29.8,28.8,-0.64,-2.15,,,,,,,,,,,5077.0,2026-06-18T18:00:00.000000
sz301291,sz,,41.42,42.24,42.24,42.82,41.22,-0.82,-1.94,,,,,,,,,,,33566.0,2026-06-18T18:00:00.000000
sz301292,sz,,76.11,78.5,78.5,82.36,74.6,-2.39,-3.04,,,,,,,,,,,149892.0,2026-06-18T18:00:00.000000
sz301293,sz,,54.14,53.7,53.7,55.37,53.7,0.44,0.82,,,,,,,,,,,27560.0,2026-06-18T18:00:00.000000
sz301295,sz,,44.69,46.5,46.5,46.52,43.59,-1.81,-3.89,,,,,,,,,,,7636.0,2026-06-18T18:00:00.000000
sz301296,sz,,6.32,6.37,6.37,6.39,6.23,-0.05,-0.78,,,,,,,,,,,1103.0,2026-06-18T18:00:00.000000
sz301297,sz,,51.28,49.96,49.96,52.34,48.08,1.32,2.64,,,,,,,,,,,176494.0,2026-06-18T18:00:00.000000
sz301298,sz,,12.66,12.61,12.61,12.84,12.3,0.05,0.4,,,,,,,,,,,3324.0,2026-06-18T18:00:00.000000
sz301299,sz,,49.9,50.38,50.38,50.67,49.4,-0.48,-0.95,,,,,,,,,,,3615.0,2026-06-18T18:00:00.000000
sz301300,sz,,33.82,33.8,33.8,34.17,33.1,0.02,0.06,,,,,,,,,,,2662.0,2026-06-18T18:00:00.000000
sz301301,sz,,8.42,8.38,8.38,8.51,8.26,0.04,0.48,,,,,,,,,,,7763.0,2026-06-18T18:00:00.000000
sz301302,sz,,30.12,30.77,30.77,30.98,28.61,-0.65,-2.11,,,,,,,,,,,35998.0,2026-06-18T18:00:00.000000
sz301303,sz,,17.98,18.24,18.24,18.58,17.62,-0.26,-1.43,,,,,,,,,,,30573.0,2026-06-18T18:00:00.000000
sz301305,sz,,30.21,30.5,30.5,31.3,30.1,-0.29,-0.95,,,,,,,,,,,17974.0,2026-06-18T18:00:00.000000
sz301306,sz,,174.0,164.5,164.5,178.0,160.1,9.5,5.78,,,,,,,,,,,122701.0,2026-06-18T18:00:00.000000
sz301307,sz,,65.88,68.0,68.0,68.49,63.11,-2.12,-3.12,,,,,,,,,,,75625.0,2026-06-18T18:00:00.000000
sz301308,sz,,577.79,563.3,563.3,598.38,560.0,14.49,2.57,,,,,,,,,,,1350290.0,2026-06-18T18:00:00.000000
sz301309,sz,,31.89,31.8,31.8,32.3,31.48,0.09,0.28,,,,,,,,,,,2765.0,2026-06-18T18:00:00.000000
sz301310,sz,,46.75,39.0,39.0,46.75,38.98,7.75,19.87,,,,,,,,,,,100086.0,2026-06-18T18:00:00.000000
sz301311,sz,,14.15,14.23,14.23,14.42,13.97,-0.08,-0.56,,,,,,,,,,,1812.0,2026-06-18T18:00:00.000000
sz301312,sz,,113.0,110.31,110.31,113.62,107.66,2.69,2.44,,,,,,,,,,,75251.0,2026-06-18T18:00:00.000000
sz301313,sz,,59.24,62.13,62.13,65.02,58.58,-2.89,-4.65,,,,,,,,,,,137074.0,2026-06-18T18:00:00.000000
sz301314,sz,,54.52,54.28,54.28,57.37,52.14,0.24,0.44,,,,,,,,,,,14729.0,2026-06-18T18:00:00.000000
sz301315,sz,,40.75,40.45,40.45,41.13,40.03,0.3,0.74,,,,,,,,,,,5744.0,2026-06-18T18:00:00.000000
sz301316,sz,,42.78,41.41,41.41,43.98,40.78,1.37,3.31,,,,,,,,,,,89363.0,2026-06-18T18:00:00.000000
sz301317,sz,,67.5,64.9,64.9,69.81,63.47,2.6,4.01,,,,,,,,,,,26240.0,2026-06-18T18:00:00.000000
sz301318,sz,,22.04,20.57,20.57,22.46,20.15,1.47,7.15,,,,,,,,,,,8126.0,2026-06-18T18:00:00.000000
sz301319,sz,,170.31,163.0,163.0,172.5,159.0,7.31,4.48,,,,,,,,,,,114342.0,2026-06-18T18:00:00.000000
sz301320,sz,,14.32,14.24,14.24,14.65,14.11,0.08,0.56,,,,,,,,,,,3937.0,2026-06-18T18:00:00.000000
sz301321,sz,,39.39,39.1,39.1,40.51,38.48,0.29,0.74,,,,,,,,,,,33839.0,2026-06-18T18:00:00.000000
sz301322,sz,,58.56,57.06,57.06,59.98,56.9,1.5,2.63,,,,,,,,,,,30771.0,2026-06-18T18:00:00.000000
sz301323,sz,,102.7,102.0,102.0,104.68,100.08,0.7,0.69,,,,,,,,,,,39821.0,2026-06-18T18:00:00.000000
sz301325,sz,,39.34,40.44,40.44,40.71,38.72,-1.1,-2.72,,,,,,,,,,,11952.0,2026-06-18T18:00:00.000000
sz301326,sz,,152.0,149.54,149.54,155.0,146.0,2.46,1.65,,,,,,,,,,,24879.0,2026-06-18T18:00:00.000000
sz301327,sz,,50.16,50.91,50.91,50.93,49.92,-0.75,-1.47,,,,,,,,,,,7041.0,2026-06-18T18:00:00.000000
sz301328,sz,,61.15,63.0,63.0,63.64,61.01,-1.85,-2.94,,,,,,,,,,,24670.0,2026-06-18T18:00:00.000000
sz301329,sz,,26.37,26.19,26.19,26.83,25.99,0.18,0.69,,,,,,,,,,,18092.0,2026-06-18T18:00:00.000000
sz301330,sz,,28.52,28.38,28.38,29.12,27.66,0.14,0.49,,,,,,,,,,,17790.0,2026-06-18T18:00:00.000000
sz301331,sz,,22.77,21.44,21.44,22.77,21.08,1.33,6.2,,,,,,,,,,,5638.0,2026-06-18T18:00:00.000000
sz301332,sz,,8.23,8.17,8.17,8.25,8.08,0.06,0.73,,,,,,,,,,,1338.0,2026-06-18T18:00:00.000000
sz301333,sz,,47.05,46.44,46.44,48.08,45.95,0.61,1.31,,,,,,,,,,,11155.0,2026-06-18T18:00:00.000000
sz301335,sz,,20.7,20.9,20.9,21.2,20.62,-0.2,-0.96,,,,,,,,,,,2090.0,2026-06-18T18:00:00.000000
sz301336,sz,,37.57,37.61,37.61,38.1,36.5,-0.04,-0.11,,,,,,,,,,,4996.0,2026-06-18T18:00:00.000000
sz301337,sz,,28.94,28.56,28.56,29.05,28.1,0.38,1.33,,,,,,,,,,,6075.0,2026-06-18T18:00:00.000000
sz301338,sz,,169.0,164.27,164.27,170.0,161.1,4.73,2.88,,,,,,,,,,,162716.0,2026-06-18T18:00:00.000000
sz301339,sz,,11.13,11.19,11.19,11.21,11.0,-0.06,-0.54,,,,,,,,,,,3550.0,2026-06-18T18:00:00.000000
sz301345,sz,,204.38,209.5,209.5,211.0,202.8,-5.12,-2.44,,,,,,,,,,,21377.0,2026-06-18T18:00:00.000000
sz301348,sz,,28.2,28.87,28.87,28.99,28.13,-0.67,-2.32,,,,,,,,,,,56177.0,2026-06-18T18:00:00.000000
sz301349,sz,,64.63,63.29,63.29,65.96,62.0,1.34,2.12,,,,,,,,,,,48421.0,2026-06-18T18:00:00.000000
sz301353,sz,,18.17,18.2,18.2,18.42,17.9,-0.03,-0.16,,,,,,,,,,,1640.0,2026-06-18T18:00:00.000000
sz301355,sz,,10.1,10.0,10.0,10.35,9.84,0.1,1.0,,,,,,,,,,,3510.0,2026-06-18T18:00:00.000000
sz301356,sz,,23.94,23.33,23.33,23.94,22.95,0.61,2.61,,,,,,,,,,,4084.0,2026-06-18T18:00:00.000000
sz301357,sz,,85.91,85.97,85.97,87.77,84.9,-0.06,-0.07,,,,,,,,,,,13207.0,2026-06-18T18:00:00.000000
sz301358,sz,,76.08,74.65,74.65,77.95,74.18,1.43,1.92,,,,,,,,,,,184542.0,2026-06-18T18:00:00.000000
sz301359,sz,,17.88,18.09,18.09,18.29,17.81,-0.21,-1.16,,,,,,,,,,,3678.0,2026-06-18T18:00:00.000000
sz301360,sz,,78.29,77.15,77.15,79.28,76.2,1.14,1.48,,,,,,,,,,,18580.0,2026-06-18T18:00:00.000000
sz301361,sz,,34.96,34.05,34.05,36.19,33.5,0.91,2.67,,,,,,,,,,,15023.0,2026-06-18T18:00:00.000000
sz301362,sz,,240.77,229.31,229.31,251.25,227.0,11.46,5.0,,,,,,,,,,,100815.0,2026-06-18T18:00:00.000000
sz301363,sz,,19.81,19.18,19.18,21.3,19.18,0.63,3.28,,,,,,,,,,,66601.0,2026-06-18T18:00:00.000000
sz301365,sz,,34.85,33.66,33.66,35.3,33.03,1.19,3.54,,,,,,,,,,,14805.0,2026-06-18T18:00:00.000000
sz301366,sz,,55.82,57.0,57.0,57.51,54.94,-1.18,-2.07,,,,,,,,,,,131994.0,2026-06-18T18:00:00.000000
sz301367,sz,,39.94,40.39,40.39,40.96,39.88,-0.45,-1.11,,,,,,,,,,,4840.0,2026-06-18T18:00:00.000000
sz301368,sz,,44.4,43.52,43.52,45.48,43.52,0.88,2.02,,,,,,,,,,,12888.0,2026-06-18T18:00:00.000000
sz301369,sz,,221.2,210.0,210.0,224.44,206.29,11.2,5.33,,,,,,,,,,,79671.0,2026-06-18T18:00:00.000000
sz301370,sz,,8.6,8.64,8.64,8.72,8.52,-0.04,-0.46,,,,,,,,,,,1753.0,2026-06-18T18:00:00.000000
sz301371,sz,,27.49,27.17,27.17,27.65,26.92,0.32,1.18,,,,,,,,,,,5377.0,2026-06-18T18:00:00.000000
sz301372,sz,,34.84,35.05,35.05,35.86,34.54,-0.21,-0.6,,,,,,,,,,,4999.0,2026-06-18T18:00:00.000000
sz301373,sz,,194.9,177.88,177.88,198.3,174.19,17.02,9.57,,,,,,,,,,,179577.0,2026-06-18T18:00:00.000000
sz301376,sz,,15.28,15.56,15.56,15.63,15.23,-0.28,-1.8,,,,,,,,,,,3359.0,2026-06-18T18:00:00.000000
sz301377,sz,,600.0,570.1,570.1,628.18,570.01,29.9,5.24,,,,,,,,,,,255251.0,2026-06-18T18:00:00.000000
sz301378,sz,,27.24,26.93,26.93,27.45,26.42,0.31,1.15,,,,,,,,,,,5379.0,2026-06-18T18:00:00.000000
sz301379,sz,,25.4,25.68,25.68,26.13,24.98,-0.28,-1.09,,,,,,,,,,,50390.0,2026-06-18T18:00:00.000000
sz301380,sz,,29.02,29.58,29.58,29.58,28.64,-0.56,-1.89,,,,,,,,,,,3421.0,2026-06-18T18:00:00.000000
sz301381,sz,,19.32,19.0,19.0,19.32,18.71,0.32,1.68,,,,,,,,,,,6258.0,2026-06-18T18:00:00.000000
sz301382,sz,,40.88,40.8,40.8,42.21,40.16,0.08,0.2,,,,,,,,,,,58521.0,2026-06-18T18:00:00.000000
sz301383,sz,,27.56,27.05,27.05,28.15,26.71,0.51,1.89,,,,,,,,,,,6762.0,2026-06-18T18:00:00.000000
sz301386,sz,,20.99,20.62,20.62,21.06,20.53,0.37,1.79,,,,,,,,,,,2535.0,2026-06-18T18:00:00.000000
sz301387,sz,,106.97,107.85,107.85,109.89,104.54,-0.88,-0.82,,,,,,,,,,,48478.0,2026-06-18T18:00:00.000000
sz301388,sz,,25.6,25.86,25.86,26.05,25.41,-0.26,-1.01,,,,,,,,,,,2408.0,2026-06-18T18:00:00.000000
sz301389,sz,,103.17,101.0,101.0,105.19,99.88,2.17,2.15,,,,,,,,,,,150971.0,2026-06-18T18:00:00.000000
sz301390,sz,,29.25,29.41,29.41,29.67,28.66,-0.16,-0.54,,,,,,,,,,,2172.0,2026-06-18T18:00:00.000000
sz301391,sz,,65.85,65.69,65.69,68.8,65.01,0.16,0.24,,,,,,,,,,,9672.0,2026-06-18T18:00:00.000000
sz301392,sz,,210.61,193.03,193.03,212.98,193.0,17.58,9.11,,,,,,,,,,,174223.0,2026-06-18T18:00:00.000000
sz301393,sz,,52.87,51.96,51.96,54.2,51.0,0.91,1.75,,,,,,,,,,,8671.0,2026-06-18T18:00:00.000000
sz301395,sz,,11.21,11.48,11.48,11.57,11.17,-0.27,-2.35,,,,,,,,,,,4079.0,2026-06-18T18:00:00.000000
sz301396,sz,,222.97,216.37,216.37,229.0,215.01,6.6,3.05,,,,,,,,,,,416720.0,2026-06-18T18:00:00.000000
sz301397,sz,,33.3,33.45,33.45,34.24,33.02,-0.15,-0.45,,,,,,,,,,,9427.0,2026-06-18T18:00:00.000000
sz301398,sz,,39.35,40.33,40.33,40.94,39.06,-0.98,-2.43,,,,,,,,,,,5912.0,2026-06-18T18:00:00.000000
sz301399,sz,,18.18,17.74,17.74,18.27,17.55,0.44,2.48,,,,,,,,,,,5764.0,2026-06-18T18:00:00.000000
sz301408,sz,,15.39,15.19,15.19,15.62,15.06,0.2,1.32,,,,,,,,,,,14691.0,2026-06-18T18:00:00.000000
sz301413,sz,,80.28,81.49,81.49,81.79,78.71,-1.21,-1.48,,,,,,,,,,,45642.0,2026-06-18T18:00:00.000000
sz301418,sz,,48.18,50.05,50.05,50.38,48.18,-1.87,-3.74,,,,,,,,,,,25270.0,2026-06-18T18:00:00.000000
sz301419,sz,,45.6,44.03,44.03,47.95,44.01,1.57,3.57,,,,,,,,,,,57893.0,2026-06-18T18:00:00.000000
sz301421,sz,,101.11,99.0,99.0,102.47,97.97,2.11,2.13,,,,,,,,,,,74560.0,2026-06-18T18:00:00.000000
sz301428,sz,,37.85,37.2,37.2,38.25,37.01,0.65,1.75,,,,,,,,,,,27549.0,2026-06-18T18:00:00.000000
sz301429,sz,,17.44,17.56,17.56,17.67,17.2,-0.12,-0.68,,,,,,,,,,,2498.0,2026-06-18T18:00:00.000000
sz301439,sz,,17.25,17.48,17.48,17.84,17.14,-0.23,-1.32,,,,,,,,,,,31571.0,2026-06-18T18:00:00.000000
sz301446,sz,,42.6,42.3,42.3,42.88,40.28,0.3,0.71,,,,,,,,,,,8090.0,2026-06-18T18:00:00.000000
sz301448,sz,,42.83,39.13,39.13,43.3,39.13,3.7,9.46,,,,,,,,,,,11814.0,2026-06-18T18:00:00.000000
sz301449,sz,,42.46,42.15,42.15,43.1,41.83,0.31,0.74,,,,,,,,,,,3623.0,2026-06-18T18:00:00.000000
sz301456,sz,,24.9,24.97,24.97,25.27,24.69,-0.07,-0.28,,,,,,,,,,,3260.0,2026-06-18T18:00:00.000000
sz301458,sz,,60.58,57.21,57.21,62.0,56.75,3.37,5.89,,,,,,,,,,,130432.0,2026-06-18T18:00:00.000000
sz301459,sz,,35.33,35.24,35.24,35.66,34.7,0.09,0.26,,,,,,,,,,,2383.0,2026-06-18T18:00:00.000000
sz301468,sz,,48.89,50.7,50.7,52.99,48.12,-1.81,-3.57,,,,,,,,,,,97624.0,2026-06-18T18:00:00.000000
sz301469,sz,,30.32,29.88,29.88,31.15,29.85,0.44,1.47,,,,,,,,,,,4696.0,2026-06-18T18:00:00.000000
sz301479,sz,,63.9,65.25,65.25,65.25,63.21,-1.35,-2.07,,,,,,,,,,,21539.0,2026-06-18T18:00:00.000000
sz301486,sz,,255.47,258.6,258.6,259.0,250.08,-3.13,-1.21,,,,,,,,,,,215518.0,2026-06-18T18:00:00.000000
sz301487,sz,,22.18,22.2,22.2,22.9,22.07,-0.02,-0.09,,,,,,,,,,,24752.0,2026-06-18T18:00:00.000000
sz301488,sz,,142.15,144.11,144.11,147.2,141.1,-1.96,-1.36,,,,,,,,,,,40887.0,2026-06-18T18:00:00.000000
sz301489,sz,,171.51,159.05,159.05,176.66,157.0,12.46,7.83,,,,,,,,,,,187732.0,2026-06-18T18:00:00.000000
sz301491,sz,,44.31,44.0,44.0,44.89,43.57,0.31,0.7,,,,,,,,,,,2853.0,2026-06-18T18:00:00.000000
sz301498,sz,,40.87,41.0,41.0,41.48,40.41,-0.13,-0.32,,,,,,,,,,,10771.0,2026-06-18T18:00:00.000000
sz301499,sz,,36.3,35.97,35.97,36.98,35.7,0.33,0.92,,,,,,,,,,,10722.0,2026-06-18T18:00:00.000000
sz301500,sz,,27.73,27.69,27.69,28.49,27.2,0.04,0.14,,,,,,,,,,,44101.0,2026-06-18T18:00:00.000000
sz301501,sz,,26.14,26.52,26.52,26.59,26.0,-0.38,-1.43,,,,,,,,,,,1577.0,2026-06-18T18:00:00.000000
sz301502,sz,,85.3,84.83,84.83,89.0,84.17,0.47,0.55,,,,,,,,,,,10164.0,2026-06-18T18:00:00.000000
sz301503,sz,,28.94,29.47,29.47,29.71,28.78,-0.53,-1.8,,,,,,,,,,,3241.0,2026-06-18T18:00:00.000000
sz301505,sz,,17.55,17.72,17.72,17.81,17.22,-0.17,-0.96,,,,,,,,,,,4193.0,2026-06-18T18:00:00.000000
sz301507,sz,,12.23,12.03,12.03,12.44,11.94,0.2,1.66,,,,,,,,,,,4275.0,2026-06-18T18:00:00.000000
sz301508,sz,,25.4,25.74,25.74,25.86,25.34,-0.34,-1.32,,,,,,,,,,,8022.0,2026-06-18T18:00:00.000000
sz301509,sz,,27.24,27.0,27.0,27.62,26.52,0.24,0.89,,,,,,,,,,,4383.0,2026-06-18T18:00:00.000000
sz301510,sz,,36.05,35.53,35.53,36.53,35.53,0.52,1.46,,,,,,,,,,,48383.0,2026-06-18T18:00:00.000000
sz301511,sz,,160.9,158.0,158.0,164.9,154.66,2.9,1.84,,,,,,,,,,,572849.0,2026-06-18T18:00:00.000000
sz301512,sz,,57.09,55.99,55.99,57.8,54.98,1.1,1.96,,,,,,,,,,,12410.0,2026-06-18T18:00:00.000000
sz301513,sz,,64.52,63.0,63.0,64.95,62.51,1.52,2.41,,,,,,,,,,,11161.0,2026-06-18T18:00:00.000000
sz301515,sz,,19.39,19.44,19.44,19.7,18.83,-0.05,-0.26,,,,,,,,,,,2655.0,2026-06-18T18:00:00.000000
sz301516,sz,,15.76,16.04,16.04,16.1,15.64,-0.28,-1.75,,,,,,,,,,,7409.0,2026-06-18T18:00:00.000000
sz301517,sz,,53.93,53.01,53.01,54.65,52.91,0.92,1.74,,,,,,,,,,,20955.0,2026-06-18T18:00:00.000000
sz301518,sz,,28.44,28.97,28.97,29.26,28.35,-0.53,-1.83,,,,,,,,,,,5883.0,2026-06-18T18:00:00.000000
sz301519,sz,,11.74,11.78,11.78,11.91,11.4,-0.04,-0.34,,,,,,,,,,,3206.0,2026-06-18T18:00:00.000000
sz301520,sz,,24.4,24.15,24.15,24.73,23.8,0.25,1.04,,,,,,,,,,,1542.0,2026-06-18T18:00:00.000000
sz301522,sz,,28.74,29.15,29.15,29.75,28.39,-0.41,-1.41,,,,,,,,,,,28807.0,2026-06-18T18:00:00.000000
sz301525,sz,,53.59,49.7,49.7,54.71,49.15,3.89,7.83,,,,,,,,,,,22873.0,2026-06-18T18:00:00.000000
sz301526,sz,,40.89,39.51,39.51,41.78,38.75,1.38,3.49,,,,,,,,,,,733756.0,2026-06-18T18:00:00.000000
sz301528,sz,,94.99,94.08,94.08,96.8,90.66,0.91,0.97,,,,,,,,,,,28645.0,2026-06-18T18:00:00.000000
sz301529,sz,,103.23,106.34,106.34,109.0,103.05,-3.11,-2.92,,,,,,,,,,,30983.0,2026-06-18T18:00:00.000000
sz301531,sz,,74.98,69.19,69.19,77.2,68.77,5.79,8.37,,,,,,,,,,,72204.0,2026-06-18T18:00:00.000000
sz301533,sz,,25.16,25.33,25.33,25.72,24.98,-0.17,-0.67,,,,,,,,,,,2264.0,2026-06-18T18:00:00.000000
sz301535,sz,,14.29,14.83,14.83,15.08,14.24,-0.54,-3.64,,,,,,,,,,,8349.0,2026-06-18T18:00:00.000000
sz301536,sz,,112.64,110.06,110.06,113.98,109.0,2.58,2.34,,,,,,,,,,,129116.0,2026-06-18T18:00:00.000000
sz301538,sz,,66.54,66.15,66.15,66.97,64.71,0.39,0.59,,,,,,,,,,,13090.0,2026-06-18T18:00:00.000000
sz301539,sz,,14.43,14.6,14.6,14.75,14.26,-0.17,-1.16,,,,,,,,,,,1918.0,2026-06-18T18:00:00.000000
sz301548,sz,,77.55,74.35,74.35,78.7,73.36,3.2,4.3,,,,,,,,,,,16129.0,2026-06-18T18:00:00.000000
sz301550,sz,,100.05,99.76,99.76,102.22,98.3,0.29,0.29,,,,,,,,,,,90856.0,2026-06-18T18:00:00.000000
sz301551,sz,,21.39,21.8,21.8,21.84,21.26,-0.41,-1.88,,,,,,,,,,,8479.0,2026-06-18T18:00:00.000000
sz301552,sz,,24.5,24.55,24.55,24.87,24.1,-0.05,-0.2,,,,,,,,,,,2047.0,2026-06-18T18:00:00.000000
sz301555,sz,,43.35,44.25,44.25,44.87,43.03,-0.9,-2.03,,,,,,,,,,,22155.0,2026-06-18T18:00:00.000000
sz301556,sz,,64.49,64.07,64.07,65.23,63.11,0.42,0.66,,,,,,,,,,,5671.0,2026-06-18T18:00:00.000000
sz301557,sz,,91.4,91.28,91.28,92.5,89.0,0.12,0.13,,,,,,,,,,,17192.0,2026-06-18T18:00:00.000000
sz301558,sz,,6.59,6.62,6.62,6.66,6.49,-0.03,-0.45,,,,,,,,,,,2956.0,2026-06-18T18:00:00.000000
sz301559,sz,,13.3,13.29,13.29,13.39,13.11,0.01,0.08,,,,,,,,,,,1730.0,2026-06-18T18:00:00.000000
sz301560,sz,,30.98,30.52,30.52,31.88,29.91,0.46,1.51,,,,,,,,,,,7695.0,2026-06-18T18:00:00.000000
sz301563,sz,,198.59,185.72,185.72,202.0,185.17,12.87,6.93,,,,,,,,,,,118917.0,2026-06-18T18:00:00.000000
sz301565,sz,,28.66,27.0,27.0,28.66,26.6,1.66,6.15,,,,,,,,,,,45944.0,2026-06-18T18:00:00.000000
sz301566,sz,,40.28,38.99,38.99,41.86,38.78,1.29,3.31,,,,,,,,,,,169362.0,2026-06-18T18:00:00.000000
sz301567,sz,,39.52,39.2,39.2,40.26,38.74,0.32,0.82,,,,,,,,,,,3789.0,2026-06-18T18:00:00.000000
sz301568,sz,,118.19,117.0,117.0,120.0,113.0,1.19,1.02,,,,,,,,,,,63920.0,2026-06-18T18:00:00.000000
sz301571,sz,,70.16,70.3,70.3,72.27,69.52,-0.14,-0.2,,,,,,,,,,,31350.0,2026-06-18T18:00:00.000000
sz301575,sz,,28.83,28.55,28.55,29.44,28.0,0.28,0.98,,,,,,,,,,,2188.0,2026-06-18T18:00:00.000000
sz301577,sz,,96.96,93.89,93.89,98.99,93.5,3.07,3.27,,,,,,,,,,,20597.0,2026-06-18T18:00:00.000000
sz301578,sz,,21.45,21.71,21.71,21.89,21.32,-0.26,-1.2,,,,,,,,,,,3012.0,2026-06-18T18:00:00.000000
sz301580,sz,,63.17,63.17,63.17,63.17,63.17,0.0,0.0,,,,,,,,,,,21988.0,2026-06-18T18:00:00.000000
sz301581,sz,,47.61,47.02,47.02,48.25,46.6,0.59,1.25,,,,,,,,,,,5258.0,2026-06-18T18:00:00.000000
sz301584,sz,,21.41,20.84,20.84,21.77,20.63,0.57,2.74,,,,,,,,,,,7322.0,2026-06-18T18:00:00.000000
sz301585,sz,,24.89,24.63,24.63,25.1,24.4,0.26,1.06,,,,,,,,,,,2367.0,2026-06-18T18:00:00.000000
sz301586,sz,,36.85,35.51,35.51,37.4,35.51,1.34,3.77,,,,,,,,,,,3799.0,2026-06-18T18:00:00.000000
sz301587,sz,,24.62,24.73,24.73,25.12,24.58,-0.11,-0.44,,,,,,,,,,,8647.0,2026-06-18T18:00:00.000000
sz301588,sz,,41.14,40.58,40.58,41.54,39.6,0.56,1.38,,,,,,,,,,,28095.0,2026-06-18T18:00:00.000000
sz301589,sz,,156.73,149.85,149.85,161.51,148.9,6.88,4.59,,,,,,,,,,,22529.0,2026-06-18T18:00:00.000000
sz301590,sz,,168.66,164.51,164.51,171.98,163.0,4.15,2.52,,,,,,,,,,,15534.0,2026-06-18T18:00:00.000000
sz301591,sz,,48.96,51.44,51.44,51.6,48.49,-2.48,-4.82,,,,,,,,,,,45022.0,2026-06-18T18:00:00.000000
sz301592,sz,,104.24,104.61,104.61,106.5,102.8,-0.37,-0.35,,,,,,,,,,,8754.0,2026-06-18T18:00:00.000000
sz301595,sz,,46.13,46.46,46.46,47.14,45.78,-0.33,-0.71,,,,,,,,,,,5218.0,2026-06-18T18:00:00.000000
sz301596,sz,,59.74,56.24,56.24,59.99,55.83,3.5,6.22,,,,,,,,,,,23969.0,2026-06-18T18:00:00.000000
sz301598,sz,,53.8,53.88,53.88,54.68,53.17,-0.08,-0.15,,,,,,,,,,,4273.0,2026-06-18T18:00:00.000000
sz301599,sz,,48.97,47.71,47.71,49.88,47.71,1.26,2.64,,,,,,,,,,,30564.0,2026-06-18T18:00:00.000000
sz301600,sz,,92.23,92.59,92.59,94.22,91.8,-0.36,-0.39,,,,,,,,,,,7756.0,2026-06-18T18:00:00.000000
sz301601,sz,,17.12,17.02,17.02,17.55,16.68,0.1,0.59,,,,,,,,,,,3408.0,2026-06-18T18:00:00.000000
sz301602,sz,,15.0,15.16,15.16,15.78,14.94,-0.16,-1.06,,,,,,,,,,,4452.0,2026-06-18T18:00:00.000000
sz301603,sz,,146.8,145.5,145.5,149.37,142.65,1.3,0.89,,,,,,,,,,,33584.0,2026-06-18T18:00:00.000000
sz301606,sz,,63.77,64.04,64.04,64.66,63.31,-0.27,-0.42,,,,,,,,,,,17739.0,2026-06-18T18:00:00.000000
sz301607,sz,,41.05,42.0,42.0,43.13,40.28,-0.95,-2.26,,,,,,,,,,,52129.0,2026-06-18T18:00:00.000000
sz301608,sz,,54.54,53.41,53.41,54.89,53.01,1.13,2.12,,,,,,,,,,,8101.0,2026-06-18T18:00:00.000000
sz301609,sz,,37.28,37.45,37.45,38.05,36.82,-0.17,-0.45,,,,,,,,,,,6741.0,2026-06-18T18:00:00.000000
sz301611,sz,,121.77,122.69,122.69,123.7,118.04,-0.92,-0.75,,,,,,,,,,,234231.0,2026-06-18T18:00:00.000000
sz301613,sz,,40.8,41.65,41.65,42.31,40.2,-0.85,-2.04,,,,,,,,,,,7713.0,2026-06-18T18:00:00.000000
sz301616,sz,,36.64,36.59,36.59,37.08,36.05,0.05,0.14,,,,,,,,,,,1384.0,2026-06-18T18:00:00.000000
sz301617,sz,,56.65,54.12,54.12,57.6,53.29,2.53,4.67,,,,,,,,,,,39984.0,2026-06-18T18:00:00.000000
sz301618,sz,,39.0,39.92,39.92,40.47,39.0,-0.92,-2.3,,,,,,,,,,,5444.0,2026-06-18T18:00:00.000000
sz301622,sz,,58.14,57.85,57.85,59.5,57.25,0.29,0.5,,,,,,,,,,,10274.0,2026-06-18T18:00:00.000000
sz301626,sz,,337.12,322.64,322.64,339.66,320.0,14.48,4.49,,,,,,,,,,,71247.0,2026-06-18T18:00:00.000000
sz301628,sz,,120.73,119.99,119.99,121.8,118.36,0.74,0.62,,,,,,,,,,,32796.0,2026-06-18T18:00:00.000000
sz301629,sz,,401.93,396.84,396.84,402.99,388.87,5.09,1.28,,,,,,,,,,,77247.0,2026-06-18T18:00:00.000000
sz301630,sz,,402.31,350.18,350.18,412.19,347.8,52.13,14.89,,,,,,,,,,,116346.0,2026-06-18T18:00:00.000000
sz301631,sz,,81.13,80.36,80.36,83.63,80.36,0.77,0.96,,,,,,,,,,,14759.0,2026-06-18T18:00:00.000000
sz301632,sz,,16.1,16.35,16.35,16.52,16.08,-0.25,-1.53,,,,,,,,,,,2772.0,2026-06-18T18:00:00.000000
sz301633,sz,,46.15,46.11,46.11,46.68,45.21,0.04,0.09,,,,,,,,,,,2017.0,2026-06-18T18:00:00.000000
sz301636,sz,,45.56,46.48,46.48,46.48,45.18,-0.92,-1.98,,,,,,,,,,,5498.0,2026-06-18T18:00:00.000000
sz301638,sz,,26.5,25.2,25.2,26.53,25.2,1.3,5.16,,,,,,,,,,,68077.0,2026-06-18T18:00:00.000000
sz301656,sz,,18.67,19.1,19.1,19.17,18.52,-0.43,-2.25,,,,,,,,,,,14208.0,2026-06-18T18:00:00.000000
sz301658,sz,,29.26,29.05,29.05,29.48,28.67,0.21,0.72,,,,,,,,,,,13125.0,2026-06-18T18:00:00.000000
sz301662,sz,,107.4,106.8,106.8,108.62,104.38,0.6,0.56,,,,,,,,,,,40433.0,2026-06-18T18:00:00.000000
sz301665,sz,,21.69,21.82,21.82,21.93,21.54,-0.13,-0.6,,,,,,,,,,,2844.0,2026-06-18T18:00:00.000000
sz301666,sz,,672.23,680.54,680.54,696.0,670.0,-8.31,-1.22,,,,,,,,,,,418703.0,2026-06-18T18:00:00.000000
sz301667,sz,,80.03,81.68,81.68,82.03,80.02,-1.65,-2.02,,,,,,,,,,,17268.0,2026-06-18T18:00:00.000000
sz301668,sz,,36.05,35.74,35.74,36.12,35.21,0.31,0.87,,,,,,,,,,,2311.0,2026-06-18T18:00:00.000000
sz301669,sz,,41.99,36.9,36.9,42.5,36.9,5.09,13.79,,,,,,,,,,,155022.0,2026-06-18T18:00:00.000000
sz301678,sz,,64.05,59.88,59.88,68.88,59.88,4.17,6.96,,,,,,,,,,,64306.0,2026-06-18T18:00:00.000000
sz301680,sz,,123.25,121.0,121.0,125.12,120.68,2.25,1.86,,,,,,,,,,,21951.0,2026-06-18T18:00:00.000000
sz301682,sz,,192.11,191.04,191.04,198.66,191.04,1.07,0.56,,,,,,,,,,,119166.0,2026-06-18T18:00:00.000000
sz301683,sz,,144.0,140.17,140.17,145.0,139.25,3.83,2.73,,,,,,,,,,,29335.0,2026-06-18T18:00:00.000000
sz301687,sz,,82.44,72.45,72.45,82.44,70.28,9.99,13.79,,,,,,,,,,,92093.0,2026-06-18T18:00:00.000000
sz301696,sz,,117.46,115.04,115.04,119.89,114.9,2.42,2.1,,,,,,,,,,,48222.0,2026-06-18T18:00:00.000000
sh600000,sh,,9.09,9.2,9.2,9.25,9.07,-0.11,-1.2,,,,,,,,,,,76328.0,2026-06-18T18:00:00.000000
sh600004,sh,,7.71,8.15,8.15,8.16,7.67,-0.44,-5.4,,,,,,,,,,,29862.0,2026-06-18T18:00:00.000000
sh600006,sh,,5.56,5.61,5.61,5.67,5.49,-0.05,-0.89,,,,,,,,,,,9928.0,2026-06-18T18:00:00.000000
sh600007,sh,,18.75,18.63,18.63,19.17,18.44,0.12,0.64,,,,,,,,,,,10728.0,2026-06-18T18:00:00.000000
sh600008,sh,,2.98,3.08,3.08,3.09,2.96,-0.1,-3.25,,,,,,,,,,,36440.0,2026-06-18T18:00:00.000000
sh600009,sh,,23.16,23.52,23.52,23.6,23.1,-0.36,-1.53,,,,,,,,,,,19429.0,2026-06-18T18:00:00.000000
sh600010,sh,,2.43,2.39,2.39,2.49,2.38,0.04,1.67,,,,,,,,,,,170064.0,2026-06-18T18:00:00.000000
sh600011,sh,,7.64,7.86,7.86,8.15,7.61,-0.22,-2.8,,,,,,,,,,,183914.0,2026-06-18T18:00:00.000000
sh600012,sh,,16.28,16.12,16.12,16.28,15.96,0.16,0.99,,,,,,,,,,,4926.0,2026-06-18T18:00:00.000000
sh600015,sh,,6.63,6.83,6.83,6.83,6.63,-0.2,-2.93,,,,,,,,,,,50810.0,2026-06-18T18:00:00.000000
sh600016,sh,,3.48,3.55,3.55,3.56,3.47,-0.07,-1.97,,,,,,,,,,,105424.0,2026-06-18T18:00:00.000000
sh600017,sh,,2.6,2.63,2.63,2.64,2.59,-0.03,-1.14,,,,,,,,,,,5414.0,2026-06-18T18:00:00.000000
sh600018,sh,,4.89,4.96,4.96,4.96,4.88,-0.07,-1.41,,,,,,,,,,,25213.0,2026-06-18T18:00:00.000000
sh600019,sh,,5.68,5.78,5.78,5.8,5.67,-0.1,-1.73,,,,,,,,,,,49704.0,2026-06-18T18:00:00.000000
sh600020,sh,,3.81,3.85,3.85,3.85,3.8,-0.04,-1.04,,,,,,,,,,,3655.0,2026-06-18T18:00:00.000000
sh600021,sh,,16.83,17.13,17.13,17.17,16.68,-0.3,-1.75,,,,,,,,,,,123533.0,2026-06-18T18:00:00.000000
sh600022,sh,,1.3,1.29,1.29,1.32,1.28,0.01,0.78,,,,,,,,,,,8578.0,2026-06-18T18:00:00.000000
sh600023,sh,,5.76,6.02,6.02,6.08,5.75,-0.26,-4.32,,,,,,,,,,,50706.0,2026-06-18T18:00:00.000000
sh600025,sh,,9.3,9.4,9.4,9.47,9.25,-0.1,-1.06,,,,,,,,,,,32536.0,2026-06-18T18:00:00.000000
sh600026,sh,,19.3,19.9,19.9,20.1,18.88,-0.6,-3.02,,,,,,,,,,,248247.0,2026-06-18T18:00:00.000000
sh600027,sh,,4.77,4.92,4.92,4.98,4.76,-0.15,-3.05,,,,,,,,,,,58103.0,2026-06-18T18:00:00.000000
sh600028,sh,,4.71,4.85,4.85,4.85,4.71,-0.14,-2.89,,,,,,,,,,,110793.0,2026-06-18T18:00:00.000000
sh600029,sh,,5.29,5.42,5.42,5.44,5.26,-0.13,-2.4,,,,,,,,,,,61297.0,2026-06-18T18:00:00.000000
sh600030,sh,,26.56,27.35,27.35,27.35,26.5,-0.79,-2.89,,,,,,,,,,,518391.0,2026-06-18T18:00:00.000000
sh600031,sh,,18.37,18.81,18.81,18.89,18.29,-0.44,-2.34,,,,,,,,,,,142946.0,2026-06-18T18:00:00.000000
sh600032,sh,,7.76,8.15,8.15,8.16,7.74,-0.39,-4.79,,,,,,,,,,,42065.0,2026-06-18T18:00:00.000000
sh600033,sh,,3.46,3.51,3.51,3.52,3.44,-0.05,-1.42,,,,,,,,,,,7681.0,2026-06-18T18:00:00.000000
sh600035,sh,,3.72,3.72,3.72,3.73,3.7,0.0,0.0,,,,,,,,,,,2680.0,2026-06-18T18:00:00.000000
sh600036,sh,,37.26,38.15,38.15,38.2,37.26,-0.89,-2.33,,,,,,,,,,,376552.0,2026-06-18T18:00:00.000000
sh600037,sh,,6.61,6.7,6.7,6.78,6.6,-0.09,-1.34,,,,,,,,,,,10266.0,2026-06-18T18:00:00.000000
sh600038,sh,,26.86,27.08,27.08,27.36,26.71,-0.22,-0.81,,,,,,,,,,,15311.0,2026-06-18T18:00:00.000000
sh600039,sh,,8.27,8.3,8.3,8.36,8.21,-0.03,-0.36,,,,,,,,,,,11282.0,2026-06-18T18:00:00.000000
sh600048,sh,,4.92,5.05,5.05,5.06,4.92,-0.13,-2.57,,,,,,,,,,,57853.0,2026-06-18T18:00:00.000000
sh600050,sh,,4.28,4.33,4.33,4.35,4.26,-0.05,-1.15,,,,,,,,,,,73736.0,2026-06-18T18:00:00.000000
sh600051,sh,,6.02,5.99,5.99,6.08,5.88,0.03,0.5,,,,,,,,,,,3167.0,2026-06-18T18:00:00.000000
sh600052,sh,,3.77,3.89,3.89,4.01,3.75,-0.12,-3.08,,,,,,,,,,,7482.0,2026-06-18T18:00:00.000000
sh600053,sh,,7.9,7.97,7.97,8.1,7.8,-0.07,-0.88,,,,,,,,,,,2000.0,2026-06-18T18:00:00.000000
sh600054,sh,,10.95,10.86,10.86,11.0,10.76,0.09,0.83,,,,,,,,,,,6178.0,2026-06-18T18:00:00.000000
sh600055,sh,,11.46,11.19,11.19,11.68,11.06,0.27,2.41,,,,,,,,,,,8482.0,2026-06-18T18:00:00.000000
sh600056,sh,,9.09,9.07,9.07,9.16,8.97,0.02,0.22,,,,,,,,,,,8715.0,2026-06-18T18:00:00.000000
sh600057,sh,,5.86,5.88,5.88,5.96,5.85,-0.02,-0.34,,,,,,,,,,,7679.0,2026-06-18T18:00:00.000000
sh600058,sh,,10.28,10.34,10.34,11.0,10.19,-0.06,-0.58,,,,,,,,,,,20138.0,2026-06-18T18:00:00.000000
sh600059,sh,,7.75,7.85,7.85,7.85,7.69,-0.1,-1.27,,,,,,,,,,,4988.0,2026-06-18T18:00:00.000000
sh600060,sh,,25.0,25.4,25.4,25.62,24.24,-0.4,-1.57,,,,,,,,,,,55805.0,2026-06-18T18:00:00.000000
sh600061,sh,,6.36,6.52,6.52,6.58,6.34,-0.16,-2.45,,,,,,,,,,,27639.0,2026-06-18T18:00:00.000000
sh600062,sh,,16.38,16.65,16.65,16.67,16.35,-0.27,-1.62,,,,,,,,,,,11552.0,2026-06-18T18:00:00.000000
sh600063,sh,,8.46,8.35,8.35,9.02,8.3,0.11,1.32,,,,,,,,,,,179093.0,2026-06-18T18:00:00.000000
sh600064,sh,,7.41,7.5,7.5,7.52,7.4,-0.09,-1.2,,,,,,,,,,,7572.0,2026-06-18T18:00:00.000000
sh600066,sh,,26.04,27.26,27.26,27.37,26.0,-1.22,-4.48,,,,,,,,,,,84382.0,2026-06-18T18:00:00.000000
sh600067,sh,,3.39,3.39,3.39,3.43,3.28,0.0,0.0,,,,,,,,,,,15518.0,2026-06-18T18:00:00.000000
sh600071,sh,,17.24,17.2,17.2,17.48,16.9,0.04,0.23,,,,,,,,,,,5827.0,2026-06-18T18:00:00.000000
sh600072,sh,,9.43,9.83,9.83,9.88,9.41,-0.4,-4.07,,,,,,,,,,,26857.0,2026-06-18T18:00:00.000000
sh600073,sh,,4.81,4.9,4.9,4.91,4.79,-0.09,-1.84,,,,,,,,,,,3429.0,2026-06-18T18:00:00.000000
sh600075,sh,,4.34,4.55,4.55,4.56,4.32,-0.21,-4.62,,,,,,,,,,,11511.0,2026-06-18T18:00:00.000000
sh600076,sh,,3.67,3.42,3.42,3.67,3.37,0.25,7.31,,,,,,,,,,,10579.0,2026-06-18T18:00:00.000000
sh600078,sh,,13.28,13.42,13.42,14.07,13.12,-0.14,-1.04,,,,,,,,,,,60087.0,2026-06-18T18:00:00.000000
sh600079,sh,,16.41,16.7,16.7,16.83,16.35,-0.29,-1.74,,,,,,,,,,,25940.0,2026-06-18T18:00:00.000000
sh600080,sh,,4.61,4.74,4.74,4.75,4.6,-0.13,-2.74,,,,,,,,,,,1859.0,2026-06-18T18:00:00.000000
sh600081,sh,,10.0,10.12,10.12,10.17,9.96,-0.12,-1.19,,,,,,,,,,,2818.0,2026-06-18T18:00:00.000000
sh600082,sh,,2.99,2.98,2.98,3.05,2.91,0.01,0.34,,,,,,,,,,,2592.0,2026-06-18T18:00:00.000000
sh600084,sh,,4.02,4.14,4.14,4.24,3.93,-0.12,-2.9,,,,,,,,,,,3151.0,2026-06-18T18:00:00.000000
sh600085,sh,,23.5,23.89,23.89,23.89,23.42,-0.39,-1.63,,,,,,,,,,,16556.0,2026-06-18T18:00:00.000000
sh600088,sh,,12.17,12.48,12.48,12.48,12.06,-0.31,-2.48,,,,,,,,,,,9646.0,2026-06-18T18:00:00.000000
sh600089,sh,,23.32,23.21,23.21,23.76,23.09,0.11,0.47,,,,,,,,,,,278527.0,2026-06-18T18:00:00.000000
sh600094,sh,,4.05,4.01,4.01,4.18,3.9,0.04,1.0,,,,,,,,,,,8083.0,2026-06-18T18:00:00.000000
sh600095,sh,,7.74,7.98,7.98,8.01,7.72,-0.24,-3.01,,,,,,,,,,,17550.0,2026-06-18T18:00:00.000000
sh600096,sh,,29.57,29.95,29.95,30.51,29.17,-0.38,-1.27,,,,,,,,,,,122852.0,2026-06-18T18:00:00.000000
sh600097,sh,,8.33,8.39,8.39,8.47,8.21,-0.06,-0.72,,,,,,,,,,,2419.0,2026-06-18T18:00:00.000000
sh600098,sh,,6.58,6.9,6.9,6.91,6.56,-0.32,-4.64,,,,,,,,,,,32172.0,2026-06-18T18:00:00.000000
sh600099,sh,,8.66,8.7,8.7,8.78,8.57,-0.04,-0.46,,,,,,,,,,,2731.0,2026-06-18T18:00:00.000000
sh600100,sh,,7.11,7.15,7.15,7.2,7.08,-0.04,-0.56,,,,,,,,,,,17889.0,2026-06-18T18:00:00.000000
sh600101,sh,,8.69,9.03,9.03,9.04,8.68,-0.34,-3.77,,,,,,,,,,,24548.0,2026-06-18T18:00:00.000000
sh600103,sh,,3.48,3.56,3.56,3.58,3.47,-0.08,-2.25,,,,,,,,,,,35477.0,2026-06-18T18:00:00.000000
sh600104,sh,,10.46,10.57,10.57,10.62,10.33,-0.11,-1.04,,,,,,,,,,,92483.0,2026-06-18T18:00:00.000000
sh600105,sh,,62.12,61.83,61.83,64.35,61.38,0.29,0.47,,,,,,,,,,,793132.0,2026-06-18T18:00:00.000000
sh600106,sh,,5.14,4.92,4.92,5.21,4.84,0.22,4.47,,,,,,,,,,,13663.0,2026-06-18T18:00:00.000000
sh600107,sh,,6.2,6.3,6.3,6.37,6.01,-0.1,-1.59,,,,,,,,,,,1945.0,2026-06-18T18:00:00.000000
sh600108,sh,,3.61,3.43,3.43,3.77,3.3,0.18,5.25,,,,,,,,,,,92492.0,2026-06-18T18:00:00.000000
sh600109,sh,,8.44,8.63,8.63,8.68,8.38,-0.19,-2.2,,,,,,,,,,,31314.0,2026-06-18T18:00:00.000000
sh600110,sh,,17.57,17.5,17.5,18.42,17.0,0.07,0.4,,,,,,,,,,,865645.0,2026-06-18T18:00:00.000000
sh600111,sh,,51.4,50.0,50.0,53.28,49.8,1.4,2.8,,,,,,,,,,,936661.0,2026-06-18T18:00:00.000000
sh600113,sh,,32.99,33.98,33.98,33.98,32.4,-0.99,-2.91,,,,,,,,,,,27489.0,2026-06-18T18:00:00.000000
sh600114,sh,,43.85,43.24,43.24,45.44,42.96,0.61,1.41,,,,,,,,,,,132131.0,2026-06-18T18:00:00.000000
sh600115,sh,,3.92,4.05,4.05,4.1,3.9,-0.13,-3.21,,,,,,,,,,,101104.0,2026-06-18T18:00:00.000000
sh600116,sh,,5.97,6.19,6.19,6.19,5.95,-0.22,-3.55,,,,,,,,,,,19163.0,2026-06-18T18:00:00.000000
sh600117,sh,,2.25,2.2,2.2,2.35,2.15,0.05,2.27,,,,,,,,,,,8209.0,2026-06-18T18:00:00.000000
sh600118,sh,,76.52,74.51,74.51,77.54,73.8,2.01,2.7,,,,,,,,,,,346249.0,2026-06-18T18:00:00.000000
sh600119,sh,,4.61,4.73,4.73,4.78,4.58,-0.12,-2.54,,,,,,,,,,,1344.0,2026-06-18T18:00:00.000000
sh600120,sh,,4.57,4.55,4.55,4.69,4.46,0.02,0.44,,,,,,,,,,,21462.0,2026-06-18T18:00:00.000000
sh600121,sh,,4.08,4.23,4.23,4.24,4.06,-0.15,-3.55,,,,,,,,,,,26380.0,2026-06-18T18:00:00.000000
sh600123,sh,,6.05,6.3,6.3,6.34,5.99,-0.25,-3.97,,,,,,,,,,,30621.0,2026-06-18T18:00:00.000000
sh600125,sh,,5.38,5.42,5.42,5.43,5.33,-0.04,-0.74,,,,,,,,,,,4719.0,2026-06-18T18:00:00.000000
sh600126,sh,,6.95,7.05,7.05,7.12,6.92,-0.1,-1.42,,,,,,,,,,,38844.0,2026-06-18T18:00:00.000000
sh600127,sh,,5.51,5.55,5.55,5.58,5.43,-0.04,-0.72,,,,,,,,,,,4955.0,2026-06-18T18:00:00.000000
sh600128,sh,,8.24,8.3,8.3,8.36,8.16,-0.06,-0.72,,,,,,,,,,,4217.0,2026-06-18T18:00:00.000000
sh600129,sh,,12.8,12.9,12.9,13.08,12.67,-0.1,-0.78,,,,,,,,,,,7787.0,2026-06-18T18:00:00.000000
sh600130,sh,,4.73,4.9,4.9,4.9,4.73,-0.17,-3.47,,,,,,,,,,,14638.0,2026-06-18T18:00:00.000000
sh600131,sh,,15.09,15.11,15.11,15.3,14.98,-0.02,-0.13,,,,,,,,,,,14599.0,2026-06-18T18:00:00.000000
sh600132,sh,,44.33,46.07,46.07,46.07,44.14,-1.74,-3.78,,,,,,,,,,,24490.0,2026-06-18T18:00:00.000000
sh600133,sh,,8.4,8.07,8.07,8.41,7.88,0.33,4.09,,,,,,,,,,,22874.0,2026-06-18T18:00:00.000000
sh600135,sh,,8.75,8.78,8.78,8.98,8.62,-0.03,-0.34,,,,,,,,,,,10186.0,2026-06-18T18:00:00.000000
sh600136,sh,,1.43,1.45,1.45,1.47,1.41,-0.02,-1.38,,,,,,,,,,,2098.0,2026-06-18T18:00:00.000000
sh600137,sh,,17.74,17.83,17.83,18.0,17.52,-0.09,-0.5,,,,,,,,,,,2646.0,2026-06-18T18:00:00.000000
sh600138,sh,,7.07,7.14,7.14,7.14,7.02,-0.07,-0.98,,,,,,,,,,,5840.0,2026-06-18T18:00:00.000000
sh600141,sh,,38.65,37.84,37.84,39.45,36.88,0.81,2.14,,,,,,,,,,,291992.0,2026-06-18T18:00:00.000000
sh600143,sh,,16.79,16.77,16.77,16.86,16.48,0.02,0.12,,,,,,,,,,,77094.0,2026-06-18T18:00:00.000000
sh600148,sh,,15.74,15.75,15.75,15.97,15.49,-0.01,-0.06,,,,,,,,,,,2838.0,2026-06-18T18:00:00.000000
sh600149,sh,,4.76,4.82,4.82,4.85,4.7,-0.06,-1.24,,,,,,,,,,,4941.0,2026-06-18T18:00:00.000000
sh600150,sh,,36.14,37.02,37.02,37.43,35.72,-0.88,-2.38,,,,,,,,,,,431348.0,2026-06-18T18:00:00.000000
sh600151,sh,,12.51,12.11,12.11,12.77,11.89,0.4,3.3,,,,,,,,,,,54095.0,2026-06-18T18:00:00.000000
sh600152,sh,,10.84,10.99,10.99,11.06,10.76,-0.15,-1.36,,,,,,,,,,,23385.0,2026-06-18T18:00:00.000000
sh600153,sh,,8.98,9.09,9.09,9.15,8.93,-0.11,-1.21,,,,,,,,,,,22851.0,2026-06-18T18:00:00.000000
sh600155,sh,,5.34,5.51,5.51,5.52,5.31,-0.17,-3.09,,,,,,,,,,,11708.0,2026-06-18T18:00:00.000000
sh600156,sh,,9.01,9.11,9.11,9.13,8.86,-0.1,-1.1,,,,,,,,,,,11061.0,2026-06-18T18:00:00.000000
sh600157,sh,,1.64,1.66,1.66,1.67,1.63,-0.02,-1.2,,,,,,,,,,,94170.0,2026-06-18T18:00:00.000000
sh600158,sh,,7.61,7.8,7.8,7.84,7.6,-0.19,-2.44,,,,,,,,,,,40833.0,2026-06-18T18:00:00.000000
sh600159,sh,,2.4,2.42,2.42,2.43,2.34,-0.02,-0.83,,,,,,,,,,,4027.0,2026-06-18T18:00:00.000000
sh600160,sh,,44.12,47.17,47.17,47.17,43.25,-3.05,-6.47,,,,,,,,,,,729514.0,2026-06-18T18:00:00.000000
sh600161,sh,,12.31,12.3,12.3,12.55,12.18,0.01,0.08,,,,,,,,,,,13653.0,2026-06-18T18:00:00.000000
sh600162,sh,,3.58,3.3,3.3,3.58,3.1,0.28,8.48,,,,,,,,,,,92719.0,2026-06-18T18:00:00.000000
sh600163,sh,,5.63,5.82,5.82,5.83,5.58,-0.19,-3.26,,,,,,,,,,,21653.0,2026-06-18T18:00:00.000000
sh600165,sh,,2.69,2.7,2.7,2.75,2.67,-0.01,-0.37,,,,,,,,,,,1067.0,2026-06-18T18:00:00.000000
sh600166,sh,,3.15,3.19,3.19,3.2,3.06,-0.04,-1.25,,,,,,,,,,,54721.0,2026-06-18T18:00:00.000000
sh600167,sh,,5.68,5.84,5.84,5.87,5.66,-0.16,-2.74,,,,,,,,,,,5654.0,2026-06-18T18:00:00.000000
sh600168,sh,,4.28,4.34,4.34,4.34,4.27,-0.06,-1.38,,,,,,,,,,,1577.0,2026-06-18T18:00:00.000000
sh600169,sh,,2.12,2.2,2.2,2.2,2.1,-0.08,-3.64,,,,,,,,,,,4692.0,2026-06-18T18:00:00.000000
sh600170,sh,,2.38,2.4,2.4,2.41,2.37,-0.02,-0.83,,,,,,,,,,,22715.0,2026-06-18T18:00:00.000000
sh600171,sh,,28.09,28.0,28.0,28.21,27.54,0.09,0.32,,,,,,,,,,,50681.0,2026-06-18T18:00:00.000000
sh600172,sh,,14.01,13.8,13.8,14.63,13.78,0.21,1.52,,,,,,,,,,,489389.0,2026-06-18T18:00:00.000000
sh600173,sh,,6.39,6.49,6.49,6.51,6.3,-0.1,-1.54,,,,,,,,,,,4833.0,2026-06-18T18:00:00.000000
sh600176,sh,,53.5,53.0,53.0,54.99,51.3,0.5,0.94,,,,,,,,,,,1403075.0,2026-06-18T18:00:00.000000
sh600177,sh,,7.35,7.4,7.4,7.43,7.3,-0.05,-0.68,,,,,,,,,,,14334.0,2026-06-18T18:00:00.000000
sh600178,sh,,9.07,9.43,9.43,9.65,9.01,-0.36,-3.82,,,,,,,,,,,12372.0,2026-06-18T18:00:00.000000
sh600179,sh,,4.63,4.66,4.66,4.74,4.58,-0.03,-0.64,,,,,,,,,,,19770.0,2026-06-18T18:00:00.000000
sh600180,sh,,1.23,1.26,1.26,1.28,1.23,-0.03,-2.38,,,,,,,,,,,3153.0,2026-06-18T18:00:00.000000
sh600182,sh,,14.2,14.21,14.21,14.25,14.05,-0.01,-0.07,,,,,,,,,,,1795.0,2026-06-18T18:00:00.000000
sh600183,sh,,183.87,178.5,178.5,187.35,176.73,5.37,3.01,,,,,,,,,,,1460514.0,2026-06-18T18:00:00.000000
sh600184,sh,,28.22,26.63,26.63,28.49,26.59,1.59,5.97,,,,,,,,,,,146120.0,2026-06-18T18:00:00.000000
sh600185,sh,,4.84,4.85,4.85,4.91,4.77,-0.01,-0.21,,,,,,,,,,,7801.0,2026-06-18T18:00:00.000000
sh600186,sh,,14.28,14.89,14.89,15.5,14.07,-0.61,-4.1,,,,,,,,,,,513721.0,2026-06-18T18:00:00.000000
sh600187,sh,,1.35,1.4,1.4,1.4,1.33,-0.05,-3.57,,,,,,,,,,,6420.0,2026-06-18T18:00:00.000000
sh600188,sh,,19.38,19.8,19.8,19.97,19.33,-0.42,-2.12,,,,,,,,,,,100667.0,2026-06-18T18:00:00.000000
sh600189,sh,,7.65,7.7,7.7,7.83,7.58,-0.05,-0.65,,,,,,,,,,,5970.0,2026-06-18T18:00:00.000000
sh600191,sh,,11.6,11.3,11.3,11.72,11.03,0.3,2.65,,,,,,,,,,,15011.0,2026-06-18T18:00:00.000000
sh600192,sh,,7.77,8.18,8.18,8.32,7.77,-0.41,-5.01,,,,,,,,,,,30359.0,2026-06-18T18:00:00.000000
sh600193,sh,,0.15,0.15,0.15,0.16,0.15,0.0,0.0,,,,,,,,,,,153.0,2026-06-18T18:00:00.000000
sh600195,sh,,6.36,6.41,6.41,6.49,6.22,-0.05,-0.78,,,,,,,,,,,5367.0,2026-06-18T18:00:00.000000
sh600196,sh,,21.79,21.53,21.53,22.08,21.25,0.26,1.21,,,,,,,,,,,44177.0,2026-06-18T18:00:00.000000
sh600197,sh,,10.07,9.99,9.99,10.12,9.84,0.08,0.8,,,,,,,,,,,5700.0,2026-06-18T18:00:00.000000
sh600198,sh,,9.01,9.1,9.1,9.35,8.91,-0.09,-0.99,,,,,,,,,,,39865.0,2026-06-18T18:00:00.000000
sh600199,sh,,6.72,6.44,6.44,6.9,6.36,0.28,4.35,,,,,,,,,,,13801.0,2026-06-18T18:00:00.000000
sh600201,sh,,11.77,11.9,11.9,12.0,11.76,-0.13,-1.09,,,,,,,,,,,16978.0,2026-06-18T18:00:00.000000
sh600202,sh,,4.83,4.8,4.8,4.88,4.7,0.03,0.62,,,,,,,,,,,4103.0,2026-06-18T18:00:00.000000
sh600203,sh,,12.46,12.55,12.55,12.65,12.35,-0.09,-0.72,,,,,,,,,,,29930.0,2026-06-18T18:00:00.000000
sh600206,sh,,42.51,38.79,38.79,43.51,38.79,3.72,9.59,,,,,,,,,,,549732.0,2026-06-18T18:00:00.000000
sh600207,sh,,6.19,6.8,6.8,6.8,6.16,-0.61,-8.97,,,,,,,,,,,36627.0,2026-06-18T18:00:00.000000
sh600208,sh,,3.1,3.07,3.07,3.13,3.02,0.03,0.98,,,,,,,,,,,41485.0,2026-06-18T18:00:00.000000
sh600210,sh,,6.56,6.67,6.67,6.67,6.54,-0.11,-1.65,,,,,,,,,,,8374.0,2026-06-18T18:00:00.000000
sh600211,sh,,36.8,36.39,36.39,37.38,35.96,0.41,1.13,,,,,,,,,,,9233.0,2026-06-18T18:00:00.000000
sh600212,sh,,5.76,5.75,5.75,5.92,5.72,0.01,0.17,,,,,,,,,,,6309.0,2026-06-18T18:00:00.000000
sh600215,sh,,6.31,6.26,6.26,6.53,6.2,0.05,0.8,,,,,,,,,,,5414.0,2026-06-18T18:00:00.000000
sh600216,sh,,11.52,11.72,11.72,11.81,11.48,-0.2,-1.71,,,,,,,,,,,28574.0,2026-06-18T18:00:00.000000
sh600217,sh,,3.08,3.07,3.07,3.14,3.03,0.01,0.33,,,,,,,,,,,4462.0,2026-06-18T18:00:00.000000
sh600218,sh,,7.78,7.86,7.86,7.91,7.76,-0.08,-1.02,,,,,,,,,,,3049.0,2026-06-18T18:00:00.000000
sh600219,sh,,4.53,4.59,4.59,4.71,4.51,-0.06,-1.31,,,,,,,,,,,83405.0,2026-06-18T18:00:00.000000
sh600221,sh,,1.45,1.47,1.47,1.48,1.45,-0.02,-1.36,,,,,,,,,,,43179.0,2026-06-18T18:00:00.000000
sh600222,sh,,7.74,7.87,7.87,7.99,7.65,-0.13,-1.65,,,,,,,,,,,13789.0,2026-06-18T18:00:00.000000
sh600223,sh,,5.3,5.32,5.32,5.39,5.25,-0.02,-0.38,,,,,,,,,,,4773.0,2026-06-18T18:00:00.000000
sh600226,sh,,9.76,8.87,8.87,9.76,8.87,0.89,10.03,,,,,,,,,,,215678.0,2026-06-18T18:00:00.000000
sh600227,sh,,2.63,2.66,2.66,2.66,2.57,-0.03,-1.13,,,,,,,,,,,15592.0,2026-06-18T18:00:00.000000
sh600228,sh,,0.0,0.0,0.0,0.0,0.0,0.0,0,,,,,,,,,,,0.0,2026-06-18T18:00:00.000000
sh600229,sh,,5.01,5.27,5.27,5.27,5.01,-0.26,-4.93,,,,,,,,,,,8165.0,2026-06-18T18:00:00.000000
sh600230,sh,,14.32,14.65,14.65,14.67,14.24,-0.33,-2.25,,,,,,,,,,,12021.0,2026-06-18T18:00:00.000000
sh600231,sh,,1.8,1.82,1.82,1.85,1.79,-0.02,-1.1,,,,,,,,,,,1449.0,2026-06-18T18:00:00.000000
sh600232,sh,,6.76,6.75,6.75,6.85,6.62,0.01,0.15,,,,,,,,,,,3538.0,2026-06-18T18:00:00.000000
sh600233,sh,,15.8,16.45,16.45,16.55,15.58,-0.65,-3.95,,,,,,,,,,,66614.0,2026-06-18T18:00:00.000000
sh600234,sh,,27.58,27.29,27.29,29.16,27.11,0.29,1.06,,,,,,,,,,,11151.0,2026-06-18T18:00:00.000000
sh600235,sh,,5.33,5.37,5.37,5.42,5.23,-0.04,-0.74,,,,,,,,,,,2960.0,2026-06-18T18:00:00.000000
sh600236,sh,,9.2,9.77,9.77,9.87,9.01,-0.57,-5.83,,,,,,,,,,,32407.0,2026-06-18T18:00:00.000000
sh600237,sh,,12.2,12.35,12.35,12.57,11.9,-0.15,-1.21,,,,,,,,,,,125644.0,2026-06-18T18:00:00.000000
sh600238,sh,,4.83,4.96,4.96,4.96,4.83,-0.13,-2.62,,,,,,,,,,,1289.0,2026-06-18T18:00:00.000000
sh600239,sh,,1.35,1.36,1.36,1.38,1.33,-0.01,-0.74,,,,,,,,,,,2640.0,2026-06-18T18:00:00.000000
sh600241,sh,,6.98,7.09,7.09,7.11,6.95,-0.11,-1.55,,,,,,,,,,,3529.0,2026-06-18T18:00:00.000000
sh600243,sh,,3.75,3.86,3.86,3.91,3.71,-0.11,-2.85,,,,,,,,,,,3354.0,2026-06-18T18:00:00.000000
sh600246,sh,,18.65,17.61,17.61,19.36,17.45,1.04,5.91,,,,,,,,,,,353790.0,2026-06-18T18:00:00.000000
sh600248,sh,,2.89,2.91,2.91,2.93,2.86,-0.02,-0.69,,,,,,,,,,,2965.0,2026-06-18T18:00:00.000000
sh600249,sh,,4.99,5.09,5.09,5.1,4.99,-0.1,-1.96,,,,,,,,,,,3566.0,2026-06-18T18:00:00.000000
sh600250,sh,,8.26,8.38,8.38,8.39,8.15,-0.12,-1.43,,,,,,,,,,,6275.0,2026-06-18T18:00:00.000000
sh600251,sh,,9.27,9.43,9.43,9.43,9.13,-0.16,-1.7,,,,,,,,,,,8079.0,2026-06-18T18:00:00.000000
sh600252,sh,,1.96,1.96,1.96,1.99,1.93,0.0,0.0,,,,,,,,,,,7277.0,2026-06-18T18:00:00.000000
sh600255,sh,,4.24,4.3,4.3,4.42,4.22,-0.06,-1.4,,,,,,,,,,,82191.0,2026-06-18T18:00:00.000000
sh600256,sh,,5.18,5.35,5.35,5.38,5.15,-0.17,-3.18,,,,,,,,,,,85662.0,2026-06-18T18:00:00.000000
sh600257,sh,,4.77,4.8,4.8,4.84,4.72,-0.03,-0.62,,,,,,,,,,,4467.0,2026-06-18T18:00:00.000000
sh600258,sh,,11.94,12.21,12.21,12.24,11.9,-0.27,-2.21,,,,,,,,,,,18461.0,2026-06-18T18:00:00.000000
sh600259,sh,,116.28,105.71,105.71,116.28,105.39,10.57,10.0,,,,,,,,,,,381595.0,2026-06-18T18:00:00.000000
sh600261,sh,,3.15,3.29,3.29,3.3,3.15,-0.14,-4.26,,,,,,,,,,,6019.0,2026-06-18T18:00:00.000000
sh600262,sh,,21.66,21.85,21.85,21.88,21.35,-0.19,-0.87,,,,,,,,,,,4395.0,2026-06-18T18:00:00.000000
sh600265,sh,,22.09,22.03,22.03,22.58,21.68,0.06,0.27,,,,,,,,,,,4173.0,2026-06-18T18:00:00.000000
sh600266,sh,,4.2,4.29,4.29,4.29,4.18,-0.09,-2.1,,,,,,,,,,,12518.0,2026-06-18T18:00:00.000000
sh600267,sh,,9.85,9.75,9.75,9.93,9.57,0.1,1.03,,,,,,,,,,,14551.0,2026-06-18T18:00:00.000000
sh600268,sh,,12.35,12.49,12.49,12.61,12.28,-0.14,-1.12,,,,,,,,,,,15633.0,2026-06-18T18:00:00.000000
sh600269,sh,,4.03,4.08,4.08,4.09,4.02,-0.05,-1.23,,,,,,,,,,,4140.0,2026-06-18T18:00:00.000000
sh600271,sh,,7.0,7.05,7.05,7.12,6.93,-0.05,-0.71,,,,,,,,,,,8705.0,2026-06-18T18:00:00.000000
sh600272,sh,,10.84,10.77,10.77,10.89,10.56,0.07,0.65,,,,,,,,,,,2498.0,2026-06-18T18:00:00.000000
sh600273,sh,,6.78,6.94,6.94,6.94,6.75,-0.16,-2.31,,,,,,,,,,,10108.0,2026-06-18T18:00:00.000000
sh600276,sh,,48.42,46.99,46.99,49.5,46.61,1.43,3.04,,,,,,,,,,,574848.0,2026-06-18T18:00:00.000000
sh600278,sh,,6.34,6.32,6.32,6.49,6.18,0.02,0.32,,,,,,,,,,,5626.0,2026-06-18T18:00:00.000000
sh600279,sh,,3.97,4.03,4.03,4.03,3.94,-0.06,-1.49,,,,,,,,,,,5127.0,2026-06-18T18:00:00.000000
sh600280,sh,,2.88,2.99,2.99,2.99,2.87,-0.11,-3.68,,,,,,,,,,,15053.0,2026-06-18T18:00:00.000000
sh600281,sh,,4.51,4.55,4.55,4.64,4.34,-0.04,-0.88,,,,,,,,,,,7070.0,2026-06-18T18:00:00.000000
sh600282,sh,,4.7,4.76,4.76,4.82,4.65,-0.06,-1.26,,,,,,,,,,,19170.0,2026-06-18T18:00:00.000000
sh600283,sh,,8.12,8.18,8.18,8.2,8.05,-0.06,-0.73,,,,,,,,,,,2034.0,2026-06-18T18:00:00.000000
sh600284,sh,,5.23,5.2,5.2,5.29,5.12,0.03,0.58,,,,,,,,,,,6982.0,2026-06-18T18:00:00.000000
sh600285,sh,,20.12,20.39,20.39,20.41,20.09,-0.27,-1.32,,,,,,,,,,,11041.0,2026-06-18T18:00:00.000000
sh600287,sh,,4.61,4.62,4.62,4.71,4.56,-0.01,-0.22,,,,,,,,,,,1716.0,2026-06-18T18:00:00.000000
sh600288,sh,,13.14,13.09,13.09,13.35,13.01,0.05,0.38,,,,,,,,,,,8273.0,2026-06-18T18:00:00.000000
sh600289,sh,,5.2,5.48,5.48,5.48,5.2,-0.28,-5.11,,,,,,,,,,,2278.0,2026-06-18T18:00:00.000000
sh600292,sh,,14.24,13.85,13.85,14.55,13.75,0.39,2.82,,,,,,,,,,,27511.0,2026-06-18T18:00:00.000000
sh600293,sh,,3.59,3.79,3.79,3.82,3.49,-0.2,-5.28,,,,,,,,,,,45120.0,2026-06-18T18:00:00.000000
sh600295,sh,,12.66,12.75,12.75,12.82,12.47,-0.09,-0.71,,,,,,,,,,,11499.0,2026-06-18T18:00:00.000000
sh600298,sh,,33.5,33.86,33.86,34.38,33.2,-0.36,-1.06,,,,,,,,,,,29570.0,2026-06-18T18:00:00.000000
sh600299,sh,,9.58,9.88,9.88,9.88,9.53,-0.3,-3.04,,,,,,,,,,,11977.0,2026-06-18T18:00:00.000000
sh600300,sh,,2.98,2.99,2.99,3.0,2.94,-0.01,-0.33,,,,,,,,,,,4734.0,2026-06-18T18:00:00.000000
sh600301,sh,,65.61,65.99,65.99,68.39,64.0,-0.38,-0.58,,,,,,,,,,,115671.0,2026-06-18T18:00:00.000000
sh600302,sh,,9.12,9.37,9.37,9.73,9.12,-0.25,-2.67,,,,,,,,,,,6472.0,2026-06-18T18:00:00.000000
sh600303,sh,,2.7,2.75,2.75,2.78,2.64,-0.05,-1.82,,,,,,,,,,,9571.0,2026-06-18T18:00:00.000000
sh600305,sh,,6.6,6.63,6.63,6.68,6.59,-0.03,-0.45,,,,,,,,,,,3595.0,2026-06-18T18:00:00.000000
sh600307,sh,,1.51,1.51,1.51,1.53,1.47,0.0,0.0,,,,,,,,,,,6263.0,2026-06-18T18:00:00.000000
sh600308,sh,,3.13,3.24,3.24,3.25,3.12,-0.11,-3.4,,,,,,,,,,,4672.0,2026-06-18T18:00:00.000000
sh600309,sh,,69.05,70.01,70.01,70.58,68.4,-0.96,-1.37,,,,,,,,,,,241340.0,2026-06-18T18:00:00.000000
sh600310,sh,,4.38,4.67,4.67,4.67,4.36,-0.29,-6.21,,,,,,,,,,,43902.0,2026-06-18T18:00:00.000000
sh600312,sh,,18.69,18.92,18.92,19.08,18.58,-0.23,-1.22,,,,,,,,,,,36188.0,2026-06-18T18:00:00.000000
sh600313,sh,,5.65,5.69,5.69,5.73,5.55,-0.04,-0.7,,,,,,,,,,,8322.0,2026-06-18T18:00:00.000000
sh600315,sh,,17.59,18.07,18.07,18.07,17.53,-0.48,-2.66,,,,,,,,,,,9730.0,2026-06-18T18:00:00.000000
sh600316,sh,,28.02,26.63,26.63,28.46,26.19,1.39,5.22,,,,,,,,,,,56071.0,2026-06-18T18:00:00.000000
sh600318,sh,,6.23,6.4,6.4,6.41,6.22,-0.17,-2.66,,,,,,,,,,,5620.0,2026-06-18T18:00:00.000000
sh600319,sh,,6.61,6.7,6.7,6.77,6.54,-0.09,-1.34,,,,,,,,,,,2408.0,2026-06-18T18:00:00.000000
sh600320,sh,,4.41,4.47,4.47,4.52,4.4,-0.06,-1.34,,,,,,,,,,,14481.0,2026-06-18T18:00:00.000000
sh600322,sh,,2.42,2.39,2.39,2.46,2.35,0.03,1.26,,,,,,,,,,,8275.0,2026-06-18T18:00:00.000000
sh600323,sh,,28.92,28.9,28.9,28.98,27.9,0.02,0.07,,,,,,,,,,,16547.0,2026-06-18T18:00:00.000000
sh600325,sh,,2.48,2.51,2.51,2.54,2.45,-0.03,-1.2,,,,,,,,,,,11205.0,2026-06-18T18:00:00.000000
sh600326,sh,,7.02,7.1,7.1,7.15,6.96,-0.08,-1.13,,,,,,,,,,,15542.0,2026-06-18T18:00:00.000000
sh600327,sh,,3.29,3.36,3.36,3.37,3.29,-0.07,-2.08,,,,,,,,,,,3220.0,2026-06-18T18:00:00.000000
sh600328,sh,,6.59,6.8,6.8,6.8,6.52,-0.21,-3.09,,,,,,,,,,,10785.0,2026-06-18T18:00:00.000000
sh600329,sh,,37.84,37.73,37.73,38.4,37.29,0.11,0.29,,,,,,,,,,,10921.0,2026-06-18T18:00:00.000000
sh600330,sh,,32.88,33.35,33.35,34.29,32.7,-0.47,-1.41,,,,,,,,,,,406601.0,2026-06-18T18:00:00.000000
sh600331,sh,,12.8,12.91,12.91,13.55,12.74,-0.11,-0.85,,,,,,,,,,,71141.0,2026-06-18T18:00:00.000000
sh600332,sh,,20.78,21.08,21.08,21.08,20.75,-0.3,-1.42,,,,,,,,,,,11680.0,2026-06-18T18:00:00.000000
sh600333,sh,,5.38,5.57,5.57,5.6,5.36,-0.19,-3.41,,,,,,,,,,,8167.0,2026-06-18T18:00:00.000000
sh600335,sh,,5.17,5.24,5.24,5.24,5.12,-0.07,-1.34,,,,,,,,,,,6026.0,2026-06-18T18:00:00.000000
sh600336,sh,,6.83,6.96,6.96,6.96,6.79,-0.13,-1.87,,,,,,,,,,,5663.0,2026-06-18T18:00:00.000000
sh600337,sh,,2.93,2.96,2.96,3.06,2.92,-0.03,-1.01,,,,,,,,,,,6248.0,2026-06-18T18:00:00.000000
sh600338,sh,,17.42,17.75,17.75,18.05,17.28,-0.33,-1.86,,,,,,,,,,,114065.0,2026-06-18T18:00:00.000000
sh600339,sh,,3.31,3.33,3.33,3.41,3.29,-0.02,-0.6,,,,,,,,,,,16486.0,2026-06-18T18:00:00.000000
sh600340,sh,,1.29,1.3,1.3,1.31,1.28,-0.01,-0.77,,,,,,,,,,,6203.0,2026-06-18T18:00:00.000000
sh600343,sh,,24.88,24.22,24.22,25.29,24.01,0.66,2.73,,,,,,,,,,,79024.0,2026-06-18T18:00:00.000000
sh600345,sh,,64.78,59.6,59.6,65.65,58.54,5.18,8.69,,,,,,,,,,,152015.0,2026-06-18T18:00:00.000000
sh600346,sh,,17.1,17.75,17.75,17.77,17.06,-0.65,-3.66,,,,,,,,,,,57041.0,2026-06-18T18:00:00.000000
sh600348,sh,,8.18,8.46,8.46,8.49,8.16,-0.28,-3.31,,,,,,,,,,,33429.0,2026-06-18T18:00:00.000000
sh600350,sh,,10.49,10.99,10.99,11.03,10.45,-0.5,-4.55,,,,,,,,,,,13151.0,2026-06-18T18:00:00.000000
sh600351,sh,,5.98,6.03,6.03,6.07,5.94,-0.05,-0.83,,,,,,,,,,,3361.0,2026-06-18T18:00:00.000000
sh600352,sh,,10.96,11.8,11.8,12.05,10.91,-0.84,-7.12,,,,,,,,,,,116318.0,2026-06-18T18:00:00.000000
sh600353,sh,,42.01,41.5,41.5,42.01,40.55,0.51,1.23,,,,,,,,,,,135691.0,2026-06-18T18:00:00.000000
sh600354,sh,,5.09,5.08,5.08,5.14,4.96,0.01,0.2,,,,,,,,,,,5475.0,2026-06-18T18:00:00.000000
sh600356,sh,,8.06,8.14,8.14,8.14,7.97,-0.08,-0.98,,,,,,,,,,,3167.0,2026-06-18T18:00:00.000000
sh600358,sh,,5.48,5.55,5.55,5.57,5.47,-0.07,-1.26,,,,,,,,,,,2857.0,2026-06-18T18:00:00.000000
sh600359,sh,,5.95,6.01,6.01,6.07,5.93,-0.06,-1.0,,,,,,,,,,,3477.0,2026-06-18T18:00:00.000000
sh600360,sh,,12.4,12.07,12.07,12.6,12.0,0.33,2.73,,,,,,,,,,,95805.0,2026-06-18T18:00:00.000000
sh600361,sh,,4.05,4.03,4.03,4.21,4.0,0.02,0.5,,,,,,,,,,,29199.0,2026-06-18T18:00:00.000000
sh600362,sh,,53.31,50.0,50.0,53.31,50.0,3.31,6.62,,,,,,,,,,,658053.0,2026-06-18T18:00:00.000000
sh600363,sh,,34.45,34.65,34.65,35.49,33.96,-0.2,-0.58,,,,,,,,,,,43896.0,2026-06-18T18:00:00.000000
sh600365,sh,,2.44,2.45,2.45,2.47,2.4,-0.01,-0.41,,,,,,,,,,,1131.0,2026-06-18T18:00:00.000000
sh600366,sh,,14.91,14.06,14.06,15.06,14.04,0.85,6.05,,,,,,,,,,,168854.0,2026-06-18T18:00:00.000000
sh600367,sh,,56.56,57.59,57.59,58.8,53.88,-1.03,-1.79,,,,,,,,,,,275353.0,2026-06-18T18:00:00.000000
sh600368,sh,,3.51,3.65,3.65,3.65,3.45,-0.14,-3.84,,,,,,,,,,,8579.0,2026-06-18T18:00:00.000000
sh600369,sh,,3.95,4.07,4.07,4.07,3.93,-0.12,-2.95,,,,,,,,,,,16052.0,2026-06-18T18:00:00.000000
sh600370,sh,,1.71,1.74,1.74,1.74,1.64,-0.03,-1.72,,,,,,,,,,,24481.0,2026-06-18T18:00:00.000000
sh600371,sh,,6.62,6.6,6.6,6.73,6.5,0.02,0.3,,,,,,,,,,,2727.0,2026-06-18T18:00:00.000000
sh600372,sh,,10.98,11.05,11.05,11.2,10.89,-0.07,-0.63,,,,,,,,,,,35208.0,2026-06-18T18:00:00.000000
sh600373,sh,,7.29,7.46,7.46,7.5,7.28,-0.17,-2.28,,,,,,,,,,,4151.0,2026-06-18T18:00:00.000000
sh600375,sh,,3.98,4.12,4.12,4.15,3.94,-0.14,-3.4,,,,,,,,,,,13057.0,2026-06-18T18:00:00.000000
sh600376,sh,,3.45,3.47,3.47,3.48,3.39,-0.02,-0.58,,,,,,,,,,,14762.0,2026-06-18T18:00:00.000000
sh600377,sh,,12.06,12.11,12.11,12.18,12.01,-0.05,-0.41,,,,,,,,,,,10798.0,2026-06-18T18:00:00.000000
sh600378,sh,,65.16,64.65,64.65,66.99,61.0,0.51,0.79,,,,,,,,,,,663893.0,2026-06-18T18:00:00.000000
sh600379,sh,,12.08,12.25,12.25,12.27,12.03,-0.17,-1.39,,,,,,,,,,,13195.0,2026-06-18T18:00:00.000000
sh600380,sh,,9.81,9.71,9.71,9.91,9.61,0.1,1.03,,,,,,,,,,,12973.0,2026-06-18T18:00:00.000000
sh600381,sh,,5.04,4.85,4.85,5.04,4.58,0.19,3.92,,,,,,,,,,,3789.0,2026-06-18T18:00:00.000000
sh600382,sh,,8.24,8.17,8.17,8.33,8.11,0.07,0.86,,,,,,,,,,,20089.0,2026-06-18T18:00:00.000000
sh600383,sh,,2.33,2.4,2.4,2.42,2.32,-0.07,-2.92,,,,,,,,,,,17120.0,2026-06-18T18:00:00.000000
sh600386,sh,,3.33,3.34,3.34,3.35,3.24,-0.01,-0.3,,,,,,,,,,,2389.0,2026-06-18T18:00:00.000000
sh600388,sh,,16.21,16.7,16.7,16.8,16.02,-0.49,-2.93,,,,,,,,,,,28682.0,2026-06-18T18:00:00.000000
sh600389,sh,,21.8,22.74,22.74,23.15,21.74,-0.94,-4.13,,,,,,,,,,,21404.0,2026-06-18T18:00:00.000000
sh600390,sh,,4.62,4.76,4.76,4.78,4.61,-0.14,-2.94,,,,,,,,,,,15634.0,2026-06-18T18:00:00.000000
sh600391,sh,,35.12,34.29,34.29,35.5,33.5,0.83,2.42,,,,,,,,,,,38709.0,2026-06-18T18:00:00.000000
sh600392,sh,,31.66,29.0,29.0,31.66,29.0,2.66,9.17,,,,,,,,,,,831138.0,2026-06-18T18:00:00.000000
sh600395,sh,,4.85,5.0,5.0,5.03,4.78,-0.15,-3.0,,,,,,,,,,,24081.0,2026-06-18T18:00:00.000000
sh600396,sh,,16.38,17.58,17.58,17.7,16.24,-1.2,-6.83,,,,,,,,,,,377562.0,2026-06-18T18:00:00.000000
sh600397,sh,,20.2,18.36,18.36,20.2,17.98,1.84,10.02,,,,,,,,,,,295605.0,2026-06-18T18:00:00.000000
sh600398,sh,,5.6,5.66,5.66,5.71,5.58,-0.06,-1.06,,,,,,,,,,,17229.0,2026-06-18T18:00:00.000000
sh600399,sh,,4.69,4.21,4.21,4.69,4.19,0.48,11.4,,,,,,,,,,,35285.0,2026-06-18T18:00:00.000000
sh600400,sh,,2.69,2.65,2.65,2.73,2.52,0.04,1.51,,,,,,,,,,,13659.0,2026-06-18T18:00:00.000000
sh600403,sh,,6.01,6.14,6.14,6.3,5.97,-0.13,-2.12,,,,,,,,,,,53915.0,2026-06-18T18:00:00.000000
sh600405,sh,,4.03,4.0,4.0,4.09,3.95,0.03,0.75,,,,,,,,,,,4450.0,2026-06-18T18:00:00.000000
sh600406,sh,,23.06,23.3,23.3,23.37,22.97,-0.24,-1.03,,,,,,,,,,,140849.0,2026-06-18T18:00:00.000000
sh600408,sh,,2.57,2.65,2.65,2.65,2.54,-0.08,-3.02,,,,,,,,,,,12230.0,2026-06-18T18:00:00.000000
sh600409,sh,,6.12,6.29,6.29,6.31,5.94,-0.17,-2.7,,,,,,,,,,,22845.0,2026-06-18T18:00:00.000000
sh600410,sh,,17.92,17.77,17.77,18.27,17.51,0.15,0.84,,,,,,,,,,,109091.0,2026-06-18T18:00:00.000000
sh600415,sh,,10.54,11.01,11.01,11.04,10.47,-0.47,-4.27,,,,,,,,,,,73843.0,2026-06-18T18:00:00.000000
sh600416,sh,,11.13,11.09,11.09,11.48,10.99,0.04,0.36,,,,,,,,,,,42216.0,2026-06-18T18:00:00.000000
sh600418,sh,,30.74,31.6,31.6,31.66,30.71,-0.86,-2.72,,,,,,,,,,,171188.0,2026-06-18T18:00:00.000000
sh600419,sh,,7.76,7.81,7.81,7.87,7.69,-0.05,-0.64,,,,,,,,,,,3057.0,2026-06-18T18:00:00.000000
sh600420,sh,,8.2,8.36,8.36,8.45,8.18,-0.16,-1.91,,,,,,,,,,,10001.0,2026-06-18T18:00:00.000000
sh600421,sh,,0.27,0.26,0.26,0.27,0.25,0.01,3.85,,,,,,,,,,,185.0,2026-06-18T18:00:00.000000
sh600422,sh,,8.09,8.2,8.2,8.25,8.02,-0.11,-1.34,,,,,,,,,,,4325.0,2026-06-18T18:00:00.000000
sh600423,sh,,2.29,2.34,2.34,2.38,2.29,-0.05,-2.14,,,,,,,,,,,1750.0,2026-06-18T18:00:00.000000
sh600425,sh,,3.47,3.54,3.54,3.55,3.46,-0.07,-1.98,,,,,,,,,,,4083.0,2026-06-18T18:00:00.000000
sh600426,sh,,25.51,26.13,26.13,26.3,25.4,-0.62,-2.37,,,,,,,,,,,124255.0,2026-06-18T18:00:00.000000
sh600428,sh,,7.86,7.92,7.92,8.0,7.75,-0.06,-0.76,,,,,,,,,,,18814.0,2026-06-18T18:00:00.000000
sh600429,sh,,4.25,4.26,4.26,4.29,4.22,-0.01,-0.23,,,,,,,,,,,4620.0,2026-06-18T18:00:00.000000
sh600433,sh,,3.32,3.36,3.36,3.38,3.3,-0.04,-1.19,,,,,,,,,,,12210.0,2026-06-18T18:00:00.000000
sh600435,sh,,11.72,11.83,11.83,11.93,11.66,-0.11,-0.93,,,,,,,,,,,20824.0,2026-06-18T18:00:00.000000
sh600436,sh,,112.89,113.88,113.88,115.45,112.6,-0.99,-0.87,,,,,,,,,,,39283.0,2026-06-18T18:00:00.000000
sh600438,sh,,12.85,13.17,13.17,13.18,12.82,-0.32,-2.43,,,,,,,,,,,65212.0,2026-06-18T18:00:00.000000
sh600439,sh,,2.15,2.19,2.19,2.2,2.15,-0.04,-1.83,,,,,,,,,,,4556.0,2026-06-18T18:00:00.000000
sh600444,sh,,13.86,13.75,13.75,13.98,13.61,0.11,0.8,,,,,,,,,,,2646.0,2026-06-18T18:00:00.000000
sh600446,sh,,11.1,11.4,11.4,11.52,11.1,-0.3,-2.63,,,,,,,,,,,18550.0,2026-06-18T18:00:00.000000
sh600448,sh,,2.72,2.74,2.74,2.76,2.66,-0.02,-0.73,,,,,,,,,,,3792.0,2026-06-18T18:00:00.000000
sh600449,sh,,13.01,12.81,12.81,13.17,12.65,0.2,1.56,,,,,,,,,,,5838.0,2026-06-18T18:00:00.000000
sh600452,sh,,10.03,10.3,10.3,10.35,10.0,-0.27,-2.62,,,,,,,,,,,42810.0,2026-06-18T18:00:00.000000
sh600455,sh,,23.39,23.39,23.39,23.54,22.68,0.0,0.0,,,,,,,,,,,2840.0,2026-06-18T18:00:00.000000
sh600456,sh,,30.6,30.15,30.15,31.14,29.89,0.45,1.49,,,,,,,,,,,37040.0,2026-06-18T18:00:00.000000
sh600458,sh,,16.71,16.77,16.77,17.5,16.43,-0.06,-0.36,,,,,,,,,,,117051.0,2026-06-18T18:00:00.000000
sh600459,sh,,26.09,26.28,26.28,26.88,25.58,-0.19,-0.72,,,,,,,,,,,161937.0,2026-06-18T18:00:00.000000
sh600460,sh,,41.83,40.5,40.5,42.62,40.45,1.33,3.28,,,,,,,,,,,597851.0,2026-06-18T18:00:00.000000
sh600461,sh,,9.17,9.29,9.29,9.34,9.15,-0.12,-1.29,,,,,,,,,,,5932.0,2026-06-18T18:00:00.000000
sh600463,sh,,8.53,8.59,8.59,8.67,8.36,-0.06,-0.7,,,,,,,,,,,2865.0,2026-06-18T18:00:00.000000
sh600467,sh,,2.13,2.15,2.15,2.16,2.12,-0.02,-0.93,,,,,,,,,,,3067.0,2026-06-18T18:00:00.000000
sh600468,sh,,5.74,5.79,5.79,5.85,5.71,-0.05,-0.86,,,,,,,,,,,8145.0,2026-06-18T18:00:00.000000
sh600469,sh,,5.59,5.62,5.62,5.62,5.34,-0.03,-0.53,,,,,,,,,,,6606.0,2026-06-18T18:00:00.000000
sh600470,sh,,5.37,5.51,5.51,5.64,5.3,-0.14,-2.54,,,,,,,,,,,12588.0,2026-06-18T18:00:00.000000
sh600475,sh,,14.78,15.42,15.42,15.79,14.7,-0.64,-4.15,,,,,,,,,,,20494.0,2026-06-18T18:00:00.000000
sh600476,sh,,9.71,9.92,9.92,10.06,9.62,-0.21,-2.12,,,,,,,,,,,2033.0,2026-06-18T18:00:00.000000
sh600477,sh,,2.5,2.57,2.57,2.57,2.49,-0.07,-2.72,,,,,,,,,,,6332.0,2026-06-18T18:00:00.000000
sh600478,sh,,5.68,5.75,5.75,5.86,5.67,-0.07,-1.22,,,,,,,,,,,17636.0,2026-06-18T18:00:00.000000
sh600479,sh,,9.56,9.53,9.53,9.66,9.48,0.03,0.31,,,,,,,,,,,3375.0,2026-06-18T18:00:00.000000
sh600480,sh,,9.89,9.84,9.84,10.05,9.7,0.05,0.51,,,,,,,,,,,23036.0,2026-06-18T18:00:00.000000
sh600481,sh,,4.74,4.97,4.97,4.98,4.74,-0.23,-4.63,,,,,,,,,,,45271.0,2026-06-18T18:00:00.000000
sh600482,sh,,33.11,32.2,32.2,34.56,32.18,0.91,2.83,,,,,,,,,,,234892.0,2026-06-18T18:00:00.000000
sh600483,sh,,11.16,11.56,11.56,11.67,11.03,-0.4,-3.46,,,,,,,,,,,50678.0,2026-06-18T18:00:00.000000
sh600486,sh,,53.91,55.48,55.48,55.48,53.59,-1.57,-2.83,,,,,,,,,,,30483.0,2026-06-18T18:00:00.000000
sh600487,sh,,111.01,111.03,111.03,116.66,108.78,-0.02,-0.02,,,,,,,,,,,2250507.0,2026-06-18T18:00:00.000000
sh600488,sh,,4.55,4.59,4.59,4.69,4.45,-0.04,-0.87,,,,,,,,,,,31398.0,2026-06-18T18:00:00.000000
sh600489,sh,,21.92,22.4,22.4,22.78,21.6,-0.48,-2.14,,,,,,,,,,,162985.0,2026-06-18T18:00:00.000000
sh600490,sh,,7.21,7.35,7.35,7.5,7.13,-0.14,-1.9,,,,,,,,,,,30972.0,2026-06-18T18:00:00.000000
sh600491,sh,,1.21,1.27,1.27,1.27,1.21,-0.06,-4.72,,,,,,,,,,,5650.0,2026-06-18T18:00:00.000000
sh600493,sh,,5.69,5.71,5.71,5.78,5.53,-0.02,-0.35,,,,,,,,,,,3598.0,2026-06-18T18:00:00.000000
sh600495,sh,,3.66,3.75,3.75,3.75,3.66,-0.09,-2.4,,,,,,,,,,,2868.0,2026-06-18T18:00:00.000000
sh600496,sh,,3.36,3.42,3.42,3.44,3.34,-0.06,-1.75,,,,,,,,,,,7288.0,2026-06-18T18:00:00.000000
sh600497,sh,,10.28,10.0,10.0,10.55,9.99,0.28,2.8,,,,,,,,,,,264554.0,2026-06-18T18:00:00.000000
sh600498,sh,,75.31,76.56,76.56,78.0,74.14,-1.25,-1.63,,,,,,,,,,,911303.0,2026-06-18T18:00:00.000000
sh600499,sh,,14.96,15.6,15.6,15.64,14.9,-0.64,-4.1,,,,,,,,,,,37456.0,2026-06-18T18:00:00.000000
sh600500,sh,,8.83,8.87,8.87,9.13,8.34,-0.04,-0.45,,,,,,,,,,,356213.0,2026-06-18T18:00:00.000000
sh600501,sh,,16.94,17.2,17.2,17.42,16.9,-0.26,-1.51,,,,,,,,,,,12872.0,2026-06-18T18:00:00.000000
sh600502,sh,,4.49,4.62,4.62,4.65,4.48,-0.13,-2.81,,,,,,,,,,,12494.0,2026-06-18T18:00:00.000000
sh600503,sh,,2.17,2.25,2.25,2.26,2.16,-0.08,-3.56,,,,,,,,,,,11012.0,2026-06-18T18:00:00.000000
sh600505,sh,,12.67,13.65,13.65,13.78,12.59,-0.98,-7.18,,,,,,,,,,,44336.0,2026-06-18T18:00:00.000000
sh600506,sh,,15.19,15.55,15.55,15.66,15.03,-0.36,-2.32,,,,,,,,,,,10724.0,2026-06-18T18:00:00.000000
sh600507,sh,,4.09,4.09,4.09,4.18,4.04,0.0,0.0,,,,,,,,,,,12917.0,2026-06-18T18:00:00.000000
sh600508,sh,,8.06,8.45,8.45,8.48,8.04,-0.39,-4.62,,,,,,,,,,,11891.0,2026-06-18T18:00:00.000000
sh600509,sh,,8.27,8.61,8.61,8.77,8.24,-0.34,-3.95,,,,,,,,,,,33537.0,2026-06-18T18:00:00.000000
sh600510,sh,,7.82,8.18,8.18,8.36,7.75,-0.36,-4.4,,,,,,,,,,,13339.0,2026-06-18T18:00:00.000000
sh600511,sh,,27.19,27.16,27.16,27.24,26.55,0.03,0.11,,,,,,,,,,,10299.0,2026-06-18T18:00:00.000000
sh600512,sh,,1.98,2.02,2.02,2.03,1.98,-0.04,-1.98,,,,,,,,,,,4096.0,2026-06-18T18:00:00.000000
sh600513,sh,,15.73,15.83,15.83,16.14,15.52,-0.1,-0.63,,,,,,,,,,,13167.0,2026-06-18T18:00:00.000000
sh600515,sh,,2.85,2.91,2.91,2.94,2.85,-0.06,-2.06,,,,,,,,,,,31061.0,2026-06-18T18:00:00.000000
sh600516,sh,,5.82,6.01,6.01,6.04,5.75,-0.19,-3.16,,,,,,,,,,,74804.0,2026-06-18T18:00:00.000000
sh600517,sh,,5.24,5.38,5.38,5.39,5.06,-0.14,-2.6,,,,,,,,,,,52002.0,2026-06-18T18:00:00.000000
sh600518,sh,,1.41,1.35,1.35,1.5,1.35,0.06,4.44,,,,,,,,,,,80294.0,2026-06-18T18:00:00.000000
sh600519,sh,,1215.0,1235.0,1235.0,1238.87,1211.22,-20.0,-1.62,,,,,,,,,,,701671.0,2026-06-18T18:00:00.000000
sh600520,sh,,32.66,31.14,31.14,33.6,30.85,1.52,4.88,,,,,,,,,,,68675.0,2026-06-18T18:00:00.000000
sh600521,sh,,14.35,14.28,14.28,14.59,14.06,0.07,0.49,,,,,,,,,,,17589.0,2026-06-18T18:00:00.000000
sh600522,sh,,56.55,54.13,54.13,57.77,54.13,2.42,4.47,,,,,,,,,,,1605298.0,2026-06-18T18:00:00.000000
sh600523,sh,,11.19,11.16,11.16,11.31,10.91,0.03,0.27,,,,,,,,,,,4001.0,2026-06-18T18:00:00.000000
sh600525,sh,,4.98,5.08,5.08,5.12,4.96,-0.1,-1.97,,,,,,,,,,,4841.0,2026-06-18T18:00:00.000000
sh600526,sh,,4.42,4.37,4.37,4.42,4.31,0.05,1.14,,,,,,,,,,,3466.0,2026-06-18T18:00:00.000000
sh600527,sh,,2.28,2.38,2.38,2.39,2.28,-0.1,-4.2,,,,,,,,,,,18519.0,2026-06-18T18:00:00.000000
sh600528,sh,,7.01,7.1,7.1,7.1,7.0,-0.09,-1.27,,,,,,,,,,,7571.0,2026-06-18T18:00:00.000000
sh600529,sh,,18.55,19.09,19.09,19.12,18.51,-0.54,-2.83,,,,,,,,,,,21012.0,2026-06-18T18:00:00.000000
sh600530,sh,,5.82,5.98,5.98,6.14,5.76,-0.16,-2.68,,,,,,,,,,,6468.0,2026-06-18T18:00:00.000000
sh600531,sh,,13.46,13.29,13.29,13.92,13.18,0.17,1.28,,,,,,,,,,,88406.0,2026-06-18T18:00:00.000000
sh600533,sh,,2.03,2.05,2.05,2.08,2.0,-0.02,-0.98,,,,,,,,,,,2447.0,2026-06-18T18:00:00.000000
sh600535,sh,,14.09,14.1,14.1,14.18,13.97,-0.01,-0.07,,,,,,,,,,,8861.0,2026-06-18T18:00:00.000000
sh600536,sh,,29.08,29.0,29.0,29.46,28.43,0.08,0.28,,,,,,,,,,,48625.0,2026-06-18T18:00:00.000000
sh600537,sh,,2.84,3.14,3.14,3.14,2.84,-0.3,-9.55,,,,,,,,,,,28763.0,2026-06-18T18:00:00.000000
sh600538,sh,,5.97,5.79,5.79,6.09,5.66,0.18,3.11,,,,,,,,,,,13867.0,2026-06-18T18:00:00.000000
sh600539,sh,,14.44,15.88,15.88,16.44,14.44,-1.44,-9.07,,,,,,,,,,,38916.0,2026-06-18T18:00:00.000000
sh600540,sh,,4.19,4.21,4.21,4.24,4.12,-0.02,-0.48,,,,,,,,,,,7420.0,2026-06-18T18:00:00.000000
sh600543,sh,,4.02,4.08,4.08,4.11,3.95,-0.06,-1.47,,,,,,,,,,,1632.0,2026-06-18T18:00:00.000000
sh600545,sh,,7.25,6.65,6.65,7.25,6.55,0.6,9.02,,,,,,,,,,,119619.0,2026-06-18T18:00:00.000000
sh600546,sh,,12.31,12.58,12.58,12.58,12.25,-0.27,-2.15,,,,,,,,,,,23278.0,2026-06-18T18:00:00.000000
sh600547,sh,,26.91,27.85,27.85,28.09,26.79,-0.94,-3.38,,,,,,,,,,,174383.0,2026-06-18T18:00:00.000000
sh600548,sh,,8.28,8.52,8.52,8.52,8.2,-0.24,-2.82,,,,,,,,,,,3747.0,2026-06-18T18:00:00.000000
sh600549,sh,,85.91,78.12,78.12,88.9,76.5,7.79,9.97,,,,,,,,,,,1270239.0,2026-06-18T18:00:00.000000
sh600550,sh,,12.47,12.66,12.66,12.88,12.45,-0.19,-1.5,,,,,,,,,,,48696.0,2026-06-18T18:00:00.000000
sh600551,sh,,7.04,7.19,7.19,7.22,7.03,-0.15,-2.09,,,,,,,,,,,2417.0,2026-06-18T18:00:00.000000
sh600552,sh,,23.32,24.01,24.01,24.61,22.4,-0.69,-2.87,,,,,,,,,,,328794.0,2026-06-18T18:00:00.000000
sh600556,sh,,4.76,4.77,4.77,4.88,4.69,-0.01,-0.21,,,,,,,,,,,17833.0,2026-06-18T18:00:00.000000
sh600557,sh,,11.83,11.87,11.87,12.02,11.68,-0.04,-0.34,,,,,,,,,,,3327.0,2026-06-18T18:00:00.000000
sh600558,sh,,5.56,5.48,5.48,5.68,5.36,0.08,1.46,,,,,,,,,,,12103.0,2026-06-18T18:00:00.000000
sh600559,sh,,11.84,12.05,12.05,12.08,11.72,-0.21,-1.74,,,,,,,,,,,10950.0,2026-06-18T18:00:00.000000
sh600560,sh,,12.1,11.93,11.93,12.39,11.7,0.17,1.42,,,,,,,,,,,5410.0,2026-06-18T18:00:00.000000
sh600561,sh,,5.36,5.36,5.36,5.45,5.19,0.0,0.0,,,,,,,,,,,3355.0,2026-06-18T18:00:00.000000
sh600562,sh,,22.24,21.83,21.83,22.64,21.4,0.41,1.88,,,,,,,,,,,23026.0,2026-06-18T18:00:00.000000
sh600563,sh,,168.19,169.98,169.98,175.39,167.77,-1.79,-1.05,,,,,,,,,,,172332.0,2026-06-18T18:00:00.000000
sh600566,sh,,25.91,26.14,26.14,26.24,25.84,-0.23,-0.88,,,,,,,,,,,11491.0,2026-06-18T18:00:00.000000
sh600567,sh,,1.33,1.35,1.35,1.36,1.31,-0.02,-1.48,,,,,,,,,,,15935.0,2026-06-18T18:00:00.000000
sh600568,sh,,2.37,2.42,2.42,2.45,2.32,-0.05,-2.07,,,,,,,,,,,2749.0,2026-06-18T18:00:00.000000
sh600569,sh,,1.78,1.77,1.77,1.8,1.75,0.01,0.56,,,,,,,,,,,2309.0,2026-06-18T18:00:00.000000
sh600570,sh,,22.25,22.48,22.48,22.71,22.24,-0.23,-1.02,,,,,,,,,,,50767.0,2026-06-18T18:00:00.000000
sh600571,sh,,10.38,10.5,10.5,10.58,10.33,-0.12,-1.14,,,,,,,,,,,5745.0,2026-06-18T18:00:00.000000
sh600572,sh,,4.12,4.11,4.11,4.16,4.09,0.01,0.24,,,,,,,,,,,9505.0,2026-06-18T18:00:00.000000
sh600573,sh,,10.85,11.44,11.44,11.55,10.65,-0.59,-5.16,,,,,,,,,,,22517.0,2026-06-18T18:00:00.000000
sh600575,sh,,3.65,3.7,3.7,3.74,3.62,-0.05,-1.35,,,,,,,,,,,19819.0,2026-06-18T18:00:00.000000
sh600576,sh,,5.83,5.7,5.7,6.0,5.5,0.13,2.28,,,,,,,,,,,12870.0,2026-06-18T18:00:00.000000
sh600577,sh,,11.76,11.77,11.77,12.04,11.67,-0.01,-0.08,,,,,,,,,,,68210.0,2026-06-18T18:00:00.000000
sh600578,sh,,7.59,7.9,7.9,8.01,7.5,-0.31,-3.92,,,,,,,,,,,156523.0,2026-06-18T18:00:00.000000
sh600579,sh,,7.37,7.76,7.76,8.0,7.21,-0.39,-5.03,,,,,,,,,,,27747.0,2026-06-18T18:00:00.000000
sh600580,sh,,36.2,34.9,34.9,36.36,34.66,1.3,3.72,,,,,,,,,,,194953.0,2026-06-18T18:00:00.000000
sh600581,sh,,2.47,2.53,2.53,2.54,2.47,-0.06,-2.37,,,,,,,,,,,3307.0,2026-06-18T18:00:00.000000
sh600582,sh,,4.88,5.01,5.01,5.01,4.88,-0.13,-2.59,,,,,,,,,,,10972.0,2026-06-18T18:00:00.000000
sh600583,sh,,5.36,5.41,5.41,5.5,5.35,-0.05,-0.92,,,,,,,,,,,21547.0,2026-06-18T18:00:00.000000
sh600584,sh,,83.03,81.89,81.89,85.55,81.03,1.14,1.39,,,,,,,,,,,1954762.0,2026-06-18T18:00:00.000000
sh600585,sh,,17.76,18.15,18.15,18.2,17.72,-0.39,-2.15,,,,,,,,,,,102912.0,2026-06-18T18:00:00.000000
sh600586,sh,,4.69,4.92,4.92,4.95,4.67,-0.23,-4.67,,,,,,,,,,,25259.0,2026-06-18T18:00:00.000000
sh600587,sh,,12.04,12.19,12.19,12.26,12.03,-0.15,-1.23,,,,,,,,,,,5705.0,2026-06-18T18:00:00.000000
sh600588,sh,,9.79,9.68,9.68,10.17,9.59,0.11,1.14,,,,,,,,,,,51159.0,2026-06-18T18:00:00.000000
sh600589,sh,,10.21,10.4,10.4,10.54,10.05,-0.19,-1.83,,,,,,,,,,,115751.0,2026-06-18T18:00:00.000000
sh600590,sh,,12.13,11.83,11.83,12.41,11.62,0.3,2.54,,,,,,,,,,,41032.0,2026-06-18T18:00:00.000000
sh600592,sh,,15.39,15.29,15.29,15.46,15.04,0.1,0.65,,,,,,,,,,,9740.0,2026-06-18T18:00:00.000000
sh600593,sh,,37.36,38.38,38.38,38.49,37.1,-1.02,-2.66,,,,,,,,,,,19703.0,2026-06-18T18:00:00.000000
sh600594,sh,,3.11,3.14,3.14,3.18,3.07,-0.03,-0.96,,,,,,,,,,,5731.0,2026-06-18T18:00:00.000000
sh600595,sh,,6.06,6.19,6.19,6.37,6.03,-0.13,-2.1,,,,,,,,,,,61675.0,2026-06-18T18:00:00.000000
sh600596,sh,,15.38,15.98,15.98,16.0,15.13,-0.6,-3.75,,,,,,,,,,,138602.0,2026-06-18T18:00:00.000000
sh600597,sh,,6.44,6.54,6.54,6.57,6.44,-0.1,-1.53,,,,,,,,,,,4184.0,2026-06-18T18:00:00.000000
sh600598,sh,,13.78,13.88,13.88,14.01,13.76,-0.1,-0.72,,,,,,,,,,,24537.0,2026-06-18T18:00:00.000000
sh600599,sh,,0.42,0.4,0.4,0.43,0.39,0.02,5.0,,,,,,,,,,,163.0,2026-06-18T18:00:00.000000
sh600600,sh,,53.9,56.11,56.11,56.13,53.65,-2.21,-3.94,,,,,,,,,,,58979.0,2026-06-18T18:00:00.000000
sh600601,sh,,14.4,14.41,14.41,14.61,14.2,-0.01,-0.07,,,,,,,,,,,360822.0,2026-06-18T18:00:00.000000
sh600602,sh,,18.03,17.88,17.88,18.21,17.53,0.15,0.84,,,,,,,,,,,47230.0,2026-06-18T18:00:00.000000
sh600603,sh,,4.42,4.51,4.51,4.55,4.4,-0.09,-2.0,,,,,,,,,,,7135.0,2026-06-18T18:00:00.000000
sh600604,sh,,4.1,4.15,4.15,4.18,4.09,-0.05,-1.2,,,,,,,,,,,3157.0,2026-06-18T18:00:00.000000
sh600605,sh,,29.93,31.34,31.34,31.51,29.67,-1.41,-4.5,,,,,,,,,,,17709.0,2026-06-18T18:00:00.000000
sh600606,sh,,1.32,1.32,1.32,1.35,1.29,0.0,0.0,,,,,,,,,,,13615.0,2026-06-18T18:00:00.000000
sh600608,sh,,0.18,0.19,0.19,0.19,0.18,-0.01,-5.26,,,,,,,,,,,100.0,2026-06-18T18:00:00.000000
sh600609,sh,,3.26,3.29,3.29,3.31,3.23,-0.03,-0.91,,,,,,,,,,,3693.0,2026-06-18T18:00:00.000000
sh600610,sh,,7.08,7.41,7.41,7.41,7.04,-0.33,-4.45,,,,,,,,,,,14943.0,2026-06-18T18:00:00.000000
sh600611,sh,,4.33,4.4,4.4,4.41,4.3,-0.07,-1.59,,,,,,,,,,,21771.0,2026-06-18T18:00:00.000000
sh600612,sh,,34.43,34.72,34.72,34.98,34.26,-0.29,-0.84,,,,,,,,,,,3342.0,2026-06-18T18:00:00.000000
sh600613,sh,,4.73,4.74,4.74,4.8,4.67,-0.01,-0.21,,,,,,,,,,,1944.0,2026-06-18T18:00:00.000000
sh600615,sh,,10.57,11.1,11.1,11.1,10.44,-0.53,-4.77,,,,,,,,,,,9549.0,2026-06-18T18:00:00.000000
sh600616,sh,,4.09,4.13,4.13,4.14,4.03,-0.04,-0.97,,,,,,,,,,,2654.0,2026-06-18T18:00:00.000000
sh600617,sh,,2.92,3.02,3.02,3.02,2.89,-0.1,-3.31,,,,,,,,,,,7676.0,2026-06-18T18:00:00.000000
sh600618,sh,,10.35,10.61,10.61,10.62,10.3,-0.26,-2.45,,,,,,,,,,,10380.0,2026-06-18T18:00:00.000000
sh600619,sh,,14.68,14.8,14.8,14.86,14.56,-0.12,-0.81,,,,,,,,,,,25807.0,2026-06-18T18:00:00.000000
sh600620,sh,,4.26,4.31,4.31,4.31,4.15,-0.05,-1.16,,,,,,,,,,,2613.0,2026-06-18T18:00:00.000000
sh600621,sh,,12.74,13.16,13.16,13.24,12.74,-0.42,-3.19,,,,,,,,,,,17974.0,2026-06-18T18:00:00.000000
sh600622,sh,,2.11,2.12,2.12,2.17,2.07,-0.01,-0.47,,,,,,,,,,,4654.0,2026-06-18T18:00:00.000000
sh600623,sh,,8.7,8.33,8.33,8.9,8.11,0.37,4.44,,,,,,,,,,,30959.0,2026-06-18T18:00:00.000000
sh600624,sh,,3.86,3.9,3.9,3.95,3.82,-0.04,-1.03,,,,,,,,,,,1502.0,2026-06-18T18:00:00.000000
sh600626,sh,,3.44,3.42,3.42,3.46,3.33,0.02,0.58,,,,,,,,,,,4041.0,2026-06-18T18:00:00.000000
sh600628,sh,,5.93,5.98,5.98,5.99,5.88,-0.05,-0.84,,,,,,,,,,,3406.0,2026-06-18T18:00:00.000000
sh600629,sh,,16.08,16.9,16.9,16.99,16.0,-0.82,-4.85,,,,,,,,,,,35282.0,2026-06-18T18:00:00.000000
sh600630,sh,,8.47,8.86,8.86,8.87,7.97,-0.39,-4.4,,,,,,,,,,,31113.0,2026-06-18T18:00:00.000000
sh600633,sh,,10.92,10.7,10.7,11.05,10.58,0.22,2.06,,,,,,,,,,,20683.0,2026-06-18T18:00:00.000000
sh600635,sh,,4.6,4.65,4.65,4.7,4.58,-0.05,-1.08,,,,,,,,,,,14240.0,2026-06-18T18:00:00.000000
sh600636,sh,,1.84,1.85,1.85,1.92,1.82,-0.01,-0.54,,,,,,,,,,,2706.0,2026-06-18T18:00:00.000000
sh600637,sh,,8.88,8.77,8.77,8.97,8.66,0.11,1.25,,,,,,,,,,,34907.0,2026-06-18T18:00:00.000000
sh600638,sh,,4.93,5.06,5.06,5.11,4.88,-0.13,-2.57,,,,,,,,,,,9595.0,2026-06-18T18:00:00.000000
sh600639,sh,,9.46,9.52,9.52,9.66,9.46,-0.06,-0.63,,,,,,,,,,,2661.0,2026-06-18T18:00:00.000000
sh600640,sh,,10.55,10.38,10.38,10.65,10.36,0.17,1.64,,,,,,,,,,,6205.0,2026-06-18T18:00:00.000000
sh600641,sh,,33.45,32.9,32.9,35.28,32.81,0.55,1.67,,,,,,,,,,,251703.0,2026-06-18T18:00:00.000000
sh600642,sh,,9.12,9.5,9.5,9.67,9.11,-0.38,-4.0,,,,,,,,,,,33751.0,2026-06-18T18:00:00.000000
sh600643,sh,,3.96,4.08,4.08,4.13,3.95,-0.12,-2.94,,,,,,,,,,,6630.0,2026-06-18T18:00:00.000000
sh600644,sh,,9.12,9.78,9.78,9.79,9.07,-0.66,-6.75,,,,,,,,,,,22617.0,2026-06-18T18:00:00.000000
sh600645,sh,,18.35,18.15,18.15,18.76,18.01,0.2,1.1,,,,,,,,,,,14668.0,2026-06-18T18:00:00.000000
sh600648,sh,,8.5,8.56,8.56,8.65,8.35,-0.06,-0.7,,,,,,,,,,,2572.0,2026-06-18T18:00:00.000000
sh600649,sh,,3.58,3.63,3.63,3.66,3.55,-0.05,-1.38,,,,,,,,,,,6577.0,2026-06-18T18:00:00.000000
sh600650,sh,,10.06,10.0,10.0,10.22,9.86,0.06,0.6,,,,,,,,,,,3137.0,2026-06-18T18:00:00.000000
sh600651,sh,,5.9,6.07,6.07,6.08,5.85,-0.17,-2.8,,,,,,,,,,,14755.0,2026-06-18T18:00:00.000000
sh600653,sh,,1.57,1.62,1.62,1.62,1.56,-0.05,-3.09,,,,,,,,,,,2630.0,2026-06-18T18:00:00.000000
sh600654,sh,,2.86,2.89,2.89,2.92,2.84,-0.03,-1.04,,,,,,,,,,,13237.0,2026-06-18T18:00:00.000000
sh600655,sh,,4.42,4.44,4.44,4.53,4.39,-0.02,-0.45,,,,,,,,,,,5730.0,2026-06-18T18:00:00.000000
sh600657,sh,,2.56,2.61,2.61,2.61,2.51,-0.05,-1.92,,,,,,,,,,,5861.0,2026-06-18T18:00:00.000000
sh600658,sh,,4.12,4.18,4.18,4.23,4.1,-0.06,-1.44,,,,,,,,,,,4271.0,2026-06-18T18:00:00.000000
sh600660,sh,,49.95,50.48,50.48,50.83,49.83,-0.53,-1.05,,,,,,,,,,,49092.0,2026-06-18T18:00:00.000000
sh600661,sh,,7.51,7.51,7.51,7.6,7.37,0.0,0.0,,,,,,,,,,,3550.0,2026-06-18T18:00:00.000000
sh600662,sh,,4.22,4.35,4.35,4.46,4.2,-0.13,-2.99,,,,,,,,,,,11601.0,2026-06-18T18:00:00.000000
sh600663,sh,,6.58,6.76,6.76,6.76,6.52,-0.18,-2.66,,,,,,,,,,,6209.0,2026-06-18T18:00:00.000000
sh600664,sh,,3.08,3.06,3.06,3.11,2.99,0.02,0.65,,,,,,,,,,,10942.0,2026-06-18T18:00:00.000000
sh600665,sh,,3.57,3.6,3.6,3.62,3.47,-0.03,-0.83,,,,,,,,,,,9463.0,2026-06-18T18:00:00.000000
sh600666,sh,,4.55,4.7,4.7,4.74,4.49,-0.15,-3.19,,,,,,,,,,,57916.0,2026-06-18T18:00:00.000000
sh600667,sh,,20.92,19.03,19.03,20.92,18.76,1.89,9.93,,,,,,,,,,,741014.0,2026-06-18T18:00:00.000000
sh600668,sh,,7.17,7.24,7.24,7.27,7.05,-0.07,-0.97,,,,,,,,,,,3591.0,2026-06-18T18:00:00.000000
sh600671,sh,,17.96,16.33,16.33,17.96,15.87,1.63,9.98,,,,,,,,,,,12349.0,2026-06-18T18:00:00.000000
sh600673,sh,,36.26,36.0,36.0,37.2,35.89,0.26,0.72,,,,,,,,,,,350178.0,2026-06-18T18:00:00.000000
sh600674,sh,,14.31,14.6,14.6,14.72,14.28,-0.29,-1.99,,,,,,,,,,,55014.0,2026-06-18T18:00:00.000000
sh600675,sh,,2.22,2.24,2.24,2.25,2.18,-0.02,-0.89,,,,,,,,,,,4820.0,2026-06-18T18:00:00.000000
sh600676,sh,,6.88,7.03,7.03,7.12,6.76,-0.15,-2.13,,,,,,,,,,,19532.0,2026-06-18T18:00:00.000000
sh600678,sh,,6.63,6.28,6.28,6.71,6.23,0.35,5.57,,,,,,,,,,,20827.0,2026-06-18T18:00:00.000000
sh600679,sh,,9.02,9.22,9.22,9.28,9.01,-0.2,-2.17,,,,,,,,,,,3105.0,2026-06-18T18:00:00.000000
sh600681,sh,,3.33,3.4,3.4,3.4,3.33,-0.07,-2.06,,,,,,,,,,,3743.0,2026-06-18T18:00:00.000000
sh600682,sh,,5.9,5.88,5.88,5.98,5.73,0.02,0.34,,,,,,,,,,,11017.0,2026-06-18T18:00:00.000000
sh600683,sh,,13.63,12.78,12.78,13.96,12.5,0.85,6.65,,,,,,,,,,,53412.0,2026-06-18T18:00:00.000000
sh600684,sh,,3.19,3.19,3.19,3.26,3.14,0.0,0.0,,,,,,,,,,,5193.0,2026-06-18T18:00:00.000000
sh600685,sh,,26.67,27.0,27.0,27.36,26.55,-0.33,-1.22,,,,,,,,,,,23294.0,2026-06-18T18:00:00.000000
sh600686,sh,,12.31,12.6,12.6,12.61,12.23,-0.29,-2.3,,,,,,,,,,,15320.0,2026-06-18T18:00:00.000000
sh600688,sh,,3.08,3.03,3.03,3.2,3.02,0.05,1.65,,,,,,,,,,,44551.0,2026-06-18T18:00:00.000000
sh600689,sh,,10.71,10.74,10.74,10.85,10.62,-0.03,-0.28,,,,,,,,,,,2697.0,2026-06-18T18:00:00.000000
sh600690,sh,,19.45,20.41,20.41,20.46,19.45,-0.96,-4.7,,,,,,,,,,,179151.0,2026-06-18T18:00:00.000000
sh600691,sh,,2.43,2.45,2.45,2.48,2.41,-0.02,-0.82,,,,,,,,,,,6667.0,2026-06-18T18:00:00.000000
sh600692,sh,,5.99,6.05,6.05,6.09,5.93,-0.06,-0.99,,,,,,,,,,,3719.0,2026-06-18T18:00:00.000000
sh600693,sh,,8.38,8.57,8.57,8.63,8.37,-0.19,-2.22,,,,,,,,,,,29653.0,2026-06-18T18:00:00.000000
sh600694,sh,,14.12,14.18,14.18,14.36,14.02,-0.06,-0.42,,,,,,,,,,,3994.0,2026-06-18T18:00:00.000000
sh600696,sh,,0.76,0.76,0.76,0.79,0.73,0.0,0.0,,,,,,,,,,,230.0,2026-06-18T18:00:00.000000
sh600697,sh,,10.25,10.35,10.35,10.41,10.12,-0.1,-0.97,,,,,,,,,,,3410.0,2026-06-18T18:00:00.000000
sh600698,sh,,6.45,6.38,6.38,6.47,6.27,0.07,1.1,,,,,,,,,,,6212.0,2026-06-18T18:00:00.000000
sh600699,sh,,24.67,24.56,24.56,25.12,24.54,0.11,0.45,,,,,,,,,,,79571.0,2026-06-18T18:00:00.000000
sh600702,sh,,38.18,38.0,38.0,38.8,37.22,0.18,0.47,,,,,,,,,,,26214.0,2026-06-18T18:00:00.000000
sh600703,sh,,17.54,17.71,17.71,18.0,17.26,-0.17,-0.96,,,,,,,,,,,531495.0,2026-06-18T18:00:00.000000
sh600704,sh,,4.72,4.73,4.73,4.76,4.69,-0.01,-0.21,,,,,,,,,,,15706.0,2026-06-18T18:00:00.000000
sh600706,sh,,7.22,7.25,7.25,7.36,7.09,-0.03,-0.41,,,,,,,,,,,3755.0,2026-06-18T18:00:00.000000
sh600707,sh,,11.71,12.34,12.34,12.46,11.47,-0.63,-5.11,,,,,,,,,,,406881.0,2026-06-18T18:00:00.000000
sh600708,sh,,2.85,2.94,2.94,3.19,2.83,-0.09,-3.06,,,,,,,,,,,13963.0,2026-06-18T18:00:00.000000
sh600710,sh,,10.56,10.64,10.64,10.79,10.51,-0.08,-0.75,,,,,,,,,,,9881.0,2026-06-18T18:00:00.000000
sh600711,sh,,12.83,12.97,12.97,13.45,12.7,-0.14,-1.08,,,,,,,,,,,122034.0,2026-06-18T18:00:00.000000
sh600712,sh,,5.0,5.0,5.0,5.07,4.93,0.0,0.0,,,,,,,,,,,3794.0,2026-06-18T18:00:00.000000
sh600713,sh,,4.98,4.97,4.97,5.02,4.93,0.01,0.2,,,,,,,,,,,3574.0,2026-06-18T18:00:00.000000
sh600714,sh,,25.09,26.64,26.64,26.64,24.58,-1.55,-5.82,,,,,,,,,,,72031.0,2026-06-18T18:00:00.000000
sh600715,sh,,1.6,1.64,1.64,1.67,1.6,-0.04,-2.44,,,,,,,,,,,4208.0,2026-06-18T18:00:00.000000
sh600716,sh,,3.73,3.68,3.68,3.83,3.59,0.05,1.36,,,,,,,,,,,4672.0,2026-06-18T18:00:00.000000
sh600717,sh,,0.0,0.0,0.0,0.0,0.0,0.0,0,,,,,,,,,,,0.0,2026-06-18T18:00:00.000000
sh600718,sh,,7.76,7.78,7.78,7.87,7.74,-0.02,-0.26,,,,,,,,,,,6816.0,2026-06-18T18:00:00.000000
sh600719,sh,,8.92,8.74,8.74,9.15,8.54,0.18,2.06,,,,,,,,,,,28654.0,2026-06-18T18:00:00.000000
sh600720,sh,,5.28,5.4,5.4,5.41,5.25,-0.12,-2.22,,,,,,,,,,,5377.0,2026-06-18T18:00:00.000000
sh600721,sh,,7.11,7.08,7.08,7.23,7.0,0.03,0.42,,,,,,,,,,,6687.0,2026-06-18T18:00:00.000000
sh600722,sh,,8.66,8.9,8.9,8.9,8.56,-0.24,-2.7,,,,,,,,,,,30628.0,2026-06-18T18:00:00.000000
sh600724,sh,,6.14,6.32,6.32,6.34,6.04,-0.18,-2.85,,,,,,,,,,,8491.0,2026-06-18T18:00:00.000000
sh600725,sh,,3.39,3.5,3.5,3.5,3.36,-0.11,-3.14,,,,,,,,,,,6776.0,2026-06-18T18:00:00.000000
sh600726,sh,,7.88,8.22,8.22,8.25,7.79,-0.34,-4.14,,,,,,,,,,,152590.0,2026-06-18T18:00:00.000000
sh600727,sh,,7.3,7.4,7.4,7.89,7.28,-0.1,-1.35,,,,,,,,,,,26746.0,2026-06-18T18:00:00.000000
sh600728,sh,,4.65,4.56,4.56,4.66,4.51,0.09,1.97,,,,,,,,,,,15166.0,2026-06-18T18:00:00.000000
sh600729,sh,,19.64,19.94,19.94,19.96,19.62,-0.3,-1.5,,,,,,,,,,,6544.0,2026-06-18T18:00:00.000000
sh600730,sh,,11.63,12.1,12.1,12.12,11.51,-0.47,-3.88,,,,,,,,,,,20965.0,2026-06-18T18:00:00.000000
sh600731,sh,,5.35,5.4,5.4,5.42,5.3,-0.05,-0.93,,,,,,,,,,,2581.0,2026-06-18T18:00:00.000000
sh600732,sh,,12.58,12.58,12.58,12.68,12.43,0.0,0.0,,,,,,,,,,,41838.0,2026-06-18T18:00:00.000000
sh600733,sh,,5.7,5.77,5.77,5.79,5.63,-0.07,-1.21,,,,,,,,,,,45133.0,2026-06-18T18:00:00.000000
sh600734,sh,,1.91,1.95,1.95,1.96,1.91,-0.04,-2.05,,,,,,,,,,,13852.0,2026-06-18T18:00:00.000000
sh600735,sh,,6.37,6.31,6.31,6.46,6.3,0.06,0.95,,,,,,,,,,,3065.0,2026-06-18T18:00:00.000000
sh600736,sh,,7.51,7.51,7.51,7.63,7.24,0.0,0.0,,,,,,,,,,,39957.0,2026-06-18T18:00:00.000000
sh600737,sh,,12.8,13.23,13.23,13.26,12.73,-0.43,-3.25,,,,,,,,,,,34974.0,2026-06-18T18:00:00.000000
sh600738,sh,,3.87,3.88,3.88,3.92,3.84,-0.01,-0.26,,,,,,,,,,,2670.0,2026-06-18T18:00:00.000000
sh600739,sh,,10.09,10.25,10.25,10.25,10.03,-0.16,-1.56,,,,,,,,,,,9331.0,2026-06-18T18:00:00.000000
sh600740,sh,,3.44,3.56,3.56,3.56,3.41,-0.12,-3.37,,,,,,,,,,,10902.0,2026-06-18T18:00:00.000000
sh600741,sh,,16.27,16.17,16.17,16.36,15.96,0.1,0.62,,,,,,,,,,,31136.0,2026-06-18T18:00:00.000000
sh600742,sh,,7.48,7.69,7.69,7.74,7.48,-0.21,-2.73,,,,,,,,,,,3590.0,2026-06-18T18:00:00.000000
sh600743,sh,,2.12,2.1,2.1,2.23,2.07,0.02,0.95,,,,,,,,,,,12952.0,2026-06-18T18:00:00.000000
sh600744,sh,,7.08,7.35,7.35,7.45,7.06,-0.27,-3.67,,,,,,,,,,,81915.0,2026-06-18T18:00:00.000000
sh600745,sh,,16.9,17.4,17.4,17.99,16.87,-0.5,-2.87,,,,,,,,,,,83836.0,2026-06-18T18:00:00.000000
sh600746,sh,,5.78,5.92,5.92,5.93,5.72,-0.14,-2.36,,,,,,,,,,,7252.0,2026-06-18T18:00:00.000000
sh600748,sh,,4.04,3.99,3.99,4.12,3.89,0.05,1.25,,,,,,,,,,,6720.0,2026-06-18T18:00:00.000000
sh600749,sh,,14.49,14.94,14.94,15.02,14.47,-0.45,-3.01,,,,,,,,,,,15328.0,2026-06-18T18:00:00.000000
sh600750,sh,,24.31,24.36,24.36,24.47,24.16,-0.05,-0.21,,,,,,,,,,,7781.0,2026-06-18T18:00:00.000000
sh600751,sh,,3.1,3.12,3.12,3.14,3.06,-0.02,-0.64,,,,,,,,,,,8283.0,2026-06-18T18:00:00.000000
sh600753,sh,,12.61,12.68,12.68,12.68,12.11,-0.07,-0.55,,,,,,,,,,,7050.0,2026-06-18T18:00:00.000000
sh600754,sh,,19.5,19.78,19.78,19.96,19.42,-0.28,-1.42,,,,,,,,,,,16065.0,2026-06-18T18:00:00.000000
sh600755,sh,,5.54,5.55,5.55,5.58,5.51,-0.01,-0.18,,,,,,,,,,,6338.0,2026-06-18T18:00:00.000000
sh600756,sh,,13.33,13.53,13.53,13.78,13.25,-0.2,-1.48,,,,,,,,,,,10962.0,2026-06-18T18:00:00.000000
sh600757,sh,,7.63,7.47,7.47,7.64,7.47,0.16,2.14,,,,,,,,,,,3553.0,2026-06-18T18:00:00.000000
sh600758,sh,,3.55,3.79,3.79,3.8,3.52,-0.24,-6.33,,,,,,,,,,,29562.0,2026-06-18T18:00:00.000000
sh600759,sh,,2.3,2.37,2.37,2.4,2.3,-0.07,-2.95,,,,,,,,,,,49302.0,2026-06-18T18:00:00.000000
sh600760,sh,,41.27,41.91,41.91,42.28,41.1,-0.64,-1.53,,,,,,,,,,,63796.0,2026-06-18T18:00:00.000000
sh600761,sh,,17.17,16.59,16.59,17.35,16.5,0.58,3.5,,,,,,,,,,,32827.0,2026-06-18T18:00:00.000000
sh600763,sh,,34.66,34.68,34.68,35.52,34.58,-0.02,-0.06,,,,,,,,,,,28833.0,2026-06-18T18:00:00.000000
sh600764,sh,,18.72,19.2,19.2,19.25,18.72,-0.48,-2.5,,,,,,,,,,,10717.0,2026-06-18T18:00:00.000000
sh600765,sh,,13.9,13.91,13.91,14.16,13.67,-0.01,-0.07,,,,,,,,,,,22652.0,2026-06-18T18:00:00.000000
sh600768,sh,,15.42,15.41,15.41,15.77,15.21,0.01,0.06,,,,,,,,,,,5423.0,2026-06-18T18:00:00.000000
sh600769,sh,,19.16,19.16,19.16,19.16,19.16,0.0,0.0,,,,,,,,,,,10359.0,2026-06-18T18:00:00.000000
sh600770,sh,,6.05,6.0,6.0,6.14,5.98,0.05,0.83,,,,,,,,,,,28883.0,2026-06-18T18:00:00.000000
sh600771,sh,,13.49,13.75,13.75,13.75,13.44,-0.26,-1.89,,,,,,,,,,,7725.0,2026-06-18T18:00:00.000000
sh600773,sh,,14.79,15.29,15.29,15.69,14.76,-0.5,-3.27,,,,,,,,,,,42343.0,2026-06-18T18:00:00.000000
sh600774,sh,,6.72,6.64,6.64,6.8,6.57,0.08,1.2,,,,,,,,,,,2243.0,2026-06-18T18:00:00.000000
sh600775,sh,,10.59,10.75,10.75,10.95,10.56,-0.16,-1.49,,,,,,,,,,,23272.0,2026-06-18T18:00:00.000000
sh600776,sh,,15.37,15.51,15.51,15.75,15.32,-0.14,-0.9,,,,,,,,,,,31375.0,2026-06-18T18:00:00.000000
sh600777,sh,,4.91,4.74,4.74,4.93,4.74,0.17,3.59,,,,,,,,,,,13212.0,2026-06-18T18:00:00.000000
sh600778,sh,,5.44,5.4,5.4,5.5,5.29,0.04,0.74,,,,,,,,,,,3913.0,2026-06-18T18:00:00.000000
sh600779,sh,,28.97,28.9,28.9,29.41,28.13,0.07,0.24,,,,,,,,,,,14884.0,2026-06-18T18:00:00.000000
sh600780,sh,,6.17,6.5,6.5,6.6,6.16,-0.33,-5.08,,,,,,,,,,,18129.0,2026-06-18T18:00:00.000000
sh600782,sh,,2.57,2.59,2.59,2.62,2.55,-0.02,-0.77,,,,,,,,,,,6424.0,2026-06-18T18:00:00.000000
sh600783,sh,,21.13,19.86,19.86,21.92,19.45,1.27,6.39,,,,,,,,,,,120098.0,2026-06-18T18:00:00.000000
sh600784,sh,,6.76,6.98,6.98,6.99,6.7,-0.22,-3.15,,,,,,,,,,,6722.0,2026-06-18T18:00:00.000000
sh600785,sh,,0.0,0.0,0.0,0.0,0.0,0.0,0,,,,,,,,,,,0.0,2026-06-18T18:00:00.000000
sh600787,sh,,0.0,0.0,0.0,0.0,0.0,0.0,0,,,,,,,,,,,0.0,2026-06-18T18:00:00.000000
sh600789,sh,,0.0,0.0,0.0,0.0,0.0,0.0,0,,,,,,,,,,,0.0,2026-06-18T18:00:00.000000
sh600790,sh,,0.0,0.0,0.0,0.0,0.0,0.0,0,,,,,,,,,,,0.0,2026-06-18T18:00:00.000000
sh600791,sh,,0.0,0.0,0.0,0.0,0.0,0.0,0,,,,,,,,,,,0.0,2026-06-18T18:00:00.000000
sh600792,sh,,0.0,0.0,0.0,0.0,0.0,0.0,0,,,,,,,,,,,0.0,2026-06-18T18:00:00.000000
sh600793,sh,,0.0,0.0,0.0,0.0,0.0,0.0,0,,,,,,,,,,,0.0,2026-06-18T18:00:00.000000
sh600794,sh,,0.0,0.0,0.0,0.0,0.0,0.0,0,,,,,,,,,,,0.0,2026-06-18T18:00:00.000000
sh600795,sh,,0.0,0.0,0.0,0.0,0.0,0.0,0,,,,,,,,,,,0.0,2026-06-18T18:00:00.000000
sh600796,sh,,0.0,0.0,0.0,0.0,0.0,0.0,0,,,,,,,,,,,0.0,2026-06-18T18:00:00.000000
sh600797,sh,,0.0,0.0,0.0,0.0,0.0,0.0,0,,,,,,,,,,,0.0,2026-06-18T18:00:00.000000
sh600798,sh,,0.0,0.0,0.0,0.0,0.0,0.0,0,,,,,,,,,,,0.0,2026-06-18T18:00:00.000000
sh600800,sh,,0.0,0.0,0.0,0.0,0.0,0.0,0,,,,,,,,,,,0.0,2026-06-18T18:00:00.000000
sh600801,sh,,0.0,0.0,0.0,0.0,0.0,0.0,0,,,,,,,,,,,0.0,2026-06-18T18:00:00.000000
sh600802,sh,,0.0,0.0,0.0,0.0,0.0,0.0,0,,,,,,,,,,,0.0,2026-06-18T18:00:00.000000
sh600803,sh,,0.0,0.0,0.0,0.0,0.0,0.0,0,,,,,,,,,,,0.0,2026-06-18T18:00:00.000000
sh600805,sh,,0.0,0.0,0.0,0.0,0.0,0.0,0,,,,,,,,,,,0.0,2026-06-18T18:00:00.000000
sh600807,sh,,0.0,0.0,0.0,0.0,0.0,0.0,0,,,,,,,,,,,0.0,2026-06-18T18:00:00.000000
sh600808,sh,,0.0,0.0,0.0,0.0,0.0,0.0,0,,,,,,,,,,,0.0,2026-06-18T18:00:00.000000
sh600809,sh,,0.0,0.0,0.0,0.0,0.0,0.0,0,,,,,,,,,,,0.0,2026-06-18T18:00:00.000000
sh600810,sh,,0.0,0.0,0.0,0.0,0.0,0.0,0,,,,,,,,,,,0.0,2026-06-18T18:00:00.000000
sh600812,sh,,0.0,0.0,0.0,0.0,0.0,0.0,0,,,,,,,,,,,0.0,2026-06-18T18:00:00.000000
sh600814,sh,,0.0,0.0,0.0,0.0,0.0,0.0,0,,,,,,,,,,,0.0,2026-06-18T18:00:00.000000
sh600815,sh,,0.0,0.0,0.0,0.0,0.0,0.0,0,,,,,,,,,,,0.0,2026-06-18T18:00:00.000000
sh600816,sh,,0.0,0.0,0.0,0.0,0.0,0.0,0,,,,,,,,,,,0.0,2026-06-18T18:00:00.000000
sh600817,sh,,0.0,0.0,0.0,0.0,0.0,0.0,0,,,,,,,,,,,0.0,2026-06-18T18:00:00.000000
sh600818,sh,,0.0,0.0,0.0,0.0,0.0,0.0,0,,,,,,,,,,,0.0,2026-06-18T18:00:00.000000
sh600819,sh,,0.0,0.0,0.0,0.0,0.0,0.0,0,,,,,,,,,,,0.0,2026-06-18T18:00:00.000000
sh600820,sh,,0.0,0.0,0.0,0.0,0.0,0.0,0,,,,,,,,,,,0.0,2026-06-18T18:00:00.000000
sh600821,sh,,0.0,0.0,0.0,0.0,0.0,0.0,0,,,,,,,,,,,0.0,2026-06-18T18:00:00.000000
sh600822,sh,,0.0,0.0,0.0,0.0,0.0,0.0,0,,,,,,,,,,,0.0,2026-06-18T18:00:00.000000
sh600824,sh,,0.0,0.0,0.0,0.0,0.0,0.0,0,,,,,,,,,,,0.0,2026-06-18T18:00:00.000000
sh600825,sh,,0.0,0.0,0.0,0.0,0.0,0.0,0,,,,,,,,,,,0.0,2026-06-18T18:00:00.000000
sh600826,sh,,0.0,0.0,0.0,0.0,0.0,0.0,0,,,,,,,,,,,0.0,2026-06-18T18:00:00.000000
sh600827,sh,,0.0,0.0,0.0,0.0,0.0,0.0,0,,,,,,,,,,,0.0,2026-06-18T18:00:00.000000
sh600828,sh,,0.0,0.0,0.0,0.0,0.0,0.0,0,,,,,,,,,,,0.0,2026-06-18T18:00:00.000000
sh600829,sh,,0.0,0.0,0.0,0.0,0.0,0.0,0,,,,,,,,,,,0.0,2026-06-18T18:00:00.000000
sh600830,sh,,0.0,0.0,0.0,0.0,0.0,0.0,0,,,,,,,,,,,0.0,2026-06-18T18:00:00.000000
sh600831,sh,,0.0,0.0,0.0,0.0,0.0,0.0,0,,,,,,,,,,,0.0,2026-06-18T18:00:00.000000
sh600833,sh,,0.0,0.0,0.0,0.0,0.0,0.0,0,,,,,,,,,,,0.0,2026-06-18T18:00:00.000000
sh600834,sh,,0.0,0.0,0.0,0.0,0.0,0.0,0,,,,,,,,,,,0.0,2026-06-18T18:00:00.000000
sh600835,sh,,0.0,0.0,0.0,0.0,0.0,0.0,0,,,,,,,,,,,0.0,2026-06-18T18:00:00.000000
sh600838,sh,,0.0,0.0,0.0,0.0,0.0,0.0,0,,,,,,,,,,,0.0,2026-06-18T18:00:00.000000
sh600839,sh,,0.0,0.0,0.0,0.0,0.0,0.0,0,,,,,,,,,,,0.0,2026-06-18T18:00:00.000000
sh600841,sh,,0.0,0.0,0.0,0.0,0.0,0.0,0,,,,,,,,,,,0.0,2026-06-18T18:00:00.000000
sh600843,sh,,0.0,0.0,0.0,0.0,0.0,0.0,0,,,,,,,,,,,0.0,2026-06-18T18:00:00.000000
sh600844,sh,,0.0,0.0,0.0,0.0,0.0,0.0,0,,,,,,,,,,,0.0,2026-06-18T18:00:00.000000
sh600845,sh,,0.0,0.0,0.0,0.0,0.0,0.0,0,,,,,,,,,,,0.0,2026-06-18T18:00:00.000000
sh600846,sh,,0.0,0.0,0.0,0.0,0.0,0.0,0,,,,,,,,,,,0.0,2026-06-18T18:00:00.000000
sh600847,sh,,0.0,0.0,0.0,0.0,0.0,0.0,0,,,,,,,,,,,0.0,2026-06-18T18:00:00.000000
sh600848,sh,,8.01,8.01,8.01,8.04,7.9,0.0,0.0,,,,,,,,,,,6027.0,2026-06-18T18:00:00.000000
sh600850,sh,,19.59,19.67,19.67,19.81,19.35,-0.08,-0.41,,,,,,,,,,,22446.0,2026-06-18T18:00:00.000000
sh600851,sh,,8.04,7.32,7.32,8.04,7.32,0.72,9.84,,,,,,,,,,,13377.0,2026-06-18T18:00:00.000000
sh600853,sh,,3.22,3.23,3.23,3.25,3.18,-0.01,-0.31,,,,,,,,,,,1871.0,2026-06-18T18:00:00.000000
sh600854,sh,,4.25,4.27,4.27,4.29,4.18,-0.02,-0.47,,,,,,,,,,,3621.0,2026-06-18T18:00:00.000000
sh600855,sh,,14.79,14.8,14.8,15.11,14.63,-0.01,-0.07,,,,,,,,,,,12716.0,2026-06-18T18:00:00.000000
sh600857,sh,,16.02,15.88,15.88,16.41,15.8,0.14,0.88,,,,,,,,,,,17510.0,2026-06-18T18:00:00.000000
sh600858,sh,,4.66,4.66,4.66,4.69,4.59,0.0,0.0,,,,,,,,,,,2819.0,2026-06-18T18:00:00.000000
sh600859,sh,,9.91,10.08,10.08,10.12,9.86,-0.17,-1.69,,,,,,,,,,,14697.0,2026-06-18T18:00:00.000000
sh600860,sh,,8.64,8.98,8.98,9.0,8.6,-0.34,-3.79,,,,,,,,,,,8252.0,2026-06-18T18:00:00.000000
sh600861,sh,,12.96,12.98,12.98,13.09,12.91,-0.02,-0.15,,,,,,,,,,,2385.0,2026-06-18T18:00:00.000000
sh600862,sh,,18.66,18.61,18.61,18.95,18.34,0.05,0.27,,,,,,,,,,,33450.0,2026-06-18T18:00:00.000000
sh600863,sh,,5.36,5.76,5.76,5.94,5.31,-0.4,-6.94,,,,,,,,,,,192193.0,2026-06-18T18:00:00.000000
sh600864,sh,,5.26,5.47,5.47,5.47,5.24,-0.21,-3.84,,,,,,,,,,,14806.0,2026-06-18T18:00:00.000000
sh600865,sh,,9.03,9.12,9.12,9.16,8.88,-0.09,-0.99,,,,,,,,,,,7489.0,2026-06-18T18:00:00.000000
sh600866,sh,,4.77,4.84,4.84,4.89,4.69,-0.07,-1.45,,,,,,,,,,,9048.0,2026-06-18T18:00:00.000000
sh600867,sh,,7.46,7.36,7.36,7.48,7.26,0.1,1.36,,,,,,,,,,,13047.0,2026-06-18T18:00:00.000000
sh600868,sh,,2.89,3.0,3.0,3.0,2.88,-0.11,-3.67,,,,,,,,,,,19011.0,2026-06-18T18:00:00.000000
sh600869,sh,,32.86,33.27,33.27,33.82,31.59,-0.41,-1.23,,,,,,,,,,,350256.0,2026-06-18T18:00:00.000000
sh600871,sh,,2.14,2.17,2.17,2.22,2.13,-0.03,-1.38,,,,,,,,,,,27468.0,2026-06-18T18:00:00.000000
sh600872,sh,,17.45,17.43,17.43,17.61,17.11,0.02,0.11,,,,,,,,,,,15526.0,2026-06-18T18:00:00.000000
sh600873,sh,,8.31,8.49,8.49,8.51,8.3,-0.18,-2.12,,,,,,,,,,,17778.0,2026-06-18T18:00:00.000000
sh600874,sh,,5.7,5.73,5.73,5.75,5.67,-0.03,-0.52,,,,,,,,,,,3004.0,2026-06-18T18:00:00.000000
sh600875,sh,,32.56,31.72,31.72,33.99,31.72,0.84,2.65,,,,,,,,,,,302147.0,2026-06-18T18:00:00.000000
sh600876,sh,,9.93,9.89,9.89,10.36,9.49,0.04,0.4,,,,,,,,,,,35018.0,2026-06-18T18:00:00.000000
sh600877,sh,,14.16,14.17,14.17,14.29,13.93,-0.01,-0.07,,,,,,,,,,,25477.0,2026-06-18T18:00:00.000000
sh600879,sh,,20.66,19.9,19.9,21.16,19.52,0.76,3.82,,,,,,,,,,,391440.0,2026-06-18T18:00:00.000000
sh600880,sh,,4.01,3.99,3.99,4.05,3.94,0.02,0.5,,,,,,,,,,,5401.0,2026-06-18T18:00:00.000000
sh600881,sh,,1.52,1.58,1.58,1.59,1.51,-0.06,-3.8,,,,,,,,,,,10245.0,2026-06-18T18:00:00.000000
sh600882,sh,,17.49,18.14,18.14,18.27,17.34,-0.65,-3.58,,,,,,,,,,,17542.0,2026-06-18T18:00:00.000000
sh600883,sh,,7.63,7.55,7.55,7.7,7.45,0.08,1.06,,,,,,,,,,,3034.0,2026-06-18T18:00:00.000000
sh600884,sh,,13.85,14.13,14.13,14.26,13.78,-0.28,-1.98,,,,,,,,,,,100175.0,2026-06-18T18:00:00.000000
sh600885,sh,,35.5,34.04,34.04,35.63,33.6,1.46,4.29,,,,,,,,,,,85989.0,2026-06-18T18:00:00.000000
sh600886,sh,,13.07,13.3,13.3,13.54,13.07,-0.23,-1.73,,,,,,,,,,,68780.0,2026-06-18T18:00:00.000000
sh600887,sh,,24.26,24.67,24.67,24.72,24.21,-0.41,-1.66,,,,,,,,,,,123283.0,2026-06-18T18:00:00.000000
sh600888,sh,,13.14,12.78,12.78,13.28,12.35,0.36,2.82,,,,,,,,,,,187690.0,2026-06-18T18:00:00.000000
sh600889,sh,,15.69,15.85,15.85,15.9,15.66,-0.16,-1.01,,,,,,,,,,,4083.0,2026-06-18T18:00:00.000000
sh600892,sh,,3.65,3.6,3.6,3.71,3.58,0.05,1.39,,,,,,,,,,,2698.0,2026-06-18T18:00:00.000000
sh600893,sh,,39.02,39.7,39.7,40.6,38.98,-0.68,-1.71,,,,,,,,,,,134417.0,2026-06-18T18:00:00.000000
sh600894,sh,,8.14,8.27,8.27,8.27,8.11,-0.13,-1.57,,,,,,,,,,,3095.0,2026-06-18T18:00:00.000000
sh600895,sh,,32.89,33.25,33.25,33.55,32.6,-0.36,-1.08,,,,,,,,,,,96913.0,2026-06-18T18:00:00.000000
sh600897,sh,,14.87,14.91,14.91,15.04,14.71,-0.04,-0.27,,,,,,,,,,,2965.0,2026-06-18T18:00:00.000000
sh600900,sh,,26.66,26.93,26.93,26.98,26.65,-0.27,-1.0,,,,,,,,,,,346690.0,2026-06-18T18:00:00.000000
sh600901,sh,,6.05,6.45,6.45,6.47,6.02,-0.4,-6.2,,,,,,,,,,,47056.0,2026-06-18T18:00:00.000000
sh600903,sh,,7.89,8.03,8.03,8.05,7.75,-0.14,-1.74,,,,,,,,,,,24649.0,2026-06-18T18:00:00.000000
sh600905,sh,,4.07,4.12,4.12,4.12,4.07,-0.05,-1.21,,,,,,,,,,,95674.0,2026-06-18T18:00:00.000000
sh600906,sh,,7.27,7.32,7.32,7.46,7.17,-0.05,-0.68,,,,,,,,,,,75844.0,2026-06-18T18:00:00.000000
sh600908,sh,,5.32,5.45,5.45,5.47,5.31,-0.13,-2.39,,,,,,,,,,,8691.0,2026-06-18T18:00:00.000000
sh600909,sh,,8.97,8.77,8.77,9.17,8.62,0.2,2.28,,,,,,,,,,,216883.0,2026-06-18T18:00:00.000000
sh600916,sh,,7.55,7.63,7.63,7.71,7.5,-0.08,-1.05,,,,,,,,,,,15338.0,2026-06-18T18:00:00.000000
sh600917,sh,,4.93,4.97,4.97,5.01,4.91,-0.04,-0.8,,,,,,,,,,,1650.0,2026-06-18T18:00:00.000000
sh600918,sh,,5.13,5.29,5.29,5.31,5.12,-0.16,-3.02,,,,,,,,,,,20352.0,2026-06-18T18:00:00.000000
sh600919,sh,,11.22,11.53,11.53,11.59,11.21,-0.31,-2.69,,,,,,,,,,,126275.0,2026-06-18T18:00:00.000000
sh600925,sh,,4.15,4.19,4.19,4.2,4.15,-0.04,-0.95,,,,,,,,,,,3501.0,2026-06-18T18:00:00.000000
sh600926,sh,,15.64,16.01,16.01,16.03,15.63,-0.37,-2.31,,,,,,,,,,,64873.0,2026-06-18T18:00:00.000000
sh600927,sh,,12.7,12.8,12.8,13.02,12.5,-0.1,-0.78,,,,,,,,,,,8833.0,2026-06-18T18:00:00.000000
sh600928,sh,,3.39,3.51,3.51,3.52,3.39,-0.12,-3.42,,,,,,,,,,,13064.0,2026-06-18T18:00:00.000000
sh600929,sh,,4.96,5.04,5.04,5.06,4.93,-0.08,-1.59,,,,,,,,,,,6637.0,2026-06-18T18:00:00.000000
sh600930,sh,,5.28,5.55,5.55,5.55,5.28,-0.27,-4.86,,,,,,,,,,,76921.0,2026-06-18T18:00:00.000000
sh600933,sh,,15.73,15.44,15.44,15.96,15.35,0.29,1.88,,,,,,,,,,,28529.0,2026-06-18T18:00:00.000000
sh600935,sh,,2.22,2.21,2.21,2.22,2.18,0.01,0.45,,,,,,,,,,,2665.0,2026-06-18T18:00:00.000000
sh600936,sh,,4.62,4.96,4.96,4.98,4.6,-0.34,-6.85,,,,,,,,,,,39594.0,2026-06-18T18:00:00.000000
sh600938,sh,,30.7,31.34,31.34,31.42,30.44,-0.64,-2.04,,,,,,,,,,,138837.0,2026-06-18T18:00:00.000000
sh600939,sh,,2.51,2.51,2.51,2.55,2.48,0.0,0.0,,,,,,,,,,,2546.0,2026-06-18T18:00:00.000000
sh600941,sh,,91.65,92.98,92.98,92.98,91.52,-1.33,-1.43,,,,,,,,,,,82993.0,2026-06-18T18:00:00.000000
sh600955,sh,,15.25,15.55,15.55,15.59,15.2,-0.3,-1.93,,,,,,,,,,,6119.0,2026-06-18T18:00:00.000000
sh600956,sh,,7.68,8.09,8.09,8.1,7.68,-0.41,-5.07,,,,,,,,,,,14344.0,2026-06-18T18:00:00.000000
sh600958,sh,,9.21,9.44,9.44,9.45,9.16,-0.23,-2.44,,,,,,,,,,,51014.0,2026-06-18T18:00:00.000000
sh600959,sh,,3.1,3.11,3.11,3.14,3.06,-0.01,-0.32,,,,,,,,,,,9346.0,2026-06-18T18:00:00.000000
sh600960,sh,,4.02,4.0,4.0,4.07,3.95,0.02,0.5,,,,,,,,,,,4137.0,2026-06-18T18:00:00.000000
sh600961,sh,,28.82,26.41,26.41,29.18,26.41,2.41,9.13,,,,,,,,,,,231281.0,2026-06-18T18:00:00.000000
sh600962,sh,,26.06,25.97,25.97,26.59,25.25,0.09,0.35,,,,,,,,,,,20940.0,2026-06-18T18:00:00.000000
sh600963,sh,,3.31,3.38,3.38,3.41,3.29,-0.07,-2.07,,,,,,,,,,,12196.0,2026-06-18T18:00:00.000000
sh600965,sh,,2.57,2.67,2.67,2.69,2.57,-0.1,-3.75,,,,,,,,,,,1682.0,2026-06-18T18:00:00.000000
sh600966,sh,,5.01,5.18,5.18,5.19,5.0,-0.17,-3.28,,,,,,,,,,,8181.0,2026-06-18T18:00:00.000000
sh600967,sh,,11.73,11.86,11.86,12.01,11.69,-0.13,-1.1,,,,,,,,,,,15240.0,2026-06-18T18:00:00.000000
sh600968,sh,,3.77,3.8,3.8,3.89,3.77,-0.03,-0.79,,,,,,,,,,,19162.0,2026-06-18T18:00:00.000000
sh600969,sh,,8.56,8.7,8.7,8.81,8.5,-0.14,-1.61,,,,,,,,,,,7920.0,2026-06-18T18:00:00.000000
sh600970,sh,,8.17,8.52,8.52,8.56,8.15,-0.35,-4.11,,,,,,,,,,,21719.0,2026-06-18T18:00:00.000000
sh600971,sh,,7.3,7.23,7.23,7.34,7.11,0.07,0.97,,,,,,,,,,,13280.0,2026-06-18T18:00:00.000000
sh600973,sh,,6.52,6.58,6.58,6.78,6.5,-0.06,-0.91,,,,,,,,,,,22946.0,2026-06-18T18:00:00.000000
sh600975,sh,,4.41,4.46,4.46,4.47,4.4,-0.05,-1.12,,,,,,,,,,,4523.0,2026-06-18T18:00:00.000000
sh600976,sh,,28.19,27.03,27.03,28.58,26.92,1.16,4.29,,,,,,,,,,,14147.0,2026-06-18T18:00:00.000000
sh600977,sh,,13.89,13.74,13.74,14.04,13.41,0.15,1.09,,,,,,,,,,,40658.0,2026-06-18T18:00:00.000000
sh600979,sh,,4.45,4.63,4.63,4.65,4.44,-0.18,-3.89,,,,,,,,,,,29965.0,2026-06-18T18:00:00.000000
sh600980,sh,,21.18,21.15,21.15,21.75,20.9,0.03,0.14,,,,,,,,,,,10084.0,2026-06-18T18:00:00.000000
sh600981,sh,,2.53,2.56,2.56,2.57,2.47,-0.03,-1.17,,,,,,,,,,,7205.0,2026-06-18T18:00:00.000000
sh600982,sh,,5.18,5.52,5.52,5.54,5.16,-0.34,-6.16,,,,,,,,,,,29614.0,2026-06-18T18:00:00.000000
sh600983,sh,,7.65,8.1,8.1,8.1,7.53,-0.45,-5.56,,,,,,,,,,,5869.0,2026-06-18T18:00:00.000000
sh600984,sh,,4.14,4.23,4.23,4.28,4.06,-0.09,-2.13,,,,,,,,,,,14928.0,2026-06-18T18:00:00.000000
sh600985,sh,,14.98,15.39,15.39,15.58,14.93,-0.41,-2.66,,,,,,,,,,,44442.0,2026-06-18T18:00:00.000000
sh600986,sh,,8.02,7.91,7.91,8.16,7.8,0.11,1.39,,,,,,,,,,,42058.0,2026-06-18T18:00:00.000000
sh600987,sh,,6.24,6.4,6.4,6.42,6.22,-0.16,-2.5,,,,,,,,,,,4359.0,2026-06-18T18:00:00.000000
sh600988,sh,,30.59,31.64,31.64,32.5,30.54,-1.05,-3.32,,,,,,,,,,,189242.0,2026-06-18T18:00:00.000000
sh600989,sh,,21.51,22.18,22.18,22.3,21.5,-0.67,-3.02,,,,,,,,,,,150283.0,2026-06-18T18:00:00.000000
sh600990,sh,,18.92,19.19,19.19,19.3,18.63,-0.27,-1.41,,,,,,,,,,,5948.0,2026-06-18T18:00:00.000000
sh600992,sh,,9.69,9.8,9.8,9.89,9.62,-0.11,-1.12,,,,,,,,,,,5128.0,2026-06-18T18:00:00.000000
sh600993,sh,,22.58,22.85,22.85,22.85,22.45,-0.27,-1.18,,,,,,,,,,,11208.0,2026-06-18T18:00:00.000000
sh600995,sh,,12.83,13.4,13.4,13.43,12.83,-0.57,-4.25,,,,,,,,,,,43181.0,2026-06-18T18:00:00.000000
sh600996,sh,,8.99,9.65,9.65,9.92,8.94,-0.66,-6.84,,,,,,,,,,,59845.0,2026-06-18T18:00:00.000000
sh600997,sh,,4.96,5.01,5.01,5.02,4.92,-0.05,-1.0,,,,,,,,,,,4551.0,2026-06-18T18:00:00.000000
sh600998,sh,,4.83,4.76,4.76,4.86,4.68,0.07,1.47,,,,,,,,,,,14215.0,2026-06-18T18:00:00.000000
sh600999,sh,,18.58,18.99,18.99,19.17,18.48,-0.41,-2.16,,,,,,,,,,,206108.0,2026-06-18T18:00:00.000000
sh601000,sh,,4.17,4.29,4.29,4.29,4.16,-0.12,-2.8,,,,,,,,,,,13879.0,2026-06-18T18:00:00.000000
sh601001,sh,,18.94,19.18,19.18,19.24,18.65,-0.24,-1.25,,,,,,,,,,,30909.0,2026-06-18T18:00:00.000000
sh601002,sh,,4.65,4.68,4.68,4.72,4.64,-0.03,-0.64,,,,,,,,,,,5364.0,2026-06-18T18:00:00.000000
sh601003,sh,,3.55,3.6,3.6,3.62,3.51,-0.05,-1.39,,,,,,,,,,,4264.0,2026-06-18T18:00:00.000000
sh601005,sh,,1.23,1.22,1.22,1.25,1.2,0.01,0.82,,,,,,,,,,,12247.0,2026-06-18T18:00:00.000000
sh601006,sh,,4.94,4.99,4.99,4.99,4.94,-0.05,-1.0,,,,,,,,,,,36895.0,2026-06-18T18:00:00.000000
sh601007,sh,,6.42,6.44,6.44,6.49,6.36,-0.02,-0.31,,,,,,,,,,,2158.0,2026-06-18T18:00:00.000000
sh601008,sh,,4.35,4.42,4.42,4.43,4.35,-0.07,-1.58,,,,,,,,,,,2590.0,2026-06-18T18:00:00.000000
sh601009,sh,,10.85,11.12,11.12,11.14,10.84,-0.27,-2.43,,,,,,,,,,,49711.0,2026-06-18T18:00:00.000000
sh601010,sh,,1.47,1.54,1.54,1.54,1.47,-0.07,-4.55,,,,,,,,,,,5468.0,2026-06-18T18:00:00.000000
sh601011,sh,,2.62,2.7,2.7,2.7,2.6,-0.08,-2.96,,,,,,,,,,,8852.0,2026-06-18T18:00:00.000000
sh601012,sh,,12.84,13.0,13.0,13.07,12.71,-0.16,-1.23,,,,,,,,,,,172587.0,2026-06-18T18:00:00.000000
sh601015,sh,,3.09,3.19,3.19,3.2,3.09,-0.1,-3.13,,,,,,,,,,,10185.0,2026-06-18T18:00:00.000000
sh601016,sh,,3.8,3.98,3.98,3.98,3.77,-0.18,-4.52,,,,,,,,,,,100289.0,2026-06-18T18:00:00.000000
sh601018,sh,,3.26,3.34,3.34,3.34,3.23,-0.08,-2.4,,,,,,,,,,,19376.0,2026-06-18T18:00:00.000000
sh601019,sh,,6.82,6.93,6.93,6.94,6.82,-0.11,-1.59,,,,,,,,,,,3575.0,2026-06-18T18:00:00.000000
sh601020,sh,,24.43,24.6,24.6,25.27,23.98,-0.17,-0.69,,,,,,,,,,,96295.0,2026-06-18T18:00:00.000000
sh601021,sh,,45.76,46.78,46.78,46.81,44.92,-1.02,-2.18,,,,,,,,,,,60953.0,2026-06-18T18:00:00.000000
sh601022,sh,,8.08,7.99,7.99,8.16,7.91,0.09,1.13,,,,,,,,,,,8744.0,2026-06-18T18:00:00.000000
sh601026,sh,,15.36,15.4,15.4,15.46,15.1,-0.04,-0.26,,,,,,,,,,,5178.0,2026-06-18T18:00:00.000000
sh601033,sh,,14.0,14.07,14.07,14.21,13.99,-0.07,-0.5,,,,,,,,,,,5407.0,2026-06-18T18:00:00.000000
sh601038,sh,,11.36,11.49,11.49,11.65,11.33,-0.13,-1.13,,,,,,,,,,,5326.0,2026-06-18T18:00:00.000000
sh601058,sh,,11.5,11.81,11.81,11.86,11.4,-0.31,-2.62,,,,,,,,,,,59068.0,2026-06-18T18:00:00.000000
sh601059,sh,,15.38,15.5,15.5,15.81,15.34,-0.12,-0.77,,,,,,,,,,,11710.0,2026-06-18T18:00:00.000000
sh601061,sh,,11.96,11.85,11.85,12.22,11.64,0.11,0.93,,,,,,,,,,,30063.0,2026-06-18T18:00:00.000000
sh601065,sh,,7.16,7.21,7.21,7.3,7.16,-0.05,-0.69,,,,,,,,,,,1646.0,2026-06-18T18:00:00.000000
sh601066,sh,,24.9,25.82,25.82,25.98,24.9,-0.92,-3.56,,,,,,,,,,,105981.0,2026-06-18T18:00:00.000000
sh601068,sh,,4.77,4.9,4.9,4.94,4.73,-0.13,-2.65,,,,,,,,,,,10827.0,2026-06-18T18:00:00.000000
sh601069,sh,,26.28,26.76,26.76,27.13,25.98,-0.48,-1.79,,,,,,,,,,,36301.0,2026-06-18T18:00:00.000000
sh601077,sh,,6.26,6.53,6.53,6.53,6.26,-0.27,-4.13,,,,,,,,,,,34568.0,2026-06-18T18:00:00.000000
sh601083,sh,,11.26,11.36,11.36,11.46,11.23,-0.1,-0.88,,,,,,,,,,,5093.0,2026-06-18T18:00:00.000000
sh601086,sh,,6.89,7.0,7.0,7.04,6.86,-0.11,-1.57,,,,,,,,,,,4061.0,2026-06-18T18:00:00.000000
sh601088,sh,,41.26,41.88,41.88,42.55,41.26,-0.62,-1.48,,,,,,,,,,,226859.0,2026-06-18T18:00:00.000000
sh601089,sh,,16.77,16.98,16.98,17.05,16.4,-0.21,-1.24,,,,,,,,,,,6732.0,2026-06-18T18:00:00.000000
sh601096,sh,,4.61,4.66,4.66,4.68,4.59,-0.05,-1.07,,,,,,,,,,,9138.0,2026-06-18T18:00:00.000000
sh601098,sh,,10.39,10.6,10.6,10.6,10.38,-0.21,-1.98,,,,,,,,,,,6435.0,2026-06-18T18:00:00.000000
sh601099,sh,,3.22,3.33,3.33,3.34,3.21,-0.11,-3.3,,,,,,,,,,,36583.0,2026-06-18T18:00:00.000000
sh601100,sh,,117.9,117.4,117.4,120.58,116.4,0.5,0.43,,,,,,,,,,,88113.0,2026-06-18T18:00:00.000000
sh601101,sh,,10.65,11.3,11.3,11.48,10.51,-0.65,-5.75,,,,,,,,,,,46494.0,2026-06-18T18:00:00.000000
sh601106,sh,,3.49,3.51,3.51,3.55,3.45,-0.02,-0.57,,,,,,,,,,,16760.0,2026-06-18T18:00:00.000000
sh601107,sh,,5.31,5.4,5.4,5.42,5.29,-0.09,-1.67,,,,,,,,,,,4500.0,2026-06-18T18:00:00.000000
sh601108,sh,,7.52,7.87,7.87,7.88,7.52,-0.35,-4.45,,,,,,,,,,,48910.0,2026-06-18T18:00:00.000000
sh601111,sh,,6.24,6.43,6.43,6.45,6.2,-0.19,-2.95,,,,,,,,,,,61087.0,2026-06-18T18:00:00.000000
sh601112,sh,,17.62,18.56,18.56,18.56,17.61,-0.94,-5.06,,,,,,,,,,,29379.0,2026-06-18T18:00:00.000000
sh601113,sh,,3.67,3.74,3.74,3.75,3.66,-0.07,-1.87,,,,,,,,,,,4075.0,2026-06-18T18:00:00.000000
sh601116,sh,,10.85,11.1,11.1,11.12,10.82,-0.25,-2.25,,,,,,,,,,,7600.0,2026-06-18T18:00:00.000000
sh601117,sh,,8.08,8.25,8.25,8.29,8.0,-0.17,-2.06,,,,,,,,,,,230488.0,2026-06-18T18:00:00.000000
sh601118,sh,,5.74,5.82,5.82,5.86,5.68,-0.08,-1.37,,,,,,,,,,,25615.0,2026-06-18T18:00:00.000000
sh601121,sh,,6.28,6.26,6.26,6.54,6.17,0.02,0.32,,,,,,,,,,,7375.0,2026-06-18T18:00:00.000000
sh601126,sh,,74.63,70.5,70.5,77.82,70.3,4.13,5.86,,,,,,,,,,,358546.0,2026-06-18T18:00:00.000000
sh601127,sh,,64.81,65.7,65.7,66.33,64.48,-0.89,-1.35,,,,,,,,,,,206687.0,2026-06-18T18:00:00.000000
sh601128,sh,,6.24,6.41,6.41,6.41,6.2,-0.17,-2.65,,,,,,,,,,,33279.0,2026-06-18T18:00:00.000000
sh601133,sh,,31.38,32.6,32.6,33.12,30.73,-1.22,-3.74,,,,,,,,,,,93335.0,2026-06-18T18:00:00.000000
sh601136,sh,,13.98,14.29,14.29,14.4,13.98,-0.31,-2.17,,,,,,,,,,,15815.0,2026-06-18T18:00:00.000000
sh601137,sh,,25.74,25.7,25.7,26.16,25.4,0.04,0.16,,,,,,,,,,,81104.0,2026-06-18T18:00:00.000000
sh601138,sh,,78.08,72.0,72.0,79.9,71.95,6.08,8.44,,,,,,,,,,,3306339.0,2026-06-18T18:00:00.000000
sh601139,sh,,5.96,6.08,6.08,6.09,5.94,-0.12,-1.97,,,,,,,,,,,10138.0,2026-06-18T18:00:00.000000
sh601155,sh,,10.87,11.15,11.15,11.18,10.85,-0.28,-2.51,,,,,,,,,,,14645.0,2026-06-18T18:00:00.000000
sh601156,sh,,16.58,16.62,16.62,16.98,16.37,-0.04,-0.24,,,,,,,,,,,18438.0,2026-06-18T18:00:00.000000
sh601158,sh,,4.0,4.08,4.08,4.08,4.0,-0.08,-1.96,,,,,,,,,,,2551.0,2026-06-18T18:00:00.000000
sh601162,sh,,3.17,3.3,3.3,3.31,3.17,-0.13,-3.94,,,,,,,,,,,42721.0,2026-06-18T18:00:00.000000
sh601163,sh,,13.22,13.14,13.14,13.43,13.03,0.08,0.61,,,,,,,,,,,5416.0,2026-06-18T18:00:00.000000
sh601166,sh,,17.32,17.83,17.83,17.88,17.29,-0.51,-2.86,,,,,,,,,,,209641.0,2026-06-18T18:00:00.000000
sh601168,sh,,31.75,31.0,31.0,33.57,30.88,0.75,2.42,,,,,,,,,,,280539.0,2026-06-18T18:00:00.000000
sh601169,sh,,5.01,5.14,5.14,5.14,5.0,-0.13,-2.53,,,,,,,,,,,95760.0,2026-06-18T18:00:00.000000
sh601177,sh,,13.64,13.65,13.65,13.89,13.49,-0.01,-0.07,,,,,,,,,,,8112.0,2026-06-18T18:00:00.000000
sh601179,sh,,15.26,15.68,15.68,15.69,15.1,-0.42,-2.68,,,,,,,,,,,365011.0,2026-06-18T18:00:00.000000
sh601186,sh,,6.3,6.44,6.44,6.44,6.29,-0.14,-2.17,,,,,,,,,,,36123.0,2026-06-18T18:00:00.000000
sh601187,sh,,7.22,7.77,7.77,7.9,7.17,-0.55,-7.08,,,,,,,,,,,27266.0,2026-06-18T18:00:00.000000
sh601188,sh,,2.91,2.93,2.93,2.94,2.9,-0.02,-0.68,,,,,,,,,,,2345.0,2026-06-18T18:00:00.000000
sh601198,sh,,12.8,13.0,13.0,13.12,12.8,-0.2,-1.54,,,,,,,,,,,19362.0,2026-06-18T18:00:00.000000
sh601199,sh,,5.89,5.84,5.84,6.0,5.75,0.05,0.86,,,,,,,,,,,7693.0,2026-06-18T18:00:00.000000
sh601200,sh,,7.05,7.09,7.09,7.09,7.0,-0.04,-0.56,,,,,,,,,,,4372.0,2026-06-18T18:00:00.000000
sh601208,sh,,74.83,71.0,71.0,77.77,71.0,3.83,5.39,,,,,,,,,,,647498.0,2026-06-18T18:00:00.000000
sh601211,sh,,17.28,17.71,17.71,17.77,17.25,-0.43,-2.43,,,,,,,,,,,278303.0,2026-06-18T18:00:00.000000
sh601212,sh,,5.84,5.9,5.9,6.07,5.77,-0.06,-1.02,,,,,,,,,,,66985.0,2026-06-18T18:00:00.000000
sh601216,sh,,4.97,5.05,5.05,5.07,4.95,-0.08,-1.58,,,,,,,,,,,26131.0,2026-06-18T18:00:00.000000
sh601218,sh,,4.62,4.73,4.73,4.74,4.6,-0.11,-2.33,,,,,,,,,,,10347.0,2026-06-18T18:00:00.000000
sh601222,sh,,5.94,5.91,5.91,5.97,5.79,0.03,0.51,,,,,,,,,,,17023.0,2026-06-18T18:00:00.000000
sh601225,sh,,22.97,23.3,23.3,23.73,22.96,-0.33,-1.42,,,,,,,,,,,99986.0,2026-06-18T18:00:00.000000
sh601226,sh,,6.88,6.97,6.97,6.98,6.84,-0.09,-1.29,,,,,,,,,,,6544.0,2026-06-18T18:00:00.000000
sh601228,sh,,2.96,2.99,2.99,3.0,2.94,-0.03,-1.0,,,,,,,,,,,5004.0,2026-06-18T18:00:00.000000
sh601229,sh,,8.84,9.0,9.0,9.02,8.81,-0.16,-1.78,,,,,,,,,,,44146.0,2026-06-18T18:00:00.000000
sh601231,sh,,37.51,37.11,37.11,38.36,37.11,0.4,1.08,,,,,,,,,,,202684.0,2026-06-18T18:00:00.000000
sh601233,sh,,20.99,21.58,21.58,21.85,20.6,-0.59,-2.73,,,,,,,,,,,110031.0,2026-06-18T18:00:00.000000
sh601236,sh,,6.68,6.92,6.92,6.95,6.68,-0.24,-3.47,,,,,,,,,,,14291.0,2026-06-18T18:00:00.000000
sh601238,sh,,5.53,5.68,5.68,5.68,5.49,-0.15,-2.64,,,,,,,,,,,28909.0,2026-06-18T18:00:00.000000
sh601279,sh,,3.25,3.28,3.28,3.29,3.22,-0.03,-0.91,,,,,,,,,,,2703.0,2026-06-18T18:00:00.000000
sh601288,sh,,6.37,6.55,6.55,6.56,6.36,-0.18,-2.75,,,,,,,,,,,217513.0,2026-06-18T18:00:00.000000
sh601298,sh,,8.36,8.51,8.51,8.58,8.27,-0.15,-1.76,,,,,,,,,,,17265.0,2026-06-18T18:00:00.000000
sh601311,sh,,8.1,8.25,8.25,8.25,8.07,-0.15,-1.82,,,,,,,,,,,9490.0,2026-06-18T18:00:00.000000
sh601318,sh,,49.38,52.59,52.59,52.64,49.37,-3.21,-6.1,,,,,,,,,,,1095498.0,2026-06-18T18:00:00.000000
sh601319,sh,,6.65,6.95,6.95,7.0,6.62,-0.3,-4.32,,,,,,,,,,,81564.0,2026-06-18T18:00:00.000000
sh601326,sh,,3.31,3.37,3.37,3.38,3.28,-0.06,-1.78,,,,,,,,,,,5861.0,2026-06-18T18:00:00.000000
sh601328,sh,,6.68,6.9,6.9,6.91,6.67,-0.22,-3.19,,,,,,,,,,,166745.0,2026-06-18T18:00:00.000000
sh601330,sh,,7.71,8.01,8.01,8.02,7.69,-0.3,-3.75,,,,,,,,,,,19283.0,2026-06-18T18:00:00.000000
sh601333,sh,,2.98,3.0,3.0,3.0,2.96,-0.02,-0.67,,,,,,,,,,,12710.0,2026-06-18T18:00:00.000000
sh601336,sh,,57.55,61.6,61.6,61.6,57.25,-4.05,-6.57,,,,,,,,,,,281065.0,2026-06-18T18:00:00.000000
sh601339,sh,,6.91,7.07,7.07,7.07,6.87,-0.16,-2.26,,,,,,,,,,,6220.0,2026-06-18T18:00:00.000000
sh601360,sh,,9.37,9.18,9.18,9.5,9.1,0.19,2.07,,,,,,,,,,,80043.0,2026-06-18T18:00:00.000000
sh601366,sh,,3.46,3.47,3.47,3.48,3.4,-0.01,-0.29,,,,,,,,,,,2100.0,2026-06-18T18:00:00.000000
sh601368,sh,,4.26,4.31,4.31,4.33,4.22,-0.05,-1.16,,,,,,,,,,,1993.0,2026-06-18T18:00:00.000000
sh601369,sh,,8.9,9.1,9.1,9.21,8.88,-0.2,-2.2,,,,,,,,,,,9767.0,2026-06-18T18:00:00.000000
sh601375,sh,,3.94,4.06,4.06,4.18,3.92,-0.12,-2.96,,,,,,,,,,,32189.0,2026-06-18T18:00:00.000000
sh601377,sh,,5.82,6.05,6.05,6.07,5.81,-0.23,-3.8,,,,,,,,,,,91996.0,2026-06-18T18:00:00.000000
sh601388,sh,,3.12,3.15,3.15,3.22,3.1,-0.03,-0.95,,,,,,,,,,,12242.0,2026-06-18T18:00:00.000000
sh601390,sh,,4.51,4.65,4.65,4.66,4.5,-0.14,-3.01,,,,,,,,,,,73205.0,2026-06-18T18:00:00.000000
sh601398,sh,,7.16,7.34,7.34,7.35,7.15,-0.18,-2.45,,,,,,,,,,,324884.0,2026-06-18T18:00:00.000000
sh601399,sh,,3.66,3.68,3.68,3.74,3.64,-0.02,-0.54,,,,,,,,,,,22456.0,2026-06-18T18:00:00.000000
sh601456,sh,,9.17,9.56,9.56,9.64,9.17,-0.39,-4.08,,,,,,,,,,,47350.0,2026-06-18T18:00:00.000000
sh601500,sh,,3.76,3.87,3.87,3.89,3.76,-0.11,-2.84,,,,,,,,,,,9271.0,2026-06-18T18:00:00.000000
sh601512,sh,,8.12,8.21,8.21,8.27,8.11,-0.09,-1.1,,,,,,,,,,,2573.0,2026-06-18T18:00:00.000000
sh601515,sh,,3.78,3.93,3.93,3.94,3.76,-0.15,-3.82,,,,,,,,,,,7624.0,2026-06-18T18:00:00.000000
sh601518,sh,,2.86,2.92,2.92,2.93,2.83,-0.06,-2.05,,,,,,,,,,,6033.0,2026-06-18T18:00:00.000000
sh601519,sh,,8.56,8.81,8.81,8.87,8.53,-0.25,-2.84,,,,,,,,,,,25240.0,2026-06-18T18:00:00.000000
sh601528,sh,,4.65,4.72,4.72,4.73,4.64,-0.07,-1.48,,,,,,,,,,,4829.0,2026-06-18T18:00:00.000000
sh601555,sh,,7.58,7.83,7.83,7.84,7.55,-0.25,-3.19,,,,,,,,,,,28992.0,2026-06-18T18:00:00.000000
sh601566,sh,,8.95,9.21,9.21,9.35,8.92,-0.26,-2.82,,,,,,,,,,,10023.0,2026-06-18T18:00:00.000000
sh601567,sh,,15.05,15.28,15.28,15.4,14.85,-0.23,-1.51,,,,,,,,,,,40010.0,2026-06-18T18:00:00.000000
sh601568,sh,,3.61,3.71,3.71,3.71,3.6,-0.1,-2.7,,,,,,,,,,,7201.0,2026-06-18T18:00:00.000000
sh601577,sh,,9.16,9.42,9.42,9.42,9.14,-0.26,-2.76,,,,,,,,,,,20025.0,2026-06-18T18:00:00.000000
sh601579,sh,,15.26,15.3,15.3,15.46,15.14,-0.04,-0.26,,,,,,,,,,,8586.0,2026-06-18T18:00:00.000000
sh601588,sh,,1.76,1.79,1.79,1.79,1.73,-0.03,-1.68,,,,,,,,,,,8986.0,2026-06-18T18:00:00.000000
sh601595,sh,,17.88,18.05,18.05,18.24,17.75,-0.17,-0.94,,,,,,,,,,,7298.0,2026-06-18T18:00:00.000000
sh601598,sh,,5.53,5.62,5.62,5.63,5.48,-0.09,-1.6,,,,,,,,,,,7210.0,2026-06-18T18:00:00.000000
sh601599,sh,,3.0,3.03,3.03,3.03,2.96,-0.03,-0.99,,,,,,,,,,,3909.0,2026-06-18T18:00:00.000000
sh601600,sh,,9.38,9.87,9.87,9.99,9.31,-0.49,-4.96,,,,,,,,,,,413819.0,2026-06-18T18:00:00.000000
sh601601,sh,,29.98,32.0,32.0,32.09,29.86,-2.02,-6.31,,,,,,,,,,,337741.0,2026-06-18T18:00:00.000000
sh601606,sh,,30.5,31.04,31.04,31.26,30.39,-0.54,-1.74,,,,,,,,,,,31105.0,2026-06-18T18:00:00.000000
sh601607,sh,,15.91,16.11,16.11,16.13,15.9,-0.2,-1.24,,,,,,,,,,,16551.0,2026-06-18T18:00:00.000000
sh601608,sh,,5.09,5.15,5.15,5.17,5.06,-0.06,-1.17,,,,,,,,,,,17085.0,2026-06-18T18:00:00.000000
sh601609,sh,,13.0,12.18,12.18,13.3,12.16,0.82,6.73,,,,,,,,,,,166074.0,2026-06-18T18:00:00.000000
sh601611,sh,,11.02,11.33,11.33,11.42,10.96,-0.31,-2.74,,,,,,,,,,,60542.0,2026-06-18T18:00:00.000000
sh601615,sh,,12.23,12.3,12.3,12.49,12.03,-0.07,-0.57,,,,,,,,,,,88358.0,2026-06-18T18:00:00.000000
sh601616,sh,,3.75,3.8,3.8,3.81,3.72,-0.05,-1.32,,,,,,,,,,,5491.0,2026-06-18T18:00:00.000000
sh601618,sh,,2.67,2.72,2.72,2.73,2.66,-0.05,-1.84,,,,,,,,,,,33774.0,2026-06-18T18:00:00.000000
sh601619,sh,,4.47,4.56,4.56,4.64,4.45,-0.09,-1.97,,,,,,,,,,,17404.0,2026-06-18T18:00:00.000000
sh601628,sh,,33.7,35.77,35.77,35.86,33.58,-2.07,-5.79,,,,,,,,,,,195019.0,2026-06-18T18:00:00.000000
sh601633,sh,,17.65,16.81,16.81,18.15,16.28,0.84,5.0,,,,,,,,,,,79623.0,2026-06-18T18:00:00.000000
sh601636,sh,,8.04,8.59,8.59,8.59,7.8,-0.55,-6.4,,,,,,,,,,,344357.0,2026-06-18T18:00:00.000000
sh601658,sh,,4.86,4.98,4.98,4.98,4.86,-0.12,-2.41,,,,,,,,,,,139643.0,2026-06-18T18:00:00.000000
sh601665,sh,,6.06,6.36,6.36,6.37,6.03,-0.3,-4.72,,,,,,,,,,,40038.0,2026-06-18T18:00:00.000000
sh601666,sh,,8.43,8.49,8.49,8.6,8.27,-0.06,-0.71,,,,,,,,,,,33394.0,2026-06-18T18:00:00.000000
sh601668,sh,,4.61,4.71,4.71,4.72,4.6,-0.1,-2.12,,,,,,,,,,,143491.0,2026-06-18T18:00:00.000000
sh601669,sh,,4.94,5.08,5.08,5.08,4.93,-0.14,-2.76,,,,,,,,,,,119141.0,2026-06-18T18:00:00.000000
sh601677,sh,,16.32,16.8,16.8,17.57,16.28,-0.48,-2.86,,,,,,,,,,,112057.0,2026-06-18T18:00:00.000000
sh601678,sh,,5.86,6.12,6.12,6.18,5.85,-0.26,-4.25,,,,,,,,,,,107715.0,2026-06-18T18:00:00.000000
sh601686,sh,,5.07,4.98,4.98,5.1,4.95,0.09,1.81,,,,,,,,,,,3134.0,2026-06-18T18:00:00.000000
sh601688,sh,,19.55,20.28,20.28,20.38,19.54,-0.73,-3.6,,,,,,,,,,,309426.0,2026-06-18T18:00:00.000000
sh601689,sh,,62.3,59.84,59.84,62.86,59.84,2.46,4.11,,,,,,,,,,,270577.0,2026-06-18T18:00:00.000000
sh601696,sh,,12.75,13.05,13.05,13.1,12.69,-0.3,-2.3,,,,,,,,,,,129921.0,2026-06-18T18:00:00.000000
sh601698,sh,,30.89,31.0,31.0,31.6,30.4,-0.11,-0.35,,,,,,,,,,,132968.0,2026-06-18T18:00:00.000000
sh601699,sh,,16.72,16.83,16.83,17.04,16.4,-0.11,-0.65,,,,,,,,,,,66045.0,2026-06-18T18:00:00.000000
sh601700,sh,,4.61,4.74,4.74,4.78,4.59,-0.13,-2.74,,,,,,,,,,,7787.0,2026-06-18T18:00:00.000000
sh601702,sh,,16.05,16.3,16.3,16.56,15.82,-0.25,-1.53,,,,,,,,,,,21420.0,2026-06-18T18:00:00.000000
sh601717,sh,,16.13,16.6,16.6,16.64,16.1,-0.47,-2.83,,,,,,,,,,,37271.0,2026-06-18T18:00:00.000000
sh601718,sh,,1.69,1.76,1.76,1.77,1.69,-0.07,-3.98,,,,,,,,,,,6835.0,2026-06-18T18:00:00.000000
sh601727,sh,,7.31,7.43,7.43,7.48,7.28,-0.12,-1.62,,,,,,,,,,,82440.0,2026-06-18T18:00:00.000000
sh601728,sh,,5.68,5.8,5.8,5.84,5.66,-0.12,-2.07,,,,,,,,,,,89706.0,2026-06-18T18:00:00.000000
sh601766,sh,,5.6,5.7,5.7,5.71,5.56,-0.1,-1.75,,,,,,,,,,,105397.0,2026-06-18T18:00:00.000000
sh601777,sh,,9.3,9.28,9.28,9.56,9.15,0.02,0.22,,,,,,,,,,,31593.0,2026-06-18T18:00:00.000000
sh601778,sh,,4.87,4.99,4.99,5.09,4.84,-0.12,-2.4,,,,,,,,,,,78829.0,2026-06-18T18:00:00.000000
sh601788,sh,,14.19,14.6,14.6,14.61,14.18,-0.41,-2.81,,,,,,,,,,,53551.0,2026-06-18T18:00:00.000000
sh601789,sh,,4.41,4.46,4.46,4.48,4.38,-0.05,-1.12,,,,,,,,,,,12049.0,2026-06-18T18:00:00.000000
sh601798,sh,,7.11,7.16,7.16,7.23,7.02,-0.05,-0.7,,,,,,,,,,,4480.0,2026-06-18T18:00:00.000000
sh601799,sh,,114.06,118.98,118.98,119.01,114.04,-4.92,-4.14,,,,,,,,,,,49957.0,2026-06-18T18:00:00.000000
sh601800,sh,,6.11,6.3,6.3,6.3,6.1,-0.19,-3.02,,,,,,,,,,,48928.0,2026-06-18T18:00:00.000000
sh601801,sh,,5.2,5.2,5.2,5.27,5.13,0.0,0.0,,,,,,,,,,,5076.0,2026-06-18T18:00:00.000000
sh601808,sh,,11.87,11.95,11.95,11.98,11.81,-0.08,-0.67,,,,,,,,,,,14433.0,2026-06-18T18:00:00.000000
sh601811,sh,,11.52,11.65,11.65,11.71,11.48,-0.13,-1.12,,,,,,,,,,,2645.0,2026-06-18T18:00:00.000000
sh601816,sh,,4.59,4.71,4.71,4.72,4.58,-0.12,-2.55,,,,,,,,,,,132869.0,2026-06-18T18:00:00.000000
sh601818,sh,,3.08,3.15,3.15,3.15,3.08,-0.07,-2.22,,,,,,,,,,,70472.0,2026-06-18T18:00:00.000000
sh601825,sh,,8.2,8.38,8.38,8.42,8.18,-0.18,-2.15,,,,,,,,,,,17281.0,2026-06-18T18:00:00.000000
sh601827,sh,,7.55,7.73,7.73,7.75,7.54,-0.18,-2.33,,,,,,,,,,,3974.0,2026-06-18T18:00:00.000000
sh601828,sh,,2.2,2.22,2.22,2.24,2.18,-0.02,-0.9,,,,,,,,,,,3385.0,2026-06-18T18:00:00.000000
sh601838,sh,,18.66,19.15,19.15,19.27,18.64,-0.49,-2.56,,,,,,,,,,,38967.0,2026-06-18T18:00:00.000000
sh601857,sh,,9.58,9.79,9.79,9.8,9.56,-0.21,-2.15,,,,,,,,,,,123696.0,2026-06-18T18:00:00.000000
sh601858,sh,,20.39,21.2,21.2,21.35,20.3,-0.81,-3.82,,,,,,,,,,,21216.0,2026-06-18T18:00:00.000000
sh601860,sh,,2.55,2.61,2.61,2.61,2.53,-0.06,-2.3,,,,,,,,,,,8710.0,2026-06-18T18:00:00.000000
sh601865,sh,,10.63,10.82,10.82,10.9,10.6,-0.19,-1.76,,,,,,,,,,,19896.0,2026-06-18T18:00:00.000000
sh601866,sh,,2.36,2.4,2.4,2.4,2.35,-0.04,-1.67,,,,,,,,,,,14487.0,2026-06-18T18:00:00.000000
sh601868,sh,,2.76,2.82,2.82,2.82,2.73,-0.06,-2.13,,,,,,,,,,,211080.0,2026-06-18T18:00:00.000000
sh601869,sh,,471.55,455.0,455.0,482.58,454.98,16.55,3.64,,,,,,,,,,,746180.0,2026-06-18T18:00:00.000000
sh601872,sh,,17.14,17.16,17.16,17.49,16.6,-0.02,-0.12,,,,,,,,,,,255343.0,2026-06-18T18:00:00.000000
sh601877,sh,,27.04,26.9,26.9,27.24,26.48,0.14,0.52,,,,,,,,,,,70183.0,2026-06-18T18:00:00.000000
sh601878,sh,,9.11,9.35,9.35,9.38,9.1,-0.24,-2.57,,,,,,,,,,,31670.0,2026-06-18T18:00:00.000000
sh601880,sh,,1.5,1.52,1.52,1.53,1.5,-0.02,-1.32,,,,,,,,,,,10606.0,2026-06-18T18:00:00.000000
sh601881,sh,,12.09,12.67,12.67,12.77,12.09,-0.58,-4.58,,,,,,,,,,,81929.0,2026-06-18T18:00:00.000000
sh601882,sh,,21.2,20.69,20.69,21.3,20.6,0.51,2.46,,,,,,,,,,,10606.0,2026-06-18T18:00:00.000000
sh601886,sh,,9.04,9.48,9.48,9.48,8.94,-0.44,-4.64,,,,,,,,,,,6281.0,2026-06-18T18:00:00.000000
sh601888,sh,,55.33,56.2,56.2,56.5,55.11,-0.87,-1.55,,,,,,,,,,,228321.0,2026-06-18T18:00:00.000000
sh601890,sh,,8.76,8.86,8.86,8.91,8.69,-0.1,-1.13,,,,,,,,,,,14155.0,2026-06-18T18:00:00.000000
sh601898,sh,,13.5,14.01,14.01,14.12,13.4,-0.51,-3.64,,,,,,,,,,,71675.0,2026-06-18T18:00:00.000000
sh601899,sh,,29.69,29.96,29.96,30.98,29.28,-0.27,-0.9,,,,,,,,,,,1084589.0,2026-06-18T18:00:00.000000
sh601900,sh,,11.42,11.61,11.61,11.62,11.41,-0.19,-1.64,,,,,,,,,,,5226.0,2026-06-18T18:00:00.000000
sh601901,sh,,6.66,6.79,6.79,6.82,6.66,-0.13,-1.91,,,,,,,,,,,41282.0,2026-06-18T18:00:00.000000
sh601908,sh,,3.16,3.35,3.35,3.36,3.15,-0.19,-5.67,,,,,,,,,,,20440.0,2026-06-18T18:00:00.000000
sh601916,sh,,2.99,3.04,3.04,3.05,2.98,-0.05,-1.64,,,,,,,,,,,43501.0,2026-06-18T18:00:00.000000
sh601918,sh,,8.91,9.38,9.38,9.45,8.9,-0.47,-5.01,,,,,,,,,,,51202.0,2026-06-18T18:00:00.000000
sh601919,sh,,13.8,14.05,14.05,14.12,13.8,-0.25,-1.78,,,,,,,,,,,174925.0,2026-06-18T18:00:00.000000
sh601921,sh,,7.49,7.3,7.3,7.58,7.26,0.19,2.6,,,,,,,,,,,7812.0,2026-06-18T18:00:00.000000
sh601928,sh,,9.13,9.17,9.17,9.17,9.07,-0.04,-0.44,,,,,,,,,,,5553.0,2026-06-18T18:00:00.000000
sh601929,sh,,2.36,2.43,2.43,2.44,2.36,-0.07,-2.88,,,,,,,,,,,14409.0,2026-06-18T18:00:00.000000
sh601933,sh,,3.1,3.16,3.16,3.17,3.1,-0.06,-1.9,,,,,,,,,,,29574.0,2026-06-18T18:00:00.000000
sh601939,sh,,9.92,10.08,10.08,10.12,9.86,-0.16,-1.59,,,,,,,,,,,110932.0,2026-06-18T18:00:00.000000
sh601949,sh,,4.99,5.03,5.03,5.12,4.95,-0.04,-0.8,,,,,,,,,,,3778.0,2026-06-18T18:00:00.000000
sh601952,sh,,8.07,8.24,8.24,8.28,8.06,-0.17,-2.06,,,,,,,,,,,6985.0,2026-06-18T18:00:00.000000
sh601956,sh,,4.78,4.8,4.8,4.83,4.71,-0.02,-0.42,,,,,,,,,,,2619.0,2026-06-18T18:00:00.000000
sh601958,sh,,27.7,28.5,28.5,29.23,27.3,-0.8,-2.81,,,,,,,,,,,545115.0,2026-06-18T18:00:00.000000
sh601963,sh,,10.85,11.18,11.18,11.25,10.83,-0.33,-2.95,,,,,,,,,,,14122.0,2026-06-18T18:00:00.000000
sh601965,sh,,12.88,13.3,13.3,13.36,12.85,-0.42,-3.16,,,,,,,,,,,18106.0,2026-06-18T18:00:00.000000
sh601966,sh,,10.91,11.18,11.18,11.22,10.89,-0.27,-2.42,,,,,,,,,,,17846.0,2026-06-18T18:00:00.000000
sh601968,sh,,4.16,4.11,4.11,4.18,4.06,0.05,1.22,,,,,,,,,,,4688.0,2026-06-18T18:00:00.000000
sh601969,sh,,8.82,8.92,8.92,9.0,8.7,-0.1,-1.12,,,,,,,,,,,14391.0,2026-06-18T18:00:00.000000
sh601975,sh,,4.51,4.65,4.65,4.7,4.39,-0.14,-3.01,,,,,,,,,,,160293.0,2026-06-18T18:00:00.000000
sh601985,sh,,9.12,9.26,9.26,9.4,9.1,-0.14,-1.51,,,,,,,,,,,154914.0,2026-06-18T18:00:00.000000
sh601988,sh,,5.78,5.92,5.92,5.94,5.77,-0.14,-2.36,,,,,,,,,,,212591.0,2026-06-18T18:00:00.000000
sh601990,sh,,6.5,6.7,6.7,6.7,6.49,-0.2,-2.99,,,,,,,,,,,12247.0,2026-06-18T18:00:00.000000
sh601991,sh,,8.22,8.94,8.94,9.3,8.22,-0.72,-8.05,,,,,,,,,,,872340.0,2026-06-18T18:00:00.000000
sh601992,sh,,1.47,1.49,1.49,1.5,1.46,-0.02,-1.34,,,,,,,,,,,6574.0,2026-06-18T18:00:00.000000
sh601995,sh,,33.4,33.95,33.95,34.35,33.39,-0.55,-1.62,,,,,,,,,,,54540.0,2026-06-18T18:00:00.000000
sh601996,sh,,2.46,2.55,2.55,2.57,2.35,-0.09,-3.53,,,,,,,,,,,13245.0,2026-06-18T18:00:00.000000
sh601997,sh,,5.43,5.59,5.59,5.6,5.42,-0.16,-2.86,,,,,,,,,,,24185.0,2026-06-18T18:00:00.000000
sh601998,sh,,7.27,7.52,7.52,7.55,7.27,-0.25,-3.32,,,,,,,,,,,50658.0,2026-06-18T18:00:00.000000
sh601999,sh,,5.57,5.61,5.61,5.71,5.52,-0.04,-0.71,,,,,,,,,,,2164.0,2026-06-18T18:00:00.000000
sh603000,sh,,16.1,16.17,16.17,16.34,15.87,-0.07,-0.43,,,,,,,,,,,19825.0,2026-06-18T18:00:00.000000
sh603001,sh,,11.89,10.88,10.88,11.89,10.83,1.01,9.28,,,,,,,,,,,47417.0,2026-06-18T18:00:00.000000
sh603002,sh,,23.58,23.64,23.64,24.65,22.67,-0.06,-0.25,,,,,,,,,,,332453.0,2026-06-18T18:00:00.000000
sh603004,sh,,21.49,21.15,21.15,21.68,20.54,0.34,1.61,,,,,,,,,,,7590.0,2026-06-18T18:00:00.000000
sh603005,sh,,45.71,45.6,45.6,47.54,45.0,0.11,0.24,,,,,,,,,,,344917.0,2026-06-18T18:00:00.000000
sh603006,sh,,12.85,12.47,12.47,12.95,12.15,0.38,3.05,,,,,,,,,,,6935.0,2026-06-18T18:00:00.000000
sh603007,sh,,5.83,5.72,5.72,6.05,5.54,0.11,1.92,,,,,,,,,,,33330.0,2026-06-18T18:00:00.000000
sh603008,sh,,8.79,9.26,9.26,9.28,8.79,-0.47,-5.08,,,,,,,,,,,8703.0,2026-06-18T18:00:00.000000
sh603009,sh,,42.67,42.88,42.88,44.19,42.24,-0.21,-0.49,,,,,,,,,,,40470.0,2026-06-18T18:00:00.000000
sh603010,sh,,13.73,14.17,14.17,14.19,13.67,-0.44,-3.11,,,,,,,,,,,17162.0,2026-06-18T18:00:00.000000
sh603011,sh,,39.55,36.36,36.36,39.55,36.36,3.19,8.77,,,,,,,,,,,202839.0,2026-06-18T18:00:00.000000
sh603012,sh,,7.46,7.38,7.38,7.56,7.3,0.08,1.08,,,,,,,,,,,8894.0,2026-06-18T18:00:00.000000
sh603013,sh,,17.68,17.5,17.5,17.8,17.25,0.18,1.03,,,,,,,,,,,4905.0,2026-06-18T18:00:00.000000
sh603014,sh,,37.41,37.52,37.52,38.38,36.5,-0.11,-0.29,,,,,,,,,,,26589.0,2026-06-18T18:00:00.000000
sh603015,sh,,12.25,12.2,12.2,12.66,12.1,0.05,0.41,,,,,,,,,,,15611.0,2026-06-18T18:00:00.000000
sh603016,sh,,37.06,36.23,36.23,37.94,35.88,0.83,2.29,,,,,,,,,,,12917.0,2026-06-18T18:00:00.000000
sh603017,sh,,10.87,10.92,10.92,11.07,10.56,-0.05,-0.46,,,,,,,,,,,9601.0,2026-06-18T18:00:00.000000
sh603018,sh,,6.55,6.7,6.7,6.74,6.54,-0.15,-2.24,,,,,,,,,,,4418.0,2026-06-18T18:00:00.000000
sh603019,sh,,88.68,86.51,86.51,89.64,86.0,2.17,2.51,,,,,,,,,,,495758.0,2026-06-18T18:00:00.000000
sh603020,sh,,13.96,13.77,13.77,14.58,13.6,0.19,1.38,,,,,,,,,,,48104.0,2026-06-18T18:00:00.000000
sh603021,sh,,5.73,6.01,6.01,6.01,5.64,-0.28,-4.66,,,,,,,,,,,6522.0,2026-06-18T18:00:00.000000
sh603022,sh,,8.84,8.88,8.88,8.96,8.71,-0.04,-0.45,,,,,,,,,,,3607.0,2026-06-18T18:00:00.000000
sh603023,sh,,3.82,3.85,3.85,4.09,3.81,-0.03,-0.78,,,,,,,,,,,4278.0,2026-06-18T18:00:00.000000
sh603025,sh,,14.93,14.87,14.87,15.1,14.7,0.06,0.4,,,,,,,,,,,12347.0,2026-06-18T18:00:00.000000
sh603026,sh,,92.7,95.0,95.0,97.36,92.1,-2.3,-2.42,,,,,,,,,,,167912.0,2026-06-18T18:00:00.000000
sh603027,sh,,7.56,7.75,7.75,7.75,7.5,-0.19,-2.45,,,,,,,,,,,9801.0,2026-06-18T18:00:00.000000
sh603028,sh,,7.45,7.31,7.31,7.5,7.17,0.14,1.92,,,,,,,,,,,3533.0,2026-06-18T18:00:00.000000
sh603029,sh,,14.94,14.97,14.97,15.12,14.54,-0.03,-0.2,,,,,,,,,,,3034.0,2026-06-18T18:00:00.000000
sh603030,sh,,2.22,2.23,2.23,2.28,2.2,-0.01,-0.45,,,,,,,,,,,7190.0,2026-06-18T18:00:00.000000
sh603031,sh,,50.01,52.7,52.7,52.92,49.55,-2.69,-5.1,,,,,,,,,,,135742.0,2026-06-18T18:00:00.000000
sh603032,sh,,25.03,25.4,25.4,25.95,25.03,-0.37,-1.46,,,,,,,,,,,40388.0,2026-06-18T18:00:00.000000
sh603033,sh,,9.06,9.32,9.32,9.45,9.04,-0.26,-2.79,,,,,,,,,,,7313.0,2026-06-18T18:00:00.000000
sh603035,sh,,11.06,11.06,11.06,11.2,10.93,0.0,0.0,,,,,,,,,,,5127.0,2026-06-18T18:00:00.000000
sh603036,sh,,15.11,14.56,14.56,15.29,14.52,0.55,3.78,,,,,,,,,,,14220.0,2026-06-18T18:00:00.000000
sh603037,sh,,11.35,11.45,11.45,11.45,11.18,-0.1,-0.87,,,,,,,,,,,4407.0,2026-06-18T18:00:00.000000
sh603038,sh,,15.18,16.23,16.23,16.5,15.0,-1.05,-6.47,,,,,,,,,,,12847.0,2026-06-18T18:00:00.000000
sh603039,sh,,39.77,40.5,40.5,41.38,39.39,-0.73,-1.8,,,,,,,,,,,101898.0,2026-06-18T18:00:00.000000
sh603040,sh,,97.38,96.2,96.2,98.38,94.6,1.18,1.23,,,,,,,,,,,19761.0,2026-06-18T18:00:00.000000
sh603041,sh,,11.22,11.31,11.31,11.37,11.03,-0.09,-0.8,,,,,,,,,,,3545.0,2026-06-18T18:00:00.000000
sh603042,sh,,20.73,20.7,20.7,21.2,20.28,0.03,0.14,,,,,,,,,,,24164.0,2026-06-18T18:00:00.000000
sh603043,sh,,13.23,13.39,13.39,13.4,13.13,-0.16,-1.19,,,,,,,,,,,2526.0,2026-06-18T18:00:00.000000
sh603045,sh,,86.0,84.49,84.49,88.1,83.2,1.51,1.79,,,,,,,,,,,108402.0,2026-06-18T18:00:00.000000
sh603048,sh,,19.53,19.63,19.63,19.69,19.23,-0.1,-0.51,,,,,,,,,,,2789.0,2026-06-18T18:00:00.000000
sh603049,sh,,44.37,45.66,45.66,45.66,44.19,-1.29,-2.83,,,,,,,,,,,13476.0,2026-06-18T18:00:00.000000
sh603050,sh,,19.34,19.5,19.5,19.8,19.13,-0.16,-0.82,,,,,,,,,,,9559.0,2026-06-18T18:00:00.000000
sh603051,sh,,20.98,21.4,21.4,21.78,20.92,-0.42,-1.96,,,,,,,,,,,22698.0,2026-06-18T18:00:00.000000
sh603052,sh,,95.68,91.0,91.0,98.4,90.1,4.68,5.14,,,,,,,,,,,86598.0,2026-06-18T18:00:00.000000
sh603053,sh,,8.7,8.82,8.82,8.82,8.67,-0.12,-1.36,,,,,,,,,,,1971.0,2026-06-18T18:00:00.000000
sh603055,sh,,7.88,7.81,7.81,7.92,7.62,0.07,0.9,,,,,,,,,,,3751.0,2026-06-18T18:00:00.000000
sh603057,sh,,23.88,23.45,23.45,23.95,22.79,0.43,1.83,,,,,,,,,,,5354.0,2026-06-18T18:00:00.000000
sh603058,sh,,9.34,9.96,9.96,9.99,9.31,-0.62,-6.22,,,,,,,,,,,8311.0,2026-06-18T18:00:00.000000
sh603059,sh,,26.01,25.67,25.67,26.13,25.3,0.34,1.32,,,,,,,,,,,3856.0,2026-06-18T18:00:00.000000
sh603060,sh,,6.96,7.21,7.21,7.28,6.88,-0.25,-3.47,,,,,,,,,,,22381.0,2026-06-18T18:00:00.000000
sh603061,sh,,350.8,337.06,337.06,363.0,336.7,13.74,4.08,,,,,,,,,,,82773.0,2026-06-18T18:00:00.000000
sh603062,sh,,41.61,42.02,42.02,42.3,40.8,-0.41,-0.98,,,,,,,,,,,2804.0,2026-06-18T18:00:00.000000
sh603063,sh,,52.59,51.95,51.95,53.5,51.95,0.64,1.23,,,,,,,,,,,96107.0,2026-06-18T18:00:00.000000
sh603065,sh,,15.62,14.81,14.81,16.18,13.87,0.81,5.47,,,,,,,,,,,105700.0,2026-06-18T18:00:00.000000
sh603066,sh,,10.6,10.53,10.53,11.02,10.37,0.07,0.66,,,,,,,,,,,7970.0,2026-06-18T18:00:00.000000
sh603067,sh,,36.09,36.09,36.09,37.78,35.6,0.0,0.0,,,,,,,,,,,107697.0,2026-06-18T18:00:00.000000
sh603068,sh,,37.38,34.56,34.56,37.99,34.25,2.82,8.16,,,,,,,,,,,34198.0,2026-06-18T18:00:00.000000
sh603069,sh,,13.57,13.71,13.71,13.83,13.44,-0.14,-1.02,,,,,,,,,,,4655.0,2026-06-18T18:00:00.000000
sh603070,sh,,16.34,17.97,17.97,17.97,16.34,-1.63,-9.07,,,,,,,,,,,15956.0,2026-06-18T18:00:00.000000
sh603071,sh,,11.87,11.96,11.96,12.13,11.81,-0.09,-0.75,,,,,,,,,,,3043.0,2026-06-18T18:00:00.000000
sh603072,sh,,39.85,37.0,37.0,40.97,36.93,2.85,7.7,,,,,,,,,,,44092.0,2026-06-18T18:00:00.000000
sh603073,sh,,16.03,16.08,16.08,16.31,15.79,-0.05,-0.31,,,,,,,,,,,2235.0,2026-06-18T18:00:00.000000
sh603075,sh,,22.23,22.67,22.67,22.72,22.0,-0.44,-1.94,,,,,,,,,,,5258.0,2026-06-18T18:00:00.000000
sh603076,sh,,22.03,21.51,21.51,22.96,21.12,0.52,2.42,,,,,,,,,,,10893.0,2026-06-18T18:00:00.000000
sh603077,sh,,2.32,2.36,2.36,2.37,2.3,-0.04,-1.69,,,,,,,,,,,30040.0,2026-06-18T18:00:00.000000
sh603078,sh,,46.24,47.05,47.05,47.5,45.39,-0.81,-1.72,,,,,,,,,,,167993.0,2026-06-18T18:00:00.000000
sh603079,sh,,12.45,12.71,12.71,12.71,12.33,-0.26,-2.05,,,,,,,,,,,2601.0,2026-06-18T18:00:00.000000
sh603080,sh,,19.31,19.45,19.45,19.64,19.16,-0.14,-0.72,,,,,,,,,,,3466.0,2026-06-18T18:00:00.000000
sh603081,sh,,9.38,9.43,9.43,9.43,9.2,-0.05,-0.53,,,,,,,,,,,1990.0,2026-06-18T18:00:00.000000
sh603082,sh,,41.03,36.93,36.93,41.03,36.76,4.1,11.1,,,,,,,,,,,42160.0,2026-06-18T18:00:00.000000
sh603083,sh,,214.54,200.0,200.0,217.54,199.79,14.54,7.27,,,,,,,,,,,589568.0,2026-06-18T18:00:00.000000
sh603085,sh,,11.85,12.58,12.58,12.58,11.76,-0.73,-5.8,,,,,,,,,,,12612.0,2026-06-18T18:00:00.000000
sh603086,sh,,5.56,5.56,5.56,5.64,5.47,0.0,0.0,,,,,,,,,,,3406.0,2026-06-18T18:00:00.000000
sh603087,sh,,56.7,53.97,53.97,57.78,53.17,2.73,5.06,,,,,,,,,,,69767.0,2026-06-18T18:00:00.000000
sh603088,sh,,10.53,10.3,10.3,10.56,10.2,0.23,2.23,,,,,,,,,,,11373.0,2026-06-18T18:00:00.000000
sh603089,sh,,9.47,9.24,9.24,9.65,9.01,0.23,2.49,,,,,,,,,,,4549.0,2026-06-18T18:00:00.000000
sh603090,sh,,62.88,62.4,62.4,64.75,61.5,0.48,0.77,,,,,,,,,,,22470.0,2026-06-18T18:00:00.000000
sh603091,sh,,68.29,67.3,67.3,68.85,65.5,0.99,1.47,,,,,,,,,,,5740.0,2026-06-18T18:00:00.000000
sh603092,sh,,57.33,58.97,58.97,59.49,57.3,-1.64,-2.78,,,,,,,,,,,8425.0,2026-06-18T18:00:00.000000
sh603093,sh,,20.22,20.97,20.97,20.99,20.21,-0.75,-3.58,,,,,,,,,,,21524.0,2026-06-18T18:00:00.000000
sh603095,sh,,16.66,17.09,17.09,17.26,16.57,-0.43,-2.52,,,,,,,,,,,8372.0,2026-06-18T18:00:00.000000
sh603096,sh,,14.44,14.29,14.29,14.58,14.1,0.15,1.05,,,,,,,,,,,1935.0,2026-06-18T18:00:00.000000
sh603097,sh,,27.6,26.86,26.86,27.97,26.45,0.74,2.76,,,,,,,,,,,9102.0,2026-06-18T18:00:00.000000
sh603098,sh,,11.71,11.5,11.5,11.95,11.19,0.21,1.83,,,,,,,,,,,7133.0,2026-06-18T18:00:00.000000
sh603099,sh,,36.7,36.64,36.64,37.18,36.5,0.06,0.16,,,,,,,,,,,13653.0,2026-06-18T18:00:00.000000
sh603100,sh,,17.37,17.5,17.5,17.55,17.15,-0.13,-0.74,,,,,,,,,,,7148.0,2026-06-18T18:00:00.000000
sh603101,sh,,6.66,6.71,6.71,6.75,6.61,-0.05,-0.75,,,,,,,,,,,3803.0,2026-06-18T18:00:00.000000
sh603102,sh,,33.08,33.31,33.31,33.61,32.8,-0.23,-0.69,,,,,,,,,,,1550.0,2026-06-18T18:00:00.000000
sh603103,sh,,15.69,16.09,16.09,16.1,15.56,-0.4,-2.49,,,,,,,,,,,15622.0,2026-06-18T18:00:00.000000
sh603105,sh,,7.39,7.56,7.56,7.75,7.37,-0.17,-2.25,,,,,,,,,,,9100.0,2026-06-18T18:00:00.000000
sh603106,sh,,7.1,7.18,7.18,7.27,7.07,-0.08,-1.11,,,,,,,,,,,4699.0,2026-06-18T18:00:00.000000
sh603107,sh,,12.11,12.13,12.13,12.18,11.9,-0.02,-0.16,,,,,,,,,,,1716.0,2026-06-18T18:00:00.000000
sh603108,sh,,10.39,10.11,10.11,10.51,9.99,0.28,2.77,,,,,,,,,,,20119.0,2026-06-18T18:00:00.000000
sh603109,sh,,17.52,17.71,17.71,17.79,17.45,-0.19,-1.07,,,,,,,,,,,3153.0,2026-06-18T18:00:00.000000
sh603110,sh,,24.11,22.65,22.65,24.3,22.5,1.46,6.45,,,,,,,,,,,50086.0,2026-06-18T18:00:00.000000
sh603111,sh,,5.93,5.9,5.9,6.01,5.83,0.03,0.51,,,,,,,,,,,3683.0,2026-06-18T18:00:00.000000
sh603112,sh,,18.5,18.45,18.45,18.75,18.3,0.05,0.27,,,,,,,,,,,12554.0,2026-06-18T18:00:00.000000
sh603113,sh,,4.63,4.67,4.67,4.7,4.56,-0.04,-0.86,,,,,,,,,,,2877.0,2026-06-18T18:00:00.000000
sh603115,sh,,114.7,126.0,126.0,128.4,114.0,-11.3,-8.97,,,,,,,,,,,175019.0,2026-06-18T18:00:00.000000
sh603116,sh,,6.54,6.8,6.8,6.8,6.5,-0.26,-3.82,,,,,,,,,,,4665.0,2026-06-18T18:00:00.000000
sh603117,sh,,3.66,3.65,3.65,3.69,3.58,0.01,0.27,,,,,,,,,,,2563.0,2026-06-18T18:00:00.000000
sh603118,sh,,13.2,13.44,13.44,13.44,13.06,-0.24,-1.79,,,,,,,,,,,41338.0,2026-06-18T18:00:00.000000
sh603119,sh,,75.4,71.88,71.88,76.5,70.5,3.52,4.9,,,,,,,,,,,194820.0,2026-06-18T18:00:00.000000
sh603120,sh,,50.41,51.07,51.07,51.07,49.23,-0.66,-1.29,,,,,,,,,,,20586.0,2026-06-18T18:00:00.000000
sh603121,sh,,14.18,14.71,14.71,14.78,13.86,-0.53,-3.6,,,,,,,,,,,12706.0,2026-06-18T18:00:00.000000
sh603122,sh,,11.66,11.78,11.78,11.85,11.56,-0.12,-1.02,,,,,,,,,,,8672.0,2026-06-18T18:00:00.000000
sh603123,sh,,9.08,9.6,9.6,9.68,9.06,-0.52,-5.42,,,,,,,,,,,29399.0,2026-06-18T18:00:00.000000
sh603124,sh,,211.31,192.1,192.1,211.31,192.05,19.21,10.0,,,,,,,,,,,89686.0,2026-06-18T18:00:00.000000
sh603125,sh,,28.72,28.26,28.26,28.98,28.0,0.46,1.63,,,,,,,,,,,23258.0,2026-06-18T18:00:00.000000
sh603126,sh,,7.13,7.27,7.27,7.33,7.07,-0.14,-1.93,,,,,,,,,,,7364.0,2026-06-18T18:00:00.000000
sh603127,sh,,35.66,32.3,32.3,35.66,32.2,3.36,10.4,,,,,,,,,,,95190.0,2026-06-18T18:00:00.000000
sh603128,sh,,5.16,5.14,5.14,5.19,5.09,0.02,0.39,,,,,,,,,,,3284.0,2026-06-18T18:00:00.000000
sh603129,sh,,221.02,222.22,222.22,226.01,219.5,-1.2,-0.54,,,,,,,,,,,34677.0,2026-06-18T18:00:00.000000
sh603130,sh,,43.35,44.16,44.16,45.99,42.65,-0.81,-1.83,,,,,,,,,,,12452.0,2026-06-18T18:00:00.000000
sh603131,sh,,18.5,18.15,18.15,18.63,17.95,0.35,1.93,,,,,,,,,,,16725.0,2026-06-18T18:00:00.000000
sh603132,sh,,16.8,17.3,17.3,17.5,16.7,-0.5,-2.89,,,,,,,,,,,13160.0,2026-06-18T18:00:00.000000
sh603135,sh,,12.93,12.6,12.6,13.19,12.59,0.33,2.62,,,,,,,,,,,29050.0,2026-06-18T18:00:00.000000
sh603136,sh,,8.6,8.62,8.62,8.68,8.45,-0.02,-0.23,,,,,,,,,,,2246.0,2026-06-18T18:00:00.000000
sh603137,sh,,0.0,0.0,0.0,0.0,0.0,0.0,0,,,,,,,,,,,0.0,2026-06-18T18:00:00.000000
sh603138,sh,,15.87,15.91,15.91,16.17,15.63,-0.04,-0.25,,,,,,,,,,,10821.0,2026-06-18T18:00:00.000000
sh603139,sh,,45.21,46.0,46.0,46.92,44.0,-0.79,-1.72,,,,,,,,,,,37502.0,2026-06-18T18:00:00.000000
sh603150,sh,,78.72,78.5,78.5,80.28,78.36,0.22,0.28,,,,,,,,,,,16459.0,2026-06-18T18:00:00.000000
sh603151,sh,,11.76,11.83,11.83,11.99,11.61,-0.07,-0.59,,,,,,,,,,,3050.0,2026-06-18T18:00:00.000000
sh603153,sh,,13.56,13.39,13.39,13.61,13.3,0.17,1.27,,,,,,,,,,,1282.0,2026-06-18T18:00:00.000000
sh603155,sh,,23.06,24.0,24.0,24.01,22.37,-0.94,-3.92,,,,,,,,,,,49650.0,2026-06-18T18:00:00.000000
sh603156,sh,,45.68,43.89,43.89,45.99,42.88,1.79,4.08,,,,,,,,,,,68272.0,2026-06-18T18:00:00.000000
sh603158,sh,,13.54,13.86,13.86,14.08,13.45,-0.32,-2.31,,,,,,,,,,,27227.0,2026-06-18T18:00:00.000000
sh603159,sh,,0.0,0.0,0.0,0.0,0.0,0.0,0,,,,,,,,,,,0.0,2026-06-18T18:00:00.000000
sh603160,sh,,59.04,59.45,59.45,59.74,58.7,-0.41,-0.69,,,,,,,,,,,35111.0,2026-06-18T18:00:00.000000
sh603161,sh,,14.66,14.73,14.73,15.06,14.3,-0.07,-0.48,,,,,,,,,,,7893.0,2026-06-18T18:00:00.000000
sh603162,sh,,9.53,9.64,9.64,9.73,9.51,-0.11,-1.14,,,,,,,,,,,12301.0,2026-06-18T18:00:00.000000
sh603163,sh,,112.84,117.0,117.0,119.88,110.56,-4.16,-3.56,,,,,,,,,,,49189.0,2026-06-18T18:00:00.000000
sh603165,sh,,15.6,15.72,15.72,15.9,15.17,-0.12,-0.76,,,,,,,,,,,12084.0,2026-06-18T18:00:00.000000
sh603166,sh,,16.49,15.84,15.84,16.97,15.61,0.65,4.1,,,,,,,,,,,83091.0,2026-06-18T18:00:00.000000
sh603167,sh,,9.01,9.04,9.04,9.05,8.98,-0.03,-0.33,,,,,,,,,,,3465.0,2026-06-18T18:00:00.000000
sh603168,sh,,5.09,5.06,5.06,5.19,4.98,0.03,0.59,,,,,,,,,,,3642.0,2026-06-18T18:00:00.000000
sh603169,sh,,7.92,8.1,8.1,8.19,7.9,-0.18,-2.22,,,,,,,,,,,29061.0,2026-06-18T18:00:00.000000
sh603170,sh,,11.76,11.76,11.76,11.83,11.54,0.0,0.0,,,,,,,,,,,2131.0,2026-06-18T18:00:00.000000
sh603171,sh,,45.31,44.01,44.01,45.85,43.58,1.3,2.95,,,,,,,,,,,22144.0,2026-06-18T18:00:00.000000
sh603172,sh,,17.76,17.95,17.95,18.18,17.76,-0.19,-1.06,,,,,,,,,,,3831.0,2026-06-18T18:00:00.000000
sh603173,sh,,35.59,33.79,33.79,36.5,33.21,1.8,5.33,,,,,,,,,,,10653.0,2026-06-18T18:00:00.000000
sh603175,sh,,101.18,101.12,101.12,103.56,99.0,0.06,0.06,,,,,,,,,,,57967.0,2026-06-18T18:00:00.000000
sh603176,sh,,4.53,4.57,4.57,4.61,4.51,-0.04,-0.88,,,,,,,,,,,1881.0,2026-06-18T18:00:00.000000
sh603177,sh,,10.88,9.8,9.8,10.88,9.08,1.08,11.02,,,,,,,,,,,17749.0,2026-06-18T18:00:00.000000
sh603178,sh,,16.25,16.2,16.2,16.48,15.98,0.05,0.31,,,,,,,,,,,8997.0,2026-06-18T18:00:00.000000
sh603179,sh,,52.6,50.58,50.58,53.83,50.37,2.02,3.99,,,,,,,,,,,189158.0,2026-06-18T18:00:00.000000
sh603180,sh,,14.69,14.78,14.78,14.98,14.62,-0.09,-0.61,,,,,,,,,,,1954.0,2026-06-18T18:00:00.000000
sh603181,sh,,15.39,15.76,15.76,16.06,15.34,-0.37,-2.35,,,,,,,,,,,24818.0,2026-06-18T18:00:00.000000
sh603182,sh,,12.41,12.1,12.1,12.64,11.82,0.31,2.56,,,,,,,,,,,4379.0,2026-06-18T18:00:00.000000
sh603183,sh,,3.64,3.65,3.65,3.69,3.58,-0.01,-0.27,,,,,,,,,,,3287.0,2026-06-18T18:00:00.000000
sh603185,sh,,17.08,17.59,17.59,17.79,17.06,-0.51,-2.9,,,,,,,,,,,28552.0,2026-06-18T18:00:00.000000
sh603186,sh,,238.11,223.38,223.38,239.99,221.22,14.73,6.59,,,,,,,,,,,407041.0,2026-06-18T18:00:00.000000
sh603187,sh,,12.09,12.11,12.11,12.21,12.01,-0.02,-0.17,,,,,,,,,,,3152.0,2026-06-18T18:00:00.000000
sh603188,sh,,4.15,4.16,4.16,4.23,4.1,-0.01,-0.24,,,,,,,,,,,4423.0,2026-06-18T18:00:00.000000
sh603189,sh,,10.7,11.11,11.11,11.11,10.55,-0.41,-3.69,,,,,,,,,,,7774.0,2026-06-18T18:00:00.000000
sh603190,sh,,25.31,25.41,25.41,25.68,25.13,-0.1,-0.39,,,,,,,,,,,2921.0,2026-06-18T18:00:00.000000
sh603191,sh,,17.61,17.79,17.79,18.49,17.46,-0.18,-1.01,,,,,,,,,,,21451.0,2026-06-18T18:00:00.000000
sh603192,sh,,17.88,18.17,18.17,18.17,17.7,-0.29,-1.6,,,,,,,,,,,2441.0,2026-06-18T18:00:00.000000
sh603193,sh,,20.71,20.65,20.65,21.16,20.4,0.06,0.29,,,,,,,,,,,4360.0,2026-06-18T18:00:00.000000
sh603194,sh,,37.21,37.0,37.0,37.63,36.73,0.21,0.57,,,,,,,,,,,5644.0,2026-06-18T18:00:00.000000
sh603195,sh,,39.35,39.19,39.19,39.89,38.98,0.16,0.41,,,,,,,,,,,17523.0,2026-06-18T18:00:00.000000
sh603196,sh,,26.36,25.59,25.59,27.2,25.33,0.77,3.01,,,,,,,,,,,11453.0,2026-06-18T18:00:00.000000
sh603197,sh,,29.32,29.28,29.28,29.66,29.02,0.04,0.14,,,,,,,,,,,5814.0,2026-06-18T18:00:00.000000
sh603198,sh,,31.91,32.88,32.88,32.88,31.6,-0.97,-2.95,,,,,,,,,,,19545.0,2026-06-18T18:00:00.000000
sh603199,sh,,31.4,31.31,31.31,31.57,30.81,0.09,0.29,,,,,,,,,,,4477.0,2026-06-18T18:00:00.000000
sh603200,sh,,46.31,47.63,47.63,47.98,46.23,-1.32,-2.77,,,,,,,,,,,19523.0,2026-06-18T18:00:00.000000
sh603201,sh,,19.28,17.42,17.42,19.28,17.42,1.86,10.68,,,,,,,,,,,18181.0,2026-06-18T18:00:00.000000
sh603202,sh,,63.36,62.69,62.69,64.57,62.08,0.67,1.07,,,,,,,,,,,5423.0,2026-06-18T18:00:00.000000
sh603203,sh,,60.98,61.0,61.0,64.28,60.4,-0.02,-0.03,,,,,,,,,,,119543.0,2026-06-18T18:00:00.000000
sh603205,sh,,21.21,21.41,21.41,21.94,21.15,-0.2,-0.93,,,,,,,,,,,1539.0,2026-06-18T18:00:00.000000
sh603206,sh,,18.97,18.02,18.02,19.13,17.71,0.95,5.27,,,,,,,,,,,37535.0,2026-06-18T18:00:00.000000
sh603207,sh,,22.49,22.24,22.24,22.73,21.79,0.25,1.12,,,,,,,,,,,2428.0,2026-06-18T18:00:00.000000
sh603208,sh,,11.1,10.86,10.86,11.34,10.55,0.24,2.21,,,,,,,,,,,3936.0,2026-06-18T18:00:00.000000
sh603209,sh,,13.16,13.32,13.32,13.32,12.95,-0.16,-1.2,,,,,,,,,,,3071.0,2026-06-18T18:00:00.000000
sh603210,sh,,13.36,13.7,13.7,13.8,13.35,-0.34,-2.48,,,,,,,,,,,5764.0,2026-06-18T18:00:00.000000
sh603211,sh,,36.44,33.79,33.79,36.44,33.01,2.65,7.84,,,,,,,,,,,32517.0,2026-06-18T18:00:00.000000
sh603212,sh,,14.27,15.6,15.6,15.79,14.27,-1.33,-8.53,,,,,,,,,,,60525.0,2026-06-18T18:00:00.000000
sh603213,sh,,14.1,14.23,14.23,14.24,13.8,-0.13,-0.91,,,,,,,,,,,6552.0,2026-06-18T18:00:00.000000
sh603214,sh,,12.93,12.92,12.92,13.07,12.72,0.01,0.08,,,,,,,,,,,3576.0,2026-06-18T18:00:00.000000
sh603215,sh,,15.48,15.88,15.88,16.06,15.4,-0.4,-2.52,,,,,,,,,,,4010.0,2026-06-18T18:00:00.000000
sh603216,sh,,22.38,21.95,21.95,23.3,21.66,0.43,1.96,,,,,,,,,,,10390.0,2026-06-18T18:00:00.000000
sh603217,sh,,23.99,23.92,23.92,24.1,23.42,0.07,0.29,,,,,,,,,,,5243.0,2026-06-18T18:00:00.000000
sh603218,sh,,10.81,10.92,10.92,10.97,10.76,-0.11,-1.01,,,,,,,,,,,6592.0,2026-06-18T18:00:00.000000
sh603219,sh,,15.38,15.21,15.21,15.6,15.13,0.17,1.12,,,,,,,,,,,10058.0,2026-06-18T18:00:00.000000
sh603220,sh,,25.22,24.31,24.31,25.5,24.31,0.91,3.74,,,,,,,,,,,92418.0,2026-06-18T18:00:00.000000
sh603221,sh,,11.43,11.5,11.5,11.53,11.17,-0.07,-0.61,,,,,,,,,,,2603.0,2026-06-18T18:00:00.000000
sh603222,sh,,7.98,7.87,7.87,8.14,7.87,0.11,1.4,,,,,,,,,,,7625.0,2026-06-18T18:00:00.000000
sh603223,sh,,10.16,9.2,9.2,10.16,9.15,0.96,10.43,,,,,,,,,,,15351.0,2026-06-18T18:00:00.000000
sh603225,sh,,20.01,20.4,20.4,20.81,19.62,-0.39,-1.91,,,,,,,,,,,81208.0,2026-06-18T18:00:00.000000
sh603226,sh,,57.03,55.31,55.31,57.33,54.61,1.72,3.11,,,,,,,,,,,21756.0,2026-06-18T18:00:00.000000
sh603227,sh,,7.65,7.82,7.82,7.83,7.63,-0.17,-2.17,,,,,,,,,,,6333.0,2026-06-18T18:00:00.000000
sh603228,sh,,81.06,79.23,79.23,82.44,78.31,1.83,2.31,,,,,,,,,,,415661.0,2026-06-18T18:00:00.000000
sh603229,sh,,8.12,8.27,8.27,8.42,8.12,-0.15,-1.81,,,,,,,,,,,6228.0,2026-06-18T18:00:00.000000
sh603230,sh,,9.23,9.24,9.24,9.3,9.09,-0.01,-0.11,,,,,,,,,,,1064.0,2026-06-18T18:00:00.000000
sh603231,sh,,14.81,14.65,14.65,14.88,14.48,0.16,1.09,,,,,,,,,,,2009.0,2026-06-18T18:00:00.000000
sh603232,sh,,16.21,16.0,16.0,16.68,15.93,0.21,1.31,,,,,,,,,,,14975.0,2026-06-18T18:00:00.000000
sh603233,sh,,16.15,15.94,15.94,16.25,15.83,0.21,1.32,,,,,,,,,,,9312.0,2026-06-18T18:00:00.000000
sh603235,sh,,22.93,23.24,23.24,23.25,22.9,-0.31,-1.33,,,,,,,,,,,616.0,2026-06-18T18:00:00.000000
sh603236,sh,,52.81,54.5,54.5,55.0,52.7,-1.69,-3.1,,,,,,,,,,,77222.0,2026-06-18T18:00:00.000000
sh603237,sh,,13.4,13.65,13.65,13.65,13.25,-0.25,-1.83,,,,,,,,,,,3659.0,2026-06-18T18:00:00.000000
sh603238,sh,,12.08,12.04,12.04,12.88,11.79,0.04,0.33,,,,,,,,,,,8589.0,2026-06-18T18:00:00.000000
sh603239,sh,,16.47,16.4,16.4,16.72,16.2,0.07,0.43,,,,,,,,,,,6051.0,2026-06-18T18:00:00.000000
sh603248,sh,,23.3,23.58,23.58,23.61,23.17,-0.28,-1.19,,,,,,,,,,,9006.0,2026-06-18T18:00:00.000000
sh603255,sh,,32.0,32.61,32.61,33.24,31.06,-0.61,-1.87,,,,,,,,,,,7477.0,2026-06-18T18:00:00.000000
sh603256,sh,,257.8,244.7,244.7,264.3,244.7,13.1,5.35,,,,,,,,,,,478467.0,2026-06-18T18:00:00.000000
sh603257,sh,,70.45,69.9,69.9,70.75,68.8,0.55,0.79,,,,,,,,,,,15879.0,2026-06-18T18:00:00.000000
sh603258,sh,,12.67,12.55,12.55,12.85,12.21,0.12,0.96,,,,,,,,,,,4459.0,2026-06-18T18:00:00.000000
sh603259,sh,,102.72,97.8,97.8,104.33,97.72,4.92,5.03,,,,,,,,,,,579927.0,2026-06-18T18:00:00.000000
sh603260,sh,,48.4,48.73,48.73,50.34,48.19,-0.33,-0.68,,,,,,,,,,,145134.0,2026-06-18T18:00:00.000000
sh603261,sh,,44.77,42.63,42.63,44.77,42.5,2.14,5.02,,,,,,,,,,,11658.0,2026-06-18T18:00:00.000000
sh603262,sh,,28.51,26.99,26.99,28.9,26.53,1.52,5.63,,,,,,,,,,,13549.0,2026-06-18T18:00:00.000000
sh603266,sh,,18.36,17.1,17.1,18.53,16.88,1.26,7.37,,,,,,,,,,,8962.0,2026-06-18T18:00:00.000000
sh603267,sh,,76.37,74.0,74.0,77.22,73.58,2.37,3.2,,,,,,,,,,,157407.0,2026-06-18T18:00:00.000000
sh603268,sh,,146.3,151.42,151.42,159.16,145.66,-5.12,-3.38,,,,,,,,,,,127384.0,2026-06-18T18:00:00.000000
sh603269,sh,,24.28,23.29,23.29,25.88,23.25,0.99,4.25,,,,,,,,,,,101930.0,2026-06-18T18:00:00.000000
sh603270,sh,,31.73,30.25,30.25,31.98,29.9,1.48,4.89,,,,,,,,,,,31145.0,2026-06-18T18:00:00.000000
sh603271,sh,,48.96,53.38,53.38,54.0,48.96,-4.42,-8.28,,,,,,,,,,,51913.0,2026-06-18T18:00:00.000000
sh603272,sh,,31.04,31.5,31.5,31.95,31.04,-0.46,-1.46,,,,,,,,,,,6935.0,2026-06-18T18:00:00.000000
sh603273,sh,,13.94,14.02,14.02,14.23,13.81,-0.08,-0.57,,,,,,,,,,,2461.0,2026-06-18T18:00:00.000000
sh603275,sh,,41.9,41.9,41.9,42.38,41.63,0.0,0.0,,,,,,,,,,,5270.0,2026-06-18T18:00:00.000000
sh603276,sh,,16.2,16.65,16.65,16.72,15.98,-0.45,-2.7,,,,,,,,,,,8155.0,2026-06-18T18:00:00.000000
sh603277,sh,,10.01,10.46,10.46,10.5,9.99,-0.45,-4.3,,,,,,,,,,,3152.0,2026-06-18T18:00:00.000000
sh603278,sh,,12.54,12.5,12.5,12.77,12.26,0.04,0.32,,,,,,,,,,,23821.0,2026-06-18T18:00:00.000000
sh603279,sh,,13.12,13.05,13.05,13.2,12.97,0.07,0.54,,,,,,,,,,,6575.0,2026-06-18T18:00:00.000000
sh603280,sh,,27.2,27.35,27.35,27.48,26.68,-0.15,-0.55,,,,,,,,,,,2945.0,2026-06-18T18:00:00.000000
sh603281,sh,,37.23,37.27,37.27,37.9,36.75,-0.04,-0.11,,,,,,,,,,,12812.0,2026-06-18T18:00:00.000000
sh603282,sh,,15.69,14.56,14.56,15.85,14.31,1.13,7.76,,,,,,,,,,,7001.0,2026-06-18T18:00:00.000000
sh603283,sh,,62.6,65.06,65.06,65.49,61.31,-2.46,-3.78,,,,,,,,,,,243464.0,2026-06-18T18:00:00.000000
sh603284,sh,,38.3,38.43,38.43,38.99,38.15,-0.13,-0.34,,,,,,,,,,,2627.0,2026-06-18T18:00:00.000000
sh603285,sh,,54.43,52.0,52.0,55.08,52.0,2.43,4.67,,,,,,,,,,,62333.0,2026-06-18T18:00:00.000000
sh603286,sh,,53.38,57.09,57.09,57.3,52.0,-3.71,-6.5,,,,,,,,,,,37261.0,2026-06-18T18:00:00.000000
sh603288,sh,,32.44,33.1,33.1,33.27,32.41,-0.66,-1.99,,,,,,,,,,,76005.0,2026-06-18T18:00:00.000000
sh603289,sh,,9.12,9.0,9.0,9.23,8.88,0.12,1.33,,,,,,,,,,,3923.0,2026-06-18T18:00:00.000000
sh603290,sh,,130.9,130.88,130.88,133.25,129.0,0.02,0.02,,,,,,,,,,,166164.0,2026-06-18T18:00:00.000000
sh603291,sh,,8.6,8.8,8.8,8.83,8.55,-0.2,-2.27,,,,,,,,,,,4459.0,2026-06-18T18:00:00.000000
sh603293,sh,,42.52,42.0,42.0,42.65,41.12,0.52,1.24,,,,,,,,,,,9903.0,2026-06-18T18:00:00.000000
sh603296,sh,,80.4,78.97,78.97,81.95,78.87,1.43,1.81,,,,,,,,,,,185124.0,2026-06-18T18:00:00.000000
sh603297,sh,,124.9,126.17,126.17,126.17,122.64,-1.27,-1.01,,,,,,,,,,,24110.0,2026-06-18T18:00:00.000000
sh603298,sh,,24.66,24.95,24.95,25.04,24.53,-0.29,-1.16,,,,,,,,,,,11653.0,2026-06-18T18:00:00.000000
sh603299,sh,,9.51,9.73,9.73,9.77,9.5,-0.22,-2.26,,,,,,,,,,,4274.0,2026-06-18T18:00:00.000000
sh603300,sh,,4.97,5.01,5.01,5.03,4.93,-0.04,-0.8,,,,,,,,,,,13359.0,2026-06-18T18:00:00.000000
sh603301,sh,,89.0,88.1,88.1,89.3,86.51,0.9,1.02,,,,,,,,,,,18616.0,2026-06-18T18:00:00.000000
sh603303,sh,,31.2,30.29,30.29,31.58,29.66,0.91,3.0,,,,,,,,,,,25821.0,2026-06-18T18:00:00.000000
sh603305,sh,,14.02,14.1,14.1,14.18,13.88,-0.08,-0.57,,,,,,,,,,,26056.0,2026-06-18T18:00:00.000000
sh603306,sh,,111.5,106.4,106.4,111.86,106.4,5.1,4.79,,,,,,,,,,,134845.0,2026-06-18T18:00:00.000000
sh603307,sh,,25.52,25.33,25.33,26.08,25.12,0.19,0.75,,,,,,,,,,,2811.0,2026-06-18T18:00:00.000000
sh603308,sh,,68.18,66.0,66.0,70.37,65.68,2.18,3.3,,,,,,,,,,,311764.0,2026-06-18T18:00:00.000000
sh603309,sh,,11.51,11.48,11.48,11.72,11.46,0.03,0.26,,,,,,,,,,,3803.0,2026-06-18T18:00:00.000000
sh603310,sh,,15.29,15.47,15.47,15.47,15.2,-0.18,-1.16,,,,,,,,,,,2898.0,2026-06-18T18:00:00.000000
sh603311,sh,,37.03,39.99,39.99,40.98,36.35,-2.96,-7.4,,,,,,,,,,,90830.0,2026-06-18T18:00:00.000000
sh603312,sh,,37.09,38.18,38.18,38.43,36.82,-1.09,-2.85,,,,,,,,,,,4385.0,2026-06-18T18:00:00.000000
sh603313,sh,,5.56,5.01,5.01,5.56,4.94,0.55,10.98,,,,,,,,,,,11324.0,2026-06-18T18:00:00.000000
sh603315,sh,,17.42,16.71,16.71,17.8,16.61,0.71,4.25,,,,,,,,,,,31631.0,2026-06-18T18:00:00.000000
sh603316,sh,,21.16,21.67,21.67,22.0,20.41,-0.51,-2.35,,,,,,,,,,,105544.0,2026-06-18T18:00:00.000000
sh603317,sh,,13.58,13.45,13.45,13.7,13.4,0.13,0.97,,,,,,,,,,,8596.0,2026-06-18T18:00:00.000000
sh603318,sh,,10.12,9.78,9.78,10.25,9.68,0.34,3.48,,,,,,,,,,,71167.0,2026-06-18T18:00:00.000000
sh603319,sh,,34.82,35.74,35.74,35.99,34.38,-0.92,-2.57,,,,,,,,,,,69719.0,2026-06-18T18:00:00.000000
sh603320,sh,,20.0,20.48,20.48,20.48,19.92,-0.48,-2.34,,,,,,,,,,,4573.0,2026-06-18T18:00:00.000000
sh603321,sh,,6.16,6.15,6.15,6.22,6.03,0.01,0.16,,,,,,,,,,,2184.0,2026-06-18T18:00:00.000000
sh603322,sh,,29.7,28.51,28.51,29.85,28.42,1.19,4.17,,,,,,,,,,,16358.0,2026-06-18T18:00:00.000000
sh603323,sh,,4.14,4.26,4.26,4.28,4.11,-0.12,-2.82,,,,,,,,,,,14055.0,2026-06-18T18:00:00.000000
sh603324,sh,,43.1,39.2,39.2,43.1,38.16,3.9,9.95,,,,,,,,,,,76525.0,2026-06-18T18:00:00.000000
sh603325,sh,,55.5,56.24,56.24,56.24,55.1,-0.74,-1.32,,,,,,,,,,,2457.0,2026-06-18T18:00:00.000000
sh603326,sh,,6.6,6.59,6.59,6.68,6.4,0.01,0.15,,,,,,,,,,,2185.0,2026-06-18T18:00:00.000000
sh603327,sh,,10.65,10.87,10.87,10.9,10.55,-0.22,-2.02,,,,,,,,,,,29573.0,2026-06-18T18:00:00.000000
sh603328,sh,,15.14,14.86,14.86,15.3,14.58,0.28,1.88,,,,,,,,,,,99602.0,2026-06-18T18:00:00.000000
sh603329,sh,,9.57,9.62,9.62,9.69,9.33,-0.05,-0.52,,,,,,,,,,,2189.0,2026-06-18T18:00:00.000000
sh603330,sh,,7.76,7.99,7.99,7.99,7.48,-0.23,-2.88,,,,,,,,,,,30770.0,2026-06-18T18:00:00.000000
sh603331,sh,,11.52,11.56,11.56,11.67,11.27,-0.04,-0.35,,,,,,,,,,,5577.0,2026-06-18T18:00:00.000000
sh603332,sh,,11.19,11.1,11.1,11.41,10.85,0.09,0.81,,,,,,,,,,,3753.0,2026-06-18T18:00:00.000000
sh603333,sh,,8.0,8.1,8.1,8.42,7.92,-0.1,-1.23,,,,,,,,,,,18851.0,2026-06-18T18:00:00.000000
sh603334,sh,,40.2,39.79,39.79,40.39,38.93,0.41,1.03,,,,,,,,,,,5413.0,2026-06-18T18:00:00.000000
sh603335,sh,,8.22,8.43,8.43,9.14,7.9,-0.21,-2.49,,,,,,,,,,,76130.0,2026-06-18T18:00:00.000000
sh603336,sh,,8.09,8.17,8.17,8.17,7.9,-0.08,-0.98,,,,,,,,,,,13326.0,2026-06-18T18:00:00.000000
sh603337,sh,,42.68,41.8,41.8,43.48,41.3,0.88,2.11,,,,,,,,,,,31645.0,2026-06-18T18:00:00.000000
sh603338,sh,,46.68,47.9,47.9,48.24,46.68,-1.22,-2.55,,,,,,,,,,,25164.0,2026-06-18T18:00:00.000000
sh603339,sh,,13.52,12.81,12.81,13.63,12.56,0.71,5.54,,,,,,,,,,,12113.0,2026-06-18T18:00:00.000000
sh603341,sh,,37.88,38.02,38.02,38.31,37.48,-0.14,-0.37,,,,,,,,,,,23922.0,2026-06-18T18:00:00.000000
sh603344,sh,,27.44,27.39,27.39,27.8,26.98,0.05,0.18,,,,,,,,,,,9907.0,2026-06-18T18:00:00.000000
sh603345,sh,,83.93,84.73,84.73,85.5,83.4,-0.8,-0.94,,,,,,,,,,,40090.0,2026-06-18T18:00:00.000000
sh603348,sh,,14.5,14.68,14.68,14.89,14.45,-0.18,-1.23,,,,,,,,,,,2163.0,2026-06-18T18:00:00.000000
sh603350,sh,,31.05,30.31,30.31,31.68,30.08,0.74,2.44,,,,,,,,,,,3274.0,2026-06-18T18:00:00.000000
sh603351,sh,,24.7,24.45,24.45,24.9,24.11,0.25,1.02,,,,,,,,,,,2016.0,2026-06-18T18:00:00.000000
sh603352,sh,,28.06,28.2,28.2,28.32,27.66,-0.14,-0.5,,,,,,,,,,,2189.0,2026-06-18T18:00:00.000000
sh603353,sh,,40.75,40.8,40.8,41.69,40.4,-0.05,-0.12,,,,,,,,,,,19857.0,2026-06-18T18:00:00.000000
sh603355,sh,,30.4,29.67,29.67,30.8,28.6,0.73,2.46,,,,,,,,,,,13019.0,2026-06-18T18:00:00.000000
sh603356,sh,,18.25,18.31,18.31,18.52,18.0,-0.06,-0.33,,,,,,,,,,,7015.0,2026-06-18T18:00:00.000000
sh603357,sh,,6.43,6.53,6.53,6.55,6.41,-0.1,-1.53,,,,,,,,,,,1501.0,2026-06-18T18:00:00.000000
sh603358,sh,,39.4,36.15,36.15,39.4,36.15,3.25,8.99,,,,,,,,,,,114597.0,2026-06-18T18:00:00.000000
sh603359,sh,,2.51,2.62,2.62,2.63,2.5,-0.11,-4.2,,,,,,,,,,,2060.0,2026-06-18T18:00:00.000000
sh603360,sh,,18.77,18.75,18.75,19.0,18.2,0.02,0.11,,,,,,,,,,,25655.0,2026-06-18T18:00:00.000000
sh603363,sh,,2.83,2.87,2.87,2.99,2.83,-0.04,-1.39,,,,,,,,,,,9495.0,2026-06-18T18:00:00.000000
sh603365,sh,,16.75,16.67,16.67,16.75,16.22,0.08,0.48,,,,,,,,,,,3090.0,2026-06-18T18:00:00.000000
sh603366,sh,,6.67,6.83,6.83,6.88,6.6,-0.16,-2.34,,,,,,,,,,,8941.0,2026-06-18T18:00:00.000000
sh603367,sh,,13.06,12.99,12.99,13.28,12.58,0.07,0.54,,,,,,,,,,,8629.0,2026-06-18T18:00:00.000000
sh603368,sh,,15.44,15.54,15.54,15.67,15.43,-0.1,-0.64,,,,,,,,,,,3886.0,2026-06-18T18:00:00.000000
sh603369,sh,,24.24,25.01,25.01,25.02,23.96,-0.77,-3.08,,,,,,,,,,,34255.0,2026-06-18T18:00:00.000000
sh603370,sh,,41.84,41.55,41.55,42.1,41.14,0.29,0.7,,,,,,,,,,,2862.0,2026-06-18T18:00:00.000000
sh603373,sh,,38.67,39.88,39.88,39.95,38.25,-1.21,-3.03,,,,,,,,,,,12523.0,2026-06-18T18:00:00.000000
sh603375,sh,,49.49,49.98,49.98,50.25,48.9,-0.49,-0.98,,,,,,,,,,,14803.0,2026-06-18T18:00:00.000000
sh603376,sh,,26.59,27.04,27.04,27.07,26.48,-0.45,-1.66,,,,,,,,,,,2226.0,2026-06-18T18:00:00.000000
sh603377,sh,,3.33,3.41,3.41,3.43,3.26,-0.08,-2.35,,,,,,,,,,,3042.0,2026-06-18T18:00:00.000000
sh603378,sh,,5.08,5.0,5.0,5.17,4.93,0.08,1.6,,,,,,,,,,,5390.0,2026-06-18T18:00:00.000000
sh603379,sh,,65.43,68.27,68.27,68.66,64.64,-2.84,-4.16,,,,,,,,,,,112992.0,2026-06-18T18:00:00.000000
sh603380,sh,,41.03,36.86,36.86,41.03,36.81,4.17,11.31,,,,,,,,,,,16124.0,2026-06-18T18:00:00.000000
sh603381,sh,,16.91,16.9,16.9,17.11,16.65,0.01,0.06,,,,,,,,,,,5881.0,2026-06-18T18:00:00.000000
sh603382,sh,,18.63,18.65,18.65,19.06,18.42,-0.02,-0.11,,,,,,,,,,,2821.0,2026-06-18T18:00:00.000000
sh603383,sh,,28.55,28.32,28.32,29.28,28.32,0.23,0.81,,,,,,,,,,,9835.0,2026-06-18T18:00:00.000000
sh603385,sh,,5.16,5.12,5.12,5.23,5.01,0.04,0.78,,,,,,,,,,,2628.0,2026-06-18T18:00:00.000000
sh603386,sh,,17.92,18.15,18.15,18.3,17.7,-0.23,-1.27,,,,,,,,,,,25634.0,2026-06-18T18:00:00.000000
sh603387,sh,,8.1,7.99,7.99,8.24,7.93,0.11,1.38,,,,,,,,,,,5574.0,2026-06-18T18:00:00.000000
sh603389,sh,,61.27,58.99,58.99,61.27,57.55,2.28,3.87,,,,,,,,,,,9993.0,2026-06-18T18:00:00.000000
sh603390,sh,,11.83,12.08,12.08,12.08,11.7,-0.25,-2.07,,,,,,,,,,,7854.0,2026-06-18T18:00:00.000000
sh603391,sh,,55.61,55.73,55.73,56.7,54.52,-0.12,-0.22,,,,,,,,,,,3143.0,2026-06-18T18:00:00.000000
sh603392,sh,,28.54,28.57,28.57,29.03,28.25,-0.03,-0.11,,,,,,,,,,,13427.0,2026-06-18T18:00:00.000000
sh603393,sh,,24.94,25.68,25.68,25.93,24.87,-0.74,-2.88,,,,,,,,,,,16819.0,2026-06-18T18:00:00.000000
sh603395,sh,,21.87,22.35,22.35,22.35,21.78,-0.48,-2.15,,,,,,,,,,,5190.0,2026-06-18T18:00:00.000000
sh603396,sh,,28.28,28.56,28.56,28.89,28.2,-0.28,-0.98,,,,,,,,,,,8103.0,2026-06-18T18:00:00.000000
sh603398,sh,,14.27,14.2,14.2,14.34,13.86,0.07,0.49,,,,,,,,,,,7895.0,2026-06-18T18:00:00.000000
sh603399,sh,,19.3,19.59,19.59,20.27,18.89,-0.29,-1.48,,,,,,,,,,,171626.0,2026-06-18T18:00:00.000000
sh603400,sh,,61.59,61.5,61.5,63.28,60.2,0.09,0.15,,,,,,,,,,,8652.0,2026-06-18T18:00:00.000000
sh603402,sh,,66.99,67.16,67.16,67.62,66.29,-0.17,-0.25,,,,,,,,,,,6337.0,2026-06-18T18:00:00.000000
sh603406,sh,,27.95,28.15,28.15,28.34,27.8,-0.2,-0.71,,,,,,,,,,,1878.0,2026-06-18T18:00:00.000000
sh603407,sh,,68.04,68.04,68.04,68.04,68.04,0.0,0.0,,,,,,,,,,,16010.0,2026-06-18T18:00:00.000000
sh603408,sh,,10.14,10.19,10.19,10.36,10.0,-0.05,-0.49,,,,,,,,,,,2106.0,2026-06-18T18:00:00.000000
sh603409,sh,,21.42,21.07,21.07,21.7,20.7,0.35,1.66,,,,,,,,,,,9067.0,2026-06-18T18:00:00.000000
sh603416,sh,,55.57,55.43,55.43,56.74,54.63,0.14,0.25,,,,,,,,,,,14911.0,2026-06-18T18:00:00.000000
sh603418,sh,,50.57,50.47,50.47,51.47,50.26,0.1,0.2,,,,,,,,,,,4581.0,2026-06-18T18:00:00.000000
sh603421,sh,,6.55,6.55,6.55,6.65,6.4,0.0,0.0,,,,,,,,,,,4383.0,2026-06-18T18:00:00.000000
sh603429,sh,,10.35,10.32,10.32,10.57,10.24,0.03,0.29,,,,,,,,,,,7560.0,2026-06-18T18:00:00.000000
sh603435,sh,,70.47,69.19,69.19,71.77,68.5,1.28,1.85,,,,,,,,,,,40312.0,2026-06-18T18:00:00.000000
sh603439,sh,,15.64,15.0,15.0,16.16,14.91,0.64,4.27,,,,,,,,,,,30499.0,2026-06-18T18:00:00.000000
sh603444,sh,,326.15,323.2,323.2,328.14,320.61,2.95,0.91,,,,,,,,,,,33683.0,2026-06-18T18:00:00.000000
sh603456,sh,,13.12,12.94,12.94,13.24,12.84,0.18,1.39,,,,,,,,,,,21157.0,2026-06-18T18:00:00.000000
sh603458,sh,,14.4,14.72,14.72,14.8,13.9,-0.32,-2.17,,,,,,,,,,,45996.0,2026-06-18T18:00:00.000000
sh603459,sh,,90.18,89.0,89.0,93.48,86.7,1.18,1.33,,,,,,,,,,,166923.0,2026-06-18T18:00:00.000000
sh603466,sh,,9.79,10.19,10.19,10.2,9.6,-0.4,-3.93,,,,,,,,,,,59576.0,2026-06-18T18:00:00.000000
sh603477,sh,,13.65,13.96,13.96,14.0,13.65,-0.31,-2.22,,,,,,,,,,,10312.0,2026-06-18T18:00:00.000000
sh603486,sh,,53.08,53.25,53.25,54.29,52.36,-0.17,-0.32,,,,,,,,,,,29013.0,2026-06-18T18:00:00.000000
sh603488,sh,,12.83,13.1,13.1,13.48,12.64,-0.27,-2.06,,,,,,,,,,,50335.0,2026-06-18T18:00:00.000000
sh603489,sh,,32.99,32.17,32.17,33.06,31.88,0.82,2.55,,,,,,,,,,,8871.0,2026-06-18T18:00:00.000000
sh603496,sh,,26.74,24.34,24.34,26.74,24.25,2.4,9.86,,,,,,,,,,,70662.0,2026-06-18T18:00:00.000000
sh603499,sh,,19.9,20.6,20.6,20.76,19.81,-0.7,-3.4,,,,,,,,,,,11453.0,2026-06-18T18:00:00.000000
sh603500,sh,,14.1,13.64,13.64,14.45,13.32,0.46,3.37,,,,,,,,,,,55391.0,2026-06-18T18:00:00.000000
sh603501,sh,,89.97,89.88,89.88,91.36,89.4,0.09,0.1,,,,,,,,,,,172708.0,2026-06-18T18:00:00.000000
sh603505,sh,,19.37,19.7,19.7,19.88,19.21,-0.33,-1.68,,,,,,,,,,,51059.0,2026-06-18T18:00:00.000000
sh603506,sh,,10.07,10.15,10.15,10.23,9.92,-0.08,-0.79,,,,,,,,,,,2747.0,2026-06-18T18:00:00.000000
sh603507,sh,,37.85,37.49,37.49,38.26,37.19,0.36,0.96,,,,,,,,,,,16657.0,2026-06-18T18:00:00.000000
sh603508,sh,,21.26,21.58,21.58,21.59,21.15,-0.32,-1.48,,,,,,,,,,,7025.0,2026-06-18T18:00:00.000000
sh603511,sh,,12.46,12.24,12.24,12.55,12.06,0.22,1.8,,,,,,,,,,,2825.0,2026-06-18T18:00:00.000000
sh603515,sh,,18.2,18.33,18.33,18.52,18.02,-0.13,-0.71,,,,,,,,,,,2188.0,2026-06-18T18:00:00.000000
sh603516,sh,,142.17,135.65,135.65,144.99,132.67,6.52,4.81,,,,,,,,,,,138702.0,2026-06-18T18:00:00.000000
sh603517,sh,,10.42,10.92,10.92,10.98,10.42,-0.5,-4.58,,,,,,,,,,,14211.0,2026-06-18T18:00:00.000000
sh603518,sh,,7.87,8.0,8.0,8.06,7.78,-0.13,-1.62,,,,,,,,,,,5634.0,2026-06-18T18:00:00.000000
sh603519,sh,,14.8,14.77,14.77,15.38,14.6,0.03,0.2,,,,,,,,,,,10833.0,2026-06-18T18:00:00.000000
sh603520,sh,,9.52,9.34,9.34,9.55,9.16,0.18,1.93,,,,,,,,,,,13346.0,2026-06-18T18:00:00.000000
sh603527,sh,,14.7,14.64,14.64,15.1,14.4,0.06,0.41,,,,,,,,,,,33874.0,2026-06-18T18:00:00.000000
sh603528,sh,,6.51,6.58,6.58,6.68,6.47,-0.07,-1.06,,,,,,,,,,,7272.0,2026-06-18T18:00:00.000000
sh603529,sh,,20.21,20.43,20.43,20.43,19.99,-0.22,-1.08,,,,,,,,,,,9206.0,2026-06-18T18:00:00.000000
sh603530,sh,,53.7,52.9,52.9,54.99,52.6,0.8,1.51,,,,,,,,,,,22951.0,2026-06-18T18:00:00.000000
sh603533,sh,,20.84,19.95,19.95,21.19,19.7,0.89,4.46,,,,,,,,,,,44420.0,2026-06-18T18:00:00.000000
sh603535,sh,,6.54,6.53,6.53,6.62,6.41,0.01,0.15,,,,,,,,,,,2105.0,2026-06-18T18:00:00.000000
sh603536,sh,,8.38,8.43,8.43,8.5,8.3,-0.05,-0.59,,,,,,,,,,,2523.0,2026-06-18T18:00:00.000000
sh603538,sh,,37.92,37.56,37.56,38.53,37.01,0.36,0.96,,,,,,,,,,,65278.0,2026-06-18T18:00:00.000000
sh603551,sh,,9.25,9.32,9.32,9.4,9.2,-0.07,-0.75,,,,,,,,,,,1940.0,2026-06-18T18:00:00.000000
sh603556,sh,,23.12,23.2,23.2,24.5,22.92,-0.08,-0.34,,,,,,,,,,,20633.0,2026-06-18T18:00:00.000000
sh603557,sh,,4.36,4.16,4.16,4.36,4.16,0.2,4.81,,,,,,,,,,,2735.0,2026-06-18T18:00:00.000000
sh603558,sh,,11.25,11.41,11.41,11.77,11.13,-0.16,-1.4,,,,,,,,,,,4806.0,2026-06-18T18:00:00.000000
sh603559,sh,,8.72,8.71,8.71,8.85,8.55,0.01,0.11,,,,,,,,,,,3694.0,2026-06-18T18:00:00.000000
sh603565,sh,,10.39,10.25,10.25,10.5,10.25,0.14,1.37,,,,,,,,,,,12668.0,2026-06-18T18:00:00.000000
sh603566,sh,,9.89,9.79,9.79,9.94,9.65,0.1,1.02,,,,,,,,,,,2131.0,2026-06-18T18:00:00.000000
sh603567,sh,,4.68,5.16,5.16,5.16,4.65,-0.48,-9.3,,,,,,,,,,,29859.0,2026-06-18T18:00:00.000000
sh603568,sh,,16.39,16.92,16.92,16.94,16.33,-0.53,-3.13,,,,,,,,,,,16269.0,2026-06-18T18:00:00.000000
sh603569,sh,,5.3,5.32,5.32,5.37,5.23,-0.02,-0.38,,,,,,,,,,,1805.0,2026-06-18T18:00:00.000000
sh603577,sh,,9.39,9.53,9.53,9.53,9.26,-0.14,-1.47,,,,,,,,,,,3356.0,2026-06-18T18:00:00.000000
sh603578,sh,,13.07,13.48,13.48,13.64,12.94,-0.41,-3.04,,,,,,,,,,,7349.0,2026-06-18T18:00:00.000000
sh603579,sh,,20.59,19.7,19.7,20.88,19.5,0.89,4.52,,,,,,,,,,,15904.0,2026-06-18T18:00:00.000000
sh603580,sh,,27.35,27.35,27.35,27.35,26.81,0.0,0.0,,,,,,,,,,,6563.0,2026-06-18T18:00:00.000000
sh603583,sh,,24.29,24.24,24.24,24.64,23.88,0.05,0.21,,,,,,,,,,,9043.0,2026-06-18T18:00:00.000000
sh603585,sh,,14.45,14.7,14.7,14.7,14.38,-0.25,-1.7,,,,,,,,,,,4020.0,2026-06-18T18:00:00.000000
sh603586,sh,,15.24,15.03,15.03,15.7,14.84,0.21,1.4,,,,,,,,,,,14462.0,2026-06-18T18:00:00.000000
sh603587,sh,,11.74,11.62,11.62,11.85,11.48,0.12,1.03,,,,,,,,,,,2110.0,2026-06-18T18:00:00.000000
sh603588,sh,,16.01,15.19,15.19,16.16,15.14,0.82,5.4,,,,,,,,,,,125944.0,2026-06-18T18:00:00.000000
sh603589,sh,,19.59,19.85,19.85,19.93,19.44,-0.26,-1.31,,,,,,,,,,,8807.0,2026-06-18T18:00:00.000000
sh603590,sh,,29.47,28.99,28.99,29.95,28.62,0.48,1.66,,,,,,,,,,,6568.0,2026-06-18T18:00:00.000000
sh603595,sh,,28.97,27.59,27.59,28.97,27.33,1.38,5.0,,,,,,,,,,,7973.0,2026-06-18T18:00:00.000000
sh603596,sh,,28.51,28.8,28.8,29.2,28.4,-0.29,-1.01,,,,,,,,,,,42504.0,2026-06-18T18:00:00.000000
sh603598,sh,,19.25,19.08,19.08,19.59,18.54,0.17,0.89,,,,,,,,,,,26567.0,2026-06-18T18:00:00.000000
sh603599,sh,,10.4,10.68,10.68,10.76,10.33,-0.28,-2.62,,,,,,,,,,,15776.0,2026-06-18T18:00:00.000000
sh603600,sh,,9.32,9.43,9.43,9.43,9.2,-0.11,-1.17,,,,,,,,,,,3306.0,2026-06-18T18:00:00.000000
sh603601,sh,,14.97,16.0,16.0,16.0,14.7,-1.03,-6.44,,,,,,,,,,,328687.0,2026-06-18T18:00:00.000000
sh603602,sh,,13.22,12.8,12.8,13.62,12.76,0.42,3.28,,,,,,,,,,,12036.0,2026-06-18T18:00:00.000000
sh603605,sh,,64.64,65.98,65.98,67.1,64.08,-1.34,-2.03,,,,,,,,,,,33009.0,2026-06-18T18:00:00.000000
sh603606,sh,,39.93,40.75,40.75,40.97,39.61,-0.82,-2.01,,,,,,,,,,,79042.0,2026-06-18T18:00:00.000000
sh603607,sh,,19.7,20.66,20.66,20.67,19.5,-0.96,-4.65,,,,,,,,,,,9213.0,2026-06-18T18:00:00.000000
sh603608,sh,,24.6,24.87,24.87,26.14,24.0,-0.27,-1.09,,,,,,,,,,,97543.0,2026-06-18T18:00:00.000000
sh603609,sh,,5.87,6.03,6.03,6.06,5.84,-0.16,-2.65,,,,,,,,,,,2704.0,2026-06-18T18:00:00.000000
sh603610,sh,,18.78,18.33,18.33,18.88,18.25,0.45,2.45,,,,,,,,,,,13204.0,2026-06-18T18:00:00.000000
sh603611,sh,,17.25,17.19,17.19,17.38,16.97,0.06,0.35,,,,,,,,,,,3737.0,2026-06-18T18:00:00.000000
sh603612,sh,,19.76,20.31,20.31,20.94,19.75,-0.55,-2.71,,,,,,,,,,,29677.0,2026-06-18T18:00:00.000000
sh603613,sh,,19.63,19.87,19.87,20.2,19.63,-0.24,-1.21,,,,,,,,,,,17404.0,2026-06-18T18:00:00.000000
sh603615,sh,,18.12,17.91,17.91,18.55,17.5,0.21,1.17,,,,,,,,,,,7111.0,2026-06-18T18:00:00.000000
sh603616,sh,,6.46,5.91,5.91,6.46,5.9,0.55,9.31,,,,,,,,,,,34808.0,2026-06-18T18:00:00.000000
sh603617,sh,,7.37,7.47,7.47,7.57,7.29,-0.1,-1.34,,,,,,,,,,,6605.0,2026-06-18T18:00:00.000000
sh603618,sh,,51.77,51.0,51.0,53.28,49.86,0.77,1.51,,,,,,,,,,,459773.0,2026-06-18T18:00:00.000000
sh603619,sh,,22.42,22.68,22.68,22.92,22.12,-0.26,-1.15,,,,,,,,,,,31195.0,2026-06-18T18:00:00.000000
sh603626,sh,,21.18,21.36,21.36,21.66,20.91,-0.18,-0.84,,,,,,,,,,,70926.0,2026-06-18T18:00:00.000000
sh603628,sh,,9.94,10.02,10.02,10.03,9.77,-0.08,-0.8,,,,,,,,,,,3782.0,2026-06-18T18:00:00.000000
sh603629,sh,,176.58,168.31,168.31,178.0,168.31,8.27,4.91,,,,,,,,,,,572861.0,2026-06-18T18:00:00.000000
sh603630,sh,,12.9,12.77,12.77,13.11,12.68,0.13,1.02,,,,,,,,,,,3670.0,2026-06-18T18:00:00.000000
sh603633,sh,,8.07,7.96,7.96,8.58,7.96,0.11,1.38,,,,,,,,,,,15907.0,2026-06-18T18:00:00.000000
sh603636,sh,,9.15,9.33,9.33,9.42,9.08,-0.18,-1.93,,,,,,,,,,,14344.0,2026-06-18T18:00:00.000000
sh603637,sh,,18.72,18.27,18.27,19.2,18.27,0.45,2.46,,,,,,,,,,,34405.0,2026-06-18T18:00:00.000000
sh603638,sh,,24.98,24.1,24.1,25.4,24.05,0.88,3.65,,,,,,,,,,,39505.0,2026-06-18T18:00:00.000000
sh603639,sh,,10.37,10.5,10.5,10.54,10.35,-0.13,-1.24,,,,,,,,,,,1001.0,2026-06-18T18:00:00.000000
sh603648,sh,,8.5,8.46,8.46,8.51,8.26,0.04,0.47,,,,,,,,,,,2315.0,2026-06-18T18:00:00.000000
sh603650,sh,,65.98,66.8,66.8,67.0,65.15,-0.82,-1.23,,,,,,,,,,,191837.0,2026-06-18T18:00:00.000000
sh603655,sh,,32.08,31.73,31.73,32.75,31.38,0.35,1.1,,,,,,,,,,,6562.0,2026-06-18T18:00:00.000000
sh603656,sh,,18.55,18.1,18.1,18.99,17.9,0.45,2.49,,,,,,,,,,,7493.0,2026-06-18T18:00:00.000000
sh603657,sh,,23.3,24.17,24.17,24.75,23.01,-0.87,-3.6,,,,,,,,,,,9565.0,2026-06-18T18:00:00.000000
sh603658,sh,,30.49,31.1,31.1,31.1,30.42,-0.61,-1.96,,,,,,,,,,,5582.0,2026-06-18T18:00:00.000000
sh603659,sh,,29.5,29.47,29.47,30.04,29.05,0.03,0.1,,,,,,,,,,,103342.0,2026-06-18T18:00:00.000000
sh603660,sh,,12.17,12.17,12.17,12.35,11.8,0.0,0.0,,,,,,,,,,,27335.0,2026-06-18T18:00:00.000000
sh603661,sh,,32.48,33.43,33.43,34.17,32.46,-0.95,-2.84,,,,,,,,,,,17414.0,2026-06-18T18:00:00.000000
sh603662,sh,,70.09,69.69,69.69,71.93,69.2,0.4,0.57,,,,,,,,,,,85511.0,2026-06-18T18:00:00.000000
sh603663,sh,,87.49,83.26,83.26,87.49,83.23,4.23,5.08,,,,,,,,,,,162426.0,2026-06-18T18:00:00.000000
sh603665,sh,,28.61,26.29,26.29,28.85,26.0,2.32,8.82,,,,,,,,,,,16187.0,2026-06-18T18:00:00.000000
sh603666,sh,,27.83,26.6,26.6,28.56,26.31,1.23,4.62,,,,,,,,,,,17795.0,2026-06-18T18:00:00.000000
sh603667,sh,,67.73,66.75,66.75,68.44,66.01,0.98,1.47,,,,,,,,,,,157146.0,2026-06-18T18:00:00.000000
sh603668,sh,,11.13,10.5,10.5,11.15,10.36,0.63,6.0,,,,,,,,,,,9665.0,2026-06-18T18:00:00.000000
sh603669,sh,,4.85,4.77,4.77,4.89,4.7,0.08,1.68,,,,,,,,,,,7213.0,2026-06-18T18:00:00.000000
sh603676,sh,,8.64,8.6,8.6,8.75,8.41,0.04,0.47,,,,,,,,,,,1654.0,2026-06-18T18:00:00.000000
sh603677,sh,,13.45,13.82,13.82,14.0,13.43,-0.37,-2.68,,,,,,,,,,,4721.0,2026-06-18T18:00:00.000000
sh603678,sh,,67.75,68.0,68.0,74.8,67.4,-0.25,-0.37,,,,,,,,,,,331109.0,2026-06-18T18:00:00.000000
sh603679,sh,,21.43,19.29,19.29,21.43,19.11,2.14,11.09,,,,,,,,,,,20412.0,2026-06-18T18:00:00.000000
sh603680,sh,,10.8,10.94,10.94,11.03,10.76,-0.14,-1.28,,,,,,,,,,,5849.0,2026-06-18T18:00:00.000000
sh603681,sh,,24.84,25.94,25.94,25.98,23.58,-1.1,-4.24,,,,,,,,,,,79095.0,2026-06-18T18:00:00.000000
sh603682,sh,,7.86,7.97,7.97,8.0,7.8,-0.11,-1.38,,,,,,,,,,,5873.0,2026-06-18T18:00:00.000000
sh603683,sh,,32.8,31.86,31.86,33.13,31.59,0.94,2.95,,,,,,,,,,,39386.0,2026-06-18T18:00:00.000000
sh603685,sh,,31.07,31.5,31.5,31.77,30.91,-0.43,-1.37,,,,,,,,,,,6924.0,2026-06-18T18:00:00.000000
sh603686,sh,,14.23,14.23,14.23,14.54,14.14,0.0,0.0,,,,,,,,,,,14177.0,2026-06-18T18:00:00.000000
sh603687,sh,,19.45,18.15,18.15,19.8,17.81,1.3,7.16,,,,,,,,,,,126011.0,2026-06-18T18:00:00.000000
sh603688,sh,,80.55,78.0,78.0,83.05,76.81,2.55,3.27,,,,,,,,,,,274464.0,2026-06-18T18:00:00.000000
sh603689,sh,,7.43,7.53,7.53,7.57,7.39,-0.1,-1.33,,,,,,,,,,,2728.0,2026-06-18T18:00:00.000000
sh603690,sh,,29.32,28.66,28.66,30.37,28.5,0.66,2.3,,,,,,,,,,,117209.0,2026-06-18T18:00:00.000000
sh603693,sh,,13.52,14.56,14.56,14.61,13.51,-1.04,-7.14,,,,,,,,,,,29092.0,2026-06-18T18:00:00.000000
sh603696,sh,,12.37,12.47,12.47,12.6,12.29,-0.1,-0.8,,,,,,,,,,,3666.0,2026-06-18T18:00:00.000000
sh603697,sh,,10.78,10.91,10.91,11.01,10.62,-0.13,-1.19,,,,,,,,,,,5007.0,2026-06-18T18:00:00.000000
sh603698,sh,,33.03,31.48,31.48,33.73,31.21,1.55,4.92,,,,,,,,,,,83709.0,2026-06-18T18:00:00.000000
sh603699,sh,,57.46,56.22,56.22,57.85,55.45,1.24,2.21,,,,,,,,,,,24791.0,2026-06-18T18:00:00.000000
sh603700,sh,,10.73,10.63,10.63,10.83,10.53,0.1,0.94,,,,,,,,,,,3644.0,2026-06-18T18:00:00.000000
sh603701,sh,,23.88,23.93,23.93,24.98,23.59,-0.05,-0.21,,,,,,,,,,,17678.0,2026-06-18T18:00:00.000000
sh603703,sh,,11.94,12.1,12.1,12.32,11.92,-0.16,-1.32,,,,,,,,,,,14297.0,2026-06-18T18:00:00.000000
sh603706,sh,,19.58,19.68,19.68,19.94,19.4,-0.1,-0.51,,,,,,,,,,,2640.0,2026-06-18T18:00:00.000000
sh603707,sh,,7.15,7.13,7.13,7.25,7.05,0.02,0.28,,,,,,,,,,,6754.0,2026-06-18T18:00:00.000000
sh603708,sh,,9.07,9.23,9.23,9.24,9.07,-0.16,-1.73,,,,,,,,,,,2735.0,2026-06-18T18:00:00.000000
sh603709,sh,,14.7,14.65,14.65,14.8,14.38,0.05,0.34,,,,,,,,,,,2447.0,2026-06-18T18:00:00.000000
sh603711,sh,,12.33,12.32,12.32,12.45,12.18,0.01,0.08,,,,,,,,,,,4304.0,2026-06-18T18:00:00.000000
sh603712,sh,,13.23,13.15,13.15,13.44,12.62,0.08,0.61,,,,,,,,,,,19652.0,2026-06-18T18:00:00.000000
sh603713,sh,,60.3,60.5,60.5,61.88,59.31,-0.2,-0.33,,,,,,,,,,,19072.0,2026-06-18T18:00:00.000000
sh603716,sh,,15.52,15.66,15.66,15.93,15.46,-0.14,-0.89,,,,,,,,,,,9694.0,2026-06-18T18:00:00.000000
sh603717,sh,,5.98,6.14,6.14,6.17,5.91,-0.16,-2.61,,,,,,,,,,,5594.0,2026-06-18T18:00:00.000000
sh603718,sh,,2.88,2.99,2.99,3.01,2.86,-0.11,-3.68,,,,,,,,,,,2861.0,2026-06-18T18:00:00.000000
sh603719,sh,,8.94,8.92,8.92,9.12,8.73,0.02,0.22,,,,,,,,,,,4214.0,2026-06-18T18:00:00.000000
sh603721,sh,,0.0,0.0,0.0,0.0,0.0,0.0,0,,,,,,,,,,,0.0,2026-06-18T18:00:00.000000
sh603722,sh,,39.44,37.08,37.08,40.68,37.01,2.36,6.36,,,,,,,,,,,16369.0,2026-06-18T18:00:00.000000
sh603725,sh,,11.13,10.49,10.49,11.2,10.45,0.64,6.1,,,,,,,,,,,18909.0,2026-06-18T18:00:00.000000
sh603726,sh,,28.77,28.54,28.54,28.98,28.18,0.23,0.81,,,,,,,,,,,17872.0,2026-06-18T18:00:00.000000
sh603727,sh,,15.84,15.79,15.79,16.28,15.35,0.05,0.32,,,,,,,,,,,6517.0,2026-06-18T18:00:00.000000
sh603728,sh,,63.86,61.16,61.16,65.6,60.58,2.7,4.41,,,,,,,,,,,81279.0,2026-06-18T18:00:00.000000
sh603729,sh,,11.5,11.72,11.72,11.88,11.44,-0.22,-1.88,,,,,,,,,,,1376.0,2026-06-18T18:00:00.000000
sh603730,sh,,13.01,13.03,13.03,13.28,12.53,-0.02,-0.15,,,,,,,,,,,70704.0,2026-06-18T18:00:00.000000
sh603733,sh,,26.71,29.13,29.13,29.5,26.71,-2.42,-8.31,,,,,,,,,,,57548.0,2026-06-18T18:00:00.000000
sh603737,sh,,26.02,26.53,26.53,26.71,25.8,-0.51,-1.92,,,,,,,,,,,16150.0,2026-06-18T18:00:00.000000
sh603738,sh,,58.99,59.0,59.0,61.88,57.28,-0.01,-0.02,,,,,,,,,,,344172.0,2026-06-18T18:00:00.000000
sh603739,sh,,12.21,12.03,12.03,12.28,11.84,0.18,1.5,,,,,,,,,,,3469.0,2026-06-18T18:00:00.000000
sh603755,sh,,25.0,25.59,25.59,25.59,24.8,-0.59,-2.31,,,,,,,,,,,2523.0,2026-06-18T18:00:00.000000
sh603757,sh,,56.06,53.1,53.1,56.85,53.0,2.96,5.57,,,,,,,,,,,77853.0,2026-06-18T18:00:00.000000
sh603758,sh,,9.86,9.96,9.96,10.09,9.82,-0.1,-1.0,,,,,,,,,,,4509.0,2026-06-18T18:00:00.000000
sh603759,sh,,7.26,7.41,7.41,7.41,7.22,-0.15,-2.02,,,,,,,,,,,2829.0,2026-06-18T18:00:00.000000
sh603766,sh,,11.3,11.45,11.45,12.0,11.29,-0.15,-1.31,,,,,,,,,,,35460.0,2026-06-18T18:00:00.000000
sh603767,sh,,15.71,15.75,15.75,15.93,15.38,-0.04,-0.25,,,,,,,,,,,8356.0,2026-06-18T18:00:00.000000
sh603768,sh,,10.07,10.0,10.0,10.14,9.86,0.07,0.7,,,,,,,,,,,2502.0,2026-06-18T18:00:00.000000
sh603773,sh,,164.7,171.11,171.11,172.99,150.0,-6.41,-3.75,,,,,,,,,,,556074.0,2026-06-18T18:00:00.000000
sh603776,sh,,21.98,21.21,21.21,22.08,21.18,0.77,3.63,,,,,,,,,,,11325.0,2026-06-18T18:00:00.000000
sh603777,sh,,16.81,18.0,18.0,19.0,16.78,-1.19,-6.61,,,,,,,,,,,57877.0,2026-06-18T18:00:00.000000
sh603778,sh,,14.98,16.28,16.28,16.34,14.98,-1.3,-7.99,,,,,,,,,,,126752.0,2026-06-18T18:00:00.000000
sh603779,sh,,7.85,7.95,7.95,8.33,7.6,-0.1,-1.26,,,,,,,,,,,42480.0,2026-06-18T18:00:00.000000
sh603786,sh,,47.52,48.0,48.0,48.55,47.42,-0.48,-1.0,,,,,,,,,,,9671.0,2026-06-18T18:00:00.000000
sh603787,sh,,9.66,9.59,9.59,9.73,9.42,0.07,0.73,,,,,,,,,,,2653.0,2026-06-18T18:00:00.000000
sh603788,sh,,14.29,14.37,14.37,14.47,14.19,-0.08,-0.56,,,,,,,,,,,1730.0,2026-06-18T18:00:00.000000
sh603789,sh,,5.26,5.3,5.3,5.4,5.22,-0.04,-0.75,,,,,,,,,,,1364.0,2026-06-18T18:00:00.000000
sh603790,sh,,27.18,26.02,26.02,27.48,25.42,1.16,4.46,,,,,,,,,,,13209.0,2026-06-18T18:00:00.000000
sh603797,sh,,3.99,3.99,3.99,4.01,3.9,0.0,0.0,,,,,,,,,,,1584.0,2026-06-18T18:00:00.000000
sh603798,sh,,15.44,16.02,16.02,16.02,15.3,-0.58,-3.62,,,,,,,,,,,9435.0,2026-06-18T18:00:00.000000
sh603799,sh,,52.1,52.0,52.0,54.15,51.4,0.1,0.19,,,,,,,,,,,351018.0,2026-06-18T18:00:00.000000
sh603800,sh,,80.62,81.0,81.0,81.8,78.71,-0.38,-0.47,,,,,,,,,,,59646.0,2026-06-18T18:00:00.000000
sh603801,sh,,6.42,6.37,6.37,6.48,6.31,0.05,0.78,,,,,,,,,,,1950.0,2026-06-18T18:00:00.000000
sh603803,sh,,13.03,12.97,12.97,13.23,12.69,0.06,0.46,,,,,,,,,,,32159.0,2026-06-18T18:00:00.000000
sh603806,sh,,17.52,17.57,17.57,18.08,17.35,-0.05,-0.28,,,,,,,,,,,78888.0,2026-06-18T18:00:00.000000
sh603808,sh,,8.37,8.37,8.37,8.48,8.31,0.0,0.0,,,,,,,,,,,2471.0,2026-06-18T18:00:00.000000
sh603809,sh,,9.78,9.58,9.58,9.85,9.39,0.2,2.09,,,,,,,,,,,12222.0,2026-06-18T18:00:00.000000
sh603810,sh,,11.93,11.8,11.8,12.09,11.55,0.13,1.1,,,,,,,,,,,3502.0,2026-06-18T18:00:00.000000
sh603811,sh,,10.65,10.64,10.64,10.69,10.45,0.01,0.09,,,,,,,,,,,3212.0,2026-06-18T18:00:00.000000
sh603813,sh,,41.41,38.01,38.01,41.86,37.0,3.4,8.95,,,,,,,,,,,11465.0,2026-06-18T18:00:00.000000
sh603815,sh,,5.94,6.01,6.01,6.03,5.8,-0.07,-1.16,,,,,,,,,,,8624.0,2026-06-18T18:00:00.000000
sh603816,sh,,23.88,24.99,24.99,24.99,23.5,-1.11,-4.44,,,,,,,,,,,32880.0,2026-06-18T18:00:00.000000
sh603817,sh,,5.59,5.7,5.7,5.71,5.58,-0.11,-1.93,,,,,,,,,,,4448.0,2026-06-18T18:00:00.000000
sh603818,sh,,2.95,2.79,2.79,3.07,2.72,0.16,5.73,,,,,,,,,,,11308.0,2026-06-18T18:00:00.000000
sh603819,sh,,11.67,11.63,11.63,11.71,11.43,0.04,0.34,,,,,,,,,,,5634.0,2026-06-18T18:00:00.000000
sh603822,sh,,72.4,75.27,75.27,75.79,72.35,-2.87,-3.81,,,,,,,,,,,6637.0,2026-06-18T18:00:00.000000
sh603823,sh,,46.71,45.49,45.49,48.75,44.3,1.22,2.68,,,,,,,,,,,118972.0,2026-06-18T18:00:00.000000
sh603825,sh,,6.64,7.0,7.0,7.05,6.64,-0.36,-5.14,,,,,,,,,,,2900.0,2026-06-18T18:00:00.000000
sh603826,sh,,31.08,32.04,32.04,32.25,31.05,-0.96,-3.0,,,,,,,,,,,23576.0,2026-06-18T18:00:00.000000
sh603828,sh,,4.48,4.56,4.56,4.71,4.47,-0.08,-1.75,,,,,,,,,,,1993.0,2026-06-18T18:00:00.000000
sh603829,sh,,18.32,19.3,19.3,19.31,18.23,-0.98,-5.08,,,,,,,,,,,11489.0,2026-06-18T18:00:00.000000
sh603833,sh,,33.56,33.9,33.9,34.37,33.38,-0.34,-1.0,,,,,,,,,,,10412.0,2026-06-18T18:00:00.000000
sh603836,sh,,11.49,11.35,11.35,11.56,11.23,0.14,1.23,,,,,,,,,,,2302.0,2026-06-18T18:00:00.000000
sh603838,sh,,9.76,9.61,9.61,10.08,9.61,0.15,1.56,,,,,,,,,,,2166.0,2026-06-18T18:00:00.000000
sh603839,sh,,6.18,6.19,6.19,6.26,6.09,-0.01,-0.16,,,,,,,,,,,2331.0,2026-06-18T18:00:00.000000
sh603843,sh,,8.8,8.78,8.78,8.8,8.61,0.02,0.23,,,,,,,,,,,15906.0,2026-06-18T18:00:00.000000
sh603848,sh,,13.76,13.61,13.61,13.93,13.42,0.15,1.1,,,,,,,,,,,2556.0,2026-06-18T18:00:00.000000
sh603855,sh,,17.24,17.61,17.61,17.61,16.97,-0.37,-2.1,,,,,,,,,,,4426.0,2026-06-18T18:00:00.000000
sh603856,sh,,12.55,12.47,12.47,12.62,12.18,0.08,0.64,,,,,,,,,,,7978.0,2026-06-18T18:00:00.000000
sh603858,sh,,15.28,15.51,15.51,15.63,15.26,-0.23,-1.48,,,,,,,,,,,6837.0,2026-06-18T18:00:00.000000
sh603859,sh,,52.9,51.3,51.3,53.39,49.8,1.6,3.12,,,,,,,,,,,194293.0,2026-06-18T18:00:00.000000
sh603860,sh,,25.56,25.71,25.71,25.93,25.35,-0.15,-0.58,,,,,,,,,,,2812.0,2026-06-18T18:00:00.000000
sh603861,sh,,15.43,15.9,15.9,15.98,15.32,-0.47,-2.96,,,,,,,,,,,26025.0,2026-06-18T18:00:00.000000
sh603863,sh,,14.18,14.39,14.39,14.6,14.18,-0.21,-1.46,,,,,,,,,,,6234.0,2026-06-18T18:00:00.000000
sh603866,sh,,3.96,4.07,4.07,4.07,3.94,-0.11,-2.7,,,,,,,,,,,6959.0,2026-06-18T18:00:00.000000
sh603867,sh,,39.1,39.33,39.33,40.36,38.88,-0.23,-0.58,,,,,,,,,,,33007.0,2026-06-18T18:00:00.000000
sh603868,sh,,34.44,32.5,32.5,34.72,32.22,1.94,5.97,,,,,,,,,,,13041.0,2026-06-18T18:00:00.000000
sh603869,sh,,8.85,8.88,8.88,8.99,8.77,-0.03,-0.34,,,,,,,,,,,894.0,2026-06-18T18:00:00.000000
sh603871,sh,,11.14,11.63,11.63,11.64,11.08,-0.49,-4.21,,,,,,,,,,,17858.0,2026-06-18T18:00:00.000000
sh603876,sh,,25.35,25.68,25.68,26.8,25.26,-0.33,-1.29,,,,,,,,,,,74900.0,2026-06-18T18:00:00.000000
sh603877,sh,,12.87,12.97,12.97,13.03,12.47,-0.1,-0.77,,,,,,,,,,,2574.0,2026-06-18T18:00:00.000000
sh603878,sh,,6.07,5.85,5.85,6.23,5.8,0.22,3.76,,,,,,,,,,,13416.0,2026-06-18T18:00:00.000000
sh603879,sh,,4.56,4.52,4.52,4.64,4.42,0.04,0.88,,,,,,,,,,,4433.0,2026-06-18T18:00:00.000000
sh603880,sh,,7.7,7.99,7.99,8.27,7.61,-0.29,-3.63,,,,,,,,,,,12301.0,2026-06-18T18:00:00.000000
sh603881,sh,,32.44,31.76,31.76,32.8,31.57,0.68,2.14,,,,,,,,,,,90872.0,2026-06-18T18:00:00.000000
sh603882,sh,,24.59,24.55,24.55,25.0,24.31,0.04,0.16,,,,,,,,,,,9012.0,2026-06-18T18:00:00.000000
sh603883,sh,,11.82,11.79,11.79,11.92,11.61,0.03,0.25,,,,,,,,,,,7077.0,2026-06-18T18:00:00.000000
sh603885,sh,,10.86,11.36,11.36,11.36,10.55,-0.5,-4.4,,,,,,,,,,,48180.0,2026-06-18T18:00:00.000000
sh603886,sh,,13.12,13.55,13.55,13.84,13.06,-0.43,-3.17,,,,,,,,,,,13864.0,2026-06-18T18:00:00.000000
sh603887,sh,,10.53,10.67,10.67,10.76,10.44,-0.14,-1.31,,,,,,,,,,,14116.0,2026-06-18T18:00:00.000000
sh603888,sh,,18.82,18.67,18.67,19.05,18.46,0.15,0.8,,,,,,,,,,,18012.0,2026-06-18T18:00:00.000000
sh603889,sh,,5.7,5.69,5.69,5.78,5.63,0.01,0.18,,,,,,,,,,,3895.0,2026-06-18T18:00:00.000000
sh603890,sh,,25.75,24.67,24.67,25.92,24.42,1.08,4.38,,,,,,,,,,,157424.0,2026-06-18T18:00:00.000000
sh603893,sh,,180.66,175.53,175.53,184.97,175.0,5.13,2.92,,,,,,,,,,,231125.0,2026-06-18T18:00:00.000000
sh603895,sh,,30.6,30.22,30.22,31.0,29.7,0.38,1.26,,,,,,,,,,,5441.0,2026-06-18T18:00:00.000000
sh603896,sh,,14.6,15.65,15.65,15.65,14.59,-1.05,-6.71,,,,,,,,,,,5713.0,2026-06-18T18:00:00.000000
sh603897,sh,,38.36,37.21,37.21,39.51,36.61,1.15,3.09,,,,,,,,,,,31490.0,2026-06-18T18:00:00.000000
sh603898,sh,,12.5,12.47,12.47,12.59,12.36,0.03,0.24,,,,,,,,,,,2910.0,2026-06-18T18:00:00.000000
sh603899,sh,,21.3,21.75,21.75,21.75,21.17,-0.45,-2.07,,,,,,,,,,,15037.0,2026-06-18T18:00:00.000000
sh603900,sh,,6.03,6.05,6.05,6.12,5.94,-0.02,-0.33,,,,,,,,,,,3964.0,2026-06-18T18:00:00.000000
sh603901,sh,,10.78,10.66,10.66,10.88,10.58,0.12,1.13,,,,,,,,,,,6310.0,2026-06-18T18:00:00.000000
sh603903,sh,,11.65,11.74,11.74,11.84,11.4,-0.09,-0.77,,,,,,,,,,,6530.0,2026-06-18T18:00:00.000000
sh603906,sh,,23.8,24.83,24.83,25.7,23.5,-1.03,-4.15,,,,,,,,,,,117480.0,2026-06-18T18:00:00.000000
sh603908,sh,,18.42,18.4,18.4,18.67,18.06,0.02,0.11,,,,,,,,,,,2043.0,2026-06-18T18:00:00.000000
sh603909,sh,,9.42,9.57,9.57,9.57,9.24,-0.15,-1.57,,,,,,,,,,,2434.0,2026-06-18T18:00:00.000000
sh603912,sh,,8.68,8.34,8.34,8.79,8.29,0.34,4.08,,,,,,,,,,,16783.0,2026-06-18T18:00:00.000000
sh603915,sh,,15.92,15.82,15.82,16.34,15.71,0.1,0.63,,,,,,,,,,,14036.0,2026-06-18T18:00:00.000000
sh603916,sh,,14.23,13.33,13.33,14.6,13.26,0.9,6.75,,,,,,,,,,,45146.0,2026-06-18T18:00:00.000000
sh603917,sh,,11.75,11.64,11.64,12.13,11.51,0.11,0.95,,,,,,,,,,,6479.0,2026-06-18T18:00:00.000000
sh603918,sh,,10.47,10.41,10.41,10.65,10.28,0.06,0.58,,,,,,,,,,,6760.0,2026-06-18T18:00:00.000000
sh603919,sh,,18.51,18.57,18.57,18.82,17.96,-0.06,-0.32,,,,,,,,,,,14160.0,2026-06-18T18:00:00.000000
sh603920,sh,,58.5,59.98,59.98,59.98,58.13,-1.48,-2.47,,,,,,,,,,,176512.0,2026-06-18T18:00:00.000000
sh603922,sh,,15.8,16.05,16.05,16.05,14.72,-0.25,-1.56,,,,,,,,,,,7205.0,2026-06-18T18:00:00.000000
sh603926,sh,,19.82,19.58,19.58,20.16,19.3,0.24,1.23,,,,,,,,,,,9660.0,2026-06-18T18:00:00.000000
sh603927,sh,,13.83,14.13,14.13,14.14,13.8,-0.3,-2.12,,,,,,,,,,,12912.0,2026-06-18T18:00:00.000000
sh603928,sh,,11.4,11.46,11.46,11.62,11.2,-0.06,-0.52,,,,,,,,,,,8004.0,2026-06-18T18:00:00.000000
sh603929,sh,,215.52,235.0,235.0,247.65,213.0,-19.48,-8.29,,,,,,,,,,,312145.0,2026-06-18T18:00:00.000000
sh603931,sh,,55.99,56.82,56.82,58.18,55.89,-0.83,-1.46,,,,,,,,,,,36266.0,2026-06-18T18:00:00.000000
sh603933,sh,,24.17,23.56,23.56,24.35,23.18,0.61,2.59,,,,,,,,,,,15596.0,2026-06-18T18:00:00.000000
sh603936,sh,,28.65,26.5,26.5,29.44,26.18,2.15,8.11,,,,,,,,,,,217624.0,2026-06-18T18:00:00.000000
sh603937,sh,,13.2,13.65,13.65,13.66,13.14,-0.45,-3.3,,,,,,,,,,,6420.0,2026-06-18T18:00:00.000000
sh603938,sh,,53.82,55.8,55.8,56.49,53.35,-1.98,-3.55,,,,,,,,,,,171127.0,2026-06-18T18:00:00.000000
sh603939,sh,,19.9,19.7,19.7,20.03,19.46,0.2,1.02,,,,,,,,,,,15715.0,2026-06-18T18:00:00.000000
sh603948,sh,,23.61,24.04,24.04,24.04,23.28,-0.43,-1.79,,,,,,,,,,,3412.0,2026-06-18T18:00:00.000000
sh603949,sh,,16.03,16.27,16.27,16.4,15.98,-0.24,-1.48,,,,,,,,,,,6265.0,2026-06-18T18:00:00.000000
sh603950,sh,,65.8,62.97,62.97,68.87,62.97,2.83,4.49,,,,,,,,,,,101217.0,2026-06-18T18:00:00.000000
sh603955,sh,,21.62,23.1,23.1,23.11,21.46,-1.48,-6.41,,,,,,,,,,,8763.0,2026-06-18T18:00:00.000000
sh603956,sh,,4.98,4.52,4.52,4.98,4.5,0.46,10.18,,,,,,,,,,,10785.0,2026-06-18T18:00:00.000000
sh603958,sh,,20.42,20.4,20.4,20.92,20.0,0.02,0.1,,,,,,,,,,,9693.0,2026-06-18T18:00:00.000000
sh603959,sh,,4.45,4.71,4.71,4.71,4.37,-0.26,-5.52,,,,,,,,,,,12046.0,2026-06-18T18:00:00.000000
sh603960,sh,,21.5,21.7,21.7,21.99,21.18,-0.2,-0.92,,,,,,,,,,,18552.0,2026-06-18T18:00:00.000000
sh603966,sh,,9.78,9.27,9.27,9.89,9.22,0.51,5.5,,,,,,,,,,,20082.0,2026-06-18T18:00:00.000000
sh603967,sh,,11.33,11.37,11.37,11.53,11.2,-0.04,-0.35,,,,,,,,,,,2572.0,2026-06-18T18:00:00.000000
sh603968,sh,,9.94,10.09,10.09,10.2,9.9,-0.15,-1.49,,,,,,,,,,,3901.0,2026-06-18T18:00:00.000000
sh603969,sh,,7.35,7.4,7.4,7.44,7.1,-0.05,-0.68,,,,,,,,,,,13041.0,2026-06-18T18:00:00.000000
sh603970,sh,,10.26,10.29,10.29,10.29,10.1,-0.03,-0.29,,,,,,,,,,,1884.0,2026-06-18T18:00:00.000000
sh603976,sh,,25.56,27.7,27.7,28.0,24.95,-2.14,-7.73,,,,,,,,,,,33329.0,2026-06-18T18:00:00.000000
sh603977,sh,,13.61,13.23,13.23,13.89,13.06,0.38,2.87,,,,,,,,,,,22895.0,2026-06-18T18:00:00.000000
sh603978,sh,,27.48,26.84,26.84,27.73,26.5,0.64,2.38,,,,,,,,,,,28074.0,2026-06-18T18:00:00.000000
sh603979,sh,,73.45,75.37,75.37,77.95,72.66,-1.92,-2.55,,,,,,,,,,,91934.0,2026-06-18T18:00:00.000000
sh603980,sh,,5.85,5.81,5.81,5.98,5.7,0.04,0.69,,,,,,,,,,,13147.0,2026-06-18T18:00:00.000000
sh603982,sh,,6.07,6.1,6.1,6.19,6.0,-0.03,-0.49,,,,,,,,,,,3064.0,2026-06-18T18:00:00.000000
sh603983,sh,,22.43,21.64,21.64,22.59,21.36,0.79,3.65,,,,,,,,,,,5865.0,2026-06-18T18:00:00.000000
sh603985,sh,,25.27,25.18,25.18,25.75,25.01,0.09,0.36,,,,,,,,,,,42953.0,2026-06-18T18:00:00.000000
sh603986,sh,,629.0,594.0,594.0,644.64,586.6,35.0,5.89,,,,,,,,,,,3701639.0,2026-06-18T18:00:00.000000
sh603987,sh,,7.1,7.08,7.08,7.2,7.08,0.02,0.28,,,,,,,,,,,2078.0,2026-06-18T18:00:00.000000
sh603988,sh,,18.88,19.14,19.14,19.29,18.8,-0.26,-1.36,,,,,,,,,,,5050.0,2026-06-18T18:00:00.000000
sh603989,sh,,41.5,40.06,40.06,41.5,39.62,1.44,3.59,,,,,,,,,,,22042.0,2026-06-18T18:00:00.000000
sh603990,sh,,21.81,22.3,22.3,22.5,21.55,-0.49,-2.2,,,,,,,,,,,36241.0,2026-06-18T18:00:00.000000
sh603991,sh,,129.69,117.32,117.32,129.69,116.47,12.37,10.54,,,,,,,,,,,95321.0,2026-06-18T18:00:00.000000
sh603992,sh,,33.49,32.0,32.0,34.31,31.81,1.49,4.66,,,,,,,,,,,28739.0,2026-06-18T18:00:00.000000
sh603993,sh,,20.04,19.77,19.77,21.14,19.71,0.27,1.37,,,,,,,,,,,924544.0,2026-06-18T18:00:00.000000
sh603995,sh,,22.57,21.59,21.59,22.87,21.28,0.98,4.54,,,,,,,,,,,44918.0,2026-06-18T18:00:00.000000
sh603997,sh,,13.62,13.51,13.51,14.02,13.51,0.11,0.81,,,,,,,,,,,18788.0,2026-06-18T18:00:00.000000
sh603998,sh,,9.35,9.28,9.28,9.51,9.23,0.07,0.75,,,,,,,,,,,3924.0,2026-06-18T18:00:00.000000
sh603999,sh,,5.47,5.4,5.4,5.54,5.3,0.07,1.3,,,,,,,,,,,4420.0,2026-06-18T18:00:00.000000
sh605001,sh,,5.81,5.8,5.8,5.88,5.7,0.01,0.17,,,,,,,,,,,2828.0,2026-06-18T18:00:00.000000
sh605003,sh,,22.48,21.92,21.92,22.76,21.62,0.56,2.55,,,,,,,,,,,2268.0,2026-06-18T18:00:00.000000
sh605005,sh,,16.27,15.84,15.84,16.33,15.65,0.43,2.71,,,,,,,,,,,2821.0,2026-06-18T18:00:00.000000
sh605006,sh,,23.4,23.4,23.4,23.98,23.4,0.0,0.0,,,,,,,,,,,61694.0,2026-06-18T18:00:00.000000
sh605007,sh,,12.71,13.06,13.06,13.13,12.71,-0.35,-2.68,,,,,,,,,,,3823.0,2026-06-18T18:00:00.000000
sh605008,sh,,11.07,11.16,11.16,11.19,10.85,-0.09,-0.81,,,,,,,,,,,2958.0,2026-06-18T18:00:00.000000
sh605009,sh,,22.6,22.47,22.47,23.06,22.11,0.13,0.58,,,,,,,,,,,3667.0,2026-06-18T18:00:00.000000
sh605011,sh,,17.07,17.81,17.81,17.85,17.03,-0.74,-4.15,,,,,,,,,,,11530.0,2026-06-18T18:00:00.000000
sh605016,sh,,25.15,25.35,25.35,25.46,24.74,-0.2,-0.79,,,,,,,,,,,4770.0,2026-06-18T18:00:00.000000
sh605018,sh,,15.06,15.25,15.25,15.48,14.92,-0.19,-1.25,,,,,,,,,,,19711.0,2026-06-18T18:00:00.000000
sh605020,sh,,34.17,37.23,37.23,37.27,33.84,-3.06,-8.22,,,,,,,,,,,190366.0,2026-06-18T18:00:00.000000
sh605028,sh,,21.46,21.48,21.48,21.89,21.08,-0.02,-0.09,,,,,,,,,,,2633.0,2026-06-18T18:00:00.000000
sh605033,sh,,18.11,18.22,18.22,18.39,17.9,-0.11,-0.6,,,,,,,,,,,2624.0,2026-06-18T18:00:00.000000
sh605050,sh,,10.21,10.02,10.02,10.33,9.9,0.19,1.9,,,,,,,,,,,3767.0,2026-06-18T18:00:00.000000
sh605055,sh,,11.52,11.45,11.45,11.6,10.9,0.07,0.61,,,,,,,,,,,11814.0,2026-06-18T18:00:00.000000
sh605056,sh,,17.75,17.99,17.99,18.32,17.41,-0.24,-1.33,,,,,,,,,,,10442.0,2026-06-18T18:00:00.000000
sh605058,sh,,41.61,41.0,41.0,42.2,40.77,0.61,1.49,,,,,,,,,,,21415.0,2026-06-18T18:00:00.000000
sh605060,sh,,52.73,51.3,51.3,54.8,50.7,1.43,2.79,,,,,,,,,,,43696.0,2026-06-18T18:00:00.000000
sh605066,sh,,7.22,7.01,7.01,7.34,6.96,0.21,3.0,,,,,,,,,,,13226.0,2026-06-18T18:00:00.000000
sh605068,sh,,18.8,19.16,19.16,19.3,18.8,-0.36,-1.88,,,,,,,,,,,3654.0,2026-06-18T18:00:00.000000
sh605069,sh,,11.07,10.7,10.7,11.86,10.7,0.37,3.46,,,,,,,,,,,23942.0,2026-06-18T18:00:00.000000
sh605077,sh,,11.56,11.8,11.8,11.82,11.54,-0.24,-2.03,,,,,,,,,,,7710.0,2026-06-18T18:00:00.000000
sh605080,sh,,22.02,21.44,21.44,22.9,21.25,0.58,2.71,,,,,,,,,,,11145.0,2026-06-18T18:00:00.000000
sh605081,sh,,0.39,0.37,0.37,0.4,0.37,0.02,5.41,,,,,,,,,,,208.0,2026-06-18T18:00:00.000000
sh605086,sh,,30.17,27.16,27.16,30.17,27.16,3.01,11.08,,,,,,,,,,,11238.0,2026-06-18T18:00:00.000000
sh605088,sh,,29.76,31.22,31.22,31.48,29.76,-1.46,-4.68,,,,,,,,,,,15135.0,2026-06-18T18:00:00.000000
sh605089,sh,,21.55,20.83,20.83,22.02,20.83,0.72,3.46,,,,,,,,,,,3862.0,2026-06-18T18:00:00.000000
sh605090,sh,,35.13,34.26,34.26,36.1,33.7,0.87,2.54,,,,,,,,,,,47530.0,2026-06-18T18:00:00.000000
sh605098,sh,,54.78,54.22,54.22,55.16,53.71,0.56,1.03,,,,,,,,,,,3058.0,2026-06-18T18:00:00.000000
sh605099,sh,,32.82,33.26,33.26,33.35,32.6,-0.44,-1.32,,,,,,,,,,,7951.0,2026-06-18T18:00:00.000000
sh605100,sh,,39.16,37.26,37.26,40.34,37.06,1.9,5.1,,,,,,,,,,,37134.0,2026-06-18T18:00:00.000000
sh605108,sh,,12.2,12.4,12.4,12.4,12.1,-0.2,-1.61,,,,,,,,,,,2666.0,2026-06-18T18:00:00.000000
sh605111,sh,,74.3,70.46,70.46,74.69,70.11,3.84,5.45,,,,,,,,,,,203928.0,2026-06-18T18:00:00.000000
sh605116,sh,,19.56,19.35,19.35,19.91,19.2,0.21,1.09,,,,,,,,,,,5106.0,2026-06-18T18:00:00.000000
sh605117,sh,,103.2,103.0,103.0,106.0,101.3,0.2,0.19,,,,,,,,,,,190101.0,2026-06-18T18:00:00.000000
sh605118,sh,,32.7,33.2,33.2,33.3,32.45,-0.5,-1.51,,,,,,,,,,,8865.0,2026-06-18T18:00:00.000000
sh605122,sh,,11.59,11.45,11.45,11.79,11.22,0.14,1.22,,,,,,,,,,,4010.0,2026-06-18T18:00:00.000000
sh605123,sh,,104.91,102.3,102.3,106.69,100.17,2.61,2.55,,,,,,,,,,,46693.0,2026-06-18T18:00:00.000000
sh605128,sh,,26.0,25.23,25.23,26.32,24.9,0.77,3.05,,,,,,,,,,,21176.0,2026-06-18T18:00:00.000000
sh605133,sh,,35.67,35.86,35.86,36.29,35.08,-0.19,-0.53,,,,,,,,,,,29687.0,2026-06-18T18:00:00.000000
sh605136,sh,,7.77,7.94,7.94,7.95,7.75,-0.17,-2.14,,,,,,,,,,,4944.0,2026-06-18T18:00:00.000000
sh605138,sh,,6.06,6.07,6.07,6.11,5.9,-0.01,-0.16,,,,,,,,,,,2574.0,2026-06-18T18:00:00.000000
sh605151,sh,,18.84,18.98,18.98,19.16,18.73,-0.14,-0.74,,,,,,,,,,,1892.0,2026-06-18T18:00:00.000000
sh605155,sh,,13.55,13.38,13.38,13.82,13.21,0.17,1.27,,,,,,,,,,,3996.0,2026-06-18T18:00:00.000000
sh605158,sh,,6.6,6.32,6.32,6.76,6.18,0.28,4.43,,,,,,,,,,,6089.0,2026-06-18T18:00:00.000000
sh605162,sh,,8.58,8.87,8.87,8.88,8.51,-0.29,-3.27,,,,,,,,,,,13329.0,2026-06-18T18:00:00.000000
sh605166,sh,,9.96,10.9,10.9,10.9,9.88,-0.94,-8.62,,,,,,,,,,,14406.0,2026-06-18T18:00:00.000000
sh605167,sh,,14.22,14.05,14.05,15.38,14.03,0.17,1.21,,,,,,,,,,,40857.0,2026-06-18T18:00:00.000000
sh605168,sh,,0.0,0.0,0.0,0.0,0.0,0.0,0,,,,,,,,,,,0.0,2026-06-18T18:00:00.000000
sh605169,sh,,0.0,0.0,0.0,0.0,0.0,0.0,0,,,,,,,,,,,0.0,2026-06-18T18:00:00.000000
sh605177,sh,,0.0,0.0,0.0,0.0,0.0,0.0,0,,,,,,,,,,,0.0,2026-06-18T18:00:00.000000
sh605178,sh,,0.0,0.0,0.0,0.0,0.0,0.0,0,,,,,,,,,,,0.0,2026-06-18T18:00:00.000000
sh605179,sh,,0.0,0.0,0.0,0.0,0.0,0.0,0,,,,,,,,,,,0.0,2026-06-18T18:00:00.000000
sh605180,sh,,0.0,0.0,0.0,0.0,0.0,0.0,0,,,,,,,,,,,0.0,2026-06-18T18:00:00.000000
sh605183,sh,,0.0,0.0,0.0,0.0,0.0,0.0,0,,,,,,,,,,,0.0,2026-06-18T18:00:00.000000
sh605186,sh,,0.0,0.0,0.0,0.0,0.0,0.0,0,,,,,,,,,,,0.0,2026-06-18T18:00:00.000000
sh605188,sh,,0.0,0.0,0.0,0.0,0.0,0.0,0,,,,,,,,,,,0.0,2026-06-18T18:00:00.000000
sh605189,sh,,0.0,0.0,0.0,0.0,0.0,0.0,0,,,,,,,,,,,0.0,2026-06-18T18:00:00.000000
sh605196,sh,,31.28,32.59,32.59,33.13,30.85,-1.31,-4.02,,,,,,,,,,,69263.0,2026-06-18T18:00:00.000000
sh605198,sh,,81.7,84.6,84.6,85.96,77.49,-2.9,-3.43,,,,,,,,,,,124278.0,2026-06-18T18:00:00.000000
sh605199,sh,,6.09,6.13,6.13,6.17,6.05,-0.04,-0.65,,,,,,,,,,,1043.0,2026-06-18T18:00:00.000000
sh605208,sh,,16.2,15.86,15.86,16.42,15.58,0.34,2.14,,,,,,,,,,,20267.0,2026-06-18T18:00:00.000000
sh605218,sh,,17.45,18.13,18.13,18.16,17.3,-0.68,-3.75,,,,,,,,,,,11917.0,2026-06-18T18:00:00.000000
sh605222,sh,,25.03,25.67,25.67,25.69,24.91,-0.64,-2.49,,,,,,,,,,,16435.0,2026-06-18T18:00:00.000000
sh605228,sh,,13.52,13.09,13.09,13.63,12.81,0.43,3.28,,,,,,,,,,,10967.0,2026-06-18T18:00:00.000000
sh605255,sh,,80.86,76.83,76.83,83.07,76.54,4.03,5.25,,,,,,,,,,,13612.0,2026-06-18T18:00:00.000000
sh605258,sh,,36.9,37.24,37.24,37.49,36.51,-0.34,-0.91,,,,,,,,,,,12264.0,2026-06-18T18:00:00.000000
sh605259,sh,,18.5,18.3,18.3,18.82,17.77,0.2,1.09,,,,,,,,,,,4322.0,2026-06-18T18:00:00.000000
sh605266,sh,,15.63,15.65,15.65,15.84,15.46,-0.02,-0.13,,,,,,,,,,,2724.0,2026-06-18T18:00:00.000000
sh605268,sh,,9.6,9.68,9.68,9.73,9.52,-0.08,-0.83,,,,,,,,,,,2879.0,2026-06-18T18:00:00.000000
sh605277,sh,,18.35,17.94,17.94,18.81,17.8,0.41,2.29,,,,,,,,,,,22912.0,2026-06-18T18:00:00.000000
sh605286,sh,,29.78,29.25,29.25,30.14,29.01,0.53,1.81,,,,,,,,,,,7035.0,2026-06-18T18:00:00.000000
sh605287,sh,,43.68,41.72,41.72,45.27,41.67,1.96,4.7,,,,,,,,,,,23932.0,2026-06-18T18:00:00.000000
sh605288,sh,,80.0,78.31,78.31,81.28,74.82,1.69,2.16,,,,,,,,,,,26471.0,2026-06-18T18:00:00.000000
sh605289,sh,,138.51,133.5,133.5,140.8,133.5,5.01,3.75,,,,,,,,,,,63935.0,2026-06-18T18:00:00.000000
sh605296,sh,,25.68,26.37,26.37,26.37,25.56,-0.69,-2.62,,,,,,,,,,,4340.0,2026-06-18T18:00:00.000000
sh605298,sh,,54.7,53.84,53.84,55.76,53.1,0.86,1.6,,,,,,,,,,,10030.0,2026-06-18T18:00:00.000000
sh605299,sh,,14.75,14.66,14.66,14.9,14.46,0.09,0.61,,,,,,,,,,,17761.0,2026-06-18T18:00:00.000000
sh605300,sh,,8.62,8.6,8.6,8.74,8.51,0.02,0.23,,,,,,,,,,,1925.0,2026-06-18T18:00:00.000000
sh605303,sh,,31.73,31.63,31.63,32.04,31.0,0.1,0.32,,,,,,,,,,,16740.0,2026-06-18T18:00:00.000000
sh605305,sh,,36.75,37.49,37.49,37.49,36.5,-0.74,-1.97,,,,,,,,,,,11182.0,2026-06-18T18:00:00.000000
sh605318,sh,,132.09,137.65,137.65,137.65,124.66,-5.56,-4.04,,,,,,,,,,,64975.0,2026-06-18T18:00:00.000000
sh605319,sh,,25.78,25.46,25.46,26.06,25.3,0.32,1.26,,,,,,,,,,,6777.0,2026-06-18T18:00:00.000000
sh605333,sh,,18.68,18.78,18.78,18.92,18.53,-0.1,-0.53,,,,,,,,,,,3424.0,2026-06-18T18:00:00.000000
sh605336,sh,,14.58,14.98,14.98,15.15,14.3,-0.4,-2.67,,,,,,,,,,,5203.0,2026-06-18T18:00:00.000000
sh605337,sh,,8.82,8.86,8.86,8.94,8.7,-0.04,-0.45,,,,,,,,,,,2239.0,2026-06-18T18:00:00.000000
sh605338,sh,,18.76,18.98,18.98,19.2,18.65,-0.22,-1.16,,,,,,,,,,,3510.0,2026-06-18T18:00:00.000000
sh605339,sh,,12.54,12.76,12.76,12.76,12.5,-0.22,-1.72,,,,,,,,,,,1629.0,2026-06-18T18:00:00.000000
sh605358,sh,,70.2,69.69,69.69,73.94,69.69,0.51,0.73,,,,,,,,,,,599397.0,2026-06-18T18:00:00.000000
sh605365,sh,,14.98,15.25,15.25,15.3,14.86,-0.27,-1.77,,,,,,,,,,,5593.0,2026-06-18T18:00:00.000000
sh605366,sh,,10.71,10.65,10.65,10.75,10.2,0.06,0.56,,,,,,,,,,,23557.0,2026-06-18T18:00:00.000000
sh605368,sh,,6.69,6.97,6.97,6.97,6.67,-0.28,-4.02,,,,,,,,,,,3567.0,2026-06-18T18:00:00.000000
sh605369,sh,,15.68,15.48,15.48,15.84,15.33,0.2,1.29,,,,,,,,,,,2293.0,2026-06-18T18:00:00.000000
sh605376,sh,,231.31,210.19,210.19,231.31,205.9,21.12,10.05,,,,,,,,,,,221763.0,2026-06-18T18:00:00.000000
sh605377,sh,,7.64,7.9,7.9,7.92,7.62,-0.26,-3.29,,,,,,,,,,,5171.0,2026-06-18T18:00:00.000000
sh605378,sh,,17.25,16.23,16.23,17.58,16.06,1.02,6.28,,,,,,,,,,,14851.0,2026-06-18T18:00:00.000000
sh605388,sh,,5.16,5.22,5.22,5.23,5.07,-0.06,-1.15,,,,,,,,,,,3592.0,2026-06-18T18:00:00.000000
sh605389,sh,,91.42,88.19,88.19,91.5,87.01,3.23,3.66,,,,,,,,,,,23424.0,2026-06-18T18:00:00.000000
sh605398,sh,,21.99,22.18,22.18,22.33,21.7,-0.19,-0.86,,,,,,,,,,,5327.0,2026-06-18T18:00:00.000000
sh605399,sh,,13.14,13.7,13.7,13.83,13.1,-0.56,-4.09,,,,,,,,,,,8579.0,2026-06-18T18:00:00.000000
sh605488,sh,,33.78,33.53,33.53,34.0,32.92,0.25,0.75,,,,,,,,,,,19771.0,2026-06-18T18:00:00.000000
sh605499,sh,,120.6,125.55,125.55,125.55,120.42,-4.95,-3.94,,,,,,,,,,,96024.0,2026-06-18T18:00:00.000000
sh605500,sh,,6.6,6.68,6.68,6.7,6.53,-0.08,-1.2,,,,,,,,,,,3550.0,2026-06-18T18:00:00.000000
sh605507,sh,,15.22,15.31,15.31,15.35,15.05,-0.09,-0.59,,,,,,,,,,,5101.0,2026-06-18T18:00:00.000000
sh605555,sh,,14.72,14.9,14.9,15.07,14.52,-0.18,-1.21,,,,,,,,,,,11326.0,2026-06-18T18:00:00.000000
sh605566,sh,,50.23,50.42,50.42,51.39,49.65,-0.19,-0.38,,,,,,,,,,,35483.0,2026-06-18T18:00:00.000000
sh605567,sh,,8.5,8.46,8.46,8.59,8.3,0.04,0.47,,,,,,,,,,,2987.0,2026-06-18T18:00:00.000000
sh605577,sh,,9.5,9.43,9.43,9.61,9.29,0.07,0.74,,,,,,,,,,,3951.0,2026-06-18T18:00:00.000000
sh605580,sh,,24.03,24.1,24.1,25.58,23.65,-0.07,-0.29,,,,,,,,,,,41091.0,2026-06-18T18:00:00.000000
sh605588,sh,,63.05,62.42,62.42,64.79,62.26,0.63,1.01,,,,,,,,,,,25356.0,2026-06-18T18:00:00.000000
sh605589,sh,,69.82,64.66,64.66,71.8,64.01,5.16,7.98,,,,,,,,,,,542122.0,2026-06-18T18:00:00.000000
sh605598,sh,,37.4,35.85,35.85,39.69,35.5,1.55,4.32,,,,,,,,,,,37678.0,2026-06-18T18:00:00.000000
sh605599,sh,,14.57,14.67,14.67,14.93,14.53,-0.1,-0.68,,,,,,,,,,,5299.0,2026-06-18T18:00:00.000000
sh688001,sh,,81.09,72.5,72.5,82.12,72.06,8.59,11.85,,,,,,,,,,,145483.0,2026-06-18T18:00:00.000000
sh688002,sh,,147.76,145.86,145.86,149.0,143.83,1.9,1.3,,,,,,,,,,,123910.0,2026-06-18T18:00:00.000000
sh688003,sh,,124.42,117.6,117.6,128.88,115.01,6.82,5.8,,,,,,,,,,,152851.0,2026-06-18T18:00:00.000000
sh688004,sh,,20.0,19.55,19.55,20.13,19.3,0.45,2.3,,,,,,,,,,,3657.0,2026-06-18T18:00:00.000000
sh688005,sh,,32.78,33.71,33.71,33.89,32.64,-0.93,-2.76,,,,,,,,,,,63498.0,2026-06-18T18:00:00.000000
sh688006,sh,,37.11,37.76,37.76,38.12,36.59,-0.65,-1.72,,,,,,,,,,,72989.0,2026-06-18T18:00:00.000000
sh688007,sh,,13.21,12.91,12.91,13.38,12.76,0.3,2.32,,,,,,,,,,,9748.0,2026-06-18T18:00:00.000000
sh688008,sh,,269.9,260.0,260.0,275.28,258.01,9.9,3.81,,,,,,,,,,,2179771.0,2026-06-18T18:00:00.000000
sh688009,sh,,4.93,4.96,4.96,4.97,4.89,-0.03,-0.6,,,,,,,,,,,17180.0,2026-06-18T18:00:00.000000
sh688010,sh,,50.47,47.62,47.62,52.5,46.99,2.85,5.98,,,,,,,,,,,81831.0,2026-06-18T18:00:00.000000
sh688011,sh,,60.35,60.15,60.15,61.68,59.5,0.2,0.33,,,,,,,,,,,8103.0,2026-06-18T18:00:00.000000
sh688012,sh,,360.0,350.0,350.0,368.0,345.0,10.0,2.86,,,,,,,,,,,936342.0,2026-06-18T18:00:00.000000
sh688013,sh,,27.7,27.17,27.17,27.86,26.91,0.53,1.95,,,,,,,,,,,3244.0,2026-06-18T18:00:00.000000
sh688015,sh,,16.68,16.56,16.56,16.77,16.31,0.12,0.72,,,,,,,,,,,1825.0,2026-06-18T18:00:00.000000
sh688016,sh,,89.18,90.2,90.2,91.18,88.73,-1.02,-1.13,,,,,,,,,,,13102.0,2026-06-18T18:00:00.000000
sh688017,sh,,408.01,381.6,381.6,413.82,375.64,26.41,6.92,,,,,,,,,,,769442.0,2026-06-18T18:00:00.000000
sh688018,sh,,127.96,122.5,122.5,130.13,121.4,5.46,4.46,,,,,,,,,,,113922.0,2026-06-18T18:00:00.000000
sh688019,sh,,245.99,244.42,244.42,250.68,242.5,1.57,0.64,,,,,,,,,,,250092.0,2026-06-18T18:00:00.000000
sh688020,sh,,236.0,228.13,228.13,239.68,224.0,7.87,3.45,,,,,,,,,,,114589.0,2026-06-18T18:00:00.000000
sh688021,sh,,21.42,21.48,21.48,21.83,21.04,-0.06,-0.28,,,,,,,,,,,3511.0,2026-06-18T18:00:00.000000
sh688022,sh,,7.88,7.96,7.96,8.14,7.82,-0.08,-1.01,,,,,,,,,,,2693.0,2026-06-18T18:00:00.000000
sh688023,sh,,38.24,37.77,37.77,38.88,37.35,0.47,1.24,,,,,,,,,,,8138.0,2026-06-18T18:00:00.000000
sh688025,sh,,449.0,443.0,443.0,456.63,437.0,6.0,1.35,,,,,,,,,,,137535.0,2026-06-18T18:00:00.000000
sh688026,sh,,15.1,12.94,12.94,15.6,12.85,2.16,16.69,,,,,,,,,,,14118.0,2026-06-18T18:00:00.000000
sh688027,sh,,528.03,511.31,511.31,540.86,511.31,16.72,3.27,,,,,,,,,,,178029.0,2026-06-18T18:00:00.000000
sh688028,sh,,117.29,112.67,112.67,121.0,111.1,4.62,4.1,,,,,,,,,,,68877.0,2026-06-18T18:00:00.000000
sh688029,sh,,71.08,69.23,69.23,71.71,69.23,1.85,2.67,,,,,,,,,,,10021.0,2026-06-18T18:00:00.000000
sh688030,sh,,17.0,16.82,16.82,17.44,16.8,0.18,1.07,,,,,,,,,,,6657.0,2026-06-18T18:00:00.000000
sh688031,sh,,127.35,123.0,123.0,130.4,121.2,4.35,3.54,,,,,,,,,,,119367.0,2026-06-18T18:00:00.000000
sh688032,sh,,87.68,86.17,86.17,87.97,85.24,1.51,1.75,,,,,,,,,,,10625.0,2026-06-18T18:00:00.000000
sh688033,sh,,6.38,6.64,6.64,6.64,6.38,-0.26,-3.92,,,,,,,,,,,4722.0,2026-06-18T18:00:00.000000
sh688035,sh,,103.36,97.3,97.3,106.87,94.5,6.06,6.23,,,,,,,,,,,102815.0,2026-06-18T18:00:00.000000
sh688036,sh,,53.51,55.65,55.65,56.5,53.0,-2.14,-3.85,,,,,,,,,,,87644.0,2026-06-18T18:00:00.000000
sh688037,sh,,293.05,284.58,284.58,299.13,278.0,8.47,2.98,,,,,,,,,,,247887.0,2026-06-18T18:00:00.000000
sh688038,sh,,20.89,20.7,20.7,21.19,19.96,0.19,0.92,,,,,,,,,,,6718.0,2026-06-18T18:00:00.000000
sh688039,sh,,44.0,41.2,41.2,44.38,40.41,2.8,6.8,,,,,,,,,,,17865.0,2026-06-18T18:00:00.000000
sh688041,sh,,328.0,310.0,310.0,336.18,308.88,18.0,5.81,,,,,,,,,,,1747484.0,2026-06-18T18:00:00.000000
sh688045,sh,,79.05,78.21,78.21,81.3,77.53,0.84,1.07,,,,,,,,,,,21680.0,2026-06-18T18:00:00.000000
sh688046,sh,,19.13,17.78,17.78,19.38,17.47,1.35,7.59,,,,,,,,,,,9855.0,2026-06-18T18:00:00.000000
sh688047,sh,,146.49,143.0,143.0,148.55,142.0,3.49,2.44,,,,,,,,,,,157754.0,2026-06-18T18:00:00.000000
sh688048,sh,,391.07,381.0,381.0,401.2,377.0,10.07,2.64,,,,,,,,,,,650000.0,2026-06-18T18:00:00.000000
sh688049,sh,,46.0,45.53,45.53,47.08,45.53,0.47,1.03,,,,,,,,,,,34778.0,2026-06-18T18:00:00.000000
sh688050,sh,,39.23,39.15,39.15,40.37,38.95,0.08,0.2,,,,,,,,,,,10458.0,2026-06-18T18:00:00.000000
sh688051,sh,,26.38,26.27,26.27,26.86,26.27,0.11,0.42,,,,,,,,,,,3751.0,2026-06-18T18:00:00.000000
sh688052,sh,,266.6,266.66,266.66,271.52,259.17,-0.06,-0.02,,,,,,,,,,,92155.0,2026-06-18T18:00:00.000000
sh688053,sh,,36.6,36.78,36.78,37.79,36.27,-0.18,-0.49,,,,,,,,,,,3558.0,2026-06-18T18:00:00.000000
sh688055,sh,,5.28,5.35,5.35,5.44,5.23,-0.07,-1.31,,,,,,,,,,,22429.0,2026-06-18T18:00:00.000000
sh688056,sh,,70.36,66.57,66.57,72.69,65.06,3.79,5.69,,,,,,,,,,,27314.0,2026-06-18T18:00:00.000000
sh688057,sh,,13.32,13.75,13.75,13.79,13.01,-0.43,-3.13,,,,,,,,,,,3971.0,2026-06-18T18:00:00.000000
sh688058,sh,,23.37,23.05,23.05,23.67,22.73,0.32,1.39,,,,,,,,,,,2351.0,2026-06-18T18:00:00.000000
sh688059,sh,,205.91,194.33,194.33,213.5,193.0,11.58,5.96,,,,,,,,,,,97076.0,2026-06-18T18:00:00.000000
sh688060,sh,,35.46,35.44,35.44,36.1,34.69,0.02,0.06,,,,,,,,,,,1324.0,2026-06-18T18:00:00.000000
sh688061,sh,,47.8,48.28,48.28,49.33,47.78,-0.48,-0.99,,,,,,,,,,,11785.0,2026-06-18T18:00:00.000000
sh688062,sh,,27.42,26.86,26.86,28.12,26.39,0.56,2.08,,,,,,,,,,,23980.0,2026-06-18T18:00:00.000000
sh688063,sh,,59.25,58.0,58.0,59.78,57.65,1.25,2.16,,,,,,,,,,,51780.0,2026-06-18T18:00:00.000000
sh688065,sh,,44.29,43.01,43.01,45.17,43.01,1.28,2.98,,,,,,,,,,,28338.0,2026-06-18T18:00:00.000000
sh688066,sh,,13.16,12.72,12.72,13.67,12.58,0.44,3.46,,,,,,,,,,,13238.0,2026-06-18T18:00:00.000000
sh688067,sh,,21.59,21.31,21.31,21.86,21.07,0.28,1.31,,,,,,,,,,,2107.0,2026-06-18T18:00:00.000000
sh688068,sh,,77.53,77.1,77.1,81.5,75.01,0.43,0.56,,,,,,,,,,,22424.0,2026-06-18T18:00:00.000000
sh688069,sh,,41.32,40.24,40.24,43.09,40.01,1.08,2.68,,,,,,,,,,,23098.0,2026-06-18T18:00:00.000000
sh688070,sh,,40.53,40.48,40.48,42.4,38.99,0.05,0.12,,,,,,,,,,,7937.0,2026-06-18T18:00:00.000000
sh688071,sh,,33.9,31.72,31.72,35.61,31.72,2.18,6.87,,,,,,,,,,,14728.0,2026-06-18T18:00:00.000000
sh688072,sh,,734.0,730.0,730.0,754.1,721.65,4.0,0.55,,,,,,,,,,,659203.0,2026-06-18T18:00:00.000000
sh688073,sh,,45.38,44.6,44.6,46.6,44.0,0.78,1.75,,,,,,,,,,,9336.0,2026-06-18T18:00:00.000000
sh688075,sh,,30.16,30.74,30.74,31.47,30.0,-0.58,-1.89,,,,,,,,,,,2520.0,2026-06-18T18:00:00.000000
sh688076,sh,,27.43,27.14,27.14,27.77,26.68,0.29,1.07,,,,,,,,,,,5636.0,2026-06-18T18:00:00.000000
sh688077,sh,,30.69,29.49,29.49,31.45,29.42,1.2,4.07,,,,,,,,,,,14064.0,2026-06-18T18:00:00.000000
sh688078,sh,,21.55,21.53,21.53,22.05,21.06,0.02,0.09,,,,,,,,,,,1493.0,2026-06-18T18:00:00.000000
sh688079,sh,,29.56,32.3,32.3,32.3,28.71,-2.74,-8.48,,,,,,,,,,,158259.0,2026-06-18T18:00:00.000000
sh688080,sh,,41.9,41.28,41.28,42.21,41.0,0.62,1.5,,,,,,,,,,,4984.0,2026-06-18T18:00:00.000000
sh688081,sh,,49.33,47.44,47.44,50.6,46.8,1.89,3.98,,,,,,,,,,,9652.0,2026-06-18T18:00:00.000000
sh688082,sh,,378.75,362.3,362.3,383.0,361.65,16.45,4.54,,,,,,,,,,,386025.0,2026-06-18T18:00:00.000000
sh688083,sh,,65.43,64.21,64.21,66.26,63.33,1.22,1.9,,,,,,,,,,,49995.0,2026-06-18T18:00:00.000000
sh688084,sh,,51.51,51.59,51.59,52.88,50.35,-0.08,-0.16,,,,,,,,,,,4997.0,2026-06-18T18:00:00.000000
sh688085,sh,,12.12,12.03,12.03,12.38,12.02,0.09,0.75,,,,,,,,,,,3975.0,2026-06-18T18:00:00.000000
sh688087,sh,,38.61,38.11,38.11,39.28,37.21,0.5,1.31,,,,,,,,,,,10899.0,2026-06-18T18:00:00.000000
sh688088,sh,,38.05,37.6,37.6,38.37,37.3,0.45,1.2,,,,,,,,,,,24579.0,2026-06-18T18:00:00.000000
sh688089,sh,,11.37,11.26,11.26,11.63,11.26,0.11,0.98,,,,,,,,,,,3689.0,2026-06-18T18:00:00.000000
sh688090,sh,,129.35,122.88,122.88,131.5,120.0,6.47,5.27,,,,,,,,,,,94394.0,2026-06-18T18:00:00.000000
sh688091,sh,,40.81,39.28,39.28,41.55,38.58,1.53,3.9,,,,,,,,,,,18182.0,2026-06-18T18:00:00.000000
sh688092,sh,,22.59,22.7,22.7,22.98,22.5,-0.11,-0.48,,,,,,,,,,,2142.0,2026-06-18T18:00:00.000000
sh688093,sh,,29.82,30.06,30.06,30.4,29.8,-0.24,-0.8,,,,,,,,,,,9945.0,2026-06-18T18:00:00.000000
sh688095,sh,,66.49,64.9,64.9,67.58,63.65,1.59,2.45,,,,,,,,,,,15891.0,2026-06-18T18:00:00.000000
sh688096,sh,,14.29,13.38,13.38,14.68,12.8,0.91,6.8,,,,,,,,,,,31770.0,2026-06-18T18:00:00.000000
sh688097,sh,,70.98,69.71,69.71,71.6,68.68,1.27,1.82,,,,,,,,,,,69083.0,2026-06-18T18:00:00.000000
sh688098,sh,,8.5,8.56,8.56,8.69,8.44,-0.06,-0.7,,,,,,,,,,,2892.0,2026-06-18T18:00:00.000000
sh688099,sh,,96.76,97.35,97.35,98.39,95.66,-0.59,-0.61,,,,,,,,,,,141241.0,2026-06-18T18:00:00.000000
sh688100,sh,,31.4,31.18,31.18,31.73,31.0,0.22,0.71,,,,,,,,,,,8517.0,2026-06-18T18:00:00.000000
sh688101,sh,,17.09,17.37,17.37,17.45,16.6,-0.28,-1.61,,,,,,,,,,,8213.0,2026-06-18T18:00:00.000000
sh688102,sh,,45.75,41.0,41.0,46.28,40.51,4.75,11.59,,,,,,,,,,,214301.0,2026-06-18T18:00:00.000000
sh688103,sh,,64.64,64.03,64.03,66.5,63.45,0.61,0.95,,,,,,,,,,,13629.0,2026-06-18T18:00:00.000000
sh688105,sh,,15.72,13.86,13.86,15.74,13.81,1.86,13.42,,,,,,,,,,,16308.0,2026-06-18T18:00:00.000000
sh688106,sh,,30.27,30.77,30.77,30.97,29.87,-0.5,-1.62,,,,,,,,,,,124817.0,2026-06-18T18:00:00.000000
sh688107,sh,,43.8,43.38,43.38,44.78,43.08,0.42,0.97,,,,,,,,,,,50694.0,2026-06-18T18:00:00.000000
sh688108,sh,,20.16,19.99,19.99,20.25,19.66,0.17,0.85,,,,,,,,,,,28369.0,2026-06-18T18:00:00.000000
sh688109,sh,,82.79,81.68,81.68,84.14,79.21,1.11,1.36,,,,,,,,,,,8373.0,2026-06-18T18:00:00.000000
sh688110,sh,,154.42,160.0,160.0,162.0,151.01,-5.58,-3.49,,,,,,,,,,,428155.0,2026-06-18T18:00:00.000000
sh688111,sh,,217.36,214.0,214.0,223.6,213.35,3.36,1.57,,,,,,,,,,,177273.0,2026-06-18T18:00:00.000000
sh688112,sh,,78.01,77.2,77.2,80.86,76.11,0.81,1.05,,,,,,,,,,,38840.0,2026-06-18T18:00:00.000000
sh688113,sh,,38.62,38.41,38.41,38.95,37.5,0.21,0.55,,,,,,,,,,,4475.0,2026-06-18T18:00:00.000000
sh688114,sh,,49.9,49.04,49.04,50.7,48.6,0.86,1.75,,,,,,,,,,,24977.0,2026-06-18T18:00:00.000000
sh688115,sh,,58.96,58.35,58.35,59.2,56.88,0.61,1.05,,,,,,,,,,,9029.0,2026-06-18T18:00:00.000000
sh688116,sh,,41.69,42.0,42.0,42.8,41.52,-0.31,-0.74,,,,,,,,,,,38206.0,2026-06-18T18:00:00.000000
sh688117,sh,,23.72,23.1,23.1,24.12,22.83,0.62,2.68,,,,,,,,,,,9024.0,2026-06-18T18:00:00.000000
sh688118,sh,,21.91,21.31,21.31,22.45,21.3,0.6,2.82,,,,,,,,,,,4463.0,2026-06-18T18:00:00.000000
sh688119,sh,,4.81,4.64,4.64,5.01,4.6,0.17,3.66,,,,,,,,,,,10855.0,2026-06-18T18:00:00.000000
sh688120,sh,,226.86,225.06,225.06,232.33,220.45,1.8,0.8,,,,,,,,,,,361556.0,2026-06-18T18:00:00.000000
sh688121,sh,,0.0,0.0,0.0,0.0,0.0,0.0,0,,,,,,,,,,,0.0,2026-06-18T18:00:00.000000
sh688122,sh,,60.3,58.6,58.6,61.18,58.0,1.7,2.9,,,,,,,,,,,110222.0,2026-06-18T18:00:00.000000
sh688123,sh,,138.91,138.0,138.0,141.88,137.0,0.91,0.66,,,,,,,,,,,172769.0,2026-06-18T18:00:00.000000
sh688125,sh,,190.55,202.38,202.38,207.0,186.88,-11.83,-5.85,,,,,,,,,,,40304.0,2026-06-18T18:00:00.000000
sh688126,sh,,32.2,32.1,32.1,33.1,31.8,0.1,0.31,,,,,,,,,,,640919.0,2026-06-18T18:00:00.000000
sh688127,sh,,89.48,86.93,86.93,90.45,86.0,2.55,2.93,,,,,,,,,,,127434.0,2026-06-18T18:00:00.000000
sh688128,sh,,26.77,26.44,26.44,26.97,26.28,0.33,1.25,,,,,,,,,,,9015.0,2026-06-18T18:00:00.000000
sh688129,sh,,25.88,25.56,25.56,26.63,25.32,0.32,1.25,,,,,,,,,,,3958.0,2026-06-18T18:00:00.000000
sh688130,sh,,27.7,27.0,27.0,27.9,26.8,0.7,2.59,,,,,,,,,,,6962.0,2026-06-18T18:00:00.000000
sh688131,sh,,86.37,75.2,75.2,90.06,74.58,11.17,14.85,,,,,,,,,,,135131.0,2026-06-18T18:00:00.000000
sh688132,sh,,14.13,14.22,14.22,14.54,14.0,-0.09,-0.63,,,,,,,,,,,2436.0,2026-06-18T18:00:00.000000
sh688133,sh,,20.46,19.96,19.96,20.78,19.9,0.5,2.51,,,,,,,,,,,8193.0,2026-06-18T18:00:00.000000
sh688135,sh,,39.5,37.73,37.73,41.28,37.63,1.77,4.69,,,,,,,,,,,85051.0,2026-06-18T18:00:00.000000
sh688136,sh,,18.29,18.22,18.22,19.1,17.77,0.07,0.38,,,,,,,,,,,11970.0,2026-06-18T18:00:00.000000
sh688137,sh,,35.98,35.03,35.03,36.49,34.37,0.95,2.71,,,,,,,,,,,4239.0,2026-06-18T18:00:00.000000
sh688138,sh,,39.26,40.53,40.53,40.61,39.03,-1.27,-3.13,,,,,,,,,,,71165.0,2026-06-18T18:00:00.000000
sh688139,sh,,26.67,26.68,26.68,27.19,26.46,-0.01,-0.04,,,,,,,,,,,7268.0,2026-06-18T18:00:00.000000
sh688141,sh,,142.93,138.0,138.0,148.24,137.83,4.93,3.57,,,,,,,,,,,217786.0,2026-06-18T18:00:00.000000
sh688143,sh,,0.0,0.0,0.0,0.0,0.0,0.0,0,,,,,,,,,,,0.0,2026-06-18T18:00:00.000000
sh688146,sh,,364.0,332.0,332.0,365.0,323.36,32.0,9.64,,,,,,,,,,,536449.0,2026-06-18T18:00:00.000000
sh688147,sh,,112.95,115.0,115.0,115.35,110.56,-2.05,-1.78,,,,,,,,,,,130580.0,2026-06-18T18:00:00.000000
sh688148,sh,,9.07,8.97,8.97,9.28,8.93,0.1,1.11,,,,,,,,,,,16939.0,2026-06-18T18:00:00.000000
sh688150,sh,,57.83,55.37,55.37,58.9,55.03,2.46,4.44,,,,,,,,,,,87472.0,2026-06-18T18:00:00.000000
sh688151,sh,,16.0,16.05,16.05,16.23,15.77,-0.05,-0.31,,,,,,,,,,,2547.0,2026-06-18T18:00:00.000000
sh688152,sh,,30.83,30.45,30.45,31.73,30.23,0.38,1.25,,,,,,,,,,,5250.0,2026-06-18T18:00:00.000000
sh688153,sh,,32.01,31.23,31.23,32.24,31.14,0.78,2.5,,,,,,,,,,,19025.0,2026-06-18T18:00:00.000000
sh688155,sh,,83.4,84.38,84.38,84.46,82.31,-0.98,-1.16,,,,,,,,,,,22645.0,2026-06-18T18:00:00.000000
sh688156,sh,,29.37,29.01,29.01,29.6,28.11,0.36,1.24,,,,,,,,,,,13308.0,2026-06-18T18:00:00.000000
sh688157,sh,,28.69,28.97,28.97,29.33,28.23,-0.28,-0.97,,,,,,,,,,,5176.0,2026-06-18T18:00:00.000000
sh688158,sh,,38.63,37.35,37.35,38.8,37.07,1.28,3.43,,,,,,,,,,,140747.0,2026-06-18T18:00:00.000000
sh688159,sh,,49.0,47.6,47.6,49.78,47.5,1.4,2.94,,,,,,,,,,,23022.0,2026-06-18T18:00:00.000000
sh688160,sh,,112.09,109.48,109.48,114.2,107.69,2.61,2.38,,,,,,,,,,,39263.0,2026-06-18T18:00:00.000000
sh688161,sh,,21.84,21.31,21.31,21.98,21.1,0.53,2.49,,,,,,,,,,,3094.0,2026-06-18T18:00:00.000000
sh688162,sh,,26.19,25.66,25.66,26.45,25.39,0.53,2.07,,,,,,,,,,,3210.0,2026-06-18T18:00:00.000000
sh688163,sh,,47.73,47.14,47.14,48.5,45.08,0.59,1.25,,,,,,,,,,,17041.0,2026-06-18T18:00:00.000000
sh688165,sh,,21.03,20.17,20.17,21.47,20.03,0.86,4.26,,,,,,,,,,,42630.0,2026-06-18T18:00:00.000000
sh688166,sh,,43.21,40.53,40.53,45.43,39.85,2.68,6.61,,,,,,,,,,,73721.0,2026-06-18T18:00:00.000000
sh688167,sh,,393.0,395.0,395.0,403.7,389.0,-2.0,-0.51,,,,,,,,,,,302186.0,2026-06-18T18:00:00.000000
sh688168,sh,,65.88,63.13,63.13,68.88,62.81,2.75,4.36,,,,,,,,,,,28609.0,2026-06-18T18:00:00.000000
sh688169,sh,,97.27,97.51,97.51,99.92,95.93,-0.24,-0.25,,,,,,,,,,,66305.0,2026-06-18T18:00:00.000000
sh688170,sh,,85.25,83.08,83.08,86.4,83.08,2.17,2.61,,,,,,,,,,,67871.0,2026-06-18T18:00:00.000000
sh688171,sh,,48.67,47.43,47.43,48.71,46.04,1.24,2.61,,,,,,,,,,,11251.0,2026-06-18T18:00:00.000000
sh688172,sh,,75.01,67.77,67.77,77.18,66.33,7.24,10.68,,,,,,,,,,,292208.0,2026-06-18T18:00:00.000000
sh688173,sh,,17.39,16.86,16.86,17.4,16.79,0.53,3.14,,,,,,,,,,,18502.0,2026-06-18T18:00:00.000000
sh688175,sh,,26.36,26.59,26.59,27.74,26.21,-0.23,-0.86,,,,,,,,,,,4682.0,2026-06-18T18:00:00.000000
sh688176,sh,,10.18,10.16,10.16,10.37,9.97,0.02,0.2,,,,,,,,,,,8286.0,2026-06-18T18:00:00.000000
sh688177,sh,,17.06,16.34,16.34,17.33,16.01,0.72,4.41,,,,,,,,,,,7576.0,2026-06-18T18:00:00.000000
sh688178,sh,,38.02,38.38,38.38,38.7,37.26,-0.36,-0.94,,,,,,,,,,,7127.0,2026-06-18T18:00:00.000000
sh688179,sh,,22.24,21.11,21.11,22.45,20.9,1.13,5.35,,,,,,,,,,,27653.0,2026-06-18T18:00:00.000000
sh688180,sh,,30.09,29.35,29.35,30.68,29.03,0.74,2.52,,,,,,,,,,,44104.0,2026-06-18T18:00:00.000000
sh688181,sh,,45.55,45.95,45.95,46.27,44.8,-0.4,-0.87,,,,,,,,,,,38689.0,2026-06-18T18:00:00.000000
sh688182,sh,,44.6,41.3,41.3,45.42,41.22,3.3,7.99,,,,,,,,,,,54238.0,2026-06-18T18:00:00.000000
sh688183,sh,,138.5,139.63,139.63,142.48,135.8,-1.13,-0.81,,,,,,,,,,,455234.0,2026-06-18T18:00:00.000000
sh688184,sh,,11.49,11.48,11.48,11.89,11.37,0.01,0.09,,,,,,,,,,,927.0,2026-06-18T18:00:00.000000
sh688185,sh,,49.93,49.38,49.38,51.42,49.38,0.55,1.11,,,,,,,,,,,7730.0,2026-06-18T18:00:00.000000
sh688186,sh,,16.51,16.7,16.7,17.17,16.46,-0.19,-1.14,,,,,,,,,,,9311.0,2026-06-18T18:00:00.000000
sh688187,sh,,58.7,58.91,58.91,59.78,57.99,-0.21,-0.36,,,,,,,,,,,95941.0,2026-06-18T18:00:00.000000
sh688188,sh,,168.59,170.26,170.26,174.42,167.0,-1.67,-0.98,,,,,,,,,,,71516.0,2026-06-18T18:00:00.000000
sh688189,sh,,6.34,6.75,6.75,6.8,6.34,-0.41,-6.07,,,,,,,,,,,6870.0,2026-06-18T18:00:00.000000
sh688190,sh,,107.92,110.87,110.87,113.99,107.01,-2.95,-2.66,,,,,,,,,,,29421.0,2026-06-18T18:00:00.000000
sh688191,sh,,39.13,37.36,37.36,39.4,36.14,1.77,4.74,,,,,,,,,,,38945.0,2026-06-18T18:00:00.000000
sh688192,sh,,37.96,36.58,36.58,38.96,35.95,1.38,3.77,,,,,,,,,,,26573.0,2026-06-18T18:00:00.000000
sh688193,sh,,55.91,51.28,51.28,56.33,51.28,4.63,9.03,,,,,,,,,,,6186.0,2026-06-18T18:00:00.000000
sh688195,sh,,212.54,211.0,211.0,215.99,208.68,1.54,0.73,,,,,,,,,,,219411.0,2026-06-18T18:00:00.000000
sh688196,sh,,39.0,39.43,39.43,39.8,38.62,-0.43,-1.09,,,,,,,,,,,4214.0,2026-06-18T18:00:00.000000
sh688197,sh,,32.38,30.3,30.3,32.88,29.71,2.08,6.86,,,,,,,,,,,6975.0,2026-06-18T18:00:00.000000
sh688198,sh,,87.15,85.51,85.51,89.18,84.9,1.64,1.92,,,,,,,,,,,5721.0,2026-06-18T18:00:00.000000
sh688199,sh,,30.81,30.14,30.14,30.9,29.7,0.67,2.22,,,,,,,,,,,22648.0,2026-06-18T18:00:00.000000
sh688200,sh,,375.0,365.0,365.0,378.85,356.0,10.0,2.74,,,,,,,,,,,233841.0,2026-06-18T18:00:00.000000
sh688201,sh,,7.17,7.16,7.16,7.25,6.99,0.01,0.14,,,,,,,,,,,1842.0,2026-06-18T18:00:00.000000
sh688202,sh,,56.99,53.85,53.85,58.38,52.8,3.14,5.83,,,,,,,,,,,38193.0,2026-06-18T18:00:00.000000
sh688203,sh,,11.48,11.31,11.31,12.0,11.01,0.17,1.5,,,,,,,,,,,6823.0,2026-06-18T18:00:00.000000
sh688205,sh,,252.4,234.15,234.15,255.0,233.5,18.25,7.79,,,,,,,,,,,335230.0,2026-06-18T18:00:00.000000
sh688206,sh,,38.4,38.8,38.8,39.49,38.09,-0.4,-1.03,,,,,,,,,,,32876.0,2026-06-18T18:00:00.000000
sh688207,sh,,21.13,21.5,21.5,21.69,20.7,-0.37,-1.72,,,,,,,,,,,52244.0,2026-06-18T18:00:00.000000
sh688208,sh,,27.58,27.85,27.85,28.09,27.31,-0.27,-0.97,,,,,,,,,,,33614.0,2026-06-18T18:00:00.000000
sh688209,sh,,25.61,25.15,25.15,25.8,24.68,0.46,1.83,,,,,,,,,,,37040.0,2026-06-18T18:00:00.000000
sh688210,sh,,45.26,45.88,45.88,46.51,44.88,-0.62,-1.35,,,,,,,,,,,20822.0,2026-06-18T18:00:00.000000
sh688211,sh,,33.4,32.94,32.94,34.2,32.57,0.46,1.4,,,,,,,,,,,5913.0,2026-06-18T18:00:00.000000
sh688212,sh,,27.83,27.44,27.44,28.88,27.33,0.39,1.42,,,,,,,,,,,6791.0,2026-06-18T18:00:00.000000
sh688213,sh,,102.32,101.97,101.97,103.63,101.0,0.35,0.34,,,,,,,,,,,102484.0,2026-06-18T18:00:00.000000
sh688215,sh,,42.66,42.31,42.31,42.96,41.85,0.35,0.83,,,,,,,,,,,4735.0,2026-06-18T18:00:00.000000
sh688216,sh,,39.2,37.99,37.99,39.8,37.7,1.21,3.19,,,,,,,,,,,26767.0,2026-06-18T18:00:00.000000
sh688217,sh,,22.33,22.38,22.38,22.45,21.51,-0.05,-0.22,,,,,,,,,,,1915.0,2026-06-18T18:00:00.000000
sh688218,sh,,55.0,55.47,55.47,57.45,54.0,-0.47,-0.85,,,,,,,,,,,41174.0,2026-06-18T18:00:00.000000
sh688219,sh,,12.47,12.43,12.43,12.63,12.32,0.04,0.32,,,,,,,,,,,16705.0,2026-06-18T18:00:00.000000
sh688220,sh,,101.11,99.53,99.53,103.1,98.3,1.58,1.59,,,,,,,,,,,109470.0,2026-06-18T18:00:00.000000
sh688221,sh,,18.65,17.79,17.79,18.94,17.63,0.86,4.83,,,,,,,,,,,23544.0,2026-06-18T18:00:00.000000
sh688222,sh,,27.53,26.31,26.31,27.97,26.02,1.22,4.64,,,,,,,,,,,37941.0,2026-06-18T18:00:00.000000
sh688223,sh,,5.09,5.17,5.17,5.21,5.07,-0.08,-1.55,,,,,,,,,,,61496.0,2026-06-18T18:00:00.000000
sh688225,sh,,13.58,12.88,12.88,14.07,12.86,0.7,5.43,,,,,,,,,,,11617.0,2026-06-18T18:00:00.000000
sh688226,sh,,46.74,47.34,47.34,48.68,46.39,-0.6,-1.27,,,,,,,,,,,27209.0,2026-06-18T18:00:00.000000
sh688227,sh,,102.3,85.2,85.2,102.3,83.76,17.1,20.07,,,,,,,,,,,113476.0,2026-06-18T18:00:00.000000
sh688228,sh,,86.76,86.49,86.49,88.0,85.33,0.27,0.31,,,,,,,,,,,11617.0,2026-06-18T18:00:00.000000
sh688229,sh,,86.7,89.67,89.67,92.12,86.59,-2.97,-3.31,,,,,,,,,,,14936.0,2026-06-18T18:00:00.000000
sh688230,sh,,71.07,70.0,70.0,71.71,69.5,1.07,1.53,,,,,,,,,,,10662.0,2026-06-18T18:00:00.000000
sh688231,sh,,48.2,44.15,44.15,49.97,43.69,4.05,9.17,,,,,,,,,,,26109.0,2026-06-18T18:00:00.000000
sh688232,sh,,18.96,18.66,18.66,19.24,18.45,0.3,1.61,,,,,,,,,,,4231.0,2026-06-18T18:00:00.000000
sh688233,sh,,124.37,121.03,121.03,130.3,119.0,3.34,2.76,,,,,,,,,,,203806.0,2026-06-18T18:00:00.000000
sh688234,sh,,149.2,150.98,150.98,157.5,147.03,-1.78,-1.18,,,,,,,,,,,349008.0,2026-06-18T18:00:00.000000
sh688235,sh,,218.22,211.17,211.17,223.32,211.17,7.05,3.34,,,,,,,,,,,119034.0,2026-06-18T18:00:00.000000
sh688236,sh,,15.16,14.82,14.82,15.44,14.82,0.34,2.29,,,,,,,,,,,2426.0,2026-06-18T18:00:00.000000
sh688237,sh,,57.1,57.1,57.1,58.35,55.25,0.0,0.0,,,,,,,,,,,18719.0,2026-06-18T18:00:00.000000
sh688238,sh,,5.55,5.34,5.34,5.7,5.3,0.21,3.93,,,,,,,,,,,8158.0,2026-06-18T18:00:00.000000
sh688239,sh,,58.92,58.11,58.11,61.09,58.11,0.81,1.39,,,,,,,,,,,55621.0,2026-06-18T18:00:00.000000
sh688244,sh,,15.67,15.55,15.55,15.85,15.39,0.12,0.77,,,,,,,,,,,2303.0,2026-06-18T18:00:00.000000
sh688246,sh,,24.69,25.65,25.65,25.7,24.68,-0.96,-3.74,,,,,,,,,,,9981.0,2026-06-18T18:00:00.000000
sh688247,sh,,7.58,7.48,7.48,7.74,7.43,0.1,1.34,,,,,,,,,,,1717.0,2026-06-18T18:00:00.000000
sh688248,sh,,55.71,54.73,54.73,56.44,54.15,0.98,1.79,,,,,,,,,,,29147.0,2026-06-18T18:00:00.000000
sh688249,sh,,49.96,46.33,46.33,51.86,45.72,3.63,7.84,,,,,,,,,,,311965.0,2026-06-18T18:00:00.000000
sh688251,sh,,25.3,25.05,25.05,25.9,24.63,0.25,1.0,,,,,,,,,,,8498.0,2026-06-18T18:00:00.000000
sh688252,sh,,22.7,22.89,22.89,23.03,22.6,-0.19,-0.83,,,,,,,,,,,14177.0,2026-06-18T18:00:00.000000
sh688253,sh,,58.7,57.82,57.82,60.66,57.2,0.88,1.52,,,,,,,,,,,10871.0,2026-06-18T18:00:00.000000
sh688255,sh,,31.51,30.65,30.65,32.0,30.33,0.86,2.81,,,,,,,,,,,11487.0,2026-06-18T18:00:00.000000
sh688256,sh,,1507.46,1319.72,1319.72,1540.0,1313.2,187.74,14.23,,,,,,,,,,,3215328.0,2026-06-18T18:00:00.000000
sh688257,sh,,108.51,101.01,101.01,109.46,100.5,7.5,7.43,,,,,,,,,,,224562.0,2026-06-18T18:00:00.000000
sh688258,sh,,128.63,129.66,129.66,133.68,128.31,-1.03,-0.79,,,,,,,,,,,65093.0,2026-06-18T18:00:00.000000
sh688259,sh,,39.18,38.8,38.8,39.5,38.54,0.38,0.98,,,,,,,,,,,10117.0,2026-06-18T18:00:00.000000
sh688260,sh,,129.03,120.83,120.83,139.0,111.01,8.2,6.79,,,,,,,,,,,89605.0,2026-06-18T18:00:00.000000
sh688261,sh,,93.7,93.59,93.59,96.23,92.72,0.11,0.12,,,,,,,,,,,80310.0,2026-06-18T18:00:00.000000
sh688262,sh,,39.63,38.86,38.86,40.36,38.39,0.77,1.98,,,,,,,,,,,62696.0,2026-06-18T18:00:00.000000
sh688265,sh,,31.85,31.45,31.45,32.87,30.76,0.4,1.27,,,,,,,,,,,2755.0,2026-06-18T18:00:00.000000
sh688266,sh,,89.69,86.93,86.93,91.39,85.88,2.76,3.17,,,,,,,,,,,30333.0,2026-06-18T18:00:00.000000
sh688267,sh,,23.26,23.5,23.5,24.16,23.09,-0.24,-1.02,,,,,,,,,,,8420.0,2026-06-18T18:00:00.000000
sh688268,sh,,188.36,181.06,181.06,191.17,175.75,7.3,4.03,,,,,,,,,,,208563.0,2026-06-18T18:00:00.000000
sh688269,sh,,34.99,35.14,35.14,36.03,34.84,-0.15,-0.43,,,,,,,,,,,5221.0,2026-06-18T18:00:00.000000
sh688270,sh,,85.15,80.5,80.5,85.9,80.4,4.65,5.78,,,,,,,,,,,103921.0,2026-06-18T18:00:00.000000
sh688271,sh,,103.48,110.29,110.29,110.32,102.0,-6.81,-6.17,,,,,,,,,,,174290.0,2026-06-18T18:00:00.000000
sh688272,sh,,34.48,34.56,34.56,35.41,34.22,-0.08,-0.23,,,,,,,,,,,6113.0,2026-06-18T18:00:00.000000
sh688273,sh,,42.92,41.95,41.95,43.68,41.5,0.97,2.31,,,,,,,,,,,5555.0,2026-06-18T18:00:00.000000
sh688275,sh,,136.05,136.26,136.26,140.28,134.0,-0.21,-0.15,,,,,,,,,,,59286.0,2026-06-18T18:00:00.000000
sh688276,sh,,14.23,13.87,13.87,14.64,13.7,0.36,2.6,,,,,,,,,,,4882.0,2026-06-18T18:00:00.000000
sh688277,sh,,18.87,19.96,19.96,20.15,18.77,-1.09,-5.46,,,,,,,,,,,23933.0,2026-06-18T18:00:00.000000
sh688278,sh,,55.82,54.49,54.49,56.13,53.62,1.33,2.44,,,,,,,,,,,20048.0,2026-06-18T18:00:00.000000
sh688279,sh,,209.19,211.49,211.49,216.5,208.18,-2.3,-1.09,,,,,,,,,,,38650.0,2026-06-18T18:00:00.000000
sh688280,sh,,6.19,6.4,6.4,6.41,6.16,-0.21,-3.28,,,,,,,,,,,9942.0,2026-06-18T18:00:00.000000
sh688281,sh,,53.35,51.5,51.5,54.69,51.38,1.85,3.59,,,,,,,,,,,21282.0,2026-06-18T18:00:00.000000
sh688282,sh,,65.51,69.0,69.0,69.88,65.3,-3.49,-5.06,,,,,,,,,,,19565.0,2026-06-18T18:00:00.000000
sh688283,sh,,36.6,35.86,35.86,37.79,35.58,0.74,2.06,,,,,,,,,,,8488.0,2026-06-18T18:00:00.000000
sh688285,sh,,7.56,7.61,7.61,7.62,7.45,-0.05,-0.66,,,,,,,,,,,2090.0,2026-06-18T18:00:00.000000
sh688286,sh,,79.9,80.37,80.37,81.72,77.97,-0.47,-0.58,,,,,,,,,,,29342.0,2026-06-18T18:00:00.000000
sh688288,sh,,19.6,20.44,20.44,20.47,19.42,-0.84,-4.11,,,,,,,,,,,3492.0,2026-06-18T18:00:00.000000
sh688289,sh,,14.33,14.1,14.1,14.55,14.06,0.23,1.63,,,,,,,,,,,5480.0,2026-06-18T18:00:00.000000
sh688290,sh,,70.3,66.08,66.08,75.96,65.0,4.22,6.39,,,,,,,,,,,30794.0,2026-06-18T18:00:00.000000
sh688291,sh,,54.68,50.01,50.01,55.15,50.01,4.67,9.34,,,,,,,,,,,21673.0,2026-06-18T18:00:00.000000
sh688292,sh,,21.04,20.08,20.08,21.2,19.88,0.96,4.78,,,,,,,,,,,6465.0,2026-06-18T18:00:00.000000
sh688293,sh,,38.09,37.52,37.52,39.11,37.02,0.57,1.52,,,,,,,,,,,7180.0,2026-06-18T18:00:00.000000
sh688295,sh,,51.15,52.06,52.06,53.85,50.5,-0.91,-1.75,,,,,,,,,,,62108.0,2026-06-18T18:00:00.000000
sh688296,sh,,12.76,12.67,12.67,12.92,12.41,0.09,0.71,,,,,,,,,,,2344.0,2026-06-18T18:00:00.000000
sh688297,sh,,45.31,45.58,45.58,46.14,44.8,-0.27,-0.59,,,,,,,,,,,30822.0,2026-06-18T18:00:00.000000
sh688298,sh,,19.24,19.55,19.55,19.59,19.0,-0.31,-1.59,,,,,,,,,,,2250.0,2026-06-18T18:00:00.000000
sh688299,sh,,17.56,18.05,18.05,18.05,17.56,-0.49,-2.71,,,,,,,,,,,16485.0,2026-06-18T18:00:00.000000
sh688300,sh,,270.47,232.99,232.99,277.72,232.0,37.48,16.09,,,,,,,,,,,226647.0,2026-06-18T18:00:00.000000
sh688301,sh,,120.54,121.52,121.52,124.5,118.67,-0.98,-0.81,,,,,,,,,,,188655.0,2026-06-18T18:00:00.000000
sh688302,sh,,35.55,34.01,34.01,35.8,33.6,1.54,4.53,,,,,,,,,,,6602.0,2026-06-18T18:00:00.000000
sh688303,sh,,19.2,19.69,19.69,20.15,19.15,-0.49,-2.49,,,,,,,,,,,46105.0,2026-06-18T18:00:00.000000
sh688305,sh,,70.0,68.7,68.7,70.62,67.86,1.3,1.89,,,,,,,,,,,27035.0,2026-06-18T18:00:00.000000
sh688306,sh,,10.43,9.3,9.3,10.63,9.28,1.13,12.15,,,,,,,,,,,40550.0,2026-06-18T18:00:00.000000
sh688307,sh,,75.58,72.8,72.8,76.98,71.7,2.78,3.82,,,,,,,,,,,69112.0,2026-06-18T18:00:00.000000
sh688308,sh,,188.56,170.28,170.28,193.58,169.0,18.28,10.74,,,,,,,,,,,214938.0,2026-06-18T18:00:00.000000
sh688309,sh,,66.0,62.75,62.75,66.68,62.3,3.25,5.18,,,,,,,,,,,12083.0,2026-06-18T18:00:00.000000
sh688310,sh,,17.26,16.67,16.67,17.53,16.3,0.59,3.54,,,,,,,,,,,6635.0,2026-06-18T18:00:00.000000
sh688311,sh,,28.0,27.2,27.2,28.13,27.11,0.8,2.94,,,,,,,,,,,12415.0,2026-06-18T18:00:00.000000
sh688312,sh,,92.6,94.01,94.01,96.88,92.4,-1.41,-1.5,,,,,,,,,,,76970.0,2026-06-18T18:00:00.000000
sh688313,sh,,175.44,171.0,171.0,177.46,168.18,4.44,2.6,,,,,,,,,,,570982.0,2026-06-18T18:00:00.000000
sh688314,sh,,39.65,40.86,40.86,40.88,39.03,-1.21,-2.96,,,,,,,,,,,4711.0,2026-06-18T18:00:00.000000
sh688315,sh,,12.49,12.38,12.38,12.85,12.21,0.11,0.89,,,,,,,,,,,4508.0,2026-06-18T18:00:00.000000
sh688316,sh,,60.54,60.28,60.28,61.5,59.5,0.26,0.43,,,,,,,,,,,13537.0,2026-06-18T18:00:00.000000
sh688317,sh,,16.37,16.35,16.35,16.77,16.01,0.02,0.12,,,,,,,,,,,5025.0,2026-06-18T18:00:00.000000
sh688318,sh,,72.99,75.0,75.0,75.88,72.26,-2.01,-2.68,,,,,,,,,,,36344.0,2026-06-18T18:00:00.000000
sh688319,sh,,35.7,36.53,36.53,36.97,35.01,-0.83,-2.27,,,,,,,,,,,32255.0,2026-06-18T18:00:00.000000
sh688320,sh,,38.65,37.67,37.67,39.0,37.0,0.98,2.6,,,,,,,,,,,17402.0,2026-06-18T18:00:00.000000
sh688321,sh,,25.43,24.9,24.9,25.78,24.66,0.53,2.13,,,,,,,,,,,17212.0,2026-06-18T18:00:00.000000
sh688322,sh,,133.73,130.5,130.5,136.77,128.69,3.23,2.48,,,,,,,,,,,338528.0,2026-06-18T18:00:00.000000
sh688323,sh,,61.5,58.0,58.0,63.0,58.0,3.5,6.03,,,,,,,,,,,145256.0,2026-06-18T18:00:00.000000
sh688325,sh,,142.42,141.95,141.95,144.31,139.0,0.47,0.33,,,,,,,,,,,25294.0,2026-06-18T18:00:00.000000
sh688326,sh,,75.41,75.16,75.16,76.43,74.32,0.25,0.33,,,,,,,,,,,12044.0,2026-06-18T18:00:00.000000
sh688327,sh,,14.27,13.79,13.79,14.65,13.62,0.48,3.48,,,,,,,,,,,70322.0,2026-06-18T18:00:00.000000
sh688328,sh,,78.0,76.27,76.27,78.88,75.0,1.73,2.27,,,,,,,,,,,44250.0,2026-06-18T18:00:00.000000
sh688329,sh,,23.16,22.8,22.8,23.53,22.8,0.36,1.58,,,,,,,,,,,3969.0,2026-06-18T18:00:00.000000
sh688330,sh,,37.68,37.84,37.84,38.27,37.41,-0.16,-0.42,,,,,,,,,,,3915.0,2026-06-18T18:00:00.000000
sh688331,sh,,114.48,107.53,107.53,119.56,106.0,6.95,6.46,,,,,,,,,,,140180.0,2026-06-18T18:00:00.000000
sh688332,sh,,128.0,127.13,127.13,129.28,123.0,0.87,0.68,,,,,,,,,,,74734.0,2026-06-18T18:00:00.000000
sh688333,sh,,107.28,91.18,91.18,107.28,91.18,16.1,17.66,,,,,,,,,,,334167.0,2026-06-18T18:00:00.000000
sh688334,sh,,18.67,19.15,19.15,19.15,18.56,-0.48,-2.51,,,,,,,,,,,7356.0,2026-06-18T18:00:00.000000
sh688335,sh,,34.08,32.9,32.9,34.16,32.9,1.18,3.59,,,,,,,,,,,11009.0,2026-06-18T18:00:00.000000
sh688336,sh,,40.15,38.8,38.8,41.82,37.67,1.35,3.48,,,,,,,,,,,44912.0,2026-06-18T18:00:00.000000
sh688337,sh,,78.7,78.0,78.0,79.93,76.78,0.7,0.9,,,,,,,,,,,62049.0,2026-06-18T18:00:00.000000
sh688338,sh,,24.04,23.87,23.87,24.28,23.56,0.17,0.71,,,,,,,,,,,1385.0,2026-06-18T18:00:00.000000
sh688339,sh,,19.91,19.96,19.96,20.32,19.59,-0.05,-0.25,,,,,,,,,,,6319.0,2026-06-18T18:00:00.000000
sh688343,sh,,75.63,74.35,74.35,78.78,74.35,1.28,1.72,,,,,,,,,,,146244.0,2026-06-18T18:00:00.000000
sh688345,sh,,52.67,53.45,53.45,53.45,51.59,-0.78,-1.46,,,,,,,,,,,8052.0,2026-06-18T18:00:00.000000
sh688347,sh,,277.81,258.0,258.0,293.1,255.0,19.81,7.68,,,,,,,,,,,725590.0,2026-06-18T18:00:00.000000
sh688348,sh,,36.45,36.33,36.33,36.96,36.0,0.12,0.33,,,,,,,,,,,5877.0,2026-06-18T18:00:00.000000
sh688349,sh,,14.12,13.95,13.95,14.49,13.91,0.17,1.22,,,,,,,,,,,16115.0,2026-06-18T18:00:00.000000
sh688350,sh,,34.59,33.99,33.99,35.5,33.85,0.6,1.77,,,,,,,,,,,11161.0,2026-06-18T18:00:00.000000
sh688351,sh,,23.43,23.05,23.05,24.18,22.61,0.38,1.65,,,,,,,,,,,11925.0,2026-06-18T18:00:00.000000
sh688352,sh,,19.1,18.86,18.86,19.54,18.71,0.24,1.27,,,,,,,,,,,83461.0,2026-06-18T18:00:00.000000
sh688353,sh,,119.27,116.42,116.42,122.0,114.08,2.85,2.45,,,,,,,,,,,182584.0,2026-06-18T18:00:00.000000
sh688355,sh,,18.17,18.55,18.55,18.65,18.13,-0.38,-2.05,,,,,,,,,,,3033.0,2026-06-18T18:00:00.000000
sh688356,sh,,69.71,69.28,69.28,71.16,68.2,0.43,0.62,,,,,,,,,,,5446.0,2026-06-18T18:00:00.000000
sh688357,sh,,28.42,28.09,28.09,29.17,27.86,0.33,1.17,,,,,,,,,,,2971.0,2026-06-18T18:00:00.000000
sh688358,sh,,32.2,33.34,33.34,33.34,32.0,-1.14,-3.42,,,,,,,,,,,4743.0,2026-06-18T18:00:00.000000
sh688359,sh,,175.44,171.0,171.0,177.8,165.0,4.44,2.6,,,,,,,,,,,74368.0,2026-06-18T18:00:00.000000
sh688360,sh,,21.1,20.57,20.57,21.35,20.14,0.53,2.58,,,,,,,,,,,17160.0,2026-06-18T18:00:00.000000
sh688361,sh,,252.21,249.17,249.17,256.88,247.5,3.04,1.22,,,,,,,,,,,206527.0,2026-06-18T18:00:00.000000
sh688362,sh,,72.5,68.4,68.4,74.14,68.36,4.1,5.99,,,,,,,,,,,269725.0,2026-06-18T18:00:00.000000
sh688363,sh,,35.45,35.97,35.97,36.24,35.29,-0.52,-1.45,,,,,,,,,,,7783.0,2026-06-18T18:00:00.000000
sh688365,sh,,18.22,17.89,17.89,18.38,17.4,0.33,1.84,,,,,,,,,,,27832.0,2026-06-18T18:00:00.000000
sh688366,sh,,30.15,30.38,30.38,30.68,29.81,-0.23,-0.76,,,,,,,,,,,1694.0,2026-06-18T18:00:00.000000
sh688367,sh,,37.17,35.61,35.61,38.19,35.61,1.56,4.38,,,,,,,,,,,7323.0,2026-06-18T18:00:00.000000
sh688368,sh,,219.2,209.9,209.9,220.0,204.5,9.3,4.43,,,,,,,,,,,95245.0,2026-06-18T18:00:00.000000
sh688369,sh,,21.86,21.8,21.8,22.48,21.22,0.06,0.28,,,,,,,,,,,6665.0,2026-06-18T18:00:00.000000
sh688370,sh,,22.87,22.88,22.88,23.37,22.29,-0.01,-0.04,,,,,,,,,,,2983.0,2026-06-18T18:00:00.000000
sh688371,sh,,38.0,41.72,41.72,43.4,37.62,-3.72,-8.92,,,,,,,,,,,83726.0,2026-06-18T18:00:00.000000
sh688372,sh,,165.2,165.0,165.0,168.46,162.88,0.2,0.12,,,,,,,,,,,123320.0,2026-06-18T18:00:00.000000
sh688373,sh,,4.63,4.4,4.4,4.8,4.32,0.23,5.23,,,,,,,,,,,9888.0,2026-06-18T18:00:00.000000
sh688375,sh,,101.93,97.0,97.0,102.44,96.36,4.93,5.08,,,,,,,,,,,83092.0,2026-06-18T18:00:00.000000
sh688376,sh,,78.73,82.91,82.91,83.16,77.53,-4.18,-5.04,,,,,,,,,,,30842.0,2026-06-18T18:00:00.000000
sh688377,sh,,26.1,25.2,25.2,27.06,25.02,0.9,3.57,,,,,,,,,,,8620.0,2026-06-18T18:00:00.000000
sh688378,sh,,56.98,54.8,54.8,58.5,54.0,2.18,3.98,,,,,,,,,,,106370.0,2026-06-18T18:00:00.000000
sh688379,sh,,96.13,87.99,87.99,97.69,87.1,8.14,9.25,,,,,,,,,,,80905.0,2026-06-18T18:00:00.000000
sh688380,sh,,49.68,48.72,48.72,50.0,48.3,0.96,1.97,,,,,,,,,,,61615.0,2026-06-18T18:00:00.000000
sh688381,sh,,48.0,51.25,51.25,51.35,47.75,-3.25,-6.34,,,,,,,,,,,85917.0,2026-06-18T18:00:00.000000
sh688382,sh,,17.19,16.6,16.6,17.62,16.4,0.59,3.55,,,,,,,,,,,22410.0,2026-06-18T18:00:00.000000
sh688383,sh,,191.37,185.84,185.84,198.28,180.0,5.53,2.98,,,,,,,,,,,59586.0,2026-06-18T18:00:00.000000
sh688385,sh,,60.0,59.36,59.36,62.68,58.88,0.64,1.08,,,,,,,,,,,182233.0,2026-06-18T18:00:00.000000
sh688386,sh,,94.5,98.0,98.0,98.01,94.19,-3.5,-3.57,,,,,,,,,,,36865.0,2026-06-18T18:00:00.000000
sh688387,sh,,17.72,17.35,17.35,18.63,16.96,0.37,2.13,,,,,,,,,,,197470.0,2026-06-18T18:00:00.000000
sh688388,sh,,47.18,46.5,46.5,48.96,45.35,0.68,1.46,,,,,,,,,,,347919.0,2026-06-18T18:00:00.000000
sh688389,sh,,10.49,10.53,10.53,10.68,10.41,-0.04,-0.38,,,,,,,,,,,1971.0,2026-06-18T18:00:00.000000
sh688390,sh,,114.51,114.8,114.8,117.66,113.18,-0.29,-0.25,,,,,,,,,,,89646.0,2026-06-18T18:00:00.000000
sh688391,sh,,33.08,33.01,33.01,33.26,32.6,0.07,0.21,,,,,,,,,,,6114.0,2026-06-18T18:00:00.000000
sh688392,sh,,169.31,171.02,171.02,172.44,166.83,-1.71,-1.0,,,,,,,,,,,85068.0,2026-06-18T18:00:00.000000
sh688393,sh,,19.3,19.25,19.25,19.64,18.7,0.05,0.26,,,,,,,,,,,2330.0,2026-06-18T18:00:00.000000
sh688395,sh,,24.19,24.2,24.2,24.41,23.75,-0.01,-0.04,,,,,,,,,,,2851.0,2026-06-18T18:00:00.000000
sh688396,sh,,73.59,73.0,73.0,75.2,72.01,0.59,0.81,,,,,,,,,,,283205.0,2026-06-18T18:00:00.000000
sh688398,sh,,27.08,25.36,25.36,27.69,25.14,1.72,6.78,,,,,,,,,,,18632.0,2026-06-18T18:00:00.000000
sh688399,sh,,49.35,49.63,49.63,50.94,49.09,-0.28,-0.56,,,,,,,,,,,5301.0,2026-06-18T18:00:00.000000
sh688400,sh,,69.09,61.51,61.51,69.58,61.16,7.58,12.32,,,,,,,,,,,224548.0,2026-06-18T18:00:00.000000
sh688401,sh,,81.12,81.97,81.97,82.66,80.3,-0.85,-1.04,,,,,,,,,,,77409.0,2026-06-18T18:00:00.000000
sh688403,sh,,30.05,29.88,29.88,32.1,29.41,0.17,0.57,,,,,,,,,,,339766.0,2026-06-18T18:00:00.000000
sh688408,sh,,30.18,30.64,30.64,30.84,29.95,-0.46,-1.5,,,,,,,,,,,10025.0,2026-06-18T18:00:00.000000
sh688409,sh,,203.3,201.0,201.0,207.8,196.78,2.3,1.14,,,,,,,,,,,197626.0,2026-06-18T18:00:00.000000
sh688410,sh,,14.51,14.64,14.64,14.86,14.41,-0.13,-0.89,,,,,,,,,,,8180.0,2026-06-18T18:00:00.000000
sh688411,sh,,281.0,276.77,276.77,287.33,272.48,4.23,1.53,,,,,,,,,,,155224.0,2026-06-18T18:00:00.000000
sh688416,sh,,144.9,138.99,138.99,149.89,138.99,5.91,4.25,,,,,,,,,,,126400.0,2026-06-18T18:00:00.000000
sh688418,sh,,46.14,45.27,45.27,47.6,45.12,0.87,1.92,,,,,,,,,,,21303.0,2026-06-18T18:00:00.000000
sh688419,sh,,69.25,68.11,68.11,70.69,65.8,1.14,1.67,,,,,,,,,,,38868.0,2026-06-18T18:00:00.000000
sh688420,sh,,22.57,22.02,22.02,22.85,21.88,0.55,2.5,,,,,,,,,,,1886.0,2026-06-18T18:00:00.000000
sh688425,sh,,4.26,4.33,4.33,4.34,4.25,-0.07,-1.62,,,,,,,,,,,5828.0,2026-06-18T18:00:00.000000
sh688426,sh,,16.32,16.12,16.12,16.55,15.83,0.2,1.24,,,,,,,,,,,1668.0,2026-06-18T18:00:00.000000
sh688428,sh,,23.86,22.3,22.3,24.5,21.95,1.56,7.0,,,,,,,,,,,32627.0,2026-06-18T18:00:00.000000
sh688429,sh,,10.58,10.75,10.75,10.75,10.43,-0.17,-1.58,,,,,,,,,,,2460.0,2026-06-18T18:00:00.000000
sh688432,sh,,25.44,25.9,25.9,26.99,25.3,-0.46,-1.78,,,,,,,,,,,142292.0,2026-06-18T18:00:00.000000
sh688433,sh,,125.02,119.99,119.99,129.99,116.7,5.03,4.19,,,,,,,,,,,134927.0,2026-06-18T18:00:00.000000
sh688435,sh,,35.1,35.68,35.68,36.5,34.9,-0.58,-1.63,,,,,,,,,,,7051.0,2026-06-18T18:00:00.000000
sh688439,sh,,45.5,45.26,45.26,45.8,44.9,0.24,0.53,,,,,,,,,,,12285.0,2026-06-18T18:00:00.000000
sh688443,sh,,21.85,20.7,20.7,22.71,20.39,1.15,5.56,,,,,,,,,,,12964.0,2026-06-18T18:00:00.000000
sh688448,sh,,59.77,54.45,54.45,61.52,54.06,5.32,9.77,,,,,,,,,,,32733.0,2026-06-18T18:00:00.000000
sh688449,sh,,75.83,75.0,75.0,77.11,74.6,0.83,1.11,,,,,,,,,,,122216.0,2026-06-18T18:00:00.000000
sh688450,sh,,51.81,46.49,46.49,52.14,46.49,5.32,11.44,,,,,,,,,,,16389.0,2026-06-18T18:00:00.000000
sh688455,sh,,19.84,19.22,19.22,20.0,18.58,0.62,3.23,,,,,,,,,,,5954.0,2026-06-18T18:00:00.000000
sh688456,sh,,156.91,157.0,157.0,160.88,151.67,-0.09,-0.06,,,,,,,,,,,175983.0,2026-06-18T18:00:00.000000
sh688458,sh,,41.58,40.98,40.98,42.29,40.68,0.6,1.46,,,,,,,,,,,14283.0,2026-06-18T18:00:00.000000
sh688459,sh,,8.09,8.05,8.05,8.14,8.01,0.04,0.5,,,,,,,,,,,952.0,2026-06-18T18:00:00.000000
sh688466,sh,,14.25,14.32,14.32,14.32,13.91,-0.07,-0.49,,,,,,,,,,,1533.0,2026-06-18T18:00:00.000000
sh688468,sh,,5.9,5.85,5.85,5.98,5.81,0.05,0.85,,,,,,,,,,,1761.0,2026-06-18T18:00:00.000000
sh688469,sh,,8.71,8.59,8.59,8.9,8.48,0.12,1.4,,,,,,,,,,,267201.0,2026-06-18T18:00:00.000000
sh688472,sh,,11.2,11.3,11.3,11.46,11.14,-0.1,-0.88,,,,,,,,,,,51989.0,2026-06-18T18:00:00.000000
sh688475,sh,,27.3,27.26,27.26,27.6,27.08,0.04,0.15,,,,,,,,,,,10340.0,2026-06-18T18:00:00.000000
sh688478,sh,,80.44,72.0,72.0,80.44,72.0,8.44,11.72,,,,,,,,,,,43072.0,2026-06-18T18:00:00.000000
sh688479,sh,,37.51,38.44,38.44,38.76,36.32,-0.93,-2.42,,,,,,,,,,,15827.0,2026-06-18T18:00:00.000000
sh688480,sh,,99.53,98.25,98.25,101.38,98.0,1.28,1.3,,,,,,,,,,,17192.0,2026-06-18T18:00:00.000000
sh688484,sh,,53.68,52.68,52.68,56.01,52.57,1.0,1.9,,,,,,,,,,,156361.0,2026-06-18T18:00:00.000000
sh688485,sh,,67.9,57.88,57.88,67.9,56.71,10.02,17.31,,,,,,,,,,,83597.0,2026-06-18T18:00:00.000000
sh688486,sh,,56.79,54.88,54.88,57.78,54.11,1.91,3.48,,,,,,,,,,,45667.0,2026-06-18T18:00:00.000000
sh688488,sh,,12.57,12.64,12.64,13.03,12.33,-0.07,-0.55,,,,,,,,,,,9301.0,2026-06-18T18:00:00.000000
sh688489,sh,,24.49,23.2,23.2,25.16,23.13,1.29,5.56,,,,,,,,,,,5403.0,2026-06-18T18:00:00.000000
sh688496,sh,,0.88,0.96,0.96,0.98,0.85,-0.08,-8.33,,,,,,,,,,,1200.0,2026-06-18T18:00:00.000000
sh688498,sh,,1673.36,1600.0,1600.0,1712.0,1591.81,73.36,4.58,,,,,,,,,,,734182.0,2026-06-18T18:00:00.000000
sh688499,sh,,46.99,49.02,49.02,49.5,46.93,-2.03,-4.14,,,,,,,,,,,38700.0,2026-06-18T18:00:00.000000
sh688500,sh,,52.06,49.8,49.8,53.47,49.0,2.26,4.54,,,,,,,,,,,14369.0,2026-06-18T18:00:00.000000
sh688501,sh,,21.69,21.88,21.88,22.19,21.32,-0.19,-0.87,,,,,,,,,,,3195.0,2026-06-18T18:00:00.000000
sh688502,sh,,520.1,509.6,509.6,529.99,503.01,10.5,2.06,,,,,,,,,,,108452.0,2026-06-18T18:00:00.000000
sh688503,sh,,98.58,95.2,95.2,100.53,95.1,3.38,3.55,,,,,,,,,,,137707.0,2026-06-18T18:00:00.000000
sh688505,sh,,7.14,6.78,6.78,7.53,6.68,0.36,5.31,,,,,,,,,,,10632.0,2026-06-18T18:00:00.000000
sh688506,sh,,229.43,227.67,227.67,243.26,225.2,1.76,0.77,,,,,,,,,,,56450.0,2026-06-18T18:00:00.000000
sh688507,sh,,254.5,249.0,249.0,258.4,236.0,5.5,2.21,,,,,,,,,,,258541.0,2026-06-18T18:00:00.000000
sh688508,sh,,90.1,93.26,93.26,94.1,89.21,-3.16,-3.39,,,,,,,,,,,78621.0,2026-06-18T18:00:00.000000
sh688509,sh,,4.76,4.76,4.76,4.83,4.72,0.0,0.0,,,,,,,,,,,4579.0,2026-06-18T18:00:00.000000
sh688510,sh,,26.29,25.24,25.24,26.76,25.16,1.05,4.16,,,,,,,,,,,18301.0,2026-06-18T18:00:00.000000
sh688511,sh,,30.88,29.52,29.52,32.2,29.06,1.36,4.61,,,,,,,,,,,20132.0,2026-06-18T18:00:00.000000
sh688512,sh,,15.23,14.44,14.44,15.46,14.32,0.79,5.47,,,,,,,,,,,42991.0,2026-06-18T18:00:00.000000
sh688513,sh,,45.01,43.13,43.13,46.18,43.0,1.88,4.36,,,,,,,,,,,10094.0,2026-06-18T18:00:00.000000
sh688515,sh,,238.8,200.0,200.0,238.8,200.0,38.8,19.4,,,,,,,,,,,161526.0,2026-06-18T18:00:00.000000
sh688516,sh,,61.72,61.1,61.1,65.3,58.89,0.62,1.01,,,,,,,,,,,135401.0,2026-06-18T18:00:00.000000
sh688517,sh,,18.9,18.89,18.89,19.63,18.48,0.01,0.05,,,,,,,,,,,7797.0,2026-06-18T18:00:00.000000
sh688518,sh,,29.45,29.13,29.13,29.82,28.95,0.32,1.1,,,,,,,,,,,53182.0,2026-06-18T18:00:00.000000
sh688519,sh,,397.0,389.87,389.87,399.0,375.0,7.13,1.83,,,,,,,,,,,303009.0,2026-06-18T18:00:00.000000
sh688520,sh,,34.16,32.93,32.93,34.88,32.48,1.23,3.74,,,,,,,,,,,10538.0,2026-06-18T18:00:00.000000
sh688521,sh,,274.0,261.0,261.0,280.3,258.0,13.0,4.98,,,,,,,,,,,785224.0,2026-06-18T18:00:00.000000
sh688522,sh,,20.41,20.49,20.49,20.83,20.15,-0.08,-0.39,,,,,,,,,,,6867.0,2026-06-18T18:00:00.000000
sh688523,sh,,54.18,52.51,52.51,55.21,51.89,1.67,3.18,,,,,,,,,,,32516.0,2026-06-18T18:00:00.000000
sh688525,sh,,386.2,363.0,363.0,392.2,363.0,23.2,6.39,,,,,,,,,,,1752988.0,2026-06-18T18:00:00.000000
sh688526,sh,,12.29,12.32,12.32,12.46,12.07,-0.03,-0.24,,,,,,,,,,,1381.0,2026-06-18T18:00:00.000000
sh688528,sh,,10.21,10.13,10.13,10.38,9.78,0.08,0.79,,,,,,,,,,,2086.0,2026-06-18T18:00:00.000000
sh688529,sh,,17.35,17.22,17.22,17.98,17.0,0.13,0.75,,,,,,,,,,,3330.0,2026-06-18T18:00:00.000000
sh688530,sh,,65.91,62.5,62.5,68.91,62.5,3.41,5.46,,,,,,,,,,,96946.0,2026-06-18T18:00:00.000000
sh688531,sh,,181.88,183.99,183.99,188.15,179.77,-2.11,-1.15,,,,,,,,,,,116209.0,2026-06-18T18:00:00.000000
sh688533,sh,,22.9,23.01,23.01,23.17,22.57,-0.11,-0.48,,,,,,,,,,,1938.0,2026-06-18T18:00:00.000000
sh688535,sh,,152.9,129.97,129.97,155.0,129.97,22.93,17.64,,,,,,,,,,,234172.0,2026-06-18T18:00:00.000000
sh688536,sh,,341.0,339.2,339.2,348.35,332.27,1.8,0.53,,,,,,,,,,,154835.0,2026-06-18T18:00:00.000000
sh688538,sh,,2.35,2.44,2.44,2.44,2.35,-0.09,-3.69,,,,,,,,,,,29281.0,2026-06-18T18:00:00.000000
sh688539,sh,,33.33,32.61,32.61,33.93,32.4,0.72,2.21,,,,,,,,,,,9743.0,2026-06-18T18:00:00.000000
sh688543,sh,,40.71,40.01,40.01,41.38,39.65,0.7,1.75,,,,,,,,,,,24799.0,2026-06-18T18:00:00.000000
sh688545,sh,,109.76,110.0,110.0,112.2,106.73,-0.24,-0.22,,,,,,,,,,,201941.0,2026-06-18T18:00:00.000000
sh688548,sh,,33.41,32.62,32.62,33.86,31.89,0.79,2.42,,,,,,,,,,,119952.0,2026-06-18T18:00:00.000000
sh688549,sh,,34.77,33.4,33.4,35.5,31.81,1.37,4.1,,,,,,,,,,,410416.0,2026-06-18T18:00:00.000000
sh688550,sh,,47.52,48.66,48.66,48.95,47.08,-1.14,-2.34,,,,,,,,,,,34396.0,2026-06-18T18:00:00.000000
sh688551,sh,,70.0,75.24,75.24,76.11,69.0,-5.24,-6.96,,,,,,,,,,,73709.0,2026-06-18T18:00:00.000000
sh688552,sh,,28.74,28.76,28.76,29.28,28.23,-0.02,-0.07,,,,,,,,,,,8725.0,2026-06-18T18:00:00.000000
sh688553,sh,,10.88,10.91,10.91,11.26,10.61,-0.03,-0.27,,,,,,,,,,,15211.0,2026-06-18T18:00:00.000000
sh688556,sh,,12.2,11.8,11.8,12.59,11.62,0.4,3.39,,,,,,,,,,,72596.0,2026-06-18T18:00:00.000000
sh688557,sh,,31.93,29.94,29.94,32.25,29.75,1.99,6.65,,,,,,,,,,,7244.0,2026-06-18T18:00:00.000000
sh688558,sh,,34.28,33.67,33.67,34.75,33.3,0.61,1.81,,,,,,,,,,,8348.0,2026-06-18T18:00:00.000000
sh688559,sh,,77.9,74.7,74.7,79.88,73.03,3.2,4.28,,,,,,,,,,,154725.0,2026-06-18T18:00:00.000000
sh688560,sh,,13.68,13.57,13.57,14.02,13.38,0.11,0.81,,,,,,,,,,,5881.0,2026-06-18T18:00:00.000000
sh688561,sh,,24.46,24.3,24.3,25.12,23.86,0.16,0.66,,,,,,,,,,,20541.0,2026-06-18T18:00:00.000000
sh688562,sh,,16.33,16.39,16.39,16.6,16.06,-0.06,-0.37,,,,,,,,,,,6360.0,2026-06-18T18:00:00.000000
sh688563,sh,,51.28,51.18,51.18,52.16,50.55,0.1,0.2,,,,,,,,,,,12608.0,2026-06-18T18:00:00.000000
sh688565,sh,,9.87,9.85,9.85,10.07,9.7,0.02,0.2,,,,,,,,,,,3014.0,2026-06-18T18:00:00.000000
sh688566,sh,,25.04,24.31,24.31,25.08,24.04,0.73,3.0,,,,,,,,,,,3007.0,2026-06-18T18:00:00.000000
sh688567,sh,,11.16,11.4,11.4,11.48,11.05,-0.24,-2.11,,,,,,,,,,,12724.0,2026-06-18T18:00:00.000000
sh688568,sh,,45.25,44.2,44.2,45.92,43.7,1.05,2.38,,,,,,,,,,,63626.0,2026-06-18T18:00:00.000000
sh688569,sh,,17.71,17.61,17.61,17.83,17.52,0.1,0.57,,,,,,,,,,,839.0,2026-06-18T18:00:00.000000
sh688570,sh,,14.99,14.97,14.97,15.19,14.78,0.02,0.13,,,,,,,,,,,1430.0,2026-06-18T18:00:00.000000
sh688571,sh,,9.3,9.02,9.02,9.38,8.92,0.28,3.1,,,,,,,,,,,12179.0,2026-06-18T18:00:00.000000
sh688573,sh,,19.3,19.78,19.78,20.13,19.21,-0.48,-2.43,,,,,,,,,,,5581.0,2026-06-18T18:00:00.000000
sh688575,sh,,9.21,9.04,9.04,9.36,9.04,0.17,1.88,,,,,,,,,,,6578.0,2026-06-18T18:00:00.000000
sh688576,sh,,71.08,71.22,71.22,71.29,68.93,-0.14,-0.2,,,,,,,,,,,2071.0,2026-06-18T18:00:00.000000
sh688577,sh,,50.37,49.03,49.03,50.48,47.92,1.34,2.73,,,,,,,,,,,9154.0,2026-06-18T18:00:00.000000
sh688578,sh,,85.0,83.6,83.6,87.1,82.5,1.4,1.67,,,,,,,,,,,43611.0,2026-06-18T18:00:00.000000
sh688579,sh,,8.43,8.38,8.38,8.48,8.2,0.05,0.6,,,,,,,,,,,2702.0,2026-06-18T18:00:00.000000
sh688580,sh,,53.45,53.0,53.0,53.8,52.23,0.45,0.85,,,,,,,,,,,8808.0,2026-06-18T18:00:00.000000
sh688581,sh,,52.82,53.66,53.66,53.87,52.73,-0.84,-1.57,,,,,,,,,,,2350.0,2026-06-18T18:00:00.000000
sh688582,sh,,60.5,60.6,60.6,62.0,59.8,-0.1,-0.17,,,,,,,,,,,59688.0,2026-06-18T18:00:00.000000
sh688583,sh,,143.46,131.2,131.2,143.91,130.03,12.26,9.34,,,,,,,,,,,43719.0,2026-06-18T18:00:00.000000
sh688584,sh,,29.87,30.0,30.0,30.93,29.71,-0.13,-0.43,,,,,,,,,,,76745.0,2026-06-18T18:00:00.000000
sh688585,sh,,161.35,173.55,173.55,175.0,151.26,-12.2,-7.03,,,,,,,,,,,149204.0,2026-06-18T18:00:00.000000
sh688586,sh,,12.55,12.62,12.62,13.1,12.38,-0.07,-0.55,,,,,,,,,,,9609.0,2026-06-18T18:00:00.000000
sh688588,sh,,9.82,9.99,9.99,10.0,9.77,-0.17,-1.7,,,,,,,,,,,3323.0,2026-06-18T18:00:00.000000
sh688589,sh,,20.75,20.63,20.63,20.95,20.37,0.12,0.58,,,,,,,,,,,6170.0,2026-06-18T18:00:00.000000
sh688590,sh,,14.45,14.6,14.6,14.92,14.42,-0.15,-1.03,,,,,,,,,,,21043.0,2026-06-18T18:00:00.000000
sh688591,sh,,35.21,33.01,33.01,35.77,33.01,2.2,6.66,,,,,,,,,,,26934.0,2026-06-18T18:00:00.000000
sh688592,sh,,40.75,39.06,39.06,41.73,38.4,1.69,4.33,,,,,,,,,,,8347.0,2026-06-18T18:00:00.000000
sh688593,sh,,33.16,32.59,32.59,34.78,32.22,0.57,1.75,,,,,,,,,,,59062.0,2026-06-18T18:00:00.000000
sh688595,sh,,40.0,39.38,39.38,40.35,38.58,0.62,1.57,,,,,,,,,,,28054.0,2026-06-18T18:00:00.000000
sh688596,sh,,46.1,46.01,46.01,47.6,45.44,0.09,0.2,,,,,,,,,,,86610.0,2026-06-18T18:00:00.000000
sh688597,sh,,7.55,7.94,7.94,7.96,7.4,-0.39,-4.91,,,,,,,,,,,7455.0,2026-06-18T18:00:00.000000
sh688598,sh,,59.75,52.27,52.27,59.75,52.27,7.48,14.31,,,,,,,,,,,177475.0,2026-06-18T18:00:00.000000
sh688599,sh,,14.47,14.48,14.48,14.71,14.27,-0.01,-0.07,,,,,,,,,,,72626.0,2026-06-18T18:00:00.000000
sh688600,sh,,30.4,29.88,29.88,31.76,29.6,0.52,1.74,,,,,,,,,,,23032.0,2026-06-18T18:00:00.000000
sh688601,sh,,61.25,60.63,60.63,61.35,59.0,0.62,1.02,,,,,,,,,,,30224.0,2026-06-18T18:00:00.000000
sh688602,sh,,7.81,7.96,7.96,7.96,7.76,-0.15,-1.88,,,,,,,,,,,5987.0,2026-06-18T18:00:00.000000
sh688603,sh,,194.65,196.51,196.51,205.9,190.44,-1.86,-0.95,,,,,,,,,,,165388.0,2026-06-18T18:00:00.000000
sh688605,sh,,86.93,87.61,87.61,89.47,85.92,-0.68,-0.78,,,,,,,,,,,57701.0,2026-06-18T18:00:00.000000
sh688606,sh,,44.42,45.0,45.0,45.58,44.3,-0.58,-1.29,,,,,,,,,,,2047.0,2026-06-18T18:00:00.000000
sh688607,sh,,54.5,57.95,57.95,58.0,53.5,-3.45,-5.95,,,,,,,,,,,14185.0,2026-06-18T18:00:00.000000
sh688608,sh,,159.3,156.32,156.32,161.1,155.51,2.98,1.91,,,,,,,,,,,53765.0,2026-06-18T18:00:00.000000
sh688609,sh,,11.92,11.61,11.61,12.07,11.43,0.31,2.67,,,,,,,,,,,26064.0,2026-06-18T18:00:00.000000
sh688610,sh,,232.36,237.31,237.31,245.3,225.0,-4.95,-2.09,,,,,,,,,,,28008.0,2026-06-18T18:00:00.000000
sh688611,sh,,78.6,76.09,76.09,80.5,75.2,2.51,3.3,,,,,,,,,,,17150.0,2026-06-18T18:00:00.000000
sh688612,sh,,31.72,33.45,33.45,33.45,31.5,-1.73,-5.17,,,,,,,,,,,29194.0,2026-06-18T18:00:00.000000
sh688613,sh,,15.38,15.12,15.12,15.46,14.92,0.26,1.72,,,,,,,,,,,2816.0,2026-06-18T18:00:00.000000
sh688615,sh,,122.83,118.21,118.21,125.0,118.21,4.62,3.91,,,,,,,,,,,51273.0,2026-06-18T18:00:00.000000
sh688616,sh,,10.73,10.9,10.9,10.95,10.7,-0.17,-1.56,,,,,,,,,,,2518.0,2026-06-18T18:00:00.000000
sh688617,sh,,191.64,194.03,194.03,197.38,191.56,-2.39,-1.23,,,,,,,,,,,35042.0,2026-06-18T18:00:00.000000
sh688618,sh,,35.56,33.02,33.02,36.59,33.02,2.54,7.69,,,,,,,,,,,11593.0,2026-06-18T18:00:00.000000
sh688619,sh,,17.09,17.31,17.31,17.5,16.78,-0.22,-1.27,,,,,,,,,,,5434.0,2026-06-18T18:00:00.000000
sh688620,sh,,13.43,12.9,12.9,13.51,12.8,0.53,4.11,,,,,,,,,,,14490.0,2026-06-18T18:00:00.000000
sh688621,sh,,52.4,52.15,52.15,53.6,51.33,0.25,0.48,,,,,,,,,,,10898.0,2026-06-18T18:00:00.000000
sh688622,sh,,134.6,140.66,140.66,145.54,127.47,-6.06,-4.31,,,,,,,,,,,23340.0,2026-06-18T18:00:00.000000
sh688623,sh,,93.83,95.0,95.0,95.28,93.07,-1.17,-1.23,,,,,,,,,,,3740.0,2026-06-18T18:00:00.000000
sh688625,sh,,94.5,92.11,92.11,95.58,90.2,2.39,2.59,,,,,,,,,,,61153.0,2026-06-18T18:00:00.000000
sh688626,sh,,48.13,48.57,48.57,49.68,47.95,-0.44,-0.91,,,,,,,,,,,7343.0,2026-06-18T18:00:00.000000
sh688627,sh,,566.0,531.43,531.43,587.0,512.0,34.57,6.51,,,,,,,,,,,438849.0,2026-06-18T18:00:00.000000
sh688628,sh,,106.08,101.0,101.0,107.98,100.2,5.08,5.03,,,,,,,,,,,52802.0,2026-06-18T18:00:00.000000
sh688629,sh,,158.0,155.7,155.7,162.98,153.78,2.3,1.48,,,,,,,,,,,302437.0,2026-06-18T18:00:00.000000
sh688630,sh,,502.0,473.0,473.0,512.82,471.0,29.0,6.13,,,,,,,,,,,233931.0,2026-06-18T18:00:00.000000
sh688631,sh,,49.96,48.73,48.73,50.74,47.68,1.23,2.52,,,,,,,,,,,12178.0,2026-06-18T18:00:00.000000
sh688633,sh,,31.46,31.0,31.0,32.12,30.72,0.46,1.48,,,,,,,,,,,24301.0,2026-06-18T18:00:00.000000
sh688635,sh,,498.68,508.0,508.0,512.15,479.9,-9.32,-1.83,,,,,,,,,,,187167.0,2026-06-18T18:00:00.000000
sh688636,sh,,38.37,37.54,37.54,38.83,37.45,0.83,2.21,,,,,,,,,,,14457.0,2026-06-18T18:00:00.000000
sh688638,sh,,33.81,34.31,34.31,34.31,33.31,-0.5,-1.46,,,,,,,,,,,2940.0,2026-06-18T18:00:00.000000
sh688639,sh,,20.87,20.85,20.85,21.2,20.36,0.02,0.1,,,,,,,,,,,9036.0,2026-06-18T18:00:00.000000
sh688646,sh,,70.97,66.36,66.36,71.3,66.36,4.61,6.95,,,,,,,,,,,10755.0,2026-06-18T18:00:00.000000
sh688648,sh,,36.71,37.68,37.68,38.12,36.01,-0.97,-2.57,,,,,,,,,,,7626.0,2026-06-18T18:00:00.000000
sh688651,sh,,35.55,35.08,35.08,35.88,34.8,0.47,1.34,,,,,,,,,,,3208.0,2026-06-18T18:00:00.000000
sh688652,sh,,154.3,157.0,157.0,158.98,152.1,-2.7,-1.72,,,,,,,,,,,136877.0,2026-06-18T18:00:00.000000
sh688653,sh,,15.4,15.19,15.19,15.57,15.08,0.21,1.38,,,,,,,,,,,15014.0,2026-06-18T18:00:00.000000
sh688655,sh,,56.84,51.98,51.98,58.44,51.33,4.86,9.35,,,,,,,,,,,78742.0,2026-06-18T18:00:00.000000
sh688656,sh,,105.45,105.77,105.77,108.0,104.0,-0.32,-0.3,,,,,,,,,,,8368.0,2026-06-18T18:00:00.000000
sh688657,sh,,39.46,35.52,35.52,39.88,35.5,3.94,11.09,,,,,,,,,,,18747.0,2026-06-18T18:00:00.000000
sh688658,sh,,13.18,13.45,13.45,13.52,13.02,-0.27,-2.01,,,,,,,,,,,16049.0,2026-06-18T18:00:00.000000
sh688659,sh,,10.51,10.83,10.83,10.83,10.23,-0.32,-2.95,,,,,,,,,,,8529.0,2026-06-18T18:00:00.000000
sh688660,sh,,9.41,9.5,9.5,9.5,9.26,-0.09,-0.95,,,,,,,,,,,14519.0,2026-06-18T18:00:00.000000
sh688661,sh,,158.2,146.0,146.0,160.5,144.0,12.2,8.36,,,,,,,,,,,121541.0,2026-06-18T18:00:00.000000
sh688662,sh,,142.91,134.0,134.0,146.0,134.0,8.91,6.65,,,,,,,,,,,155362.0,2026-06-18T18:00:00.000000
sh688663,sh,,90.85,89.55,89.55,91.88,87.31,1.3,1.45,,,,,,,,,,,32250.0,2026-06-18T18:00:00.000000
sh688665,sh,,61.48,59.1,59.1,61.88,58.7,2.38,4.03,,,,,,,,,,,13493.0,2026-06-18T18:00:00.000000
sh688667,sh,,122.45,118.0,118.0,123.79,118.0,4.45,3.77,,,,,,,,,,,16382.0,2026-06-18T18:00:00.000000
sh688668,sh,,429.86,398.0,398.0,434.3,398.0,31.86,8.01,,,,,,,,,,,202511.0,2026-06-18T18:00:00.000000
sh688669,sh,,65.77,64.13,64.13,69.0,62.46,1.64,2.56,,,,,,,,,,,54475.0,2026-06-18T18:00:00.000000
sh688670,sh,,14.28,14.22,14.22,14.64,14.03,0.06,0.42,,,,,,,,,,,2286.0,2026-06-18T18:00:00.000000
sh688671,sh,,30.78,25.59,25.59,30.78,25.18,5.19,20.28,,,,,,,,,,,16988.0,2026-06-18T18:00:00.000000
sh688676,sh,,92.5,92.96,92.96,94.88,91.15,-0.46,-0.49,,,,,,,,,,,136642.0,2026-06-18T18:00:00.000000
sh688677,sh,,118.68,119.41,119.41,120.78,115.4,-0.73,-0.61,,,,,,,,,,,61420.0,2026-06-18T18:00:00.000000
sh688678,sh,,23.97,22.77,22.77,24.24,22.72,1.2,5.27,,,,,,,,,,,53209.0,2026-06-18T18:00:00.000000
sh688679,sh,,49.56,49.41,49.41,51.0,49.0,0.15,0.3,,,,,,,,,,,13768.0,2026-06-18T18:00:00.000000
sh688680,sh,,44.6,46.28,46.28,46.38,44.59,-1.68,-3.63,,,,,,,,,,,9425.0,2026-06-18T18:00:00.000000
sh688681,sh,,14.97,14.97,14.97,15.13,14.7,0.0,0.0,,,,,,,,,,,2355.0,2026-06-18T18:00:00.000000
sh688682,sh,,43.33,42.32,42.32,44.47,42.32,1.01,2.39,,,,,,,,,,,10040.0,2026-06-18T18:00:00.000000
sh688683,sh,,41.02,41.73,41.73,42.93,40.95,-0.71,-1.7,,,,,,,,,,,8739.0,2026-06-18T18:00:00.000000
sh688685,sh,,45.97,44.0,44.0,46.77,42.32,1.97,4.48,,,,,,,,,,,27300.0,2026-06-18T18:00:00.000000
sh688686,sh,,158.68,158.84,158.84,164.44,154.35,-0.16,-0.1,,,,,,,,,,,54740.0,2026-06-18T18:00:00.000000
sh688687,sh,,16.18,15.77,15.77,16.28,15.5,0.41,2.6,,,,,,,,,,,3359.0,2026-06-18T18:00:00.000000
sh688689,sh,,0.0,0.0,0.0,0.0,0.0,0.0,0,,,,,,,,,,,0.0,2026-06-18T18:00:00.000000
sh688690,sh,,0.0,0.0,0.0,0.0,0.0,0.0,0,,,,,,,,,,,0.0,2026-06-18T18:00:00.000000
sh688691,sh,,0.0,0.0,0.0,0.0,0.0,0.0,0,,,,,,,,,,,0.0,2026-06-18T18:00:00.000000
sh688692,sh,,0.0,0.0,0.0,0.0,0.0,0.0,0,,,,,,,,,,,0.0,2026-06-18T18:00:00.000000
sh688693,sh,,0.0,0.0,0.0,0.0,0.0,0.0,0,,,,,,,,,,,0.0,2026-06-18T18:00:00.000000
sh688695,sh,,0.0,0.0,0.0,0.0,0.0,0.0,0,,,,,,,,,,,0.0,2026-06-18T18:00:00.000000
sh688696,sh,,0.0,0.0,0.0,0.0,0.0,0.0,0,,,,,,,,,,,0.0,2026-06-18T18:00:00.000000
sh688697,sh,,0.0,0.0,0.0,0.0,0.0,0.0,0,,,,,,,,,,,0.0,2026-06-18T18:00:00.000000
sh688698,sh,,0.0,0.0,0.0,0.0,0.0,0.0,0,,,,,,,,,,,0.0,2026-06-18T18:00:00.000000
sh688699,sh,,0.0,0.0,0.0,0.0,0.0,0.0,0,,,,,,,,,,,0.0,2026-06-18T18:00:00.000000
sh688700,sh,,0.0,0.0,0.0,0.0,0.0,0.0,0,,,,,,,,,,,0.0,2026-06-18T18:00:00.000000
sh688701,sh,,7.86,7.96,7.96,8.05,7.78,-0.1,-1.26,,,,,,,,,,,1757.0,2026-06-18T18:00:00.000000
sh688702,sh,,337.0,310.0,310.0,339.99,308.0,27.0,8.71,,,,,,,,,,,444223.0,2026-06-18T18:00:00.000000
sh688707,sh,,14.03,14.14,14.14,14.35,13.96,-0.11,-0.78,,,,,,,,,,,16975.0,2026-06-18T18:00:00.000000
sh688708,sh,,52.2,51.3,51.3,53.62,50.68,0.9,1.75,,,,,,,,,,,13904.0,2026-06-18T18:00:00.000000
sh688709,sh,,36.65,36.35,36.35,37.32,36.11,0.3,0.83,,,,,,,,,,,30273.0,2026-06-18T18:00:00.000000
sh688710,sh,,57.12,52.51,52.51,57.89,52.51,4.61,8.78,,,,,,,,,,,17351.0,2026-06-18T18:00:00.000000
sh688711,sh,,40.34,38.99,38.99,41.0,38.65,1.35,3.46,,,,,,,,,,,83631.0,2026-06-18T18:00:00.000000
sh688712,sh,,38.9,38.45,38.45,39.65,37.58,0.45,1.17,,,,,,,,,,,10549.0,2026-06-18T18:00:00.000000
sh688716,sh,,34.35,34.53,34.53,35.32,34.11,-0.18,-0.52,,,,,,,,,,,8984.0,2026-06-18T18:00:00.000000
sh688717,sh,,89.19,91.05,91.05,91.8,88.53,-1.86,-2.04,,,,,,,,,,,40637.0,2026-06-18T18:00:00.000000
sh688718,sh,,17.93,17.62,17.62,18.48,17.43,0.31,1.76,,,,,,,,,,,8145.0,2026-06-18T18:00:00.000000
sh688719,sh,,87.0,92.53,92.53,94.07,85.6,-5.53,-5.98,,,,,,,,,,,62431.0,2026-06-18T18:00:00.000000
sh688720,sh,,85.85,83.0,83.0,86.67,81.0,2.85,3.43,,,,,,,,,,,71508.0,2026-06-18T18:00:00.000000
sh688721,sh,,53.02,53.64,53.64,54.14,52.52,-0.62,-1.16,,,,,,,,,,,32018.0,2026-06-18T18:00:00.000000
sh688722,sh,,17.18,17.39,17.39,17.57,17.01,-0.21,-1.21,,,,,,,,,,,7723.0,2026-06-18T18:00:00.000000
sh688726,sh,,55.88,57.01,57.01,57.39,55.63,-1.13,-1.98,,,,,,,,,,,63379.0,2026-06-18T18:00:00.000000
sh688727,sh,,58.31,58.9,58.9,60.54,57.99,-0.59,-1.0,,,,,,,,,,,47497.0,2026-06-18T18:00:00.000000
sh688728,sh,,14.37,14.42,14.42,14.61,14.28,-0.05,-0.35,,,,,,,,,,,40361.0,2026-06-18T18:00:00.000000
sh688729,sh,,33.07,28.19,28.19,33.07,28.18,4.88,17.31,,,,,,,,,,,237967.0,2026-06-18T18:00:00.000000
sh688733,sh,,44.9,42.03,42.03,46.45,41.78,2.87,6.83,,,,,,,,,,,96454.0,2026-06-18T18:00:00.000000
sh688737,sh,,26.56,26.15,26.15,27.52,26.03,0.41,1.57,,,,,,,,,,,6631.0,2026-06-18T18:00:00.000000
sh688739,sh,,19.98,19.73,19.73,20.18,19.53,0.25,1.27,,,,,,,,,,,4546.0,2026-06-18T18:00:00.000000
sh688750,sh,,18.15,17.01,17.01,18.71,16.78,1.14,6.7,,,,,,,,,,,35224.0,2026-06-18T18:00:00.000000
sh688755,sh,,25.37,25.08,25.08,25.57,24.63,0.29,1.16,,,,,,,,,,,1301.0,2026-06-18T18:00:00.000000
sh688757,sh,,63.9,62.78,62.78,66.79,62.0,1.12,1.78,,,,,,,,,,,70648.0,2026-06-18T18:00:00.000000
sh688758,sh,,19.91,20.19,20.19,20.29,19.79,-0.28,-1.39,,,,,,,,,,,9221.0,2026-06-18T18:00:00.000000
sh688759,sh,,30.5,29.9,29.9,31.1,29.3,0.6,2.01,,,,,,,,,,,10965.0,2026-06-18T18:00:00.000000
sh688765,sh,,46.19,44.33,44.33,47.05,44.05,1.86,4.2,,,,,,,,,,,7960.0,2026-06-18T18:00:00.000000
sh688766,sh,,590.0,570.2,570.2,615.68,565.88,19.8,3.47,,,,,,,,,,,596615.0,2026-06-18T18:00:00.000000
sh688767,sh,,38.19,38.0,38.0,38.3,36.32,0.19,0.5,,,,,,,,,,,10977.0,2026-06-18T18:00:00.000000
sh688768,sh,,54.84,55.8,55.8,55.8,53.87,-0.96,-1.72,,,,,,,,,,,9524.0,2026-06-18T18:00:00.000000
sh688772,sh,,20.22,20.37,20.37,20.63,19.82,-0.15,-0.74,,,,,,,,,,,135631.0,2026-06-18T18:00:00.000000
sh688775,sh,,147.4,144.0,144.0,152.88,143.51,3.4,2.36,,,,,,,,,,,50494.0,2026-06-18T18:00:00.000000
sh688776,sh,,62.16,60.3,60.3,64.38,60.3,1.86,3.08,,,,,,,,,,,13152.0,2026-06-18T18:00:00.000000
sh688777,sh,,124.5,116.8,116.8,129.99,115.51,7.7,6.59,,,,,,,,,,,394208.0,2026-06-18T18:00:00.000000
sh688778,sh,,60.97,61.05,61.05,61.82,59.9,-0.08,-0.13,,,,,,,,,,,46228.0,2026-06-18T18:00:00.000000
sh688779,sh,,8.81,8.9,8.9,9.05,8.76,-0.09,-1.01,,,,,,,,,,,25287.0,2026-06-18T18:00:00.000000
sh688781,sh,,50.78,51.12,51.12,52.17,50.29,-0.34,-0.67,,,,,,,,,,,15938.0,2026-06-18T18:00:00.000000
sh688783,sh,,50.39,53.0,53.0,53.55,50.1,-2.61,-4.92,,,,,,,,,,,244354.0,2026-06-18T18:00:00.000000
sh688785,sh,,405.0,380.0,380.0,416.88,375.9,25.0,6.58,,,,,,,,,,,51504.0,2026-06-18T18:00:00.000000
sh688786,sh,,49.35,45.99,45.99,51.09,44.68,3.36,7.31,,,,,,,,,,,79770.0,2026-06-18T18:00:00.000000
sh688787,sh,,159.39,157.2,157.2,161.8,155.06,2.19,1.39,,,,,,,,,,,53515.0,2026-06-18T18:00:00.000000
sh688788,sh,,42.91,44.68,44.68,46.86,42.19,-1.77,-3.96,,,,,,,,,,,56343.0,2026-06-18T18:00:00.000000
sh688789,sh,,53.34,52.0,52.0,53.71,50.9,1.34,2.58,,,,,,,,,,,10620.0,2026-06-18T18:00:00.000000
sh688790,sh,,133.51,128.99,128.99,135.6,128.02,4.52,3.5,,,,,,,,,,,12515.0,2026-06-18T18:00:00.000000
sh688793,sh,,16.86,16.7,16.7,17.02,16.3,0.16,0.96,,,,,,,,,,,2962.0,2026-06-18T18:00:00.000000
sh688795,sh,,669.0,635.0,635.0,675.55,632.0,34.0,5.35,,,,,,,,,,,266149.0,2026-06-18T18:00:00.000000
sh688796,sh,,94.15,89.71,89.71,97.5,87.4,4.44,4.95,,,,,,,,,,,24495.0,2026-06-18T18:00:00.000000
sh688797,sh,,0.0,0.0,0.0,0.0,0.0,0.0,0,,,,,,,,,,,0.0,2026-06-18T18:00:00.000000
sh688798,sh,,71.03,71.09,71.09,72.09,70.74,-0.06,-0.08,,,,,,,,,,,22823.0,2026-06-18T18:00:00.000000
sh688799,sh,,47.92,47.0,47.0,49.9,46.36,0.92,1.96,,,,,,,,,,,22975.0,2026-06-18T18:00:00.000000
sh688800,sh,,97.22,93.28,93.28,98.2,93.0,3.94,4.22,,,,,,,,,,,145998.0,2026-06-18T18:00:00.000000
sh688802,sh,,769.89,732.5,732.5,789.18,732.5,37.39,5.1,,,,,,,,,,,244463.0,2026-06-18T18:00:00.000000
sh688805,sh,,48.48,47.4,47.4,49.28,46.51,1.08,2.28,,,,,,,,,,,8577.0,2026-06-18T18:00:00.000000
sh688807,sh,,449.8,414.57,414.57,468.0,414.57,35.23,8.5,,,,,,,,,,,97951.0,2026-06-18T18:00:00.000000
sh688808,sh,,2373.0,2366.0,2366.0,2478.0,2290.0,7.0,0.3,,,,,,,,,,,304085.0,2026-06-18T18:00:00.000000
sh688809,sh,,626.0,589.07,589.07,628.0,576.0,36.93,6.27,,,,,,,,,,,205772.0,2026-06-18T18:00:00.000000
sh688811,sh,,29.42,29.6,29.6,30.19,29.0,-0.18,-0.61,,,,,,,,,,,46450.0,2026-06-18T18:00:00.000000
sh688813,sh,,190.46,184.0,184.0,194.5,179.87,6.46,3.51,,,,,,,,,,,73421.0,2026-06-18T18:00:00.000000
sh688816,sh,,63.27,62.4,62.4,63.49,61.7,0.87,1.39,,,,,,,,,,,4722.0,2026-06-18T18:00:00.000000
sh688818,sh,,69.8,65.4,65.4,70.37,64.64,4.4,6.73,,,,,,,,,,,126972.0,2026-06-18T18:00:00.000000
sh688819,sh,,24.57,24.51,24.51,24.79,24.11,0.06,0.24,,,,,,,,,,,8322.0,2026-06-18T18:00:00.000000
sh688820,sh,,185.6,180.0,180.0,189.97,179.26,5.6,3.11,,,,,,,,,,,545011.0,2026-06-18T18:00:00.000000
sh688981,sh,,140.7,136.11,136.11,144.63,132.88,4.59,3.37,,,,,,,,,,,1728925.0,2026-06-18T18:00:00.000000
sh689009,sh,,33.94,35.09,35.09,35.28,33.87,-1.15,-3.28,,,,,,,,,,,40820.0,2026-06-18T18:00:00.000000
